crewId,taskId,isDDH
Crew_10007,Flt_100034,0
Crew_10007,Flt_101366,0
Crew_10007,Flt_101859,0
Crew_10007,Flt_100114,0
<<<<<<< HEAD
Crew_10037,Flt_101704,0
Crew_10037,Flt_100097,0
Crew_10037,Flt_102131,0
Crew_10037,Flt_100262,0
Crew_10037,Flt_101141,0
Crew_10037,Flt_100057,0
Crew_10037,Flt_102241,0
Crew_10037,Flt_101238,0
Crew_10037,Flt_100627,0
Crew_10037,Flt_100945,0
Crew_10037,Flt_100580,0
Crew_10037,Flt_101844,0
Crew_10037,Flt_113379,0
Crew_10037,Flt_113705,0
Crew_10037,ddh_101673,1
Crew_10037,ddh_102073,1
Crew_10037,ddh_101735,1
Crew_10037,ddh_100771,1
Crew_10065,Flt_101779,0
Crew_10065,Flt_101702,0
Crew_10065,Flt_101188,0
Crew_10065,Flt_102152,0
Crew_10065,Flt_100432,0
Crew_10065,Flt_101812,0
Crew_10065,Flt_101682,0
Crew_10065,ddh_102119,1
Crew_10065,ddh_101237,1
Crew_10065,ddh_102065,1
Crew_10079,Flt_100531,0
Crew_10079,Flt_102219,0
Crew_10079,Flt_101330,0
Crew_10079,Flt_100913,0
Crew_10079,Flt_101304,0
Crew_10079,Flt_102244,0
Crew_10079,Flt_100557,0
Crew_10079,Flt_100027,0
Crew_10079,Flt_101356,0
Crew_10079,Flt_101490,0
Crew_10079,ddh_102119,1
Crew_10079,ddh_101273,1
Crew_10079,ddh_100893,1
Crew_10093,Flt_100098,0
Crew_10093,Flt_101784,0
Crew_10093,Flt_101954,0
Crew_10093,Flt_100272,0
Crew_10093,Flt_102039,0
Crew_10093,Flt_101399,0
Crew_10093,Flt_101625,0
Crew_10093,Flt_102139,0
Crew_10093,Flt_113695,0
Crew_10093,Flt_109395,0
Crew_10093,Flt_107615,0
Crew_10093,ddh_101603,1
Crew_10114,Flt_100816,0
Crew_10114,Flt_101677,0
Crew_10114,Flt_100704,0
Crew_10114,Flt_101500,0
Crew_10114,Flt_101523,0
Crew_10114,Flt_101321,0
Crew_10114,Flt_102201,0
Crew_10114,Flt_113029,0
Crew_10114,Flt_104728,0
Crew_10114,ddh_102253,1
Crew_10114,ddh_100216,1
Crew_10122,Flt_100399,0
Crew_10122,Flt_101271,0
Crew_10122,Flt_101614,0
Crew_10122,Flt_101869,0
Crew_10122,Flt_100354,0
Crew_10122,Flt_101077,0
Crew_10122,Flt_100280,0
Crew_10122,Flt_101228,0
Crew_10122,Flt_101658,0
Crew_10122,Flt_101841,0
Crew_10122,Flt_100389,0
Crew_10122,Flt_113746,0
Crew_10122,Flt_110480,0
Crew_10122,Flt_103631,0
Crew_10125,Flt_101362,0
Crew_10125,Flt_100651,0
Crew_10125,Flt_100219,0
Crew_10125,Flt_100992,0
Crew_10125,Flt_102180,0
Crew_10125,Flt_101816,0
Crew_10125,Flt_101364,0
Crew_10125,Flt_100004,0
Crew_10125,Flt_102041,0
Crew_10125,Flt_109438,0
Crew_10125,Flt_102502,0
Crew_10125,Flt_106575,0
Crew_10125,ddh_100139,1
Crew_10125,ddh_100020,1
Crew_10125,ddh_100614,1
Crew_10125,ddh_101739,1
Crew_10132,Flt_101266,0
Crew_10132,Flt_101486,0
Crew_10132,Flt_100185,0
Crew_10132,Flt_100265,0
Crew_10132,Flt_100067,0
Crew_10132,Flt_102035,0
Crew_10132,Flt_100678,0
Crew_10132,Flt_100762,0
Crew_10132,Flt_101060,0
Crew_10132,Flt_104645,0
Crew_10132,Flt_103199,0
Crew_10132,ddh_101490,1
Crew_10132,ddh_101682,1
Crew_10134,Flt_100648,0
Crew_10134,Flt_101493,0
Crew_10134,Flt_100999,0
Crew_10134,Flt_101449,0
Crew_10134,Flt_103940,0
Crew_10134,Flt_102455,0
Crew_10134,Flt_109375,0
Crew_10134,Flt_111211,0
Crew_10134,Flt_103622,0
Crew_10134,ddh_100070,1
Crew_10134,ddh_100170,1
Crew_10137,Flt_102253,0
Crew_10137,Flt_101595,0
Crew_10137,Flt_101172,0
Crew_10137,Flt_101061,0
Crew_10137,Flt_100117,0
Crew_10137,Flt_100427,0
Crew_10137,Flt_101089,0
Crew_10137,Flt_100645,0
Crew_10137,Flt_100943,0
Crew_10137,Flt_107945,0
Crew_10137,Flt_105025,0
Crew_10140,Flt_101836,0
Crew_10140,Flt_101477,0
Crew_10140,Flt_100048,0
Crew_10140,Flt_101440,0
Crew_10140,Flt_102155,0
Crew_10140,Flt_101563,0
Crew_10140,ddh_100065,1
Crew_10140,ddh_100165,1
Crew_10140,Flt_100504,0
Crew_10140,Flt_100865,0
Crew_10140,Flt_112684,0
Crew_10140,Flt_113373,0
Crew_10140,Flt_106198,0
Crew_10140,ddh_101232,1
Crew_10140,ddh_100360,1
Crew_10140,ddh_101562,1
Crew_10140,ddh_101933,1
Crew_10147,Flt_101609,0
Crew_10147,Flt_100307,0
Crew_10147,Flt_101733,0
Crew_10147,Flt_100263,0
Crew_10147,Flt_100562,0
Crew_10147,Flt_100023,0
Crew_10147,Flt_101265,0
Crew_10147,Flt_100808,0
Crew_10147,Flt_113030,0
Crew_10147,Flt_109063,0
Crew_10147,ddh_100159,1
Crew_10147,ddh_101999,1
Crew_10147,ddh_101184,1
Crew_10147,ddh_101309,1
Crew_10148,Flt_101175,0
Crew_10148,Flt_102043,0
Crew_10148,Flt_101025,0
Crew_10148,Flt_101219,0
Crew_10148,Flt_101213,0
Crew_10148,Flt_101944,0
Crew_10148,Flt_102097,0
Crew_10148,Flt_102193,0
Crew_10148,Flt_100888,0
Crew_10148,Flt_109428,0
Crew_10148,Flt_105098,0
Crew_10148,ddh_101051,1
Crew_10148,ddh_101108,1
Crew_10148,ddh_102190,1
Crew_10149,Flt_100218,0
Crew_10149,Flt_101056,0
Crew_10149,Flt_101033,0
Crew_10149,Flt_100696,0
Crew_10149,Flt_102307,0
Crew_10149,Flt_101242,0
Crew_10149,Flt_101852,0
Crew_10149,Flt_100165,0
Crew_10149,Flt_103993,0
Crew_10149,Flt_108376,0
Crew_10149,ddh_102119,1
Crew_10151,Flt_100162,0
Crew_10151,Flt_100593,0
Crew_10151,Flt_101487,0
Crew_10151,Flt_102314,0
Crew_10151,Flt_101881,0
Crew_10151,Flt_101748,0
Crew_10151,Flt_101815,0
Crew_10151,Flt_101005,0
Crew_10151,Flt_102185,0
Crew_10151,Flt_103597,0
Crew_10151,Flt_104319,0
Crew_10151,ddh_102199,1
Crew_10154,Flt_101491,0
Crew_10154,Flt_102125,0
Crew_10154,Flt_101223,0
Crew_10154,Flt_100196,0
Crew_10154,Flt_100440,0
Crew_10154,Flt_101531,0
Crew_10154,ddh_101297,1
Crew_10154,ddh_101935,1
Crew_10154,ddh_100859,1
Crew_10154,ddh_101863,1
Crew_10155,Flt_100735,0
Crew_10155,Flt_100008,0
Crew_10155,Flt_101943,0
Crew_10155,Flt_100607,0
Crew_10155,Flt_101285,0
Crew_10155,Flt_100793,0
Crew_10155,Flt_100295,0
Crew_10155,Flt_101598,0
Crew_10155,Flt_100304,0
Crew_10155,ddh_100994,1
Crew_10155,ddh_101273,1
Crew_10155,ddh_101436,1
Crew_10157,Flt_101605,0
Crew_10157,Flt_100145,0
Crew_10157,Flt_100189,0
Crew_10157,Flt_100478,0
Crew_10157,Flt_101510,0
Crew_10157,Flt_100126,0
Crew_10157,Flt_102166,0
Crew_10157,Flt_100977,0
Crew_10157,Flt_101368,0
Crew_10157,Flt_108657,0
Crew_10157,Flt_112231,0
Crew_10157,ddh_101782,1
Crew_10159,Flt_101597,0
Crew_10159,Flt_101829,0
Crew_10159,Flt_102132,0
Crew_10159,Flt_100985,0
Crew_10159,Flt_100256,0
Crew_10159,Flt_101889,0
Crew_10159,Flt_100361,0
Crew_10159,Flt_101452,0
Crew_10159,Flt_101422,0
Crew_10159,Flt_101191,0
Crew_10159,ddh_102119,1
Crew_10159,ddh_100020,1
Crew_10159,ddh_100130,1
Crew_10204,Flt_102282,0
Crew_10204,Flt_101354,0
Crew_10204,Flt_100771,0
Crew_10204,Flt_102072,0
Crew_10204,Flt_101567,0
Crew_10204,Flt_105735,0
Crew_10204,Flt_113619,0
Crew_10204,Flt_113268,0
Crew_10204,Flt_106903,0
Crew_10204,Flt_102482,0
Crew_10204,Flt_109055,0
Crew_10205,Flt_101462,0
Crew_10205,Flt_101594,0
Crew_10205,Flt_100184,0
Crew_10205,Flt_101220,0
Crew_10205,Flt_101587,0
Crew_10205,Flt_101764,0
Crew_10205,Flt_100759,0
Crew_10205,Flt_100329,0
Crew_10205,Flt_105054,0
Crew_10205,Flt_113330,0
Crew_10205,Flt_112267,0
Crew_10205,ddh_101782,1
Crew_10210,Flt_100009,0
Crew_10210,Flt_101979,0
Crew_10210,Flt_101905,0
Crew_10210,Flt_101742,0
Crew_10210,Flt_100619,0
Crew_10210,Flt_100352,0
Crew_10210,Flt_100857,0
Crew_10210,Flt_100171,0
Crew_10210,Flt_100410,0
Crew_10210,ddh_101665,1
Crew_10210,ddh_100643,1
Crew_10210,ddh_102066,1
Crew_10210,ddh_101421,1
Crew_10210,ddh_100619,1
Crew_10222,Flt_101707,0
Crew_10222,Flt_101593,0
Crew_10222,Flt_102015,0
Crew_10222,Flt_101799,0
Crew_10222,Flt_100728,0
Crew_10222,Flt_100384,0
Crew_10222,Flt_105484,0
Crew_10222,Flt_113364,0
Crew_10222,Flt_110479,0
Crew_10222,ddh_101110,1
Crew_10222,ddh_100571,1
Crew_10222,ddh_100634,1
Crew_10224,Flt_102110,0
Crew_10224,Flt_100503,0
Crew_10224,Flt_102195,0
Crew_10224,Flt_100539,0
Crew_10224,Flt_102016,0
Crew_10224,Flt_100186,0
Crew_10224,Flt_100729,0
Crew_10224,Flt_102249,0
Crew_10224,Flt_100500,0
Crew_10224,Flt_101463,0
Crew_10224,Flt_100319,0
Crew_10224,Flt_111210,0
Crew_10224,ddh_102119,1
Crew_10229,Flt_101921,0
Crew_10229,Flt_100089,0
Crew_10229,Flt_102104,0
Crew_10229,Flt_102106,0
Crew_10229,Flt_101934,0
Crew_10229,Flt_101198,0
Crew_10229,Flt_110468,0
Crew_10229,Flt_106936,0
Crew_10229,Flt_104346,0
Crew_10229,ddh_101552,1
Crew_10229,ddh_102074,1
Crew_10255,Flt_100532,0
Crew_10255,Flt_100814,0
Crew_10255,Flt_100120,0
Crew_10255,Flt_100178,0
Crew_10255,Flt_100413,0
Crew_10255,Flt_104631,0
Crew_10255,Flt_107208,0
Crew_10255,Flt_113712,0
Crew_10255,Flt_103984,0
Crew_10255,Flt_108688,0
Crew_10263,Flt_101924,0
Crew_10263,Flt_100588,0
Crew_10263,Flt_101879,0
Crew_10263,Flt_101739,0
Crew_10263,Flt_101309,0
Crew_10263,Flt_101884,0
Crew_10263,Flt_100777,0
Crew_10263,Flt_101174,0
Crew_10263,Flt_101831,0
Crew_10263,Flt_101832,0
Crew_10271,Flt_101404,0
Crew_10271,Flt_101539,0
Crew_10271,Flt_101101,0
Crew_10271,Flt_100423,0
Crew_10271,Flt_101565,0
Crew_10271,Flt_100714,0
Crew_10271,Flt_100240,0
Crew_10271,Flt_102215,0
Crew_10271,Flt_101124,0
Crew_10271,Flt_101055,0
Crew_10271,ddh_101052,1
Crew_10271,ddh_100617,1
Crew_10271,ddh_101001,1
Crew_10274,Flt_102267,0
Crew_10274,Flt_100950,0
Crew_10274,Flt_101796,0
Crew_10274,Flt_101209,0
Crew_10274,Flt_101063,0
Crew_10274,Flt_101210,0
Crew_10274,ddh_100164,1
Crew_10274,ddh_100075,1
Crew_10274,Flt_100625,0
Crew_10274,Flt_100129,0
Crew_10274,Flt_101116,0
Crew_10274,Flt_102217,0
Crew_10274,ddh_100147,1
Crew_10274,ddh_101880,1
Crew_10274,ddh_100554,1
Crew_10274,ddh_100088,1
Crew_10274,ddh_100168,1
Crew_10274,ddh_100039,1
Crew_10274,ddh_100139,1
Crew_10274,ddh_102057,1
Crew_10275,Flt_102263,0
Crew_10275,Flt_101335,0
Crew_10275,Flt_101929,0
Crew_10275,Flt_100706,0
Crew_10275,Flt_102012,0
Crew_10275,Flt_101290,0
=======
Crew_10007,Flt_101811,0
Crew_10007,Flt_100915,0
Crew_10007,Flt_101515,0
Crew_10007,Flt_100562,0
Crew_10007,Flt_101535,0
Crew_10007,Flt_100712,0
Crew_10007,Flt_100955,0
Crew_10007,Flt_100232,0
Crew_10007,Flt_100090,0
Crew_10007,Flt_105484,0
Crew_10007,Flt_113364,0
Crew_10007,Flt_110479,0
Crew_10007,ddh_101994,1
Crew_10007,ddh_101419,1
Crew_10007,ddh_100110,1
Crew_10007,ddh_100040,1
Crew_10037,Flt_101706,0
Crew_10037,Flt_100102,0
Crew_10037,Flt_100771,0
Crew_10037,Flt_102072,0
Crew_10037,Flt_101567,0
Crew_10037,Flt_101217,0
Crew_10037,Flt_102182,0
Crew_10037,Flt_101671,0
Crew_10037,Flt_101492,0
Crew_10037,Flt_100829,0
Crew_10037,Flt_101556,0
Crew_10037,Flt_113013,0
Crew_10037,Flt_103561,0
Crew_10037,Flt_105794,0
Crew_10037,ddh_101548,1
Crew_10037,ddh_102204,1
Crew_10037,ddh_100986,1
Crew_10037,ddh_101001,1
Crew_10065,Flt_101779,0
Crew_10065,Flt_101702,0
Crew_10065,Flt_101188,0
Crew_10065,Flt_100704,0
Crew_10065,Flt_100848,0
Crew_10065,Flt_102034,0
Crew_10065,Flt_102106,0
Crew_10065,Flt_101093,0
Crew_10065,Flt_101483,0
Crew_10065,ddh_100751,1
Crew_10065,ddh_100747,1
Crew_10065,ddh_100426,1
Crew_10065,ddh_100352,1
Crew_10065,ddh_101856,1
Crew_10079,Flt_100971,0
Crew_10079,Flt_102065,0
Crew_10079,Flt_101200,0
Crew_10079,Flt_101733,0
Crew_10079,Flt_101443,0
Crew_10079,Flt_100264,0
Crew_10079,Flt_101305,0
Crew_10079,Flt_101450,0
Crew_10079,Flt_101756,0
Crew_10079,Flt_100870,0
Crew_10079,Flt_100646,0
Crew_10079,Flt_101673,0
Crew_10079,ddh_101224,1
Crew_10079,ddh_100363,1
Crew_10079,ddh_101436,1
Crew_10079,ddh_100846,1
Crew_10093,Flt_101362,0
Crew_10093,Flt_100145,0
Crew_10093,Flt_100481,0
Crew_10093,Flt_100543,0
Crew_10093,Flt_101222,0
Crew_10093,Flt_100717,0
Crew_10093,Flt_100436,0
Crew_10093,Flt_110413,0
Crew_10093,Flt_107588,0
Crew_10093,Flt_113670,0
Crew_10093,Flt_104281,0
Crew_10093,Flt_110101,0
Crew_10093,ddh_101994,1
Crew_10093,ddh_101419,1
Crew_10093,ddh_101251,1
Crew_10114,Flt_100816,0
Crew_10114,Flt_100594,0
Crew_10114,Flt_101551,0
Crew_10114,Flt_101514,0
Crew_10114,Flt_101957,0
Crew_10114,Flt_100277,0
Crew_10114,Flt_101664,0
Crew_10114,Flt_101458,0
Crew_10114,Flt_101399,0
Crew_10114,Flt_101926,0
Crew_10114,Flt_100392,0
Crew_10114,Flt_103599,0
Crew_10114,Flt_112273,0
Crew_10114,ddh_100059,1
Crew_10114,ddh_100100,1
Crew_10114,ddh_100050,1
Crew_10114,ddh_101320,1
Crew_10122,Flt_101195,0
Crew_10122,Flt_102134,0
Crew_10122,Flt_101025,0
Crew_10122,Flt_100696,0
Crew_10122,Flt_100413,0
Crew_10122,Flt_100665,0
Crew_10122,Flt_112299,0
Crew_10122,Flt_110869,0
Crew_10122,ddh_101427,1
Crew_10122,ddh_101995,1
Crew_10122,ddh_100427,1
Crew_10125,Flt_100098,0
Crew_10125,Flt_101784,0
Crew_10125,Flt_100851,0
Crew_10125,Flt_102021,0
Crew_10125,Flt_100931,0
Crew_10125,Flt_102177,0
Crew_10125,Flt_101019,0
Crew_10125,Flt_102201,0
Crew_10125,Flt_102217,0
Crew_10125,Flt_110468,0
Crew_10125,Flt_106936,0
Crew_10125,Flt_104346,0
Crew_10125,ddh_101552,1
Crew_10125,ddh_100130,1
Crew_10125,ddh_100621,1
Crew_10132,Flt_101704,0
Crew_10132,Flt_100097,0
Crew_10132,Flt_102131,0
Crew_10132,Flt_100262,0
Crew_10132,Flt_101141,0
Crew_10132,Flt_100057,0
Crew_10132,Flt_102241,0
Crew_10132,Flt_101238,0
Crew_10132,Flt_100037,0
Crew_10132,Flt_102047,0
Crew_10132,Flt_109055,0
Crew_10132,Flt_108000,0
Crew_10132,ddh_102119,1
Crew_10132,ddh_101273,1
Crew_10132,ddh_101436,1
Crew_10134,Flt_100648,0
Crew_10134,Flt_101493,0
Crew_10134,Flt_101864,0
Crew_10134,Flt_101562,0
Crew_10134,Flt_100847,0
Crew_10134,Flt_101451,0
Crew_10134,Flt_100364,0
Crew_10134,Flt_112254,0
Crew_10134,Flt_111529,0
Crew_10134,Flt_102850,0
Crew_10134,Flt_102450,0
Crew_10134,Flt_113664,0
Crew_10134,ddh_100208,1
Crew_10134,ddh_100631,1
Crew_10134,ddh_100224,1
Crew_10137,Flt_101330,0
Crew_10137,Flt_100216,0
Crew_10137,Flt_101075,0
Crew_10137,Flt_100568,0
Crew_10137,Flt_100805,0
Crew_10137,Flt_101546,0
Crew_10137,Flt_113029,0
Crew_10137,Flt_111211,0
Crew_10137,Flt_103622,0
Crew_10137,ddh_101999,1
Crew_10137,ddh_102073,1
Crew_10137,ddh_101933,1
Crew_10140,Flt_100218,0
Crew_10140,Flt_101056,0
Crew_10140,Flt_101033,0
Crew_10140,Flt_100998,0
Crew_10140,Flt_100793,0
Crew_10140,Flt_100295,0
Crew_10140,Flt_113712,0
Crew_10140,Flt_103984,0
Crew_10140,ddh_101834,1
Crew_10140,Flt_102449,0
Crew_10140,Flt_113667,0
Crew_10140,ddh_101726,1
Crew_10140,ddh_100050,1
Crew_10140,ddh_100846,1
Crew_10147,Flt_101175,0
Crew_10147,Flt_102043,0
Crew_10147,Flt_101614,0
Crew_10147,Flt_101869,0
Crew_10147,Flt_101314,0
Crew_10147,Flt_100439,0
Crew_10147,Flt_102056,0
Crew_10147,Flt_101616,0
Crew_10147,Flt_101348,0
Crew_10147,Flt_111940,0
Crew_10147,Flt_109454,0
Crew_10147,ddh_101994,1
Crew_10147,ddh_100288,1
Crew_10147,ddh_101147,1
Crew_10148,Flt_101462,0
Crew_10148,Flt_101594,0
Crew_10148,Flt_101566,0
Crew_10148,Flt_102308,0
Crew_10148,Flt_102236,0
Crew_10148,Flt_100437,0
Crew_10148,Flt_100063,0
Crew_10148,Flt_100365,0
Crew_10148,Flt_100396,0
Crew_10148,Flt_100316,0
Crew_10148,Flt_100960,0
Crew_10148,Flt_105864,0
Crew_10148,Flt_106575,0
Crew_10148,ddh_100139,1
Crew_10148,ddh_100497,1
Crew_10148,ddh_101147,1
Crew_10148,ddh_100281,1
Crew_10149,Flt_102263,0
Crew_10149,Flt_101335,0
Crew_10149,Flt_101929,0
Crew_10149,Flt_100469,0
Crew_10149,Flt_101436,0
Crew_10149,Flt_100337,0
Crew_10149,Flt_102175,0
Crew_10149,Flt_100724,0
Crew_10149,Flt_100645,0
Crew_10149,Flt_100943,0
Crew_10149,Flt_108701,0
Crew_10149,Flt_109437,0
Crew_10149,Flt_105098,0
Crew_10149,ddh_101051,1
Crew_10149,ddh_101999,1
Crew_10149,ddh_101733,1
Crew_10149,ddh_100120,1
Crew_10149,ddh_101741,1
Crew_10151,Flt_100104,0
Crew_10151,Flt_102208,0
Crew_10151,Flt_100184,0
Crew_10151,Flt_101220,0
Crew_10151,Flt_101081,0
Crew_10151,Flt_101580,0
Crew_10151,Flt_100128,0
Crew_10151,Flt_101003,0
Crew_10151,Flt_100166,0
Crew_10151,Flt_100112,0
Crew_10151,Flt_101942,0
Crew_10151,Flt_113746,0
Crew_10151,Flt_110480,0
Crew_10151,Flt_103631,0
Crew_10151,Flt_113046,0
Crew_10151,ddh_101490,1
Crew_10151,ddh_100020,1
Crew_10151,ddh_101061,1
Crew_10151,ddh_100224,1
Crew_10154,Flt_101609,0
Crew_10154,Flt_100307,0
Crew_10154,Flt_101726,0
Crew_10154,Flt_100765,0
Crew_10154,Flt_102296,0
Crew_10154,Flt_102105,0
Crew_10154,Flt_101972,0
Crew_10154,Flt_101823,0
Crew_10154,Flt_100809,0
Crew_10154,ddh_102119,1
Crew_10154,ddh_101273,1
Crew_10154,ddh_101436,1
Crew_10155,Flt_101999,0
Crew_10155,Flt_101792,0
Crew_10155,Flt_101637,0
Crew_10155,Flt_100980,0
Crew_10155,Flt_101386,0
Crew_10155,Flt_100271,0
Crew_10155,Flt_100208,0
Crew_10155,Flt_101615,0
Crew_10155,Flt_101698,0
Crew_10155,ddh_100994,1
Crew_10155,ddh_100030,1
Crew_10155,ddh_100120,1
Crew_10157,Flt_100084,0
Crew_10157,Flt_102152,0
Crew_10157,Flt_100695,0
Crew_10157,Flt_101667,0
Crew_10157,Flt_101340,0
Crew_10157,Flt_101837,0
Crew_10157,Flt_111898,0
Crew_10157,Flt_112263,0
Crew_10157,Flt_110064,0
Crew_10157,ddh_101999,1
Crew_10157,ddh_101852,1
Crew_10157,ddh_101230,1
Crew_10157,ddh_100289,1
Crew_10159,Flt_100531,0
Crew_10159,Flt_102219,0
Crew_10159,Flt_101708,0
Crew_10159,Flt_100981,0
Crew_10159,Flt_101010,0
Crew_10159,Flt_101963,0
Crew_10159,Flt_101775,0
Crew_10159,ddh_102063,1
Crew_10159,ddh_101362,1
Crew_10159,ddh_100057,1
Crew_10159,ddh_102000,1
Crew_10159,ddh_101242,1
Crew_10159,ddh_100039,1
Crew_10159,ddh_100100,1
Crew_10159,ddh_101542,1
Crew_10159,ddh_101432,1
Crew_10159,ddh_101918,1
Crew_10204,Flt_101266,0
Crew_10204,Flt_101486,0
Crew_10204,Flt_100185,0
Crew_10204,Flt_100265,0
Crew_10204,Flt_100640,0
Crew_10204,Flt_100288,0
Crew_10204,Flt_100505,0
Crew_10204,ddh_101607,1
Crew_10204,ddh_101732,1
Crew_10204,ddh_100847,1
Crew_10204,ddh_100643,1
Crew_10204,ddh_102071,1
Crew_10205,Flt_101701,0
Crew_10205,Flt_101189,0
Crew_10205,Flt_100999,0
Crew_10205,Flt_100910,0
Crew_10205,Flt_102179,0
Crew_10205,Flt_100496,0
Crew_10205,Flt_101301,0
Crew_10205,Flt_109783,0
Crew_10205,Flt_111569,0
Crew_10205,Flt_107647,0
Crew_10205,Flt_109440,0
Crew_10205,Flt_103227,0
Crew_10205,Flt_112626,0
Crew_10205,ddh_102194,1
Crew_10205,ddh_101999,1
Crew_10205,ddh_101852,1
Crew_10205,ddh_100621,1
Crew_10210,Flt_100009,0
Crew_10210,Flt_101979,0
Crew_10210,Flt_101297,0
Crew_10210,Flt_102155,0
Crew_10210,Flt_101300,0
Crew_10210,Flt_101749,0
Crew_10210,Flt_102288,0
Crew_10210,Flt_100168,0
Crew_10210,ddh_101580,1
Crew_10210,ddh_100017,1
Crew_10210,ddh_100127,1
Crew_10210,ddh_100008,1
Crew_10210,ddh_100108,1
Crew_10210,ddh_100993,1
Crew_10210,ddh_100343,1
Crew_10210,ddh_100010,1
Crew_10210,ddh_101647,1
Crew_10210,ddh_101147,1
Crew_10222,Flt_101272,0
Crew_10222,Flt_100325,0
Crew_10222,Flt_100028,0
Crew_10222,Flt_101552,0
Crew_10222,Flt_102315,0
Crew_10222,Flt_100278,0
Crew_10222,Flt_100844,0
Crew_10222,Flt_102249,0
Crew_10222,Flt_100500,0
Crew_10222,Flt_102038,0
Crew_10222,Flt_100301,0
Crew_10222,Flt_101029,0
Crew_10222,Flt_105084,0
Crew_10222,Flt_109456,0
Crew_10222,Flt_102859,0
Crew_10222,ddh_100705,1
Crew_10222,ddh_101933,1
Crew_10224,Flt_102110,0
Crew_10224,Flt_100503,0
Crew_10224,Flt_101619,0
Crew_10224,Flt_100414,0
Crew_10224,Flt_101137,0
Crew_10224,Flt_100347,0
Crew_10224,Flt_101968,0
Crew_10224,Flt_100929,0
Crew_10224,Flt_101094,0
Crew_10224,Flt_101554,0
Crew_10224,Flt_100596,0
Crew_10224,Flt_101788,0
Crew_10224,Flt_106565,0
Crew_10224,Flt_107641,0
Crew_10224,Flt_110099,0
Crew_10224,Flt_106566,0
Crew_10224,ddh_101179,1
Crew_10224,ddh_101994,1
Crew_10224,ddh_100288,1
Crew_10224,ddh_102073,1
Crew_10224,ddh_101735,1
Crew_10229,Flt_102261,0
Crew_10229,Flt_100874,0
Crew_10229,Flt_100985,0
Crew_10229,Flt_101748,0
Crew_10229,Flt_101319,0
Crew_10229,Flt_101096,0
Crew_10229,Flt_100289,0
Crew_10229,Flt_101334,0
Crew_10229,Flt_101770,0
Crew_10229,Flt_101467,0
Crew_10229,Flt_107265,0
Crew_10229,Flt_102479,0
Crew_10229,Flt_109423,0
Crew_10229,ddh_100705,1
Crew_10229,ddh_100030,1
Crew_10229,ddh_101061,1
Crew_10255,Flt_101623,0
Crew_10255,Flt_101986,0
Crew_10255,Flt_100256,0
Crew_10255,Flt_102307,0
Crew_10255,Flt_101242,0
Crew_10255,Flt_100641,0
Crew_10255,Flt_101153,0
Crew_10255,Flt_100681,0
Crew_10255,Flt_111961,0
Crew_10255,Flt_105865,0
Crew_10255,ddh_102119,1
Crew_10255,ddh_100030,1
Crew_10255,ddh_100120,1
Crew_10255,ddh_100060,1
Crew_10263,Flt_100079,0
Crew_10263,Flt_100653,0
Crew_10263,Flt_101879,0
Crew_10263,Flt_101066,0
Crew_10263,Flt_100362,0
Crew_10263,Flt_101417,0
Crew_10263,Flt_101699,0
Crew_10263,ddh_101478,1
Crew_10263,ddh_100020,1
Crew_10263,ddh_100120,1
Crew_10263,ddh_102196,1
Crew_10271,Flt_101605,0
Crew_10271,Flt_102049,0
Crew_10271,Flt_102232,0
Crew_10271,Flt_100175,0
Crew_10271,Flt_100497,0
Crew_10271,Flt_100428,0
Crew_10271,Flt_101773,0
Crew_10271,Flt_100519,0
Crew_10271,ddh_102063,1
Crew_10271,ddh_102126,1
Crew_10271,ddh_102000,1
Crew_10271,ddh_101915,1
Crew_10271,ddh_101989,1
Crew_10271,ddh_101852,1
Crew_10271,ddh_100780,1
Crew_10271,ddh_101922,1
Crew_10274,Flt_102267,0
Crew_10274,Flt_100950,0
Crew_10274,Flt_100897,0
Crew_10274,Flt_101498,0
Crew_10274,Flt_102013,0
Crew_10274,Flt_101965,0
Crew_10274,Flt_102097,0
Crew_10274,Flt_101234,0
Crew_10274,Flt_101282,0
Crew_10274,Flt_100760,0
Crew_10274,Flt_102000,0
Crew_10274,Flt_100893,0
Crew_10274,ddh_100166,1
Crew_10274,ddh_100751,1
Crew_10274,ddh_101362,1
Crew_10274,ddh_101425,1
Crew_10274,ddh_100552,1
Crew_10274,ddh_100009,1
Crew_10274,ddh_100109,1
Crew_10274,ddh_101989,1
Crew_10274,ddh_102073,1
Crew_10274,ddh_100646,1
Crew_10275,Flt_100735,0
Crew_10275,Flt_100008,0
Crew_10275,Flt_100189,0
Crew_10275,Flt_100478,0
Crew_10275,Flt_102007,0
Crew_10275,Flt_100688,0
>>>>>>> origin/Heuristic-SA
Crew_10275,Flt_102245,0
Crew_10275,Flt_101311,0
Crew_10275,Flt_100211,0
Crew_10275,Flt_101127,0
<<<<<<< HEAD
Crew_10275,Flt_110105,0
Crew_10275,Flt_110106,0
Crew_10275,Flt_102890,0
Crew_10275,ddh_101782,1
Crew_10275,ddh_100150,1
Crew_10275,ddh_101675,1
Crew_10293,Flt_101359,0
Crew_10293,Flt_101712,0
Crew_10293,Flt_101653,0
Crew_10293,Flt_101306,0
Crew_10293,Flt_100630,0
Crew_10293,Flt_100362,0
Crew_10293,Flt_102120,0
Crew_10293,Flt_101604,0
Crew_10293,Flt_100807,0
Crew_10293,Flt_100740,0
Crew_10293,ddh_100136,1
Crew_10293,ddh_101880,1
Crew_10293,ddh_101199,1
Crew_10293,ddh_100421,1
Crew_10295,Flt_100314,0
Crew_10295,Flt_100518,0
Crew_10295,Flt_101421,0
Crew_10295,Flt_100191,0
Crew_10295,Flt_100836,0
Crew_10295,Flt_102107,0
Crew_10295,Flt_102118,0
Crew_10295,Flt_101630,0
Crew_10295,Flt_104688,0
Crew_10295,Flt_105055,0
Crew_10295,Flt_109754,0
Crew_10295,ddh_101110,1
Crew_10318,Flt_101245,0
Crew_10318,Flt_101540,0
=======
Crew_10275,Flt_110469,0
Crew_10275,Flt_112303,0
Crew_10275,Flt_112304,0
Crew_10275,ddh_101051,1
Crew_10275,ddh_100351,1
Crew_10275,ddh_101419,1
Crew_10275,ddh_100120,1
Crew_10275,ddh_101001,1
Crew_10293,Flt_101118,0
Crew_10293,Flt_100753,0
Crew_10293,Flt_102061,0
Crew_10293,Flt_100042,0
Crew_10293,Flt_100043,0
Crew_10293,Flt_100336,0
Crew_10293,Flt_100565,0
Crew_10293,Flt_101765,0
Crew_10293,Flt_101533,0
Crew_10293,Flt_100587,0
Crew_10293,Flt_100657,0
Crew_10293,Flt_100082,0
Crew_10293,Flt_105843,0
Crew_10293,Flt_112667,0
Crew_10293,ddh_101003,1
Crew_10293,ddh_100120,1
Crew_10293,ddh_101602,1
Crew_10295,Flt_100314,0
Crew_10295,Flt_100518,0
Crew_10295,Flt_101421,0
Crew_10295,Flt_101499,0
Crew_10295,Flt_101500,0
Crew_10295,Flt_100788,0
Crew_10295,Flt_107267,0
Crew_10295,Flt_109069,0
Crew_10295,Flt_110467,0
Crew_10295,Flt_110490,0
Crew_10295,Flt_112314,0
Crew_10295,ddh_100169,1
Crew_10295,ddh_101999,1
Crew_10295,ddh_101852,1
Crew_10295,ddh_100780,1
Crew_10318,Flt_101245,0
Crew_10318,Flt_101857,0
Crew_10318,Flt_100402,0
>>>>>>> origin/Heuristic-SA
Crew_10318,Flt_100991,0
Crew_10318,Flt_101074,0
Crew_10318,Flt_101951,0
Crew_10318,Flt_101396,0
Crew_10318,Flt_100138,0
<<<<<<< HEAD
Crew_10318,Flt_101327,0
Crew_10318,Flt_101903,0
Crew_10318,Flt_101121,0
Crew_10318,Flt_104355,0
Crew_10318,Flt_106918,0
Crew_10318,Flt_104701,0
Crew_10347,Flt_100227,0
Crew_10347,Flt_100522,0
Crew_10347,Flt_100914,0
Crew_10347,Flt_101144,0
Crew_10347,Flt_102079,0
Crew_10347,Flt_100712,0
Crew_10347,Flt_100713,0
Crew_10347,Flt_100681,0
Crew_10347,Flt_101636,0
Crew_10347,Flt_107265,0
Crew_10347,Flt_102479,0
Crew_10347,Flt_109423,0
Crew_10347,ddh_100705,1
Crew_10347,ddh_100020,1
Crew_10347,ddh_101730,1
Crew_10347,ddh_101988,1
Crew_10352,Flt_102065,0
Crew_10352,Flt_101200,0
Crew_10352,Flt_101864,0
Crew_10352,Flt_100640,0
Crew_10352,Flt_102481,0
Crew_10352,Flt_106902,0
Crew_10352,Flt_112628,0
Crew_10352,Flt_106540,0
Crew_10352,ddh_102118,1
Crew_10352,ddh_100430,1
Crew_10352,ddh_101781,1
Crew_10352,ddh_100790,1
Crew_10352,ddh_101562,1
Crew_10358,Flt_102276,0
Crew_10358,Flt_100748,0
Crew_10358,Flt_101549,0
Crew_10358,Flt_101946,0
Crew_10358,Flt_101537,0
Crew_10358,Flt_100202,0
Crew_10358,Flt_110420,0
Crew_10358,Flt_113751,0
Crew_10358,Flt_106949,0
Crew_10358,Flt_105476,0
Crew_10358,Flt_109454,0
Crew_10358,ddh_101110,1
Crew_10358,ddh_101424,1
Crew_10378,Flt_100084,0
Crew_10378,Flt_100744,0
Crew_10378,Flt_100339,0
Crew_10378,Flt_101863,0
Crew_10378,Flt_101973,0
Crew_10378,Flt_102034,0
Crew_10378,Flt_101091,0
Crew_10378,Flt_102056,0
Crew_10378,Flt_101036,0
Crew_10378,Flt_113663,0
Crew_10378,Flt_110846,0
Crew_10378,Flt_111548,0
Crew_10378,Flt_106207,0
Crew_10378,ddh_101494,1
Crew_10378,ddh_101857,1
Crew_10378,ddh_100772,1
Crew_10381,Flt_101420,0
Crew_10381,Flt_101403,0
Crew_10381,Flt_100573,0
Crew_10381,Flt_100994,0
Crew_10381,Flt_102078,0
Crew_10381,Flt_101590,0
Crew_10381,Flt_100919,0
Crew_10381,Flt_100152,0
Crew_10381,Flt_102198,0
Crew_10381,ddh_101715,1
Crew_10381,ddh_102261,1
Crew_10381,ddh_100928,1
Crew_10452,Flt_101994,0
Crew_10452,Flt_101708,0
Crew_10452,Flt_101624,0
Crew_10452,Flt_102076,0
Crew_10452,Flt_100835,0
Crew_10452,Flt_101064,0
Crew_10452,Flt_100446,0
Crew_10452,Flt_100127,0
Crew_10452,Flt_100739,0
Crew_10452,Flt_100519,0
Crew_10452,Flt_102876,0
Crew_10452,Flt_106932,0
Crew_10452,ddh_101734,1
Crew_10452,ddh_100995,1
Crew_10452,ddh_101499,1
Crew_10467,Flt_100677,0
Crew_10467,Flt_102235,0
Crew_10467,Flt_101740,0
Crew_10467,Flt_100350,0
Crew_10467,Flt_102179,0
Crew_10467,Flt_100496,0
Crew_10467,Flt_101990,0
Crew_10467,Flt_101778,0
Crew_10467,Flt_110895,0
Crew_10467,Flt_109798,0
Crew_10467,ddh_100994,1
Crew_10467,ddh_100080,1
Crew_10467,ddh_101912,1
Crew_10478,Flt_101706,0
Crew_10478,Flt_100102,0
Crew_10478,Flt_101485,0
Crew_10478,Flt_101297,0
Crew_10478,Flt_101725,0
Crew_10478,Flt_101303,0
Crew_10478,Flt_101397,0
Crew_10478,Flt_102210,0
Crew_10478,Flt_102285,0
Crew_10478,Flt_100108,0
Crew_10478,Flt_110857,0
Crew_10478,Flt_106568,0
Crew_10478,Flt_110830,0
Crew_10478,ddh_100620,1
Crew_10478,ddh_100040,1
Crew_10478,ddh_101369,1
Crew_10478,ddh_102134,1
Crew_10482,Flt_101901,0
Crew_10482,Flt_100680,0
Crew_10482,Flt_100032,0
Crew_10482,Flt_100421,0
Crew_10482,Flt_100701,0
Crew_10482,Flt_101319,0
Crew_10482,Flt_100037,0
Crew_10482,Flt_111936,0
Crew_10482,Flt_104339,0
Crew_10482,Flt_103262,0
Crew_10482,ddh_101228,1
Crew_10484,Flt_101623,0
Crew_10484,Flt_102161,0
Crew_10484,Flt_101013,0
Crew_10484,Flt_101310,0
Crew_10484,Flt_103231,0
Crew_10484,Flt_106196,0
Crew_10484,Flt_110069,0
Crew_10484,Flt_108713,0
Crew_10484,ddh_101603,1
Crew_10496,Flt_101694,0
Crew_10496,Flt_101838,0
Crew_10496,Flt_102312,0
Crew_10496,Flt_101011,0
Crew_10496,Flt_100933,0
Crew_10496,Flt_102255,0
Crew_10496,Flt_100947,0
Crew_10496,Flt_108334,0
Crew_10496,Flt_105056,0
Crew_10496,Flt_104318,0
Crew_10496,ddh_102199,1
Crew_10500,Flt_102136,0
Crew_10500,Flt_102209,0
Crew_10500,Flt_101811,0
Crew_10500,Flt_100915,0
Crew_10500,Flt_101515,0
Crew_10500,Flt_102182,0
Crew_10500,Flt_101671,0
Crew_10500,Flt_101365,0
Crew_10500,Flt_105836,0
Crew_10500,Flt_103554,0
Crew_10503,Flt_102049,0
Crew_10503,Flt_101414,0
Crew_10503,Flt_101606,0
Crew_10503,Flt_101377,0
Crew_10503,Flt_101647,0
Crew_10503,Flt_102154,0
Crew_10503,Flt_101517,0
Crew_10503,Flt_101099,0
Crew_10503,Flt_101826,0
Crew_10503,Flt_100071,0
Crew_10503,Flt_101326,0
Crew_10503,Flt_110860,0
Crew_10503,Flt_106221,0
Crew_10503,ddh_100059,1
Crew_10503,ddh_100100,1
Crew_10503,ddh_100347,1
Crew_10508,Flt_101406,0
Crew_10508,Flt_100797,0
Crew_10508,Flt_101137,0
Crew_10508,Flt_100621,0
Crew_10508,Flt_101533,0
Crew_10508,Flt_100716,0
Crew_10508,Flt_100938,0
Crew_10508,Flt_109079,0
Crew_10508,Flt_104729,0
Crew_10508,ddh_102119,1
Crew_10516,Flt_101612,0
Crew_10516,Flt_100513,0
Crew_10516,Flt_100018,0
Crew_10516,Flt_100690,0
Crew_10516,Flt_101641,0
Crew_10516,Flt_101528,0
Crew_10516,Flt_101978,0
Crew_10516,Flt_101249,0
Crew_10516,ddh_101715,1
Crew_10516,ddh_102261,1
Crew_10516,ddh_100563,1
Crew_10517,Flt_100147,0
Crew_10517,Flt_101728,0
Crew_10517,Flt_101067,0
Crew_10517,Flt_100895,0
Crew_10517,Flt_101021,0
Crew_10517,Flt_101169,0
Crew_10517,Flt_101895,0
Crew_10517,Flt_100951,0
Crew_10517,Flt_101984,0
Crew_10517,Flt_111539,0
Crew_10517,Flt_102857,0
Crew_10517,ddh_101478,1
Crew_10517,ddh_101542,1
Crew_10517,ddh_101432,1
Crew_10525,Flt_101118,0
Crew_10525,Flt_100753,0
Crew_10525,Flt_101575,0
Crew_10525,Flt_100552,0
Crew_10525,Flt_101554,0
Crew_10525,Flt_100596,0
Crew_10525,Flt_101788,0
Crew_10536,Flt_102289,0
Crew_10536,Flt_100832,0
Crew_10536,Flt_101214,0
Crew_10536,Flt_101797,0
Crew_10536,Flt_100066,0
Crew_10536,Flt_100499,0
Crew_10536,Flt_101670,0
Crew_10536,Flt_101998,0
Crew_10536,Flt_100460,0
Crew_10536,ddh_101658,1
Crew_10536,ddh_102126,1
Crew_10536,ddh_100988,1
Crew_10557,Flt_101935,0
Crew_10557,Flt_100827,0
Crew_10557,Flt_101503,0
Crew_10557,Flt_101216,0
Crew_10557,Flt_101645,0
Crew_10557,Flt_101813,0
Crew_10557,Flt_101001,0
Crew_10557,Flt_102112,0
Crew_10557,Flt_101976,0
Crew_10557,Flt_101828,0
Crew_10557,ddh_100673,1
Crew_10557,ddh_100068,1
Crew_10557,ddh_100148,1
Crew_10557,ddh_100028,1
Crew_10557,ddh_100119,1
Crew_10557,ddh_101109,1
Crew_10557,ddh_100548,1
Crew_10557,ddh_101854,1
Crew_10557,ddh_101356,1
Crew_10581,Flt_100079,0
Crew_10581,Flt_100653,0
Crew_10581,Flt_102309,0
Crew_10581,Flt_101387,0
Crew_10581,Flt_101753,0
Crew_10581,Flt_101754,0
Crew_10581,Flt_101468,0
Crew_10581,Flt_102126,0
Crew_10581,Flt_109426,0
Crew_10581,Flt_105795,0
Crew_10581,ddh_101478,1
Crew_10595,Flt_101481,0
Crew_10595,Flt_101047,0
Crew_10595,Flt_101795,0
Crew_10595,Flt_100981,0
Crew_10595,Flt_100709,0
Crew_10595,Flt_102237,0
Crew_10595,Flt_101447,0
Crew_10595,Flt_102085,0
Crew_10597,Flt_101195,0
Crew_10597,Flt_102134,0
Crew_10597,Flt_101497,0
Crew_10597,Flt_104614,0
Crew_10597,Flt_111464,0
Crew_10597,Flt_110753,0
Crew_10597,Flt_110375,0
Crew_10597,ddh_101847,1
Crew_10597,Flt_102470,0
Crew_10597,Flt_107613,0
Crew_10597,Flt_107645,0
Crew_10602,Flt_100375,0
Crew_10602,Flt_102117,0
Crew_10602,Flt_100012,0
Crew_10602,Flt_100050,0
Crew_10602,Flt_101947,0
Crew_10602,Flt_100766,0
Crew_10602,Flt_101234,0
Crew_10602,Flt_102069,0
Crew_10602,Flt_101717,0
Crew_10602,Flt_101193,0
Crew_10602,Flt_109728,0
Crew_10602,Flt_112658,0
Crew_10602,ddh_100494,1
Crew_10602,ddh_101500,1
Crew_10607,Flt_102122,0
Crew_10607,Flt_100877,0
Crew_10607,Flt_101607,0
Crew_10607,Flt_100850,0
Crew_10607,Flt_100194,0
Crew_10607,Flt_100483,0
Crew_10607,Flt_100274,0
Crew_10607,ddh_101877,1
Crew_10607,Flt_100746,0
Crew_10607,Flt_102273,0
Crew_10607,Flt_110080,0
Crew_10607,ddh_101422,1
Crew_10607,ddh_100110,1
Crew_10607,ddh_101678,1
Crew_10607,ddh_101250,1
Crew_10611,Flt_100800,0
Crew_10611,Flt_101977,0
Crew_10611,Flt_100347,0
Crew_10611,Flt_100534,0
Crew_10611,Flt_102100,0
Crew_10611,Flt_106560,0
Crew_10611,Flt_110464,0
Crew_10611,Flt_111562,0
Crew_10611,Flt_111563,0
Crew_10611,ddh_100069,1
Crew_10611,ddh_100169,1
Crew_10611,ddh_102057,1
Crew_10611,ddh_101120,1
Crew_10611,ddh_101728,1
Crew_10612,Flt_101257,0
Crew_10612,Flt_102196,0
Crew_10612,Flt_102163,0
Crew_10612,Flt_100542,0
Crew_10612,Flt_101296,0
Crew_10612,Flt_100059,0
Crew_10612,Flt_101270,0
Crew_10612,Flt_100675,0
Crew_10612,Flt_101252,0
Crew_10612,Flt_105794,0
Crew_10613,Flt_100973,0
Crew_10613,Flt_101856,0
Crew_10613,Flt_101857,0
Crew_10613,Flt_100402,0
Crew_10613,ddh_100716,1
Crew_10613,Flt_100281,0
Crew_10613,Flt_100517,0
Crew_10613,Flt_102128,0
Crew_10613,Flt_105459,0
Crew_10613,Flt_105797,0
Crew_10614,Flt_100006,0
Crew_10614,Flt_100600,0
Crew_10614,Flt_100998,0
Crew_10614,Flt_101666,0
Crew_10614,Flt_100408,0
Crew_10614,Flt_102290,0
Crew_10614,Flt_103599,0
Crew_10614,Flt_112273,0
Crew_10614,ddh_100059,1
Crew_10614,ddh_100100,1
Crew_10614,ddh_100020,1
Crew_10614,ddh_100992,1
Crew_10620,Flt_102111,0
Crew_10620,Flt_101351,0
Crew_10620,Flt_100344,0
Crew_10620,Flt_101535,0
Crew_10620,Flt_100555,0
Crew_10620,Flt_100226,0
Crew_10620,Flt_100952,0
Crew_10620,Flt_104689,0
Crew_10620,Flt_105500,0
Crew_10620,Flt_113054,0
Crew_10620,ddh_100853,1
Crew_10637,Flt_100002,0
Crew_10637,Flt_101024,0
Crew_10637,Flt_101654,0
Crew_10637,Flt_101579,0
Crew_10637,Flt_100201,0
Crew_10637,Flt_101959,0
Crew_10637,Flt_101152,0
Crew_10637,Flt_100087,0
Crew_10637,Flt_108696,0
Crew_10637,Flt_109061,0
Crew_10637,Flt_110088,0
Crew_10637,ddh_101782,1
Crew_10637,ddh_100549,1
Crew_10637,ddh_101418,1
Crew_10640,Flt_100019,0
Crew_10640,Flt_100156,0
Crew_10640,Flt_101649,0
Crew_10640,Flt_100193,0
Crew_10640,Flt_101374,0
Crew_10640,Flt_101664,0
Crew_10640,Flt_100524,0
Crew_10640,Flt_101050,0
Crew_10641,Flt_101603,0
Crew_10641,Flt_101908,0
Crew_10641,Flt_101511,0
Crew_10641,Flt_101146,0
Crew_10641,Flt_100124,0
Crew_10641,Flt_100856,0
Crew_10641,Flt_100461,0
Crew_10641,Flt_100462,0
Crew_10641,Flt_107973,0
Crew_10641,Flt_106883,0
Crew_10641,Flt_103561,0
Crew_10641,ddh_100568,1
Crew_10641,ddh_100772,1
Crew_10641,ddh_101560,1
Crew_10646,Flt_101999,0
Crew_10646,Flt_101792,0
Crew_10646,Flt_101637,0
Crew_10646,Flt_100980,0
Crew_10646,Flt_100559,0
Crew_10646,Flt_100488,0
Crew_10646,Flt_101203,0
Crew_10646,Flt_101713,0
Crew_10646,Flt_102146,0
Crew_10646,ddh_101580,1
Crew_10646,ddh_100047,1
Crew_10646,ddh_100137,1
Crew_10646,ddh_101920,1
Crew_10651,Flt_100030,0
Crew_10651,Flt_102293,0
Crew_10651,Flt_101133,0
Crew_10651,Flt_104605,0
Crew_10651,Flt_113727,0
Crew_10651,Flt_111900,0
Crew_10651,Flt_108337,0
Crew_10651,Flt_108019,0
Crew_10651,Flt_106596,0
Crew_10651,Flt_106515,0
Crew_10651,ddh_101782,1
Crew_10660,Flt_101680,0
Crew_10660,Flt_100579,0
Crew_10660,Flt_100536,0
Crew_10660,Flt_100041,0
Crew_10660,Flt_101524,0
Crew_10660,Flt_100463,0
Crew_10660,Flt_101336,0
Crew_10660,ddh_101580,1
Crew_10660,ddh_101272,1
Crew_10660,ddh_101234,1
Crew_10660,ddh_100019,1
Crew_10660,ddh_100129,1
Crew_10660,ddh_100059,1
Crew_10663,Flt_101983,0
Crew_10663,Flt_101178,0
Crew_10663,Flt_100770,0
Crew_10663,Flt_101441,0
Crew_10663,Flt_100132,0
Crew_10663,Flt_102317,0
Crew_10663,Flt_101282,0
Crew_10663,Flt_100760,0
Crew_10663,Flt_102000,0
Crew_10663,Flt_100893,0
Crew_10663,ddh_100166,1
Crew_10663,ddh_100017,1
Crew_10663,ddh_102000,1
Crew_10663,ddh_101294,1
Crew_10663,ddh_101547,1
Crew_10663,ddh_100276,1
Crew_10663,ddh_101787,1
Crew_10663,ddh_100846,1
Crew_10663,ddh_101791,1
Crew_10684,Flt_101848,0
Crew_10684,Flt_101352,0
Crew_10684,Flt_102295,0
Crew_10684,Flt_101211,0
Crew_10684,Flt_100174,0
Crew_10684,Flt_100213,0
Crew_10684,Flt_100172,0
Crew_10684,Flt_102283,0
Crew_10684,Flt_101053,0
Crew_10684,Flt_102527,0
Crew_10684,Flt_108724,0
Crew_10684,Flt_113055,0
Crew_10684,ddh_101110,1
Crew_10697,Flt_102202,0
Crew_10697,Flt_101480,0
Crew_10697,Flt_100161,0
Crew_10697,Flt_100614,0
Crew_10697,Flt_100641,0
Crew_10697,Flt_101153,0
Crew_10697,Flt_101546,0
Crew_10697,Flt_101547,0
Crew_10697,Flt_110090,0
Crew_10697,Flt_103605,0
Crew_10697,Flt_111902,0
Crew_10697,Flt_103974,0
Crew_10697,ddh_101603,1
Crew_10701,Flt_101619,0
Crew_10701,Flt_101076,0
Crew_10701,Flt_104988,0
Crew_10701,Flt_106482,0
Crew_10701,Flt_113284,0
Crew_10701,Flt_109060,0
Crew_10701,Flt_108352,0
Crew_10701,Flt_110455,0
Crew_10701,Flt_104708,0
Crew_10701,ddh_100541,1
Crew_10701,ddh_101058,1
Crew_10701,Flt_109439,0
Crew_10701,ddh_102119,1
Crew_10705,Flt_101985,0
Crew_10705,Flt_102194,0
Crew_10705,Flt_101692,0
Crew_10705,Flt_101037,0
Crew_10718,Flt_101787,0
Crew_10718,Flt_101324,0
Crew_10718,Flt_100047,0
Crew_10718,Flt_100699,0
Crew_10718,Flt_101004,0
Crew_10718,Flt_100547,0
Crew_10718,Flt_102274,0
Crew_10718,Flt_104663,0
Crew_10718,Flt_109382,0
Crew_10718,ddh_102194,1
Crew_10718,ddh_101735,1
Crew_10718,ddh_100771,1
Crew_10718,ddh_100715,1
Crew_10724,Flt_102261,0
Crew_10724,Flt_100874,0
Crew_10724,Flt_102232,0
Crew_10724,Flt_100175,0
Crew_10724,Flt_101230,0
Crew_10724,Flt_110442,0
Crew_10724,Flt_112633,0
Crew_10724,Flt_110443,0
Crew_10724,Flt_103238,0
Crew_10724,ddh_100414,1
Crew_10724,ddh_101734,1
Crew_10724,ddh_101993,1
Crew_10724,ddh_100697,1
Crew_10726,Flt_100104,0
Crew_10726,Flt_102208,0
Crew_10726,Flt_100173,0
Crew_10726,Flt_100688,0
Crew_10726,Flt_100900,0
Crew_10726,Flt_100853,0
Crew_10726,Flt_101451,0
Crew_10726,Flt_100364,0
Crew_10726,Flt_112259,0
Crew_10726,Flt_109040,0
Crew_10726,Flt_112260,0
Crew_10726,Flt_112610,0
Crew_10726,Flt_102496,0
Crew_10726,Flt_112296,0
Crew_10726,ddh_101603,1
Crew_10727,Flt_100679,0
Crew_10727,Flt_101632,0
Crew_10727,Flt_101633,0
Crew_10727,Flt_100617,0
Crew_10727,Flt_102080,0
Crew_10727,Flt_100141,0
Crew_10727,Flt_102090,0
Crew_10727,Flt_100660,0
Crew_10727,Flt_103943,0
Crew_10727,Flt_106517,0
Crew_10727,Flt_110407,0
Crew_10727,Flt_104285,0
Crew_10727,ddh_100139,1
Crew_10727,ddh_100709,1
Crew_10727,ddh_101308,1
Crew_10727,ddh_101247,1
=======
Crew_10318,Flt_100223,0
Crew_10318,Flt_100739,0
Crew_10318,Flt_113030,0
Crew_10318,Flt_109063,0
Crew_10318,Flt_112660,0
Crew_10318,ddh_100286,1
Crew_10318,ddh_100040,1
Crew_10318,ddh_100918,1
Crew_10347,Flt_100227,0
Crew_10347,Flt_101677,0
Crew_10347,Flt_100269,0
Crew_10347,Flt_101527,0
Crew_10347,Flt_100633,0
Crew_10347,Flt_107613,0
Crew_10347,Flt_112264,0
Crew_10347,Flt_105862,0
Crew_10347,Flt_102520,0
Crew_10347,ddh_101490,1
Crew_10347,ddh_102120,1
Crew_10347,ddh_100849,1
Crew_10347,ddh_100050,1
Crew_10352,Flt_101406,0
Crew_10352,Flt_100797,0
Crew_10352,Flt_101654,0
Crew_10352,Flt_101579,0
Crew_10352,Flt_100201,0
Crew_10352,Flt_101959,0
Crew_10352,Flt_101149,0
Crew_10352,Flt_100972,0
Crew_10352,Flt_101596,0
Crew_10352,Flt_107945,0
Crew_10352,Flt_105025,0
Crew_10352,Flt_111936,0
Crew_10352,Flt_104339,0
Crew_10352,ddh_101999,1
Crew_10352,ddh_102073,1
Crew_10352,ddh_101001,1
Crew_10358,Flt_102276,0
Crew_10358,Flt_100748,0
Crew_10358,Flt_101549,0
Crew_10358,Flt_102309,0
Crew_10358,Flt_101387,0
Crew_10358,Flt_101753,0
Crew_10358,Flt_101754,0
Crew_10358,Flt_101559,0
Crew_10358,Flt_100334,0
Crew_10358,Flt_105818,0
Crew_10358,Flt_102890,0
Crew_10358,ddh_100286,1
Crew_10358,ddh_101273,1
Crew_10358,ddh_100224,1
Crew_10378,Flt_101404,0
Crew_10378,Flt_101539,0
Crew_10378,Flt_101101,0
Crew_10378,Flt_100423,0
Crew_10378,Flt_100354,0
Crew_10378,Flt_101077,0
Crew_10378,Flt_100710,0
Crew_10378,Flt_100488,0
Crew_10378,Flt_102026,0
Crew_10378,Flt_100825,0
Crew_10378,Flt_110857,0
Crew_10378,Flt_106568,0
Crew_10378,Flt_106242,0
Crew_10378,Flt_113750,0
Crew_10378,ddh_101427,1
Crew_10378,ddh_101680,1
Crew_10378,ddh_100621,1
Crew_10381,Flt_101359,0
Crew_10381,Flt_102253,0
Crew_10381,Flt_101595,0
Crew_10381,Flt_101172,0
Crew_10381,Flt_100770,0
Crew_10381,Flt_100989,0
Crew_10381,Flt_100622,0
Crew_10381,Flt_100210,0
Crew_10381,Flt_101762,0
Crew_10381,Flt_100331,0
Crew_10381,Flt_101192,0
Crew_10381,ddh_101614,1
Crew_10381,ddh_101997,1
Crew_10381,ddh_101484,1
Crew_10381,ddh_100426,1
Crew_10381,ddh_100343,1
Crew_10381,ddh_101273,1
Crew_10381,ddh_100781,1
Crew_10452,Flt_100800,0
Crew_10452,Flt_101977,0
Crew_10452,Flt_101647,0
Crew_10452,Flt_101071,0
Crew_10452,Flt_101530,0
Crew_10452,Flt_101887,0
Crew_10452,Flt_100945,0
Crew_10452,Flt_101976,0
Crew_10452,Flt_106515,0
Crew_10452,Flt_102448,0
Crew_10452,ddh_100994,1
Crew_10452,ddh_100030,1
Crew_10452,ddh_101061,1
Crew_10467,Flt_100677,0
Crew_10467,Flt_102235,0
Crew_10467,Flt_101740,0
Crew_10467,Flt_100494,0
Crew_10467,Flt_101014,0
Crew_10467,Flt_100928,0
Crew_10467,Flt_100572,0
Crew_10467,Flt_100214,0
Crew_10467,Flt_108296,0
Crew_10467,ddh_102119,1
Crew_10467,ddh_100050,1
Crew_10467,ddh_101738,1
Crew_10478,Flt_101987,0
Crew_10478,Flt_101839,0
Crew_10478,Flt_101653,0
Crew_10478,Flt_100355,0
Crew_10478,Flt_102101,0
Crew_10478,Flt_100924,0
Crew_10478,Flt_101912,0
Crew_10478,Flt_100379,0
Crew_10478,Flt_107997,0
Crew_10478,Flt_107283,0
Crew_10478,Flt_103992,0
Crew_10478,ddh_101725,1
Crew_10478,ddh_101680,1
Crew_10478,ddh_100060,1
Crew_10482,Flt_101901,0
Crew_10482,Flt_102117,0
Crew_10482,Flt_101721,0
Crew_10482,Flt_102001,0
Crew_10482,Flt_101495,0
Crew_10482,Flt_100855,0
Crew_10482,Flt_101231,0
Crew_10482,Flt_101089,0
Crew_10482,Flt_107993,0
Crew_10482,Flt_110414,0
Crew_10482,Flt_107600,0
Crew_10482,Flt_108334,0
Crew_10482,Flt_105056,0
Crew_10482,ddh_101490,1
Crew_10482,ddh_102120,1
Crew_10482,ddh_100849,1
Crew_10482,ddh_101933,1
Crew_10484,Flt_101592,0
Crew_10484,Flt_100838,0
Crew_10484,Flt_101870,0
Crew_10484,Flt_102031,0
Crew_10484,Flt_101889,0
Crew_10484,Flt_100023,0
Crew_10484,Flt_101265,0
Crew_10484,Flt_100530,0
Crew_10484,ddh_100635,1
Crew_10496,Flt_100019,0
Crew_10496,Flt_100156,0
Crew_10496,Flt_100421,0
Crew_10496,Flt_100701,0
Crew_10496,Flt_101825,0
Crew_10496,Flt_100567,0
Crew_10496,Flt_100922,0
Crew_10496,Flt_101611,0
Crew_10496,Flt_112979,0
Crew_10496,ddh_101673,1
Crew_10496,ddh_101726,1
Crew_10496,ddh_100030,1
Crew_10496,ddh_100614,1
Crew_10500,Flt_100465,0
Crew_10500,Flt_100879,0
Crew_10500,Flt_101920,0
Crew_10500,Flt_100258,0
Crew_10500,Flt_102108,0
Crew_10500,Flt_101898,0
Crew_10500,Flt_102285,0
Crew_10500,Flt_100108,0
Crew_10500,Flt_105474,0
Crew_10500,Flt_109450,0
Crew_10500,Flt_106585,0
Crew_10500,ddh_102119,1
Crew_10500,ddh_100780,1
Crew_10503,Flt_100243,0
Crew_10503,Flt_101997,0
Crew_10503,Flt_101057,0
Crew_10503,Flt_101383,0
Crew_10503,Flt_101062,0
Crew_10503,Flt_100432,0
Crew_10503,Flt_100552,0
Crew_10503,Flt_102139,0
Crew_10503,Flt_102281,0
Crew_10503,Flt_103993,0
Crew_10503,Flt_106220,0
Crew_10503,ddh_101994,1
Crew_10503,ddh_101680,1
Crew_10503,ddh_101933,1
Crew_10508,Flt_101491,0
Crew_10508,Flt_100901,0
Crew_10508,Flt_101502,0
Crew_10508,Flt_101009,0
Crew_10508,Flt_101090,0
Crew_10508,Flt_111941,0
Crew_10508,Flt_102500,0
Crew_10508,Flt_109439,0
Crew_10508,ddh_102119,1
Crew_10508,ddh_100030,1
Crew_10508,ddh_100130,1
Crew_10508,ddh_101001,1
Crew_10516,Flt_100163,0
Crew_10516,Flt_100164,0
Crew_10516,Flt_100521,0
Crew_10516,Flt_100275,0
Crew_10516,Flt_100484,0
Crew_10516,Flt_102239,0
Crew_10516,Flt_100927,0
Crew_10516,Flt_101347,0
Crew_10516,Flt_100083,0
Crew_10516,Flt_100743,0
Crew_10516,ddh_100147,1
Crew_10516,ddh_100027,1
Crew_10516,ddh_100127,1
Crew_10516,ddh_100057,1
Crew_10516,ddh_100099,1
Crew_10516,ddh_100050,1
Crew_10516,ddh_100846,1
Crew_10516,ddh_101235,1
Crew_10517,Flt_100749,0
Crew_10517,Flt_101413,0
Crew_10517,Flt_101734,0
Crew_10517,Flt_100335,0
Crew_10517,Flt_101394,0
Crew_10517,Flt_102100,0
Crew_10517,Flt_104693,0
Crew_10517,Flt_107269,0
Crew_10517,Flt_105054,0
Crew_10517,Flt_113330,0
Crew_10517,Flt_111895,0
Crew_10517,Flt_106896,0
Crew_10517,ddh_101297,1
Crew_10517,ddh_101419,1
Crew_10517,ddh_100342,1
Crew_10517,ddh_101435,1
Crew_10525,Flt_100157,0
Crew_10525,Flt_100158,0
Crew_10525,Flt_102295,0
Crew_10525,Flt_101573,0
Crew_10525,Flt_102180,0
Crew_10525,Flt_102107,0
Crew_10525,Flt_102328,0
Crew_10525,Flt_100791,0
Crew_10525,Flt_100172,0
Crew_10525,ddh_100338,1
Crew_10525,ddh_102063,1
Crew_10525,ddh_101362,1
Crew_10525,ddh_100018,1
Crew_10525,ddh_100118,1
Crew_10525,ddh_101058,1
Crew_10525,ddh_101726,1
Crew_10525,ddh_101273,1
Crew_10525,ddh_101932,1
Crew_10536,Flt_102136,0
Crew_10536,Flt_102209,0
Crew_10536,Flt_101214,0
Crew_10536,Flt_101501,0
Crew_10536,Flt_101727,0
Crew_10536,Flt_100713,0
Crew_10536,Flt_101769,0
Crew_10536,Flt_101484,0
Crew_10536,ddh_101478,1
Crew_10536,ddh_100020,1
Crew_10536,ddh_100120,1
Crew_10536,ddh_101933,1
Crew_10557,Flt_100585,0
Crew_10557,Flt_101878,0
Crew_10557,Flt_102082,0
Crew_10557,Flt_101767,0
Crew_10557,Flt_101886,0
Crew_10581,Flt_100081,0
Crew_10581,Flt_100975,0
Crew_10581,Flt_101284,0
Crew_10581,Flt_100358,0
Crew_10581,Flt_101613,0
Crew_10581,Flt_102142,0
Crew_10581,Flt_108714,0
Crew_10581,ddh_101427,1
Crew_10581,ddh_100288,1
Crew_10581,ddh_102204,1
Crew_10581,ddh_100631,1
Crew_10581,ddh_100926,1
Crew_10595,Flt_101935,0
Crew_10595,Flt_100827,0
Crew_10595,Flt_101503,0
Crew_10595,Flt_101216,0
Crew_10595,Flt_101655,0
Crew_10595,Flt_101750,0
Crew_10595,Flt_101122,0
Crew_10595,Flt_101191,0
Crew_10595,Flt_103999,0
Crew_10595,ddh_100350,1
Crew_10595,ddh_101999,1
Crew_10595,ddh_101852,1
Crew_10595,ddh_100050,1
Crew_10595,ddh_100846,1
Crew_10597,Flt_101707,0
Crew_10597,Flt_101593,0
Crew_10597,Flt_101290,0
Crew_10597,Flt_100183,0
Crew_10597,Flt_100066,0
Crew_10597,Flt_100499,0
Crew_10597,Flt_101670,0
Crew_10597,Flt_101998,0
Crew_10597,Flt_100460,0
Crew_10597,Flt_112242,0
Crew_10597,Flt_111874,0
Crew_10597,ddh_101999,1
Crew_10597,ddh_101733,1
Crew_10597,ddh_100130,1
Crew_10597,ddh_100060,1
Crew_10602,Flt_100684,0
Crew_10602,Flt_102220,0
Crew_10602,Flt_100841,0
Crew_10602,Flt_100904,0
Crew_10602,Flt_102086,0
Crew_10602,Flt_101814,0
Crew_10602,Flt_101349,0
Crew_10602,Flt_101187,0
Crew_10602,Flt_113732,0
Crew_10602,Flt_113352,0
Crew_10602,ddh_102194,1
Crew_10602,ddh_101999,1
Crew_10602,ddh_100933,1
Crew_10602,ddh_100626,1
Crew_10607,Flt_101425,0
Crew_10607,Flt_101254,0
Crew_10607,Flt_101915,0
Crew_10607,Flt_100691,0
Crew_10607,Flt_100177,0
Crew_10607,Flt_100709,0
Crew_10607,Flt_101313,0
Crew_10607,Flt_101015,0
Crew_10607,Flt_100170,0
Crew_10607,Flt_104685,0
Crew_10607,Flt_104009,0
Crew_10607,ddh_102119,1
Crew_10607,ddh_101273,1
Crew_10607,ddh_101436,1
Crew_10607,ddh_100846,1
Crew_10607,ddh_101791,1
Crew_10611,Flt_100869,0
Crew_10611,Flt_101557,0
Crew_10611,Flt_101949,0
Crew_10611,Flt_100611,0
Crew_10611,Flt_105374,0
Crew_10611,Flt_106127,0
Crew_10611,Flt_113281,0
Crew_10611,Flt_106903,0
Crew_10611,Flt_102482,0
Crew_10611,Flt_106949,0
Crew_10611,Flt_105476,0
Crew_10611,Flt_106577,0
Crew_10611,ddh_101999,1
Crew_10611,ddh_101852,1
Crew_10611,ddh_101735,1
Crew_10611,ddh_100626,1
Crew_10611,ddh_101420,1
Crew_10612,Flt_101257,0
Crew_10612,Flt_102196,0
Crew_10612,Flt_101649,0
Crew_10612,Flt_100193,0
Crew_10612,Flt_101374,0
Crew_10612,Flt_102243,0
Crew_10612,Flt_101820,0
Crew_10612,Flt_101585,0
Crew_10612,Flt_101130,0
Crew_10612,Flt_102150,0
Crew_10612,Flt_110860,0
Crew_10612,Flt_106564,0
Crew_10612,Flt_108357,0
Crew_10612,ddh_101994,1
Crew_10612,ddh_101419,1
Crew_10613,Flt_102135,0
Crew_10613,Flt_101994,0
Crew_10613,Flt_100650,0
Crew_10613,Flt_100180,0
Crew_10613,Flt_100490,0
Crew_10613,Flt_100511,0
Crew_10613,Flt_113672,0
Crew_10613,Flt_108297,0
Crew_10613,Flt_109371,0
Crew_10613,Flt_103205,0
Crew_10613,ddh_101490,1
Crew_10613,ddh_101273,1
Crew_10613,ddh_101922,1
Crew_10614,Flt_101836,0
Crew_10614,Flt_101477,0
Crew_10614,Flt_100048,0
Crew_10614,Flt_101563,0
Crew_10614,Flt_101152,0
Crew_10614,Flt_100356,0
Crew_10614,Flt_100315,0
Crew_10614,Flt_101617,0
Crew_10614,Flt_113368,0
Crew_10614,Flt_103562,0
Crew_10614,Flt_113673,0
Crew_10614,ddh_101490,1
Crew_10614,ddh_102120,1
Crew_10614,ddh_100631,1
Crew_10620,Flt_101985,0
Crew_10620,Flt_102194,0
Crew_10620,Flt_101692,0
Crew_10620,Flt_101037,0
Crew_10620,Flt_102153,0
Crew_10620,Flt_102300,0
Crew_10620,Flt_100141,0
Crew_10620,Flt_101884,0
Crew_10620,Flt_101199,0
Crew_10620,Flt_100411,0
Crew_10620,Flt_103605,0
Crew_10620,Flt_106198,0
Crew_10620,Flt_108333,0
Crew_10620,ddh_101999,1
Crew_10620,ddh_101852,1
Crew_10620,ddh_100780,1
Crew_10637,Flt_102123,0
Crew_10637,Flt_102124,0
Crew_10637,Flt_100353,0
Crew_10637,Flt_101955,0
Crew_10637,Flt_100778,0
Crew_10637,Flt_105065,0
Crew_10637,Flt_105446,0
Crew_10637,Flt_112654,0
Crew_10637,Flt_106572,0
Crew_10637,Flt_104677,0
Crew_10637,Flt_103583,0
Crew_10637,Flt_112625,0
Crew_10637,ddh_101232,1
Crew_10637,ddh_100986,1
Crew_10637,ddh_101933,1
Crew_10640,Flt_101694,0
Crew_10640,Flt_101838,0
Crew_10640,Flt_101446,0
Crew_10640,Flt_100424,0
Crew_10640,Flt_100058,0
Crew_10640,Flt_101523,0
Crew_10640,Flt_101203,0
Crew_10640,Flt_101713,0
Crew_10640,Flt_102146,0
Crew_10640,ddh_101580,1
Crew_10640,ddh_100047,1
Crew_10640,ddh_100108,1
Crew_10640,ddh_100048,1
Crew_10640,ddh_100425,1
Crew_10640,ddh_101422,1
Crew_10640,ddh_101647,1
Crew_10640,ddh_100781,1
Crew_10641,Flt_100679,0
Crew_10641,Flt_101632,0
Crew_10641,Flt_101633,0
Crew_10641,Flt_101224,0
Crew_10641,Flt_100720,0
Crew_10641,Flt_100561,0
Crew_10641,Flt_100318,0
Crew_10641,Flt_103939,0
Crew_10641,Flt_109369,0
Crew_10641,Flt_107235,0
Crew_10641,ddh_101548,1
Crew_10641,ddh_101852,1
Crew_10641,ddh_100050,1
Crew_10641,ddh_101251,1
Crew_10646,Flt_101983,0
Crew_10646,Flt_101178,0
Crew_10646,Flt_101648,0
Crew_10646,Flt_101953,0
Crew_10646,Flt_101660,0
Crew_10646,Flt_100433,0
Crew_10646,Flt_101934,0
Crew_10646,Flt_101198,0
Crew_10646,Flt_100887,0
Crew_10646,Flt_101426,0
Crew_10646,ddh_100338,1
Crew_10646,ddh_101997,1
Crew_10646,ddh_100554,1
Crew_10646,ddh_100492,1
Crew_10646,ddh_100352,1
Crew_10646,ddh_100857,1
Crew_10646,ddh_100030,1
Crew_10646,ddh_101061,1
Crew_10646,ddh_101922,1
Crew_10651,Flt_100532,0
Crew_10651,Flt_100522,0
Crew_10651,Flt_100324,0
Crew_10651,Flt_101795,0
Crew_10651,Flt_108263,0
Crew_10651,Flt_110743,0
Crew_10651,Flt_106583,0
Crew_10651,Flt_103600,0
Crew_10651,Flt_106951,0
Crew_10651,Flt_113365,0
Crew_10651,ddh_101994,1
Crew_10651,ddh_101428,1
Crew_10660,Flt_100006,0
Crew_10660,Flt_101517,0
Crew_10660,Flt_101099,0
Crew_10660,Flt_101826,0
Crew_10660,Flt_101919,0
Crew_10660,Flt_100745,0
Crew_10660,Flt_101689,0
Crew_10660,ddh_100702,1
Crew_10660,ddh_100048,1
Crew_10660,ddh_100138,1
Crew_10660,ddh_100009,1
Crew_10663,Flt_100965,0
Crew_10663,Flt_101849,0
Crew_10663,Flt_100583,0
Crew_10663,Flt_101146,0
Crew_10663,Flt_100346,0
Crew_10663,Flt_100905,0
Crew_10663,Flt_101092,0
Crew_10663,Flt_100493,0
Crew_10663,Flt_100391,0
Crew_10663,Flt_100957,0
Crew_10663,ddh_100097,1
Crew_10663,ddh_101880,1
Crew_10663,ddh_101199,1
Crew_10663,ddh_100008,1
Crew_10684,Flt_101848,0
Crew_10684,Flt_101352,0
Crew_10684,Flt_101787,0
Crew_10684,Flt_100544,0
Crew_10684,Flt_101380,0
Crew_10684,Flt_101962,0
Crew_10684,Flt_102090,0
Crew_10684,Flt_100628,0
Crew_10684,Flt_100027,0
Crew_10684,Flt_100015,0
Crew_10684,Flt_100383,0
Crew_10684,Flt_113331,0
Crew_10684,Flt_104688,0
Crew_10684,Flt_102515,0
Crew_10684,ddh_101930,1
Crew_10697,Flt_102202,0
Crew_10697,Flt_102293,0
Crew_10697,Flt_101133,0
Crew_10697,Flt_100635,0
Crew_10697,Flt_100080,0
Crew_10697,Flt_101416,0
Crew_10697,Flt_103269,0
Crew_10697,Flt_105067,0
Crew_10697,ddh_101490,1
Crew_10697,ddh_100497,1
Crew_10697,ddh_102204,1
Crew_10697,ddh_100362,1
Crew_10697,ddh_101930,1
Crew_10701,Flt_102055,0
Crew_10701,Flt_101474,0
Crew_10701,Flt_100088,0
Crew_10701,Flt_101147,0
Crew_10701,Flt_101223,0
Crew_10701,Flt_101745,0
Crew_10701,Flt_100629,0
Crew_10701,Flt_101157,0
Crew_10701,Flt_100306,0
Crew_10701,Flt_100226,0
Crew_10701,Flt_109396,0
Crew_10701,Flt_111530,0
Crew_10701,ddh_101427,1
Crew_10701,ddh_100209,1
Crew_10701,ddh_100040,1
Crew_10701,ddh_100140,1
Crew_10705,Flt_101680,0
Crew_10705,Flt_100579,0
Crew_10705,Flt_100752,0
Crew_10705,Flt_101385,0
Crew_10705,Flt_101145,0
Crew_10705,Flt_101807,0
Crew_10705,Flt_100282,0
Crew_10705,Flt_102033,0
Crew_10705,Flt_100236,0
Crew_10705,Flt_100671,0
Crew_10705,Flt_100968,0
Crew_10705,ddh_100673,1
Crew_10705,ddh_101611,1
Crew_10705,ddh_100552,1
Crew_10705,ddh_101989,1
Crew_10705,ddh_102204,1
Crew_10705,ddh_100362,1
Crew_10705,ddh_101930,1
Crew_10718,Flt_101603,0
Crew_10718,Flt_101908,0
Crew_10718,Flt_100993,0
Crew_10718,Flt_101574,0
Crew_10718,Flt_102018,0
Crew_10718,Flt_100122,0
Crew_10718,Flt_100566,0
Crew_10718,Flt_101668,0
Crew_10718,Flt_100461,0
Crew_10718,Flt_100462,0
Crew_10718,Flt_104012,0
Crew_10718,Flt_111581,0
Crew_10718,ddh_101548,1
Crew_10718,ddh_101852,1
Crew_10718,ddh_100050,1
Crew_10718,ddh_101320,1
Crew_10724,Flt_101041,0
Crew_10724,Flt_100017,0
Crew_10724,Flt_107909,0
Crew_10724,Flt_104614,0
Crew_10724,Flt_111464,0
Crew_10724,Flt_110753,0
Crew_10724,Flt_105070,0
Crew_10724,Flt_106195,0
Crew_10724,Flt_113699,0
Crew_10724,Flt_113700,0
Crew_10724,ddh_100286,1
Crew_10724,ddh_100040,1
Crew_10724,ddh_101251,1
Crew_10726,Flt_100162,0
Crew_10726,Flt_100593,0
Crew_10726,Flt_101487,0
Crew_10726,Flt_102314,0
Crew_10726,Flt_101881,0
Crew_10726,Flt_102035,0
Crew_10726,Flt_101760,0
Crew_10726,Flt_100215,0
Crew_10726,Flt_102112,0
Crew_10726,Flt_105817,0
Crew_10726,ddh_101994,1
Crew_10726,ddh_100288,1
Crew_10726,ddh_100933,1
Crew_10726,ddh_101057,1
Crew_10726,ddh_100289,1
Crew_10727,Flt_101846,0
Crew_10727,Flt_100159,0
Crew_10727,Flt_101943,0
Crew_10727,Flt_100607,0
Crew_10727,Flt_101285,0
Crew_10727,Flt_101666,0
Crew_10727,Flt_100782,0
Crew_10727,Flt_100783,0
Crew_10727,Flt_101044,0
Crew_10727,Flt_107282,0
Crew_10727,Flt_104351,0
Crew_10727,Flt_103270,0
Crew_10727,ddh_101999,1
Crew_10727,ddh_100933,1
Crew_10727,ddh_101680,1
Crew_10727,ddh_100621,1
>>>>>>> origin/Heuristic-SA
Crew_10733,Flt_100527,0
Crew_10733,Flt_101635,0
Crew_10733,Flt_100917,0
Crew_10733,Flt_100294,0
Crew_10733,Flt_101022,0
Crew_10733,Flt_101160,0
Crew_10733,Flt_101123,0
Crew_10733,Flt_100976,0
Crew_10733,Flt_101058,0
<<<<<<< HEAD
Crew_10733,Flt_108298,0
Crew_10733,Flt_106166,0
Crew_10733,Flt_112239,0
Crew_10733,ddh_100070,1
Crew_10733,ddh_100615,1
Crew_10733,ddh_100422,1
Crew_10733,ddh_102259,1
Crew_10754,Flt_100577,0
Crew_10754,Flt_101913,0
Crew_10754,Flt_100655,0
Crew_10754,Flt_102001,0
Crew_10754,Flt_100190,0
Crew_10754,Flt_101002,0
Crew_10754,Flt_100852,0
Crew_10754,Flt_101093,0
Crew_10754,Flt_101483,0
Crew_10754,Flt_104677,0
Crew_10754,Flt_103583,0
Crew_10754,Flt_112625,0
Crew_10754,ddh_101232,1
Crew_10754,ddh_100849,1
Crew_10754,ddh_101315,1
Crew_10754,ddh_100703,1
Crew_10756,Flt_101250,0
Crew_10756,Flt_100074,0
Crew_10756,Flt_101683,0
Crew_10756,Flt_100582,0
Crew_10773,Flt_101425,0
Crew_10773,Flt_100872,0
Crew_10773,Flt_100948,0
Crew_10773,Flt_101566,0
Crew_10773,Flt_102308,0
Crew_10773,Flt_102236,0
Crew_10773,Flt_100925,0
Crew_10773,Flt_101156,0
Crew_10773,Flt_100659,0
Crew_10773,Flt_101258,0
Crew_10773,Flt_101918,0
Crew_10773,Flt_106231,0
Crew_10773,Flt_108305,0
Crew_10773,ddh_101228,1
Crew_10801,Flt_100594,0
Crew_10801,Flt_101551,0
Crew_10801,Flt_101514,0
Crew_10801,Flt_101957,0
Crew_10801,Flt_100277,0
Crew_10801,Flt_102243,0
Crew_10801,Flt_101820,0
Crew_10801,Flt_101585,0
Crew_10801,Flt_101130,0
Crew_10801,Flt_102150,0
Crew_10801,ddh_102101,1
Crew_10801,ddh_101362,1
Crew_10801,ddh_100087,1
Crew_10801,ddh_100167,1
Crew_10801,ddh_100068,1
Crew_10802,Flt_100250,0
Crew_10802,Flt_102149,0
Crew_10802,Flt_101646,0
Crew_10802,Flt_100693,0
Crew_10802,Flt_100564,0
Crew_10802,Flt_100107,0
Crew_10802,Flt_109067,0
Crew_10802,Flt_111939,0
Crew_10802,Flt_104341,0
Crew_10802,Flt_113731,0
Crew_10802,ddh_100139,1
Crew_10802,ddh_100709,1
Crew_10802,ddh_101669,1
Crew_10802,ddh_101741,1
Crew_10803,Flt_101159,0
Crew_10803,Flt_102088,0
Crew_10803,Flt_100854,0
Crew_10803,Flt_101698,0
Crew_10803,Flt_104236,0
Crew_10803,Flt_111829,0
Crew_10803,Flt_103906,0
Crew_10803,Flt_103202,0
Crew_10803,Flt_106934,0
Crew_10803,ddh_100128,1
Crew_10803,ddh_100009,1
Crew_10803,ddh_100139,1
Crew_10803,ddh_101999,1
Crew_10803,ddh_101184,1
Crew_10823,Flt_100332,0
Crew_10823,Flt_100830,0
Crew_10823,Flt_100851,0
Crew_10823,Flt_102021,0
Crew_10823,Flt_101081,0
Crew_10823,Flt_101580,0
Crew_10823,Flt_100128,0
Crew_10823,Flt_101003,0
Crew_10823,Flt_100166,0
Crew_10823,Flt_100112,0
Crew_10824,Flt_100081,0
Crew_10824,Flt_101560,0
Crew_10824,Flt_100724,0
Crew_10824,Flt_102498,0
Crew_10824,Flt_104715,0
Crew_10824,Flt_107647,0
Crew_10824,Flt_105864,0
Crew_10824,Flt_111961,0
Crew_10824,ddh_101734,1
Crew_10824,ddh_101240,1
Crew_10824,ddh_100273,1
Crew_10826,Flt_102123,0
Crew_10826,Flt_102124,0
Crew_10826,Flt_101386,0
Crew_10826,Flt_100271,0
Crew_10826,Flt_101373,0
Crew_10826,Flt_102178,0
Crew_10826,Flt_100561,0
Crew_10826,Flt_100318,0
Crew_10826,Flt_100963,0
Crew_10826,Flt_110109,0
Crew_10826,Flt_110110,0
Crew_10826,Flt_110871,0
Crew_10826,ddh_102192,1
Crew_10826,ddh_102073,1
Crew_10826,ddh_100563,1
Crew_10826,ddh_100721,1
Crew_10828,Flt_100971,0
Crew_10828,Flt_100581,0
Crew_10828,Flt_101949,0
Crew_10828,Flt_100611,0
Crew_10828,Flt_105374,0
Crew_10828,Flt_106127,0
Crew_10828,Flt_113281,0
Crew_10828,Flt_107993,0
Crew_10828,Flt_110414,0
Crew_10828,Flt_107600,0
Crew_10828,Flt_110101,0
Crew_10828,ddh_101110,1
Crew_10828,ddh_100499,1
Crew_10834,Flt_102135,0
Crew_10834,Flt_100468,0
Crew_10834,Flt_100253,0
Crew_10834,Flt_100855,0
Crew_10834,Flt_102173,0
Crew_10834,Flt_100601,0
Crew_10834,Flt_101207,0
Crew_10834,Flt_101718,0
Crew_10834,Flt_105082,0
Crew_10834,Flt_110470,0
Crew_10834,Flt_112686,0
Crew_10834,ddh_100485,1
Crew_10844,Flt_100747,0
Crew_10844,Flt_102222,0
Crew_10844,Flt_100719,0
Crew_10844,Flt_100558,0
Crew_10844,Flt_101307,0
Crew_10844,Flt_101618,0
Crew_10844,Flt_101192,0
Crew_10844,Flt_113037,0
Crew_10844,ddh_101782,1
Crew_10845,Flt_102055,0
Crew_10845,Flt_101474,0
Crew_10845,Flt_100088,0
Crew_10845,Flt_101147,0
Crew_10845,Flt_101873,0
Crew_10845,Flt_101444,0
Crew_10845,Flt_101749,0
Crew_10845,Flt_102170,0
Crew_10845,Flt_100969,0
Crew_10845,Flt_100970,0
Crew_10845,Flt_107669,0
Crew_10845,Flt_104342,0
Crew_10845,ddh_100847,1
Crew_10845,ddh_100030,1
Crew_10845,ddh_101061,1
Crew_10845,ddh_100224,1
Crew_10846,Flt_100096,0
Crew_10846,Flt_101703,0
Crew_10846,Flt_100750,0
Crew_10846,Flt_101648,0
Crew_10846,Flt_102105,0
Crew_10846,Flt_101092,0
Crew_10846,Flt_100494,0
Crew_10846,Flt_102042,0
Crew_10846,Flt_100301,0
Crew_10846,Flt_101029,0
Crew_10846,Flt_105092,0
Crew_10846,Flt_102889,0
Crew_10847,Flt_101328,0
Crew_10847,Flt_100387,0
Crew_10847,Flt_101729,0
Crew_10847,Flt_101135,0
Crew_10847,Flt_101136,0
Crew_10847,Flt_101752,0
Crew_10847,Flt_100953,0
Crew_10847,Flt_101180,0
Crew_10847,Flt_109464,0
Crew_10847,Flt_113051,0
Crew_10858,ddh_100940,1
Crew_10858,Flt_100169,0
Crew_10858,Flt_100609,0
Crew_10858,Flt_101564,0
Crew_10858,Flt_108971,0
Crew_10858,Flt_110743,0
Crew_10858,Flt_113024,0
Crew_10858,Flt_107279,0
Crew_10858,Flt_107618,0
Crew_10858,ddh_101917,1
Crew_10858,ddh_100222,1
Crew_10858,ddh_100560,1
Crew_10868,Flt_100758,0
Crew_10868,Flt_100845,0
Crew_10868,Flt_100486,0
Crew_10868,Flt_100569,0
Crew_10868,Flt_113040,0
Crew_10868,Flt_106583,0
Crew_10868,Flt_103600,0
Crew_10868,ddh_100212,1
Crew_10868,ddh_101552,1
Crew_10868,ddh_100110,1
Crew_10868,ddh_101678,1
Crew_10868,ddh_101250,1
Crew_10873,Flt_101997,0
Crew_10873,Flt_101057,0
Crew_10873,Flt_101628,0
Crew_10873,Flt_100058,0
Crew_10873,Flt_101062,0
Crew_10873,Flt_101760,0
Crew_10873,Flt_100290,0
Crew_10873,Flt_101933,0
Crew_10873,Flt_100105,0
Crew_10878,Flt_100749,0
Crew_10878,Flt_102169,0
Crew_10878,Flt_100133,0
Crew_10878,Flt_102040,0
Crew_10878,Flt_101247,0
Crew_10878,Flt_105854,0
Crew_10878,Flt_104281,0
Crew_10878,ddh_101490,1
Crew_10878,ddh_102120,1
Crew_10878,ddh_100360,1
Crew_10879,Flt_100684,0
Crew_10879,Flt_102220,0
Crew_10879,Flt_100841,0
Crew_10879,Flt_100904,0
Crew_10879,Flt_100283,0
Crew_10879,Flt_100435,0
Crew_10879,Flt_101349,0
Crew_10879,ddh_100706,1
Crew_10879,ddh_101498,1
Crew_10879,ddh_102268,1
Crew_10881,Flt_101986,0
Crew_10881,Flt_102270,0
Crew_10881,Flt_100045,0
Crew_10881,Flt_101660,0
Crew_10881,Flt_100433,0
Crew_10881,Flt_100113,0
Crew_10881,Flt_100330,0
Crew_10881,ddh_100067,1
Crew_10881,ddh_100927,1
Crew_10881,ddh_101935,1
Crew_10881,ddh_102056,1
Crew_10886,Flt_101231,0
Crew_10886,Flt_110747,0
Crew_10886,Flt_110373,0
Crew_10886,Flt_113279,0
Crew_10886,Flt_106909,0
Crew_10886,Flt_108346,0
Crew_10886,ddh_100138,1
Crew_10886,ddh_100019,1
Crew_10886,ddh_100280,1
Crew_10886,ddh_101308,1
Crew_10886,ddh_101247,1
Crew_10888,Flt_102115,0
Crew_10888,Flt_101173,0
Crew_10888,Flt_101105,0
Crew_10888,Flt_101379,0
Crew_10888,Flt_100571,0
Crew_10888,Flt_100918,0
Crew_10888,Flt_100308,0
Crew_10888,Flt_100382,0
Crew_10888,Flt_100015,0
Crew_10888,Flt_100383,0
Crew_10888,ddh_101580,1
Crew_10888,ddh_100027,1
Crew_10888,ddh_100280,1
Crew_10888,ddh_102116,1
Crew_10888,ddh_101312,1
Crew_10889,Flt_100811,0
Crew_10889,Flt_101253,0
Crew_10889,Flt_102306,0
Crew_10889,Flt_100990,0
Crew_10889,Flt_100721,0
Crew_10889,Flt_102323,0
Crew_10889,Flt_102063,0
Crew_10889,Flt_106543,0
Crew_10889,ddh_100994,1
Crew_10889,ddh_100080,1
Crew_10889,ddh_100160,1
Crew_10889,ddh_101853,1
Crew_10890,Flt_102165,0
Crew_10890,Flt_100060,0
Crew_10890,Flt_100809,0
Crew_10890,Flt_105387,0
Crew_10890,Flt_108639,0
Crew_10890,ddh_101601,1
Crew_10890,ddh_101920,1
Crew_10890,ddh_101242,1
Crew_10890,ddh_100489,1
Crew_10890,ddh_101673,1
Crew_10890,ddh_100566,1
Crew_10891,Flt_101715,0
Crew_10891,Flt_101940,0
Crew_10891,Flt_102262,0
Crew_10891,Flt_101738,0
Crew_10891,Flt_100192,0
Crew_10891,Flt_101237,0
Crew_10891,Flt_101163,0
Crew_10891,Flt_113011,0
Crew_10891,Flt_109455,0
Crew_10891,Flt_108011,0
Crew_10891,Flt_103275,0
Crew_10891,ddh_101552,1
Crew_10894,Flt_102026,0
Crew_10894,Flt_100224,0
Crew_10894,Flt_104995,0
Crew_10894,Flt_104250,0
Crew_10894,Flt_107574,0
Crew_10894,Flt_109429,0
Crew_10894,Flt_110833,0
Crew_10894,ddh_101558,1
Crew_10894,ddh_101057,1
Crew_10894,ddh_100986,1
Crew_10894,ddh_101933,1
Crew_10915,Flt_100869,0
Crew_10915,Flt_100216,0
Crew_10915,Flt_101075,0
Crew_10915,Flt_100270,0
Crew_10915,Flt_101526,0
Crew_10915,Flt_100632,0
Crew_10915,Flt_110881,0
Crew_10915,Flt_107284,0
Crew_10915,ddh_101848,1
Crew_10915,Flt_105865,0
Crew_10915,Flt_109091,0
Crew_10915,ddh_101110,1
Crew_10915,ddh_100499,1
Crew_10920,Flt_101256,0
Crew_10920,Flt_101870,0
Crew_10920,Flt_102251,0
Crew_10920,Flt_101559,0
Crew_10920,Flt_100334,0
Crew_10920,Flt_108704,0
Crew_10920,Flt_107646,0
Crew_10920,ddh_101228,1
Crew_10926,Flt_100092,0
Crew_10926,Flt_100093,0
Crew_10926,Flt_100471,0
Crew_10926,Flt_100341,0
Crew_10926,Flt_102223,0
Crew_10926,Flt_101085,0
Crew_10926,Flt_100430,0
Crew_10926,Flt_100244,0
Crew_10926,Flt_103259,0
Crew_10926,Flt_102447,0
Crew_10926,Flt_109005,0
Crew_10926,ddh_101490,1
Crew_10926,ddh_101317,1
Crew_10928,Flt_100157,0
Crew_10928,Flt_100158,0
Crew_10928,Flt_101726,0
Crew_10928,Flt_100765,0
Crew_10928,Flt_102296,0
Crew_10928,Flt_100140,0
Crew_10928,Flt_100371,0
Crew_10928,Flt_100891,0
Crew_10928,Flt_102147,0
Crew_10928,ddh_101478,1
Crew_10928,ddh_100020,1
Crew_10928,ddh_101730,1
Crew_10934,Flt_100076,0
Crew_10934,Flt_100668,0
Crew_10934,Flt_100689,0
Crew_10934,Flt_101730,0
Crew_10934,Flt_100052,0
Crew_10934,Flt_101162,0
Crew_10934,Flt_101699,0
Crew_10934,Flt_100391,0
Crew_10934,Flt_100957,0
Crew_10934,Flt_105448,0
Crew_10934,Flt_103584,0
Crew_10934,ddh_100139,1
Crew_10934,ddh_100030,1
Crew_10934,ddh_100436,1
Crew_10964,Flt_101855,0
Crew_10964,Flt_101461,0
Crew_10964,Flt_101371,0
Crew_10964,Flt_103898,0
Crew_10964,Flt_109725,0
Crew_10964,Flt_112960,0
Crew_10964,Flt_103980,0
Crew_10964,Flt_111912,0
Crew_10964,Flt_106565,0
Crew_10964,Flt_107641,0
Crew_10964,Flt_112660,0
Crew_10964,ddh_101782,1
Crew_10964,ddh_101854,1
Crew_10964,ddh_101174,1
Crew_10968,Flt_100380,0
Crew_10968,Flt_101339,0
Crew_10968,Flt_101777,0
Crew_10968,Flt_100934,0
Crew_10968,Flt_101045,0
Crew_10968,Flt_100317,0
Crew_10968,Flt_103254,0
Crew_10968,Flt_107994,0
Crew_10968,ddh_100089,1
Crew_10968,ddh_101427,1
Crew_10968,ddh_101995,1
Crew_10968,ddh_100852,1
Crew_10968,ddh_101671,1
Crew_10972,Flt_101254,0
Crew_10972,Flt_101915,0
Crew_10972,Flt_100823,0
Crew_10972,Flt_100989,0
Crew_10972,Flt_101291,0
Crew_10972,Flt_100418,0
Crew_10972,Flt_102037,0
Crew_10972,Flt_101824,0
Crew_10972,Flt_101896,0
Crew_10972,Flt_101601,0
Crew_10972,Flt_101981,0
Crew_10972,Flt_101982,0
Crew_10972,ddh_101601,1
Crew_10972,ddh_100218,1
Crew_10972,ddh_102263,1
Crew_10972,ddh_101487,1
Crew_10972,ddh_100922,1
Crew_10980,Flt_102278,0
Crew_10980,Flt_100751,0
Crew_10980,Flt_100993,0
Crew_10980,Flt_101574,0
Crew_10980,Flt_102018,0
Crew_10980,Flt_102176,0
Crew_10980,Flt_100207,0
Crew_10980,Flt_100139,0
Crew_10980,Flt_101316,0
Crew_10980,ddh_101617,1
Crew_10980,ddh_101438,1
Crew_10987,Flt_101343,0
Crew_10987,Flt_101470,0
Crew_10987,Flt_101069,0
Crew_10987,Flt_100769,0
Crew_10987,Flt_101571,0
Crew_10987,Flt_103896,0
Crew_10987,Flt_111139,0
Crew_10987,Flt_113323,0
Crew_10987,Flt_112301,0
Crew_10987,Flt_108700,0
Crew_10987,Flt_105857,0
Crew_10987,Flt_104354,0
Crew_10987,ddh_101603,1
Crew_11000,Flt_102137,0
Crew_11000,Flt_101936,0
Crew_11000,Flt_102087,0
Crew_11000,ddh_100955,1
Crew_11000,Flt_102064,0
Crew_11000,ddh_100097,1
Crew_11000,ddh_102120,1
Crew_11000,ddh_102067,1
Crew_11000,ddh_102003,1
Crew_11008,Flt_101066,0
Crew_11008,Flt_102298,0
Crew_11008,Flt_101822,0
Crew_11008,Flt_101315,0
Crew_11008,Flt_102187,0
Crew_11008,Flt_104980,0
Crew_11008,Flt_112199,0
Crew_11008,Flt_113624,0
Crew_11008,ddh_100167,1
Crew_11008,ddh_100078,1
Crew_11008,ddh_100159,1
Crew_11008,ddh_101300,1
Crew_11008,ddh_101786,1
Crew_11008,ddh_100852,1
Crew_11008,ddh_101671,1
Crew_11008,ddh_101602,1
Crew_11009,Flt_100449,0
Crew_11009,Flt_100576,0
Crew_11009,Flt_100040,0
Crew_11009,Flt_101131,0
Crew_11009,Flt_101970,0
Crew_11009,Flt_104320,0
Crew_11009,Flt_106549,0
Crew_11009,Flt_103979,0
Crew_11009,Flt_106168,0
Crew_11009,Flt_109011,0
Crew_11009,Flt_108303,0
Crew_11009,ddh_101110,1
Crew_11031,Flt_101620,0
Crew_11031,Flt_101930,0
Crew_11031,Flt_102014,0
Crew_11031,Flt_100470,0
Crew_11031,Flt_100137,0
Crew_11031,Flt_100966,0
Crew_11031,Flt_100396,0
Crew_11031,Flt_101596,0
Crew_11031,Flt_104007,0
Crew_11031,Flt_110876,0
Crew_11031,ddh_102192,1
Crew_11031,ddh_102204,1
Crew_11031,ddh_101728,1
Crew_11031,ddh_100419,1
=======
Crew_10733,Flt_102889,0
Crew_10733,Flt_104319,0
Crew_10733,Flt_103244,0
Crew_10733,ddh_101994,1
Crew_10733,ddh_100288,1
Crew_10733,ddh_102073,1
Crew_10733,ddh_101230,1
Crew_10754,Flt_101681,0
Crew_10754,Flt_101410,0
Crew_10754,Flt_100050,0
Crew_10754,Flt_101947,0
Crew_10754,Flt_100766,0
Crew_10754,Flt_102114,0
Crew_10754,Flt_100864,0
Crew_10754,Flt_110110,0
Crew_10754,Flt_106955,0
Crew_10754,Flt_112267,0
Crew_10754,ddh_100286,1
Crew_10754,ddh_101273,1
Crew_10754,ddh_101846,1
Crew_10754,ddh_101424,1
Crew_10756,Flt_101597,0
Crew_10756,Flt_101829,0
Crew_10756,Flt_101540,0
Crew_10756,Flt_102003,0
Crew_10756,Flt_112947,0
Crew_10756,Flt_111132,0
Crew_10756,Flt_110442,0
Crew_10756,Flt_112633,0
Crew_10756,Flt_110443,0
Crew_10756,Flt_103238,0
Crew_10756,Flt_106219,0
Crew_10756,Flt_109436,0
Crew_10756,Flt_113345,0
Crew_10756,ddh_100994,1
Crew_10756,ddh_100780,1
Crew_10756,ddh_101792,1
Crew_10773,Flt_102122,0
Crew_10773,Flt_100877,0
Crew_10773,Flt_101607,0
Crew_10773,Flt_100850,0
Crew_10773,Flt_100194,0
Crew_10773,Flt_100483,0
Crew_10773,Flt_100274,0
Crew_10773,Flt_101526,0
Crew_10773,Flt_100137,0
Crew_10773,Flt_111188,0
Crew_10773,Flt_110464,0
Crew_10773,Flt_111562,0
Crew_10773,Flt_111563,0
Crew_10773,Flt_107660,0
Crew_10773,ddh_101673,1
Crew_10773,ddh_101726,1
Crew_10773,ddh_101273,1
Crew_10773,ddh_100926,1
Crew_10801,Flt_100002,0
Crew_10801,Flt_101024,0
Crew_10801,Flt_101061,0
Crew_10801,Flt_100117,0
Crew_10801,Flt_102238,0
Crew_10801,Flt_100200,0
Crew_10801,Flt_101307,0
Crew_10801,Flt_101618,0
Crew_10801,Flt_101422,0
Crew_10801,ddh_102063,1
Crew_10801,ddh_102126,1
Crew_10801,ddh_100118,1
Crew_10801,ddh_100029,1
Crew_10801,ddh_100129,1
Crew_10801,ddh_100059,1
Crew_10801,ddh_101049,1
Crew_10802,Flt_101921,0
Crew_10802,Flt_100089,0
Crew_10802,Flt_101642,0
Crew_10802,Flt_101286,0
Crew_10802,Flt_102104,0
Crew_10802,Flt_102109,0
Crew_10802,Flt_100570,0
Crew_10802,Flt_101621,0
Crew_10802,Flt_101782,0
Crew_10802,Flt_101121,0
Crew_10802,Flt_104355,0
Crew_10802,Flt_105795,0
Crew_10802,ddh_101478,1
Crew_10802,ddh_100780,1
Crew_10802,ddh_100781,1
Crew_10803,Flt_100303,0
Crew_10803,Flt_101541,0
Crew_10803,Flt_101377,0
Crew_10803,Flt_100060,0
Crew_10803,Flt_102023,0
Crew_10803,Flt_109801,0
Crew_10803,Flt_109049,0
Crew_10803,Flt_106231,0
Crew_10803,Flt_109455,0
Crew_10803,Flt_108011,0
Crew_10803,ddh_100219,1
Crew_10803,ddh_100110,1
Crew_10803,ddh_100646,1
Crew_10823,Flt_100332,0
Crew_10823,Flt_100830,0
Crew_10823,Flt_102229,0
Crew_10823,Flt_101375,0
Crew_10823,Flt_101302,0
Crew_10823,Flt_102029,0
Crew_10823,Flt_101117,0
Crew_10823,Flt_101828,0
Crew_10823,ddh_100673,1
Crew_10823,ddh_101880,1
Crew_10823,ddh_101199,1
Crew_10823,ddh_100624,1
Crew_10823,ddh_101679,1
Crew_10823,ddh_101061,1
Crew_10824,Flt_100600,0
Crew_10824,Flt_101405,0
Crew_10824,Flt_101068,0
Crew_10824,Flt_100768,0
Crew_10824,Flt_100438,0
Crew_10824,Flt_100202,0
Crew_10824,Flt_110420,0
Crew_10824,Flt_113751,0
Crew_10824,Flt_104656,0
Crew_10824,ddh_101427,1
Crew_10824,ddh_100209,1
Crew_10824,ddh_100780,1
Crew_10824,ddh_100926,1
Crew_10826,Flt_100758,0
Crew_10826,Flt_101440,0
Crew_10826,Flt_101560,0
Crew_10826,Flt_106819,0
Crew_10826,Flt_106820,0
Crew_10826,Flt_106891,0
Crew_10826,Flt_109406,0
Crew_10826,Flt_108002,0
Crew_10826,Flt_113695,0
Crew_10826,Flt_109395,0
Crew_10826,Flt_107615,0
Crew_10826,ddh_101548,1
Crew_10826,ddh_101733,1
Crew_10826,ddh_101061,1
Crew_10828,Flt_100508,0
Crew_10828,Flt_101329,0
Crew_10828,Flt_101620,0
Crew_10828,Flt_101218,0
Crew_10828,Flt_100625,0
Crew_10828,Flt_100129,0
Crew_10828,Flt_101116,0
Crew_10828,Flt_102064,0
Crew_10828,Flt_108696,0
Crew_10828,Flt_109061,0
Crew_10828,Flt_112609,0
Crew_10828,ddh_100620,1
Crew_10828,ddh_100040,1
Crew_10828,ddh_100130,1
Crew_10834,Flt_101250,0
Crew_10834,Flt_100074,0
Crew_10834,Flt_101683,0
Crew_10834,Flt_100582,0
Crew_10834,Flt_100339,0
Crew_10834,Flt_101863,0
Crew_10834,Flt_100045,0
Crew_10834,Flt_108972,0
Crew_10834,Flt_102410,0
Crew_10834,Flt_111114,0
Crew_10834,Flt_106119,0
Crew_10834,Flt_111879,0
Crew_10834,Flt_111515,0
Crew_10834,Flt_105805,0
Crew_10834,Flt_105071,0
Crew_10834,Flt_105460,0
Crew_10834,ddh_101994,1
Crew_10834,ddh_101419,1
Crew_10834,ddh_100110,1
Crew_10834,ddh_100646,1
Crew_10844,Flt_101804,0
Crew_10844,Flt_101669,0
Crew_10844,Flt_113346,0
Crew_10844,Flt_104743,0
Crew_10844,Flt_108019,0
Crew_10844,Flt_106596,0
Crew_10844,ddh_101989,1
Crew_10844,ddh_101679,1
Crew_10844,ddh_101647,1
Crew_10844,ddh_101922,1
Crew_10845,Flt_101420,0
Crew_10845,Flt_100949,0
Crew_10845,Flt_100480,0
Crew_10845,Flt_101295,0
Crew_10845,Flt_101508,0
Crew_10845,Flt_100056,0
Crew_10845,Flt_101537,0
Crew_10845,Flt_101590,0
Crew_10845,Flt_100919,0
Crew_10845,Flt_100407,0
Crew_10845,Flt_102126,0
Crew_10845,Flt_109426,0
Crew_10845,Flt_110852,0
Crew_10845,Flt_106559,0
Crew_10845,ddh_101999,1
Crew_10845,ddh_102073,1
Crew_10845,ddh_101735,1
Crew_10845,ddh_101987,1
Crew_10846,Flt_100250,0
Crew_10846,Flt_102149,0
Crew_10846,Flt_101800,0
Crew_10846,Flt_102227,0
Crew_10846,Flt_101945,0
Crew_10846,Flt_100903,0
Crew_10846,Flt_100776,0
Crew_10846,Flt_101229,0
Crew_10846,Flt_100661,0
Crew_10846,Flt_102054,0
Crew_10846,Flt_100155,0
Crew_10846,Flt_101473,0
Crew_10846,Flt_112288,0
Crew_10846,Flt_107990,0
Crew_10846,Flt_105452,0
Crew_10846,Flt_111199,0
Crew_10846,ddh_100139,1
Crew_10846,ddh_102120,1
Crew_10846,ddh_100849,1
Crew_10846,ddh_100646,1
Crew_10847,Flt_101612,0
Crew_10847,Flt_101868,0
Crew_10847,Flt_100263,0
Crew_10847,Flt_102039,0
Crew_10847,Flt_101899,0
Crew_10847,Flt_106191,0
Crew_10847,Flt_109392,0
Crew_10847,Flt_106880,0
Crew_10847,Flt_113051,0
Crew_10847,Flt_108303,0
Crew_10847,ddh_101994,1
Crew_10847,ddh_101419,1
Crew_10847,ddh_100614,1
Crew_10858,ddh_101136,1
Crew_10858,Flt_100067,0
Crew_10858,Flt_101636,0
Crew_10858,Flt_100736,0
Crew_10858,Flt_111112,0
Crew_10858,Flt_108288,0
Crew_10858,Flt_102532,0
Crew_10858,Flt_108731,0
Crew_10858,ddh_100426,1
Crew_10858,ddh_100343,1
Crew_10858,ddh_100010,1
Crew_10858,ddh_100130,1
Crew_10858,ddh_101741,1
Crew_10868,Flt_101481,0
Crew_10868,Flt_101361,0
Crew_10868,Flt_101736,0
Crew_10868,Flt_100845,0
Crew_10868,Flt_101144,0
Crew_10868,Flt_102079,0
Crew_10868,Flt_100803,0
Crew_10868,Flt_101411,0
Crew_10868,Flt_112684,0
Crew_10868,Flt_113373,0
Crew_10868,Flt_111902,0
Crew_10868,ddh_100286,1
Crew_10868,ddh_101273,1
Crew_10868,ddh_100781,1
Crew_10873,Flt_102052,0
Crew_10873,Flt_100119,0
Crew_10873,Flt_101638,0
Crew_10873,Flt_101165,0
Crew_10873,Flt_100369,0
Crew_10873,Flt_102116,0
Crew_10873,Flt_101904,0
Crew_10873,Flt_101978,0
Crew_10873,ddh_100706,1
Crew_10873,ddh_100120,1
Crew_10878,Flt_101279,0
Crew_10878,Flt_101206,0
Crew_10878,Flt_100614,0
Crew_10878,Flt_100285,0
Crew_10878,Flt_102247,0
Crew_10878,Flt_101852,0
Crew_10878,Flt_100165,0
Crew_10878,Flt_105821,0
Crew_10878,Flt_103597,0
Crew_10878,ddh_101994,1
Crew_10878,ddh_100290,1
Crew_10879,Flt_101924,0
Crew_10879,Flt_100588,0
Crew_10879,Flt_100468,0
Crew_10879,Flt_100253,0
Crew_10879,Flt_100283,0
Crew_10879,Flt_100435,0
Crew_10879,Flt_101468,0
Crew_10879,Flt_101622,0
Crew_10879,ddh_101969,1
Crew_10879,ddh_100018,1
Crew_10879,ddh_100118,1
Crew_10879,ddh_100019,1
Crew_10879,ddh_102072,1
Crew_10879,ddh_100781,1
Crew_10881,Flt_102161,0
Crew_10881,Flt_100372,0
Crew_10881,Flt_100373,0
Crew_10881,Flt_100761,0
Crew_10881,Flt_100762,0
Crew_10881,Flt_101060,0
Crew_10881,Flt_100978,0
Crew_10881,Flt_111113,0
Crew_10881,Flt_103169,0
Crew_10881,Flt_106115,0
Crew_10881,ddh_101969,1
Crew_10881,ddh_100008,1
Crew_10881,ddh_100108,1
Crew_10881,ddh_100038,1
Crew_10881,ddh_100129,1
Crew_10881,ddh_100059,1
Crew_10881,ddh_100110,1
Crew_10881,ddh_101933,1
Crew_10886,Flt_102251,0
Crew_10886,Flt_100127,0
Crew_10886,Flt_100865,0
Crew_10886,Flt_104995,0
Crew_10886,Flt_104250,0
Crew_10886,Flt_107574,0
Crew_10886,Flt_105871,0
Crew_10886,Flt_111867,0
Crew_10886,ddh_101915,1
Crew_10886,ddh_100049,1
Crew_10886,ddh_101647,1
Crew_10886,ddh_100893,1
Crew_10886,ddh_101933,1
Crew_10888,Flt_100577,0
Crew_10888,Flt_101913,0
Crew_10888,Flt_100655,0
Crew_10888,Flt_100609,0
Crew_10888,Flt_101564,0
Crew_10888,Flt_102178,0
Crew_10888,Flt_101658,0
Crew_10888,Flt_100463,0
Crew_10888,Flt_101854,0
Crew_10888,Flt_100239,0
Crew_10888,Flt_104645,0
Crew_10888,Flt_110876,0
Crew_10888,ddh_102192,1
Crew_10888,ddh_101733,1
Crew_10888,ddh_100120,1
Crew_10888,ddh_101001,1
Crew_10889,Flt_100513,0
Crew_10889,Flt_100018,0
Crew_10889,Flt_100230,0
Crew_10889,Flt_100344,0
Crew_10889,Flt_101392,0
Crew_10889,Flt_101163,0
Crew_10889,Flt_113011,0
Crew_10889,Flt_105055,0
Crew_10889,Flt_109754,0
Crew_10889,Flt_102860,0
Crew_10889,ddh_101427,1
Crew_10889,ddh_100209,1
Crew_10889,ddh_101735,1
Crew_10889,ddh_100626,1
Crew_10889,ddh_100721,1
Crew_10890,Flt_101964,0
Crew_10890,Flt_100554,0
Crew_10890,Flt_101327,0
Crew_10890,Flt_101903,0
Crew_10890,Flt_110384,0
Crew_10890,Flt_110762,0
Crew_10890,Flt_103229,0
Crew_10890,Flt_109749,0
Crew_10890,ddh_100993,1
Crew_10890,ddh_102062,1
Crew_10890,ddh_100029,1
Crew_10890,ddh_102072,1
Crew_10890,ddh_100224,1
Crew_10891,Flt_100031,0
Crew_10891,Flt_101275,0
Crew_10891,Flt_100404,0
Crew_10891,Flt_101283,0
Crew_10891,Flt_100348,0
Crew_10891,Flt_101154,0
Crew_10891,Flt_100524,0
Crew_10891,Flt_101050,0
Crew_10891,Flt_103254,0
Crew_10891,Flt_107994,0
Crew_10891,Flt_106918,0
Crew_10891,ddh_101666,1
Crew_10891,ddh_101922,1
Crew_10894,Flt_100811,0
Crew_10894,Flt_101253,0
Crew_10894,Flt_102306,0
Crew_10894,Flt_100990,0
Crew_10894,Flt_100721,0
Crew_10894,Flt_102323,0
Crew_10894,Flt_107642,0
Crew_10894,Flt_106930,0
Crew_10894,Flt_105448,0
Crew_10894,Flt_104700,0
Crew_10894,ddh_100129,1
Crew_10894,ddh_100059,1
Crew_10894,ddh_100845,1
Crew_10894,ddh_100420,1
Crew_10894,ddh_101303,1
Crew_10915,Flt_101494,0
Crew_10915,Flt_102154,0
Crew_10915,Flt_102225,0
Crew_10915,Flt_104621,0
Crew_10915,Flt_105760,0
Crew_10915,Flt_112941,0
Crew_10915,ddh_100556,1
Crew_10915,Flt_113733,0
Crew_10915,Flt_109083,0
Crew_10915,ddh_100625,1
Crew_10915,ddh_100857,1
Crew_10915,ddh_100020,1
Crew_10915,ddh_101061,1
Crew_10915,ddh_100781,1
Crew_10920,Flt_100668,0
Crew_10920,Flt_100689,0
Crew_10920,Flt_101373,0
Crew_10920,Flt_100062,0
Crew_10920,Flt_101525,0
Crew_10920,Flt_106227,0
Crew_10920,Flt_108007,0
Crew_10920,Flt_107669,0
Crew_10920,Flt_112319,0
Crew_10920,Flt_105103,0
Crew_10920,ddh_101926,1
Crew_10920,ddh_100040,1
Crew_10920,ddh_101251,1
Crew_10926,Flt_100375,0
Crew_10926,Flt_100359,0
Crew_10926,Flt_102321,0
Crew_10926,Flt_100152,0
Crew_10926,Flt_110069,0
Crew_10926,Flt_112980,0
Crew_10926,Flt_108309,0
Crew_10926,ddh_101233,1
Crew_10926,ddh_101999,1
Crew_10926,ddh_102204,1
Crew_10926,ddh_102004,1
Crew_10928,Flt_100814,0
Crew_10928,Flt_100617,0
Crew_10928,Flt_102080,0
Crew_10928,Flt_100132,0
Crew_10928,Flt_100880,0
Crew_10928,Flt_100822,0
Crew_10928,Flt_100233,0
Crew_10928,Flt_100584,0
Crew_10928,ddh_101836,1
Crew_10934,Flt_101201,0
Crew_10934,Flt_100120,0
Crew_10934,Flt_100178,0
Crew_10934,Flt_102169,0
Crew_10934,Flt_100133,0
Crew_10934,Flt_100925,0
Crew_10934,Flt_108346,0
Crew_10934,Flt_108689,0
Crew_10934,Flt_106937,0
Crew_10934,Flt_111210,0
Crew_10934,ddh_102119,1
Crew_10934,ddh_101273,1
Crew_10964,Flt_100399,0
Crew_10964,Flt_101271,0
Crew_10964,Flt_101298,0
Crew_10964,Flt_100912,0
Crew_10964,Flt_101529,0
Crew_10964,Flt_100287,0
Crew_10964,Flt_100113,0
Crew_10964,Flt_100330,0
Crew_10964,Flt_109786,0
Crew_10964,Flt_110111,0
Crew_10964,ddh_101999,1
Crew_10964,ddh_102073,1
Crew_10964,ddh_101933,1
Crew_10968,Flt_100798,0
Crew_10968,Flt_102009,0
Crew_10968,Flt_101213,0
Crew_10968,Flt_101944,0
Crew_10968,Flt_100867,0
Crew_10968,Flt_100732,0
Crew_10968,Flt_105082,0
Crew_10968,Flt_110470,0
Crew_10968,Flt_104007,0
Crew_10968,ddh_100994,1
Crew_10968,ddh_100020,1
Crew_10968,ddh_100846,1
Crew_10972,Flt_101281,0
Crew_10972,Flt_101432,0
Crew_10972,Flt_102081,0
Crew_10972,Flt_100618,0
Crew_10972,Flt_102311,0
Crew_10972,Flt_102030,0
Crew_10972,Flt_102098,0
Crew_10972,Flt_101598,0
Crew_10972,Flt_100304,0
Crew_10972,ddh_100994,1
Crew_10972,ddh_100780,1
Crew_10980,Flt_101791,0
Crew_10980,Flt_101558,0
Crew_10980,Flt_102304,0
Crew_10980,Flt_102011,0
Crew_10980,Flt_102162,0
Crew_10980,Flt_100660,0
Crew_10980,Flt_103278,0
Crew_10980,Flt_106238,0
Crew_10980,ddh_101003,1
Crew_10980,ddh_101061,1
Crew_10980,ddh_101922,1
Crew_10987,Flt_101789,0
Crew_10987,Flt_100529,0
Crew_10987,Flt_100764,0
Crew_10987,Flt_100338,0
Crew_10987,Flt_101561,0
Crew_10987,Flt_102294,0
Crew_10987,Flt_100787,0
Crew_10987,Flt_103625,0
Crew_10987,Flt_102882,0
Crew_10987,Flt_107655,0
Crew_10987,Flt_103944,0
Crew_10987,Flt_111502,0
Crew_10987,Flt_108305,0
Crew_10987,ddh_101726,1
Crew_10987,ddh_100020,1
Crew_10987,ddh_101498,1
Crew_10987,ddh_100917,1
Crew_11000,Flt_101428,0
Crew_11000,Flt_100466,0
Crew_11000,Flt_101724,0
Crew_11000,Flt_100639,0
Crew_11000,Flt_100636,0
Crew_11000,Flt_102060,0
Crew_11000,ddh_102063,1
Crew_11000,ddh_102126,1
Crew_11000,ddh_100109,1
Crew_11000,ddh_102120,1
Crew_11000,ddh_100849,1
Crew_11000,ddh_100060,1
Crew_11008,Flt_100652,0
Crew_11008,Flt_100619,0
Crew_11008,Flt_100352,0
Crew_11008,Flt_100857,0
Crew_11008,Flt_100934,0
Crew_11008,Flt_100038,0
Crew_11008,Flt_101719,0
Crew_11008,Flt_101358,0
Crew_11008,Flt_110109,0
Crew_11008,Flt_102857,0
Crew_11008,ddh_101478,1
Crew_11008,ddh_100780,1
Crew_11009,Flt_100248,0
Crew_11009,Flt_100417,0
Crew_11009,Flt_101725,0
Crew_11009,Flt_101459,0
Crew_11009,Flt_100240,0
Crew_11009,Flt_102215,0
Crew_11009,Flt_100021,0
Crew_11009,Flt_113028,0
Crew_11009,Flt_111561,0
Crew_11009,Flt_107996,0
Crew_11009,ddh_101427,1
Crew_11009,ddh_101057,1
Crew_11009,ddh_100788,1
Crew_11031,Flt_100973,0
Crew_11031,Flt_101856,0
Crew_11031,Flt_101875,0
Crew_11031,Flt_100191,0
Crew_11031,Flt_100140,0
Crew_11031,Flt_106169,0
Crew_11031,Flt_105800,0
Crew_11031,Flt_102447,0
Crew_11031,Flt_109005,0
Crew_11031,Flt_104318,0
Crew_11031,ddh_102199,1
Crew_11031,ddh_100030,1
Crew_11031,ddh_100120,1
Crew_11031,ddh_101001,1
>>>>>>> origin/Heuristic-SA
Crew_11041,Flt_101244,0
Crew_11041,Flt_100796,0
Crew_11041,Flt_100868,0
Crew_11041,Flt_100843,0
<<<<<<< HEAD
Crew_11041,Flt_100612,0
Crew_11041,Flt_101378,0
Crew_11041,Flt_101519,0
Crew_11041,Flt_101659,0
Crew_11041,Flt_101417,0
Crew_11041,Flt_112652,0
Crew_11041,Flt_103255,0
Crew_11041,Flt_103614,0
Crew_11041,ddh_101603,1
Crew_11048,Flt_100036,0
Crew_11048,Flt_101793,0
Crew_11048,Flt_101205,0
Crew_11048,Flt_100772,0
Crew_11048,Flt_100647,0
Crew_11048,Flt_101341,0
Crew_11048,Flt_112288,0
Crew_11048,Flt_107990,0
Crew_11048,Flt_105452,0
Crew_11048,Flt_111199,0
Crew_11048,ddh_100139,1
Crew_11048,ddh_100709,1
Crew_11048,ddh_101604,1
Crew_11052,Flt_100975,0
Crew_11052,Flt_100599,0
Crew_11052,Flt_100345,0
Crew_11052,Flt_100122,0
Crew_11052,Flt_100566,0
Crew_11052,Flt_101668,0
Crew_11052,Flt_101308,0
Crew_11052,Flt_100407,0
Crew_11052,Flt_100820,0
Crew_11052,ddh_101725,1
Crew_11052,ddh_100626,1
Crew_11052,ddh_100721,1
Crew_11054,Flt_100650,0
Crew_11054,Flt_100150,0
Crew_11054,Flt_101217,0
Crew_11054,Flt_102800,0
Crew_11054,Flt_106500,0
Crew_11054,Flt_103543,0
Crew_11054,Flt_109779,0
Crew_11054,Flt_110858,0
Crew_11054,Flt_113353,0
Crew_11054,Flt_107678,0
Crew_11054,Flt_108387,0
Crew_11054,ddh_102199,1
Crew_11056,Flt_101693,0
Crew_11056,Flt_101746,0
Crew_11056,Flt_101974,0
Crew_11056,Flt_101151,0
Crew_11056,Flt_100761,0
Crew_11056,Flt_105861,0
Crew_11056,Flt_113368,0
Crew_11056,Flt_105862,0
Crew_11056,ddh_101673,1
Crew_11056,ddh_101147,1
Crew_11056,ddh_101251,1
Crew_11063,Flt_100691,0
Crew_11063,Flt_100722,0
Crew_11063,Flt_101662,0
Crew_11063,Flt_102398,0
Crew_11063,Flt_110014,0
Crew_11063,ddh_101700,1
Crew_11063,ddh_100554,1
Crew_11063,ddh_100088,1
Crew_11063,ddh_101427,1
Crew_11063,ddh_102071,1
Crew_11064,Flt_100986,0
Crew_11064,Flt_101527,0
Crew_11064,Flt_101082,0
Crew_11064,Flt_104275,0
Crew_11064,Flt_107230,0
Crew_11064,Flt_112599,0
Crew_11072,Flt_100956,0
Crew_11072,Flt_100020,0
Crew_11072,Flt_100480,0
Crew_11072,Flt_101295,0
Crew_11072,Flt_101508,0
Crew_11072,Flt_100056,0
Crew_11072,ddh_100134,1
Crew_11072,ddh_100015,1
Crew_11072,Flt_100922,0
Crew_11072,Flt_102025,0
Crew_11072,Flt_100657,0
Crew_11072,Flt_100082,0
Crew_11072,Flt_113036,0
Crew_11072,Flt_106581,0
Crew_11091,Flt_101478,0
Crew_11091,Flt_101479,0
Crew_11091,Flt_100881,0
Crew_11091,Flt_102315,0
Crew_11091,Flt_100278,0
Crew_11091,Flt_101761,0
Crew_11091,Flt_100452,0
Crew_11091,Flt_101248,0
Crew_11091,Flt_111915,0
Crew_11091,ddh_101603,1
Crew_11200,Flt_101010,0
Crew_11200,Flt_101963,0
Crew_11200,Flt_101429,0
Crew_11200,Flt_101430,0
Crew_11200,Flt_110774,0
Crew_11200,Flt_105010,0
Crew_11200,Flt_112935,0
Crew_11200,Flt_107657,0
Crew_11200,Flt_109072,0
Crew_11200,Flt_110872,0
Crew_11200,ddh_100099,1
Crew_11200,ddh_101360,1
Crew_11200,ddh_100999,1
Crew_11200,ddh_101620,1
Crew_11200,ddh_101250,1
Crew_11214,Flt_100237,0
Crew_11214,Flt_101867,0
Crew_11214,Flt_101755,0
Crew_11214,Flt_101187,0
Crew_11214,Flt_100315,0
Crew_11214,Flt_101617,0
Crew_11214,Flt_105818,0
Crew_11214,Flt_112638,0
Crew_11214,ddh_101110,1
Crew_11214,ddh_100571,1
Crew_11219,Flt_101054,0
Crew_11219,Flt_102181,0
Crew_11219,Flt_100492,0
Crew_11219,Flt_101818,0
Crew_11219,Flt_100867,0
Crew_11219,Flt_100732,0
Crew_11219,Flt_101464,0
Crew_11219,Flt_103999,0
Crew_11219,Flt_110869,0
Crew_11219,ddh_100853,1
Crew_11219,ddh_101727,1
Crew_11221,Flt_102443,0
Crew_11221,Flt_109362,0
Crew_11221,Flt_112600,0
Crew_11221,Flt_108730,0
Crew_11221,Flt_110897,0
Crew_11221,Flt_105084,0
Crew_11221,Flt_109456,0
Crew_11221,Flt_102859,0
Crew_11221,ddh_100705,1
Crew_11221,ddh_101172,1
Crew_11221,ddh_101841,1
Crew_11221,ddh_100504,1
Crew_11223,Flt_100988,0
Crew_11223,Flt_100053,0
Crew_11223,Flt_100629,0
Crew_11223,Flt_101157,0
Crew_11223,Flt_101100,0
Crew_11223,Flt_100886,0
Crew_11223,ddh_100994,1
Crew_11223,ddh_101122,1
Crew_11227,Flt_100322,0
Crew_11227,Flt_100672,0
Crew_11227,Flt_101909,0
Crew_11227,Flt_100419,0
Crew_11227,Flt_101872,0
Crew_11227,Flt_102109,0
Crew_11227,Flt_100493,0
Crew_11227,ddh_100482,1
Crew_11227,Flt_100316,0
Crew_11227,Flt_100960,0
Crew_11227,ddh_101715,1
Crew_11227,ddh_101552,1
Crew_11227,ddh_101996,1
Crew_11234,Flt_100652,0
Crew_11234,Flt_101286,0
Crew_11234,Flt_100366,0
Crew_11234,Flt_101773,0
Crew_11234,Flt_106950,0
Crew_11234,Flt_113045,0
Crew_11234,ddh_100159,1
Crew_11234,ddh_101493,1
Crew_11234,ddh_102061,1
Crew_11234,ddh_102255,1
Crew_11234,ddh_101909,1
Crew_11258,Flt_100798,0
Crew_11258,Flt_102009,0
Crew_11258,Flt_101320,0
Crew_11258,Flt_100437,0
Crew_11258,Flt_100063,0
Crew_11258,Flt_101199,0
Crew_11258,Flt_100448,0
Crew_11258,Flt_110875,0
Crew_11258,Flt_102512,0
Crew_11266,Flt_101868,0
Crew_11266,Flt_100177,0
Crew_11266,Flt_102238,0
Crew_11266,Flt_100200,0
Crew_11266,Flt_102047,0
Crew_11266,Flt_100072,0
Crew_11266,Flt_109321,0
Crew_11266,Flt_112926,0
Crew_11266,ddh_101495,1
Crew_11266,ddh_100503,1
Crew_11269,Flt_102045,0
Crew_11269,Flt_101910,0
Crew_11269,Flt_100476,0
Crew_11269,Flt_101507,0
Crew_11269,Flt_109357,0
Crew_11269,Flt_102438,0
Crew_11269,Flt_111818,0
Crew_11269,Flt_110413,0
Crew_11269,Flt_107588,0
Crew_11269,Flt_113670,0
Crew_11269,Flt_107944,0
Crew_11269,Flt_103244,0
Crew_11269,ddh_101110,1
Crew_11269,ddh_101424,1
Crew_11292,Flt_100248,0
Crew_11292,Flt_102148,0
Crew_11292,Flt_101810,0
Crew_11292,Flt_101521,0
Crew_11292,Flt_101522,0
Crew_11292,Flt_100878,0
Crew_11292,Flt_101469,0
Crew_11292,Flt_102521,0
Crew_11292,Flt_113050,0
Crew_11292,Flt_105093,0
Crew_11292,Flt_107673,0
Crew_11292,ddh_101052,1
Crew_11292,ddh_100632,1
Crew_11292,ddh_100170,1
Crew_11300,Flt_100417,0
Crew_11300,Flt_101803,0
Crew_11300,Flt_103155,0
Crew_11300,Flt_108622,0
Crew_11300,Flt_106818,0
Crew_11300,Flt_107553,0
Crew_11300,ddh_101478,1
Crew_11300,ddh_101675,1
Crew_11300,ddh_101495,1
Crew_11305,Flt_102311,0
Crew_11305,Flt_100778,0
Crew_11305,Flt_100229,0
Crew_11305,Flt_112217,0
Crew_11305,Flt_103895,0
Crew_11305,ddh_101847,1
Crew_11305,ddh_100069,1
Crew_11305,ddh_100159,1
Crew_11305,ddh_102057,1
Crew_11305,ddh_100705,1
Crew_11305,ddh_101675,1
Crew_11310,Flt_100465,0
Crew_11310,Flt_100879,0
Crew_11310,Flt_101920,0
Crew_11310,Flt_101501,0
Crew_11310,Flt_101727,0
Crew_11310,Flt_101090,0
Crew_11310,Flt_100136,0
Crew_11310,Flt_100572,0
Crew_11310,Flt_100958,0
Crew_11310,ddh_102119,1
Crew_11310,ddh_100709,1
Crew_11316,Flt_100715,0
Crew_11316,Flt_100553,0
Crew_11316,Flt_101583,0
Crew_11316,Flt_100587,0
Crew_11316,Flt_107544,0
Crew_11316,Flt_104229,0
Crew_11316,Flt_105065,0
Crew_11316,Flt_105446,0
Crew_11316,Flt_112654,0
Crew_11316,Flt_106572,0
Crew_11322,Flt_100073,0
Crew_11322,Flt_101030,0
Crew_11332,Flt_100585,0
Crew_11332,Flt_101878,0
Crew_11332,Flt_102082,0
Crew_11332,Flt_101667,0
Crew_11332,Flt_102214,0
Crew_11332,Flt_100972,0
Crew_11332,Flt_102145,0
Crew_11332,Flt_102478,0
Crew_11332,Flt_110095,0
=======
Crew_11041,Flt_100441,0
Crew_11041,Flt_101166,0
Crew_11041,Flt_100951,0
Crew_11041,Flt_106869,0
Crew_11041,Flt_110088,0
Crew_11041,Flt_112675,0
Crew_11041,ddh_101427,1
Crew_11041,ddh_100209,1
Crew_11041,ddh_100040,1
Crew_11048,Flt_100036,0
Crew_11048,Flt_101793,0
Crew_11048,Flt_102125,0
Crew_11048,Flt_100534,0
Crew_11048,Flt_101017,0
Crew_11048,Flt_100560,0
Crew_11048,Flt_101783,0
Crew_11048,Flt_100520,0
Crew_11048,Flt_102113,0
Crew_11048,Flt_106883,0
Crew_11048,Flt_110839,0
Crew_11048,Flt_107627,0
Crew_11048,ddh_101548,1
Crew_11048,ddh_101733,1
Crew_11048,ddh_101061,1
Crew_11048,ddh_100781,1
Crew_11052,Flt_100252,0
Crew_11052,Flt_101716,0
Crew_11052,Flt_101744,0
Crew_11052,Flt_100203,0
Crew_11052,Flt_100134,0
Crew_11052,Flt_100290,0
Crew_11052,Flt_101039,0
Crew_11052,Flt_101113,0
Crew_11052,Flt_100742,0
Crew_11052,ddh_100147,1
Crew_11052,ddh_100027,1
Crew_11052,ddh_100117,1
Crew_11052,ddh_101920,1
Crew_11052,ddh_100487,1
Crew_11052,ddh_100643,1
Crew_11052,ddh_101935,1
Crew_11052,ddh_101615,1
Crew_11054,Flt_102132,0
Crew_11054,Flt_101212,0
Crew_11054,Flt_100604,0
Crew_11054,Flt_102297,0
Crew_11054,Flt_101236,0
Crew_11054,Flt_101453,0
Crew_11054,Flt_100885,0
Crew_11054,Flt_101785,0
Crew_11054,Flt_109438,0
Crew_11054,Flt_102502,0
Crew_11054,ddh_101417,1
Crew_11054,ddh_101999,1
Crew_11054,ddh_100933,1
Crew_11054,ddh_101057,1
Crew_11056,Flt_100341,0
Crew_11056,Flt_102223,0
Crew_11056,Flt_101085,0
Crew_11056,Flt_100430,0
Crew_11056,Flt_100244,0
Crew_11056,Flt_103521,0
Crew_11056,Flt_111828,0
Crew_11056,ddh_101997,1
Crew_11056,ddh_101243,1
Crew_11056,ddh_100425,1
Crew_11056,ddh_102194,1
Crew_11056,ddh_100010,1
Crew_11056,ddh_101647,1
Crew_11063,Flt_101002,0
Crew_11063,Flt_100852,0
Crew_11063,Flt_101308,0
Crew_11063,Flt_101336,0
Crew_11063,Flt_101036,0
Crew_11063,Flt_111457,0
Crew_11063,Flt_103157,0
Crew_11063,Flt_102401,0
Crew_11063,Flt_102470,0
Crew_11063,ddh_100638,1
Crew_11063,ddh_100780,1
Crew_11064,Flt_101256,0
Crew_11064,Flt_106152,0
Crew_11064,Flt_112226,0
Crew_11064,Flt_103274,0
Crew_11064,Flt_104334,0
Crew_11064,Flt_112265,0
Crew_11064,Flt_112266,0
Crew_11064,Flt_110080,0
Crew_11064,Flt_103584,0
Crew_11064,ddh_100139,1
Crew_11064,ddh_102120,1
Crew_11064,ddh_101241,1
Crew_11064,ddh_101838,1
Crew_11072,Flt_100956,0
Crew_11072,Flt_100020,0
Crew_11072,Flt_100700,0
Crew_11072,Flt_100772,0
Crew_11072,Flt_100267,0
Crew_11072,Flt_101083,0
Crew_11072,Flt_101518,0
Crew_11072,Flt_102127,0
Crew_11072,Flt_105845,0
Crew_11072,Flt_111946,0
Crew_11072,Flt_113058,0
Crew_11091,Flt_102045,0
Crew_11091,Flt_101910,0
Crew_11091,Flt_100476,0
Crew_11091,Flt_102172,0
Crew_11091,Flt_100126,0
Crew_11091,Flt_100382,0
Crew_11091,Flt_102185,0
Crew_11091,Flt_113379,0
Crew_11091,Flt_105797,0
Crew_11200,Flt_100427,0
Crew_11200,Flt_100853,0
Crew_11200,Flt_101261,0
Crew_11200,Flt_100977,0
Crew_11200,Flt_101368,0
Crew_11200,Flt_103189,0
Crew_11200,Flt_111138,0
Crew_11200,Flt_107307,0
Crew_11200,Flt_109466,0
Crew_11200,ddh_101176,1
Crew_11200,ddh_100433,1
Crew_11200,ddh_100343,1
Crew_11200,ddh_102120,1
Crew_11200,ddh_100849,1
Crew_11200,ddh_101230,1
Crew_11200,ddh_101437,1
Crew_11214,Flt_100474,0
Crew_11214,Flt_101139,0
Crew_11214,Flt_100284,0
Crew_11214,Flt_101312,0
Crew_11214,Flt_100026,0
Crew_11214,Flt_101052,0
Crew_11214,Flt_102800,0
Crew_11214,Flt_106500,0
Crew_11214,Flt_103543,0
Crew_11214,ddh_101725,1
Crew_11219,Flt_100321,0
Crew_11219,Flt_101264,0
Crew_11219,Flt_101072,0
Crew_11219,Flt_101379,0
Crew_11219,Flt_100571,0
Crew_11219,Flt_100512,0
Crew_11219,Flt_100741,0
Crew_11219,Flt_104338,0
Crew_11219,Flt_112652,0
Crew_11219,Flt_103255,0
Crew_11219,ddh_102199,1
Crew_11219,ddh_101273,1
Crew_11219,ddh_100224,1
Crew_11221,Flt_100581,0
Crew_11221,Flt_100471,0
Crew_11221,Flt_100270,0
Crew_11221,Flt_101509,0
Crew_11221,Flt_101091,0
Crew_11221,Flt_100759,0
Crew_11221,Flt_100329,0
Crew_11221,Flt_110105,0
Crew_11221,Flt_110106,0
Crew_11221,Flt_112638,0
Crew_11221,ddh_101994,1
Crew_11221,ddh_101235,1
Crew_11223,Flt_100320,0
Crew_11223,Flt_101267,0
Crew_11223,Flt_102163,0
Crew_11223,Flt_100542,0
Crew_11223,Flt_101510,0
Crew_11223,Flt_101650,0
Crew_11223,Flt_100446,0
Crew_11223,ddh_100462,1
Crew_11223,Flt_100676,0
Crew_11223,Flt_100755,0
Crew_11223,ddh_100097,1
Crew_11223,ddh_100027,1
Crew_11223,ddh_100127,1
Crew_11223,ddh_100057,1
Crew_11227,Flt_102111,0
Crew_11227,Flt_101054,0
Crew_11227,Flt_100051,0
Crew_11227,Flt_100473,0
Crew_11227,Flt_100371,0
Crew_11227,Flt_100209,0
Crew_11227,Flt_101455,0
Crew_11227,Flt_100100,0
Crew_11227,ddh_101614,1
Crew_11227,ddh_102096,1
Crew_11227,ddh_100353,1
Crew_11227,ddh_101994,1
Crew_11227,ddh_101235,1
Crew_11234,Flt_100387,0
Crew_11234,Flt_101729,0
Crew_11234,Flt_101135,0
Crew_11234,Flt_101136,0
Crew_11234,Flt_100918,0
Crew_11234,Flt_101448,0
Crew_11234,Flt_100647,0
Crew_11234,Flt_101326,0
Crew_11234,Flt_112963,0
Crew_11234,Flt_103201,0
Crew_11234,ddh_102192,1
Crew_11234,ddh_101726,1
Crew_11234,ddh_100020,1
Crew_11234,ddh_100120,1
Crew_11234,ddh_101933,1
Crew_11258,Flt_100801,0
Crew_11258,Flt_100147,0
Crew_11258,Flt_100690,0
Crew_11258,Flt_101888,0
Crew_11258,Flt_101119,0
Crew_11258,Flt_101435,0
Crew_11258,Flt_102512,0
Crew_11258,Flt_113358,0
Crew_11266,Flt_100719,0
Crew_11266,Flt_100558,0
Crew_11266,Flt_100746,0
Crew_11266,Flt_102273,0
Crew_11266,Flt_108627,0
Crew_11266,Flt_104241,0
Crew_11266,Flt_110391,0
Crew_11266,Flt_102481,0
Crew_11266,Flt_106902,0
Crew_11266,Flt_112628,0
Crew_11266,Flt_106540,0
Crew_11266,ddh_102118,1
Crew_11266,ddh_100059,1
Crew_11266,ddh_100280,1
Crew_11266,ddh_101171,1
Crew_11269,Flt_101367,0
Crew_11269,Flt_100988,0
Crew_11269,Flt_100053,0
Crew_11269,Flt_102318,0
Crew_11269,Flt_102092,0
Crew_11269,Flt_101519,0
Crew_11269,Flt_101659,0
Crew_11269,Flt_103202,0
Crew_11269,Flt_103940,0
Crew_11269,Flt_105438,0
Crew_11269,Flt_108688,0
Crew_11269,ddh_101994,1
Crew_11269,ddh_101235,1
Crew_11292,Flt_101629,0
Crew_11292,Flt_102286,0
Crew_11292,Flt_101938,0
Crew_11292,Flt_101532,0
Crew_11292,Flt_101902,0
Crew_11292,Flt_112607,0
Crew_11292,Flt_112686,0
Crew_11292,Flt_111222,0
Crew_11292,ddh_100722,1
Crew_11300,Flt_102212,0
Crew_11300,Flt_102195,0
Crew_11300,Flt_101184,0
Crew_11300,Flt_100192,0
Crew_11300,Flt_101237,0
Crew_11300,Flt_100678,0
Crew_11300,Flt_101115,0
Crew_11300,Flt_104278,0
Crew_11300,Flt_113663,0
Crew_11300,Flt_110846,0
Crew_11300,Flt_111548,0
Crew_11300,ddh_101552,1
Crew_11300,ddh_100120,1
Crew_11300,ddh_101248,1
Crew_11305,Flt_101471,0
Crew_11305,Flt_101512,0
Crew_11305,Flt_101065,0
Crew_11305,Flt_101522,0
Crew_11305,Flt_101758,0
Crew_11305,Flt_105849,0
Crew_11305,Flt_104005,0
Crew_11305,Flt_102883,0
Crew_11305,Flt_107657,0
Crew_11305,Flt_110090,0
Crew_11305,Flt_105834,0
Crew_11305,ddh_101999,1
Crew_11305,ddh_101852,1
Crew_11305,ddh_100040,1
Crew_11305,ddh_100130,1
Crew_11305,ddh_100621,1
Crew_11310,Flt_102282,0
Crew_11310,Flt_101354,0
Crew_11310,Flt_101802,0
Crew_11310,Flt_101730,0
Crew_11310,Flt_100065,0
Crew_11310,Flt_101162,0
Crew_11310,ddh_102250,1
Crew_11310,Flt_100888,0
Crew_11310,ddh_102235,1
Crew_11310,ddh_100057,1
Crew_11310,ddh_102000,1
Crew_11310,ddh_100343,1
Crew_11310,ddh_102120,1
Crew_11310,ddh_101321,1
Crew_11310,ddh_100502,1
Crew_11310,ddh_100289,1
Crew_11316,Flt_100933,0
Crew_11316,Flt_102040,0
Crew_11316,Flt_104235,0
Crew_11316,Flt_110375,0
Crew_11316,Flt_111889,0
Crew_11316,Flt_110430,0
Crew_11316,ddh_101234,1
Crew_11316,ddh_100029,1
Crew_11316,ddh_101548,1
Crew_11316,ddh_102073,1
Crew_11316,ddh_100646,1
Crew_11322,Flt_101954,0
Crew_11322,Flt_100272,0
Crew_11322,Flt_101662,0
Crew_11322,Flt_100154,0
Crew_11322,Flt_100148,0
Crew_11322,ddh_100097,1
Crew_11322,ddh_100027,1
Crew_11322,ddh_100128,1
Crew_11322,ddh_100492,1
Crew_11322,ddh_100343,1
Crew_11322,ddh_100643,1
Crew_11322,ddh_101057,1
Crew_11322,ddh_101438,1
Crew_11332,Flt_101343,0
Crew_11332,Flt_101470,0
Crew_11332,Flt_100237,0
Crew_11332,Flt_101867,0
Crew_11332,Flt_100697,0
Crew_11332,Flt_100525,0
Crew_11332,Flt_102291,0
Crew_11332,Flt_105453,0
Crew_11332,Flt_110091,0
>>>>>>> origin/Heuristic-SA
Crew_11335,Flt_100804,0
Crew_11335,Flt_101684,0
Crew_11335,Flt_102017,0
Crew_11335,Flt_101952,0
<<<<<<< HEAD
Crew_11335,Flt_100372,0
Crew_11335,Flt_101847,0
Crew_11335,Flt_101709,0
Crew_11335,Flt_106564,0
Crew_11335,Flt_108357,0
Crew_11335,Flt_104009,0
Crew_11335,ddh_102119,1
Crew_11337,Flt_101964,0
Crew_11337,Flt_100554,0
Crew_11337,Flt_100223,0
Crew_11337,Flt_100398,0
Crew_11337,Flt_105783,0
Crew_11337,Flt_103934,0
Crew_11337,Flt_102486,0
Crew_11337,Flt_109411,0
Crew_11337,ddh_102054,1
Crew_11337,ddh_101993,1
Crew_11337,ddh_102121,1
Crew_11344,Flt_101428,0
Crew_11344,Flt_100466,0
Crew_11344,Flt_101724,0
Crew_11344,Flt_100436,0
Crew_11344,Flt_101669,0
Crew_11344,Flt_113346,0
Crew_11344,Flt_105789,0
Crew_11344,Flt_112290,0
Crew_11344,ddh_100994,1
Crew_11355,Flt_101259,0
Crew_11355,Flt_100085,0
Crew_11355,Flt_100086,0
Crew_11355,Flt_100042,0
Crew_11355,Flt_100043,0
Crew_11355,Flt_100336,0
Crew_11355,Flt_100565,0
Crew_11355,Flt_101765,0
Crew_11355,Flt_101095,0
Crew_11355,Flt_101782,0
Crew_11355,Flt_100959,0
Crew_11355,Flt_111187,0
Crew_11355,Flt_113706,0
Crew_11355,Flt_102485,0
Crew_11355,ddh_101603,1
Crew_11360,Flt_101679,0
Crew_11360,Flt_102259,0
Crew_11360,Flt_101083,0
Crew_11360,Flt_101518,0
Crew_11360,Flt_102127,0
Crew_11360,Flt_105845,0
Crew_11360,Flt_111946,0
Crew_11360,Flt_105412,0
Crew_11362,Flt_102260,0
Crew_11362,Flt_100007,0
Crew_11362,Flt_101032,0
Crew_11362,Flt_101833,0
Crew_11364,Flt_101639,0
Crew_11364,Flt_101794,0
Crew_11364,Flt_101225,0
Crew_11364,Flt_100824,0
Crew_11364,Flt_101435,0
Crew_11364,Flt_108645,0
Crew_11364,Flt_105737,0
Crew_11369,Flt_100164,0
Crew_11369,Flt_100521,0
Crew_11369,Flt_100395,0
Crew_11369,Flt_101953,0
Crew_11369,Flt_101988,0
Crew_11369,Flt_100310,0
Crew_11369,Flt_105843,0
Crew_11369,Flt_112667,0
Crew_11369,ddh_101003,1
Crew_11369,ddh_101061,1
Crew_11370,Flt_101681,0
Crew_11370,Flt_101410,0
Crew_11370,Flt_101138,0
Crew_11370,Flt_101376,0
Crew_11370,Flt_100694,0
Crew_11370,Flt_101960,0
Crew_11370,Flt_101525,0
Crew_11370,Flt_107642,0
Crew_11370,Flt_106930,0
Crew_11370,Flt_108296,0
Crew_11370,Flt_106165,0
Crew_11370,Flt_109731,0
Crew_11370,ddh_102119,1
Crew_11370,ddh_101273,1
Crew_11370,ddh_101932,1
Crew_11371,Flt_101987,0
Crew_11371,Flt_101839,0
Crew_11371,Flt_102304,0
Crew_11371,Flt_102011,0
Crew_11371,Flt_102162,0
Crew_11371,Flt_100628,0
Crew_11371,Flt_100512,0
Crew_11371,Flt_107943,0
Crew_11371,Flt_111492,0
Crew_11371,Flt_105404,0
Crew_11371,ddh_101603,1
Crew_11372,Flt_100414,0
Crew_11372,Flt_101804,0
Crew_11372,Flt_101890,0
Crew_11372,Flt_100635,0
Crew_11372,Flt_100080,0
Crew_11372,Flt_100736,0
Crew_11372,Flt_111112,0
Crew_11372,Flt_111124,0
Crew_11372,Flt_113287,0
Crew_11372,ddh_101299,1
Crew_11372,ddh_101552,1
Crew_11372,ddh_100645,1
Crew_11372,ddh_101562,1
Crew_11372,ddh_101729,1
Crew_11413,Flt_101937,0
Crew_11413,Flt_101357,0
Crew_11413,Flt_101996,0
Crew_11413,Flt_100355,0
Crew_11413,Flt_100195,0
Crew_11413,Flt_101880,0
Crew_11413,Flt_101530,0
Crew_11413,Flt_101017,0
Crew_11413,Flt_100560,0
Crew_11413,Flt_101783,0
Crew_11413,Flt_100520,0
Crew_11413,Flt_102113,0
Crew_11413,ddh_100334,1
Crew_11413,ddh_101606,1
Crew_11413,ddh_100344,1
Crew_11421,Flt_100662,0
Crew_11421,Flt_101989,0
Crew_11421,Flt_100987,0
Crew_11421,Flt_101450,0
Crew_11421,Flt_101756,0
Crew_11421,Flt_100870,0
Crew_11421,Flt_100646,0
Crew_11421,Flt_101673,0
Crew_11421,ddh_101224,1
Crew_11421,ddh_101998,1
Crew_11421,ddh_100588,1
Crew_11421,ddh_100778,1
Crew_11434,Flt_112219,0
Crew_11434,Flt_106847,0
Crew_11434,Flt_110430,0
Crew_11434,Flt_106955,0
Crew_11435,Flt_100236,0
Crew_11435,Flt_100671,0
Crew_11435,Flt_103521,0
Crew_11435,Flt_111828,0
Crew_11435,Flt_111188,0
Crew_11435,Flt_105478,0
Crew_11435,Flt_106554,0
Crew_11435,ddh_100847,1
Crew_11435,ddh_100222,1
Crew_11449,Flt_101046,0
Crew_11449,Flt_100179,0
Crew_11449,Flt_101243,0
Crew_11449,Flt_100291,0
Crew_11449,Flt_100550,0
Crew_11449,Flt_100821,0
Crew_11449,Flt_100021,0
Crew_11449,Flt_100022,0
Crew_11449,Flt_102511,0
Crew_11449,Flt_112306,0
Crew_11449,Flt_111215,0
Crew_11449,Flt_105853,0
Crew_11449,ddh_100169,1
Crew_11449,ddh_100080,1
Crew_11449,ddh_100927,1
Crew_11449,ddh_102066,1
Crew_11457,Flt_101651,0
Crew_11457,Flt_101657,0
Crew_11457,Flt_101186,0
Crew_11457,Flt_111469,0
Crew_11457,Flt_103161,0
Crew_11457,ddh_100098,1
Crew_11457,ddh_100492,1
Crew_11457,ddh_100352,1
Crew_11457,ddh_101734,1
Crew_11459,Flt_100313,0
Crew_11459,Flt_100094,0
Crew_11459,Flt_101140,0
Crew_11459,Flt_100908,0
Crew_11459,Flt_102327,0
Crew_11459,Flt_101894,0
Crew_11459,Flt_100078,0
Crew_11459,Flt_100222,0
Crew_11459,Flt_103278,0
Crew_11459,ddh_101297,1
Crew_11459,ddh_100290,1
Crew_11462,Flt_100514,0
Crew_11462,Flt_101345,0
Crew_11462,Flt_100266,0
Crew_11462,Flt_101573,0
Crew_11462,Flt_101165,0
Crew_11462,Flt_100369,0
Crew_11462,Flt_101041,0
Crew_11462,Flt_100017,0
Crew_11462,Flt_107625,0
Crew_11462,Flt_106548,0
Crew_11462,Flt_103598,0
Crew_11462,ddh_100994,1
Crew_11462,ddh_101273,1
Crew_11462,ddh_101436,1
Crew_11462,ddh_100543,1
Crew_11473,Flt_100303,0
Crew_11473,Flt_101541,0
Crew_11473,Flt_101212,0
Crew_11473,Flt_100604,0
Crew_11473,Flt_102297,0
Crew_11473,Flt_100920,0
Crew_11473,Flt_100130,0
Crew_11473,Flt_102322,0
Crew_11473,Flt_101711,0
Crew_11473,Flt_100595,0
Crew_11473,Flt_104687,0
Crew_11473,Flt_110847,0
Crew_11473,Flt_110839,0
Crew_11473,Flt_107627,0
Crew_11473,ddh_101603,1
Crew_11479,Flt_100420,0
Crew_11479,Flt_100568,0
Crew_11479,Flt_100154,0
Crew_11479,ddh_100400,1
Crew_11479,ddh_100890,1
Crew_11479,ddh_101362,1
Crew_11479,ddh_100524,1
=======
Crew_11335,Flt_101449,0
Crew_11335,Flt_100953,0
Crew_11335,Flt_101180,0
Crew_11335,Flt_106166,0
Crew_11335,Flt_112239,0
Crew_11335,Flt_103262,0
Crew_11335,ddh_101726,1
Crew_11335,ddh_101273,1
Crew_11335,ddh_101436,1
Crew_11335,ddh_101738,1
Crew_11337,Flt_101625,0
Crew_11337,Flt_102143,0
Crew_11337,Flt_107544,0
Crew_11337,Flt_104229,0
Crew_11337,Flt_108618,0
Crew_11337,Flt_105361,0
Crew_11337,Flt_111965,0
Crew_11337,Flt_102864,0
Crew_11337,Flt_108686,0
Crew_11337,Flt_103243,0
Crew_11337,ddh_101548,1
Crew_11337,ddh_101852,1
Crew_11337,ddh_100040,1
Crew_11337,ddh_101369,1
Crew_11337,ddh_102134,1
Crew_11344,Flt_100470,0
Crew_11344,Flt_101890,0
Crew_11344,Flt_100033,0
Crew_11344,Flt_103915,0
Crew_11344,Flt_107562,0
Crew_11344,Flt_112932,0
Crew_11344,ddh_100098,1
Crew_11344,ddh_100028,1
Crew_11344,ddh_100425,1
Crew_11344,ddh_102204,1
Crew_11344,ddh_101319,1
Crew_11355,Flt_101259,0
Crew_11355,Flt_100085,0
Crew_11355,Flt_100086,0
Crew_11355,Flt_100123,0
Crew_11355,Flt_101809,0
Crew_11355,Flt_101577,0
Crew_11355,Flt_100921,0
Crew_11355,Flt_100228,0
Crew_11355,Flt_101476,0
Crew_11355,Flt_100664,0
Crew_11355,Flt_104687,0
Crew_11355,Flt_102478,0
Crew_11355,Flt_107645,0
Crew_11360,Flt_101679,0
Crew_11360,Flt_102259,0
Crew_11360,Flt_101735,0
Crew_11360,Flt_101457,0
Crew_11360,Flt_101020,0
Crew_11360,Flt_101434,0
Crew_11360,Flt_101059,0
Crew_11360,Flt_113706,0
Crew_11360,Flt_102485,0
Crew_11360,ddh_101548,1
Crew_11360,ddh_100933,1
Crew_11360,ddh_101057,1
Crew_11360,ddh_100719,1
Crew_11362,Flt_101860,0
Crew_11362,Flt_101277,0
Crew_11362,Flt_101873,0
Crew_11362,Flt_101444,0
Crew_11362,Flt_101384,0
Crew_11362,Flt_101874,0
Crew_11362,Flt_101970,0
Crew_11362,Flt_101971,0
Crew_11362,Flt_101240,0
Crew_11362,Flt_104320,0
Crew_11362,Flt_106549,0
Crew_11362,Flt_103979,0
Crew_11362,Flt_106168,0
Crew_11362,Flt_109011,0
Crew_11362,Flt_104729,0
Crew_11362,ddh_102119,1
Crew_11362,ddh_101273,1
Crew_11362,ddh_101436,1
Crew_11362,ddh_100281,1
Crew_11364,Flt_100872,0
Crew_11364,Flt_100948,0
Crew_11364,Flt_101866,0
Crew_11364,Flt_102091,0
Crew_11364,Flt_101822,0
Crew_11364,Flt_100824,0
Crew_11364,Flt_101916,0
Crew_11364,Flt_111544,0
Crew_11364,ddh_101058,1
Crew_11364,ddh_102194,1
Crew_11364,ddh_101273,1
Crew_11364,ddh_101147,1
Crew_11364,ddh_101251,1
Crew_11369,Flt_100862,0
Crew_11369,Flt_100863,0
Crew_11369,Flt_102301,0
Crew_11369,Flt_101287,0
Crew_11369,Flt_101159,0
Crew_11369,Flt_102088,0
Crew_11369,Flt_100854,0
Crew_11369,Flt_111189,0
Crew_11369,Flt_109412,0
Crew_11369,Flt_108298,0
Crew_11369,Flt_102496,0
Crew_11369,ddh_100705,1
Crew_11369,ddh_100020,1
Crew_11369,ddh_101251,1
Crew_11370,Flt_102074,0
Crew_11370,Flt_101797,0
Crew_11370,Flt_101227,0
Crew_11370,Flt_101150,0
Crew_11370,Flt_102186,0
Crew_11370,Flt_102256,0
Crew_11370,Flt_109453,0
Crew_11370,Flt_112308,0
Crew_11370,ddh_101997,1
Crew_11370,ddh_101176,1
Crew_11370,ddh_101732,1
Crew_11370,ddh_100487,1
Crew_11370,ddh_101999,1
Crew_11370,ddh_102204,1
Crew_11371,Flt_101488,0
Crew_11371,Flt_101932,0
Crew_11371,Flt_100620,0
Crew_11371,Flt_100487,0
Crew_11371,Flt_102331,0
Crew_11371,Flt_100444,0
Crew_11371,Flt_100016,0
Crew_11371,Flt_101040,0
Crew_11371,Flt_107266,0
Crew_11371,Flt_104689,0
Crew_11371,ddh_100169,1
Crew_11371,ddh_100497,1
Crew_11371,ddh_100933,1
Crew_11371,ddh_101680,1
Crew_11371,ddh_101933,1
Crew_11372,Flt_101693,0
Crew_11372,Flt_101746,0
Crew_11372,Flt_100555,0
Crew_11372,Flt_101235,0
Crew_11372,Flt_108370,0
Crew_11372,Flt_105848,0
Crew_11372,Flt_109006,0
Crew_11372,Flt_108713,0
Crew_11372,ddh_101548,1
Crew_11372,ddh_101852,1
Crew_11372,ddh_101001,1
Crew_11413,Flt_100076,0
Crew_11413,Flt_100997,0
Crew_11413,Flt_100482,0
Crew_11413,Flt_100442,0
Crew_11413,Flt_101318,0
Crew_11413,Flt_101917,0
Crew_11413,Flt_100385,0
Crew_11413,ddh_100166,1
Crew_11413,ddh_100751,1
Crew_11413,ddh_101362,1
Crew_11413,ddh_100058,1
Crew_11413,ddh_100129,1
Crew_11413,ddh_101999,1
Crew_11413,ddh_100933,1
Crew_11421,Flt_102278,0
Crew_11421,Flt_100751,0
Crew_11421,Flt_100913,0
Crew_11421,Flt_101303,0
Crew_11421,Flt_100723,0
Crew_11421,Flt_100528,0
Crew_11421,ddh_100751,1
Crew_11421,ddh_100673,1
Crew_11421,ddh_100037,1
Crew_11421,ddh_100127,1
Crew_11434,Flt_100173,0
Crew_11434,Flt_100350,0
Crew_11434,Flt_103184,0
Crew_11434,Flt_113024,0
Crew_11434,Flt_107279,0
Crew_11434,Flt_107618,0
Crew_11434,Flt_106543,0
Crew_11434,ddh_100994,1
Crew_11434,ddh_101273,1
Crew_11434,ddh_101147,1
Crew_11435,Flt_100623,0
Crew_11435,Flt_101812,0
Crew_11435,Flt_101682,0
Crew_11435,Flt_100072,0
Crew_11435,Flt_106831,0
Crew_11435,Flt_108980,0
Crew_11435,Flt_103296,0
Crew_11435,Flt_108293,0
Crew_11435,ddh_100426,1
Crew_11435,ddh_101852,1
Crew_11435,ddh_100780,1
Crew_11449,Flt_101225,0
Crew_11449,Flt_100708,0
Crew_11449,Flt_100920,0
Crew_11449,Flt_100858,0
Crew_11449,Flt_101534,0
Crew_11449,Flt_100167,0
Crew_11449,Flt_100891,0
Crew_11449,Flt_102147,0
Crew_11449,Flt_112601,0
Crew_11449,Flt_105023,0
Crew_11449,ddh_101550,1
Crew_11449,ddh_100426,1
Crew_11449,ddh_100487,1
Crew_11449,ddh_101999,1
Crew_11457,Flt_101243,0
Crew_11457,Flt_100291,0
Crew_11457,Flt_100492,0
Crew_11457,Flt_100878,0
Crew_11457,Flt_101469,0
Crew_11457,Flt_103920,0
Crew_11457,Flt_107916,0
Crew_11457,Flt_110477,0
Crew_11457,Flt_105850,0
Crew_11457,ddh_101926,1
Crew_11457,ddh_101933,1
Crew_11459,Flt_101639,0
Crew_11459,Flt_101794,0
Crew_11459,Flt_102028,0
Crew_11459,Flt_101819,0
Crew_11459,Flt_101045,0
Crew_11459,Flt_100317,0
Crew_11459,Flt_103191,0
Crew_11459,Flt_109353,0
Crew_11459,Flt_103935,0
Crew_11459,Flt_107941,0
Crew_11459,ddh_101611,1
Crew_11459,ddh_100554,1
Crew_11459,ddh_100009,1
Crew_11459,ddh_100100,1
Crew_11459,ddh_100020,1
Crew_11459,ddh_101061,1
Crew_11459,ddh_100224,1
Crew_11462,Flt_100096,0
Crew_11462,Flt_101703,0
Crew_11462,Flt_100750,0
Crew_11462,Flt_101640,0
Crew_11462,Flt_100983,0
Crew_11462,Flt_100899,0
Crew_11462,Flt_100728,0
Crew_11462,Flt_101322,0
Crew_11462,Flt_100293,0
Crew_11462,Flt_101249,0
Crew_11462,Flt_103259,0
Crew_11462,Flt_103617,0
Crew_11462,Flt_102875,0
Crew_11462,ddh_101490,1
Crew_11462,ddh_100497,1
Crew_11462,ddh_100781,1
Crew_11473,Flt_100401,0
Crew_11473,Flt_100109,0
Crew_11473,Flt_100475,0
Crew_11473,Flt_100261,0
Crew_11473,Flt_101442,0
Crew_11473,Flt_100064,0
Crew_11473,Flt_100789,0
Crew_11473,Flt_101273,0
Crew_11473,Flt_100597,0
Crew_11473,Flt_100110,0
Crew_11473,Flt_102876,0
Crew_11473,Flt_106932,0
Crew_11473,Flt_105099,0
Crew_11479,ddh_100642,1
Crew_11479,ddh_101195,1
Crew_11479,Flt_100363,0
Crew_11479,Flt_101524,0
Crew_11479,ddh_100245,1
Crew_11479,ddh_100017,1
Crew_11479,ddh_102000,1
Crew_11479,ddh_102062,1
Crew_11479,ddh_101732,1
Crew_11479,ddh_101852,1
Crew_11479,ddh_101230,1
Crew_11479,ddh_101238,1
>>>>>>> origin/Heuristic-SA
Crew_11480,Flt_100509,0
Crew_11480,Flt_100941,0
Crew_11480,Flt_101465,0
Crew_11480,Flt_102159,0
Crew_11480,Flt_100068,0
<<<<<<< HEAD
Crew_11480,Flt_101171,0
Crew_11480,Flt_100792,0
Crew_11480,Flt_102878,0
Crew_11480,Flt_103227,0
Crew_11480,Flt_112626,0
Crew_11480,Flt_110079,0
Crew_11480,ddh_102208,1
Crew_11491,Flt_101791,0
Crew_11491,Flt_101558,0
Crew_11491,Flt_101732,0
Crew_11491,Flt_100909,0
Crew_11491,Flt_101457,0
Crew_11491,Flt_101020,0
Crew_11491,Flt_112275,0
Crew_11491,Flt_105445,0
Crew_11491,Flt_106203,0
Crew_11491,Flt_113672,0
Crew_11491,Flt_108297,0
Crew_11491,Flt_109371,0
Crew_11491,Flt_103205,0
Crew_11491,ddh_101490,1
Crew_11491,ddh_100497,1
Crew_11491,ddh_101147,1
Crew_11495,Flt_100252,0
Crew_11495,Flt_101716,0
Crew_11495,Flt_101471,0
Crew_11495,Flt_100910,0
Crew_11495,Flt_101638,0
Crew_11495,Flt_100434,0
Crew_11495,Flt_100631,0
Crew_11495,Flt_101917,0
Crew_11495,Flt_100385,0
Crew_11495,Flt_110469,0
Crew_11495,Flt_112303,0
Crew_11495,Flt_112304,0
Crew_11495,ddh_101051,1
Crew_11495,ddh_100222,1
Crew_11495,ddh_101838,1
Crew_11495,ddh_100986,1
Crew_11502,Flt_100935,0
Crew_11502,Flt_102301,0
Crew_11502,Flt_101287,0
Crew_11502,Flt_100210,0
Crew_11502,Flt_101762,0
Crew_11502,Flt_101853,0
Crew_11502,Flt_101274,0
Crew_11502,Flt_103636,0
Crew_11502,Flt_105460,0
Crew_11502,ddh_101110,1
Crew_11502,ddh_100499,1
Crew_11506,Flt_101202,0
Crew_11506,Flt_101125,0
Crew_11506,Flt_102216,0
Crew_11506,Flt_100890,0
Crew_11506,ddh_101052,1
Crew_11506,ddh_101435,1
Crew_11507,Flt_101678,0
Crew_11507,Flt_101506,0
Crew_11507,Flt_100415,0
Crew_11507,Flt_100199,0
Crew_11507,Flt_100661,0
Crew_11507,Flt_102054,0
Crew_11507,Flt_100155,0
Crew_11507,Flt_101473,0
Crew_11512,Flt_100815,0
Crew_11512,Flt_100700,0
Crew_11512,Flt_101892,0
Crew_11512,Flt_100634,0
Crew_11512,Flt_101758,0
Crew_11512,Flt_101769,0
Crew_11512,Flt_100685,0
Crew_11512,Flt_100333,0
Crew_11512,Flt_106220,0
Crew_11512,Flt_108362,0
Crew_11512,Flt_104720,0
Crew_11512,ddh_101994,1
Crew_11512,ddh_101791,1
Crew_11513,Flt_101553,0
Crew_11513,Flt_101495,0
Crew_11513,Flt_100116,0
Crew_11513,Flt_100373,0
Crew_11513,ddh_100045,1
Crew_11513,Flt_101114,0
Crew_11513,ddh_101894,1
Crew_11517,Flt_100320,0
Crew_11517,Flt_101267,0
Crew_11517,Flt_101557,0
Crew_11517,Flt_100907,0
Crew_11517,Flt_100603,0
Crew_11517,Flt_100203,0
Crew_11517,Flt_101260,0
Crew_11517,Flt_101411,0
Crew_11518,Flt_100508,0
Crew_11518,Flt_101329,0
Crew_11518,Flt_101875,0
Crew_11518,Flt_100061,0
Crew_11518,Flt_101236,0
Crew_11518,Flt_100745,0
Crew_11518,Flt_100457,0
Crew_11518,Flt_113352,0
Crew_11518,Flt_112279,0
Crew_11518,ddh_101603,1
Crew_11525,Flt_102053,0
Crew_11525,Flt_100901,0
Crew_11525,Flt_101502,0
Crew_11525,Flt_100695,0
Crew_11525,Flt_102092,0
Crew_11525,Flt_100134,0
Crew_11525,Flt_101757,0
Crew_11525,Flt_100530,0
Crew_11525,Flt_100033,0
Crew_11525,Flt_112319,0
Crew_11525,Flt_109425,0
Crew_11533,Flt_101592,0
Crew_11533,Flt_100838,0
Crew_11533,Flt_100024,0
Crew_11533,Flt_102060,0
Crew_11533,Flt_112320,0
Crew_11533,Flt_113724,0
Crew_11533,ddh_100994,1
Crew_11533,ddh_100621,1
Crew_11558,Flt_101323,0
Crew_11558,Flt_100411,0
Crew_11558,Flt_105765,0
Crew_11558,Flt_107925,0
Crew_11558,Flt_106137,0
Crew_11558,Flt_113369,0
Crew_11558,Flt_111585,0
Crew_11558,Flt_108686,0
Crew_11558,Flt_113013,0
Crew_11558,Flt_104324,0
Crew_11558,ddh_101228,1
Crew_11559,Flt_100810,0
Crew_11559,Flt_102266,0
Crew_11559,Flt_100474,0
Crew_11559,Flt_101139,0
Crew_11559,Flt_100284,0
Crew_11559,Flt_101312,0
Crew_11559,Flt_100302,0
Crew_11559,Flt_100871,0
Crew_11559,Flt_107626,0
Crew_11559,ddh_100706,1
Crew_11559,ddh_100790,1
Crew_11559,ddh_100985,1
Crew_11566,Flt_100459,0
Crew_11566,Flt_101705,0
Crew_11566,Flt_100898,0
Crew_11566,Flt_100044,0
Crew_11566,Flt_101968,0
Crew_11566,Flt_100929,0
Crew_11566,Flt_101094,0
Crew_11566,Flt_100819,0
Crew_11566,Flt_110486,0
Crew_11566,Flt_111895,0
Crew_11566,ddh_101482,1
Crew_11566,ddh_100030,1
Crew_11566,ddh_101303,1
Crew_11566,ddh_101377,1
Crew_11570,Flt_101789,0
Crew_11570,Flt_100529,0
Crew_11570,Flt_100840,0
Crew_11570,Flt_101893,0
Crew_11570,Flt_100135,0
Crew_11570,Flt_101931,0
Crew_11570,Flt_100825,0
Crew_11570,Flt_110490,0
Crew_11570,Flt_110491,0
Crew_11570,Flt_108723,0
Crew_11570,Flt_113053,0
Crew_11570,ddh_100169,1
Crew_11570,ddh_100714,1
Crew_11570,ddh_101178,1
Crew_11570,ddh_100723,1
Crew_11587,Flt_100381,0
Crew_11587,Flt_100658,0
Crew_11587,Flt_101736,0
Crew_11587,Flt_101650,0
Crew_11587,Flt_100676,0
Crew_11587,Flt_100755,0
Crew_11587,Flt_113004,0
Crew_11587,Flt_105834,0
Crew_11587,ddh_100070,1
Crew_11631,Flt_101272,0
Crew_11631,Flt_100325,0
Crew_11631,Flt_100028,0
Crew_11631,Flt_101552,0
Crew_11631,ddh_100163,1
Crew_11631,ddh_100024,1
Crew_11631,Flt_100545,0
Crew_11631,Flt_100546,0
Crew_11631,Flt_101161,0
Crew_11631,Flt_101685,0
Crew_11631,Flt_101939,0
Crew_11631,Flt_106588,0
Crew_11631,ddh_101926,1
Crew_11631,ddh_101108,1
Crew_11631,ddh_102005,1
Crew_11631,ddh_102189,1
Crew_11632,Flt_101103,0
Crew_11632,Flt_111141,0
Crew_11632,Flt_112221,0
Crew_11632,Flt_103593,0
Crew_11632,Flt_109050,0
Crew_11632,Flt_102529,0
Crew_11632,Flt_104016,0
Crew_11632,ddh_102119,1
Crew_11637,Flt_101149,0
Crew_11637,Flt_101611,0
Crew_11637,Flt_102567,0
Crew_11637,Flt_104042,0
Crew_11637,Flt_107239,0
Crew_11637,Flt_111941,0
Crew_11637,ddh_100138,1
Crew_11637,ddh_100019,1
Crew_11637,ddh_100129,1
Crew_11637,ddh_101056,1
Crew_11637,ddh_100546,1
Crew_11639,Flt_110384,0
Crew_11639,Flt_110762,0
Crew_11639,Flt_103229,0
Crew_11639,Flt_109749,0
Crew_11639,Flt_112655,0
Crew_11639,Flt_107972,0
Crew_11639,ddh_101603,1
Crew_11655,Flt_107583,0
Crew_11655,Flt_112224,0
Crew_11655,Flt_104693,0
Crew_11655,Flt_107269,0
Crew_11655,Flt_106520,0
Crew_11655,Flt_108308,0
Crew_11655,ddh_100169,1
Crew_11655,ddh_100080,1
Crew_11655,ddh_101004,1
Crew_11655,ddh_101795,1
Crew_11656,Flt_101550,0
Crew_11656,Flt_101482,0
Crew_11656,Flt_102211,0
Crew_11656,Flt_112957,0
Crew_11656,Flt_106151,0
Crew_11656,Flt_112958,0
Crew_11656,Flt_109057,0
Crew_11656,Flt_110451,0
Crew_11656,Flt_103248,0
Crew_11656,Flt_103985,0
Crew_11656,ddh_100212,1
Crew_11656,ddh_102261,1
Crew_11656,ddh_101434,1
Crew_11656,ddh_101615,1
Crew_11663,Flt_111202,0
Crew_11663,Flt_103258,0
Crew_11664,Flt_100031,0
Crew_11664,Flt_101275,0
Crew_11664,Flt_100404,0
Crew_11664,Flt_100544,0
Crew_11664,Flt_101380,0
Crew_11664,Flt_101962,0
Crew_11664,Flt_100490,0
Crew_11664,Flt_100511,0
Crew_11664,Flt_100978,0
Crew_11665,Flt_101494,0
Crew_11665,Flt_100368,0
Crew_11665,Flt_101018,0
Crew_11665,Flt_101586,0
Crew_11665,Flt_100225,0
Crew_11665,ddh_101607,1
Crew_11665,ddh_100777,1
Crew_11665,ddh_101436,1
Crew_11665,ddh_101369,1
Crew_11674,Flt_101629,0
Crew_11674,Flt_102286,0
Crew_11674,Flt_101938,0
Crew_11674,Flt_101971,0
Crew_11674,Flt_101240,0
Crew_11674,Flt_101532,0
Crew_11674,Flt_101434,0
Crew_11674,Flt_101059,0
Crew_11674,Flt_108701,0
Crew_11674,Flt_109437,0
Crew_11674,Flt_112602,0
Crew_11674,Flt_102825,0
Crew_11674,ddh_101179,1
Crew_11674,ddh_101728,1
Crew_11676,Flt_101846,0
Crew_11676,Flt_100159,0
Crew_11676,Flt_102153,0
Crew_11676,Flt_100930,0
Crew_11676,Flt_102102,0
Crew_11676,Flt_101906,0
Crew_11676,Flt_101176,0
Crew_11676,Flt_100812,0
Crew_11676,Flt_108702,0
Crew_11693,Flt_101840,0
Crew_11693,Flt_102199,0
Crew_11693,Flt_101042,0
Crew_11693,Flt_102272,0
Crew_11693,ddh_100144,1
Crew_11693,Flt_102229,0
Crew_11693,Flt_100288,0
Crew_11693,Flt_101340,0
Crew_11693,Flt_101837,0
Crew_11693,Flt_106951,0
Crew_11693,Flt_113365,0
Crew_11693,ddh_101734,1
Crew_11693,ddh_101240,1
Crew_11693,ddh_101669,1
Crew_11693,ddh_101001,1
Crew_11694,Flt_102052,0
Crew_11694,Flt_100119,0
Crew_11694,Flt_101301,0
Crew_11694,Flt_101448,0
Crew_11694,Flt_112646,0
Crew_11694,Flt_102495,0
Crew_11694,Flt_107280,0
Crew_11694,Flt_111923,0
Crew_11694,Flt_107989,0
Crew_11694,ddh_101003,1
Crew_11694,ddh_100790,1
Crew_11694,ddh_101562,1
Crew_11694,ddh_101933,1
Crew_11704,Flt_101181,0
Crew_11704,Flt_101298,0
Crew_11704,Flt_100912,0
Crew_11704,Flt_101821,0
Crew_11704,Flt_102248,0
Crew_11704,Flt_100756,0
Crew_11704,Flt_111544,0
Crew_11704,Flt_113046,0
Crew_11704,ddh_101490,1
Crew_11704,ddh_100497,1
Crew_11704,ddh_102204,1
Crew_11704,ddh_100362,1
Crew_11709,Flt_101413,0
Crew_11709,Flt_100897,0
Crew_11709,Flt_106471,0
Crew_11709,Flt_106473,0
Crew_11709,Flt_107193,0
Crew_11709,Flt_111965,0
Crew_11709,Flt_105871,0
Crew_11709,Flt_111867,0
Crew_11709,Flt_104700,0
Crew_11709,Flt_113664,0
Crew_11709,ddh_100208,1
Crew_11709,ddh_100849,1
Crew_11709,ddh_101315,1
Crew_11710,Flt_102013,0
Crew_11710,Flt_100472,0
Crew_11710,Flt_101972,0
Crew_11710,Flt_101823,0
Crew_11710,Flt_100306,0
Crew_11710,Flt_108263,0
Crew_11710,Flt_113642,0
Crew_11710,Flt_105386,0
Crew_11710,ddh_100098,1
Crew_11710,ddh_100048,1
Crew_11710,ddh_100119,1
Crew_11710,ddh_101916,1
Crew_11710,ddh_101359,1
Crew_11710,ddh_101912,1
Crew_11710,ddh_101671,1
Crew_11710,ddh_101933,1
Crew_11712,Flt_100848,0
Crew_11712,Flt_102083,0
Crew_11712,Flt_101492,0
Crew_11712,Flt_100829,0
Crew_11712,Flt_101942,0
Crew_11712,Flt_112561,0
Crew_11712,Flt_104235,0
Crew_11712,Flt_111457,0
Crew_11712,Flt_103157,0
Crew_11712,ddh_102253,1
Crew_11712,ddh_100216,1
Crew_11712,ddh_100217,1
Crew_11728,Flt_101926,0
Crew_11728,Flt_100392,0
Crew_11728,Flt_109333,0
Crew_11728,Flt_108260,0
Crew_11728,Flt_110396,0
Crew_11728,Flt_108992,0
Crew_11728,ddh_100098,1
Crew_11728,Flt_109049,0
Crew_11728,Flt_108291,0
Crew_11740,Flt_100654,0
Crew_11740,Flt_102265,0
Crew_11740,Flt_102300,0
Crew_11740,Flt_102224,0
Crew_11740,Flt_101097,0
Crew_11740,Flt_100794,0
Crew_11740,Flt_102316,0
Crew_11740,Flt_100656,0
Crew_11740,Flt_112238,0
Crew_11740,Flt_112607,0
Crew_11740,Flt_105103,0
Crew_11740,ddh_101926,1
Crew_11740,ddh_101315,1
Crew_11743,Flt_102028,0
Crew_11743,Flt_101819,0
Crew_11743,Flt_101902,0
Crew_11743,Flt_107901,0
Crew_11743,Flt_111820,0
Crew_11743,Flt_105736,0
Crew_11743,Flt_109406,0
Crew_11743,Flt_113333,0
Crew_11743,Flt_107622,0
Crew_11743,ddh_100212,1
Crew_11743,ddh_100633,1
Crew_11743,ddh_100428,1
Crew_11746,Flt_100321,0
Crew_11746,Flt_101264,0
Crew_11746,Flt_101072,0
Crew_11746,Flt_102247,0
Crew_11746,Flt_100636,0
Crew_11746,Flt_100883,0
Crew_11746,Flt_100889,0
Crew_11751,Flt_100583,0
Crew_11751,Flt_100813,0
Crew_11751,Flt_111123,0
Crew_11751,Flt_112941,0
Crew_11751,Flt_106134,0
Crew_11751,Flt_103594,0
Crew_11751,Flt_102483,0
Crew_11751,Flt_108684,0
Crew_11751,Flt_103269,0
Crew_11752,Flt_100839,0
Crew_11752,Flt_101288,0
Crew_11752,Flt_100064,0
Crew_11752,Flt_100789,0
Crew_11752,Flt_101415,0
Crew_11752,Flt_103534,0
Crew_11752,Flt_110030,0
Crew_11752,ddh_100706,1
Crew_11752,ddh_101498,1
Crew_11752,ddh_102268,1
Crew_11763,Flt_102050,0
Crew_11763,Flt_100425,0
Crew_11763,Flt_100285,0
Crew_11763,Flt_100741,0
Crew_11763,Flt_101416,0
Crew_11763,ddh_100765,1
Crew_11763,ddh_100087,1
Crew_11763,ddh_100158,1
Crew_11763,ddh_100079,1
Crew_11763,ddh_101305,1
Crew_11763,ddh_100443,1
Crew_11769,Flt_102031,0
Crew_11769,Flt_101714,0
Crew_11769,Flt_101790,0
Crew_11769,Flt_106154,0
Crew_11769,Flt_106489,0
Crew_11769,Flt_108979,0
Crew_11769,Flt_105070,0
Crew_11769,Flt_104000,0
Crew_11769,Flt_110104,0
Crew_11770,Flt_100376,0
Crew_11770,Flt_102189,0
Crew_11770,Flt_100940,0
Crew_11770,Flt_102258,0
Crew_11770,ddh_101123,1
Crew_11770,ddh_100187,1
Crew_11770,Flt_102183,0
Crew_11770,Flt_101588,0
Crew_11770,Flt_100591,0
Crew_11770,Flt_101048,0
Crew_11770,Flt_107997,0
Crew_11770,Flt_107283,0
Crew_11770,Flt_103992,0
Crew_11770,ddh_101725,1
Crew_11770,ddh_100630,1
Crew_11775,Flt_100801,0
Crew_11775,Flt_101991,0
Crew_11775,Flt_101513,0
Crew_11775,Flt_102226,0
Crew_11775,Flt_100176,0
Crew_11775,Flt_101656,0
Crew_11775,Flt_102186,0
Crew_11775,Flt_102256,0
Crew_11775,Flt_102454,0
Crew_11775,Flt_110411,0
Crew_11775,Flt_105071,0
Crew_11775,ddh_100494,1
Crew_11775,ddh_100785,1
Crew_11776,ddh_100642,1
Crew_11776,ddh_101446,1
Crew_11776,Flt_100365,0
Crew_11776,Flt_102321,0
Crew_11776,Flt_101854,0
Crew_11776,Flt_100239,0
Crew_11776,ddh_101490,1
Crew_11776,ddh_102120,1
Crew_11776,ddh_100360,1
Crew_11778,Flt_102074,0
Crew_11778,Flt_100717,0
Crew_11778,Flt_101122,0
Crew_11778,Flt_100331,0
Crew_11778,ddh_102119,1
Crew_11778,ddh_101237,1
Crew_11778,ddh_101314,1
Crew_11781,Flt_100997,0
Crew_11781,Flt_100482,0
Crew_11781,Flt_100359,0
Crew_11781,Flt_101899,0
Crew_11781,Flt_100246,0
Crew_11781,Flt_102287,0
Crew_11781,ddh_100056,1
Crew_11781,ddh_102000,1
Crew_11781,ddh_102122,1
Crew_11781,ddh_100705,1
Crew_11781,ddh_100020,1
Crew_11781,ddh_100790,1
Crew_11785,Flt_100273,0
Crew_11785,Flt_101652,0
Crew_11785,Flt_100548,0
Crew_11785,Flt_101084,0
Crew_11785,Flt_100221,0
Crew_11785,Flt_100077,0
Crew_11785,Flt_111102,0
Crew_11785,Flt_103899,0
Crew_11785,Flt_108964,0
Crew_11785,Flt_107195,0
Crew_11785,ddh_100210,1
Crew_11785,ddh_102193,1
Crew_11785,ddh_101613,1
Crew_11785,ddh_101556,1
Crew_11785,ddh_100560,1
Crew_11795,Flt_105014,0
Crew_11795,Flt_109351,0
Crew_11795,Flt_104730,0
Crew_11795,Flt_104731,0
Crew_11795,Flt_106195,0
Crew_11795,Flt_112980,0
Crew_11795,Flt_108309,0
Crew_11795,ddh_101233,1
Crew_11795,ddh_101317,1
Crew_11795,ddh_100636,1
Crew_11797,ddh_101804,1
Crew_11797,ddh_100662,1
Crew_11797,Flt_100623,0
Crew_11797,Flt_101472,0
Crew_11797,ddh_100097,1
Crew_11797,ddh_101551,1
Crew_11797,ddh_102060,1
Crew_11797,ddh_100551,1
Crew_11797,ddh_100553,1
Crew_11797,ddh_101172,1
Crew_11797,ddh_101435,1
Crew_11809,Flt_101027,0
Crew_11809,Flt_102257,0
Crew_11809,Flt_101741,0
Crew_11809,Flt_100351,0
Crew_11809,Flt_101876,0
Crew_11809,Flt_100702,0
Crew_11809,ddh_100134,1
Crew_11809,ddh_100015,1
Crew_11809,Flt_100932,0
Crew_11809,Flt_101911,0
Crew_11809,Flt_100597,0
Crew_11809,Flt_100110,0
Crew_11809,Flt_111898,0
Crew_11809,Flt_112263,0
Crew_11809,Flt_110064,0
Crew_11815,Flt_100481,0
Crew_11815,Flt_100543,0
Crew_11815,Flt_101222,0
Crew_11815,Flt_102172,0
Crew_11815,Flt_101317,0
Crew_11815,Flt_101261,0
Crew_11815,Flt_101616,0
Crew_11815,Flt_101348,0
Crew_11815,Flt_111482,0
Crew_11815,Flt_109354,0
Crew_11815,Flt_102433,0
Crew_11815,ddh_101284,1
Crew_11815,ddh_101422,1
Crew_11815,ddh_101603,1
Crew_11815,ddh_101837,1
Crew_11815,ddh_100271,1
Crew_11846,Flt_101980,0
Crew_11846,Flt_100894,0
Crew_11846,Flt_100477,0
Crew_11846,Flt_100727,0
Crew_11846,Flt_100967,0
Crew_11846,Flt_105099,0
Crew_11846,Flt_103290,0
Crew_11846,ddh_101110,1
Crew_11855,Flt_102010,0
Crew_11855,Flt_100049,0
Crew_11855,Flt_100279,0
Crew_11855,Flt_100711,0
Crew_11855,Flt_100775,0
Crew_11855,Flt_100429,0
Crew_11857,Flt_101622,0
Crew_11857,ddh_101969,1
Crew_11857,ddh_100068,1
Crew_11857,ddh_100853,1
Crew_11857,ddh_102061,1
Crew_11862,Flt_101488,0
Crew_11862,Flt_101932,0
Crew_11862,Flt_100343,0
Crew_11862,Flt_101132,0
Crew_11862,Flt_101454,0
Crew_11862,Flt_101185,0
Crew_11862,Flt_100516,0
Crew_11862,Flt_112289,0
Crew_11862,Flt_110096,0
Crew_11862,Flt_109422,0
Crew_11862,ddh_101051,1
Crew_11862,ddh_100222,1
Crew_11862,ddh_101838,1
Crew_11862,ddh_101438,1
Crew_11945,Flt_101367,0
Crew_11945,Flt_101446,0
Crew_11945,Flt_100424,0
Crew_11945,Flt_101154,0
Crew_11945,Flt_102142,0
Crew_11945,Flt_102213,0
Crew_11945,Flt_111509,0
Crew_11945,Flt_104293,0
Crew_11945,ddh_100129,1
Crew_11945,ddh_100704,1
Crew_11945,ddh_100364,1
Crew_11945,ddh_100630,1
Crew_11945,ddh_100291,1
Crew_11950,Flt_100965,0
Crew_11950,Flt_101849,0
Crew_11950,Flt_100882,0
Crew_11950,Flt_100537,0
Crew_11950,Flt_102168,0
Crew_11950,Flt_100431,0
Crew_11950,Flt_102254,0
Crew_11950,Flt_101325,0
Crew_11950,Flt_101246,0
Crew_11950,Flt_106218,0
Crew_11950,Flt_106219,0
Crew_11950,Flt_109436,0
Crew_11950,ddh_100070,1
Crew_11950,ddh_100170,1
Crew_11954,Flt_101071,0
Crew_11954,Flt_102319,0
Crew_11954,Flt_101117,0
Crew_11954,Flt_105770,0
Crew_11954,Flt_108988,0
Crew_11954,ddh_100218,1
Crew_11954,ddh_101487,1
Crew_11957,Flt_106855,0
=======
Crew_11480,Flt_102118,0
Crew_11480,Flt_101685,0
Crew_11480,Flt_103144,0
Crew_11480,Flt_102757,0
Crew_11480,ddh_100139,1
Crew_11480,ddh_100643,1
Crew_11480,ddh_101235,1
Crew_11491,Flt_100099,0
Crew_11491,Flt_101992,0
Crew_11491,Flt_101138,0
Crew_11491,Flt_101376,0
Crew_11491,Flt_100694,0
Crew_11491,Flt_101961,0
Crew_11491,Flt_102244,0
Crew_11491,Flt_100557,0
Crew_11491,Flt_100457,0
Crew_11491,Flt_100014,0
Crew_11491,Flt_113359,0
Crew_11491,Flt_109074,0
Crew_11491,Flt_110116,0
Crew_11495,Flt_101069,0
Crew_11495,Flt_100769,0
Crew_11495,Flt_101082,0
Crew_11495,Flt_100397,0
Crew_11495,Flt_100967,0
Crew_11495,Flt_109695,0
Crew_11495,Flt_112569,0
Crew_11495,Flt_109331,0
Crew_11495,ddh_102119,1
Crew_11495,ddh_100030,1
Crew_11495,ddh_100140,1
Crew_11502,Flt_100935,0
Crew_11502,Flt_101414,0
Crew_11502,Flt_101576,0
Crew_11502,Flt_100703,0
Crew_11502,Flt_102317,0
Crew_11502,Flt_100551,0
Crew_11502,Flt_100780,0
Crew_11502,Flt_101464,0
Crew_11502,Flt_100808,0
Crew_11502,Flt_113023,0
Crew_11502,Flt_106924,0
Crew_11502,ddh_101999,1
Crew_11502,ddh_102073,1
Crew_11502,ddh_100090,1
Crew_11506,Flt_100946,0
Crew_11506,Flt_101333,0
Crew_11506,Flt_101801,0
Crew_11506,Flt_101948,0
Crew_11506,Flt_102299,0
Crew_11506,Flt_100547,0
Crew_11506,Flt_101260,0
Crew_11506,Flt_100453,0
Crew_11506,Flt_102511,0
Crew_11506,Flt_112306,0
Crew_11506,Flt_111215,0
Crew_11506,Flt_105853,0
Crew_11506,ddh_100169,1
Crew_11506,ddh_100643,1
Crew_11506,ddh_101057,1
Crew_11506,ddh_100788,1
Crew_11507,Flt_102260,0
Crew_11507,Flt_100007,0
Crew_11507,Flt_101032,0
Crew_11507,Flt_101833,0
Crew_11507,Flt_101739,0
Crew_11507,Flt_101381,0
Crew_11507,Flt_100279,0
Crew_11507,Flt_100711,0
Crew_11507,Flt_100775,0
Crew_11507,Flt_100429,0
Crew_11507,Flt_100221,0
Crew_11507,Flt_100077,0
Crew_11507,ddh_100751,1
Crew_11507,ddh_100747,1
Crew_11507,ddh_100426,1
Crew_11507,ddh_100847,1
Crew_11507,ddh_101999,1
Crew_11507,ddh_100893,1
Crew_11512,Flt_100815,0
Crew_11512,Flt_101741,0
Crew_11512,Flt_100351,0
Crew_11512,Flt_101876,0
Crew_11512,Flt_100702,0
Crew_11512,Flt_102024,0
Crew_11512,Flt_102089,0
Crew_11512,Flt_101124,0
Crew_11512,Flt_101055,0
Crew_11512,Flt_101555,0
Crew_11512,Flt_109449,0
Crew_11512,Flt_113039,0
Crew_11512,Flt_112658,0
Crew_11512,Flt_108702,0
Crew_11512,ddh_101999,1
Crew_11512,ddh_101733,1
Crew_11512,ddh_100120,1
Crew_11512,ddh_101921,1
Crew_11513,Flt_100035,0
Crew_11513,Flt_100136,0
Crew_11513,Flt_102191,0
Crew_11513,Flt_100224,0
Crew_11513,ddh_100097,1
Crew_11513,ddh_101880,1
Crew_11513,ddh_100554,1
Crew_11513,ddh_100492,1
Crew_11513,ddh_101915,1
Crew_11513,ddh_101989,1
Crew_11513,ddh_100933,1
Crew_11513,ddh_102066,1
Crew_11517,Flt_101049,0
Crew_11517,Flt_101993,0
Crew_11517,Flt_100603,0
Crew_11517,Flt_101841,0
Crew_11517,Flt_100070,0
Crew_11517,ddh_101607,1
Crew_11517,ddh_100492,1
Crew_11517,ddh_101915,1
Crew_11517,ddh_100049,1
Crew_11517,ddh_101647,1
Crew_11517,ddh_101147,1
Crew_11518,Flt_100115,0
Crew_11518,Flt_101276,0
Crew_11518,Flt_102076,0
Crew_11518,Flt_100616,0
Crew_11518,Flt_102077,0
Crew_11518,Flt_100911,0
Crew_11518,Flt_109332,0
Crew_11518,Flt_110019,0
Crew_11518,Flt_109701,0
Crew_11518,Flt_105454,0
Crew_11518,Flt_109757,0
Crew_11518,Flt_109758,0
Crew_11518,Flt_112310,0
Crew_11518,Flt_108376,0
Crew_11518,ddh_102119,1
Crew_11518,ddh_101273,1
Crew_11518,ddh_101436,1
Crew_11518,ddh_101738,1
Crew_11525,Flt_102053,0
Crew_11525,Flt_102158,0
Crew_11525,Flt_102073,0
Crew_11525,Flt_101516,0
Crew_11525,Flt_102283,0
Crew_11525,Flt_101053,0
Crew_11525,Flt_101355,0
Crew_11525,Flt_103636,0
Crew_11525,Flt_102527,0
Crew_11525,Flt_108724,0
Crew_11525,ddh_100706,1
Crew_11525,ddh_101061,1
Crew_11533,Flt_100030,0
Crew_11533,Flt_102151,0
Crew_11533,Flt_101232,0
Crew_11533,Flt_106591,0
Crew_11533,Flt_109465,0
Crew_11533,Flt_113369,0
Crew_11533,Flt_106165,0
Crew_11533,Flt_109731,0
Crew_11533,ddh_102119,1
Crew_11533,ddh_101273,1
Crew_11533,ddh_101436,1
Crew_11558,Flt_101429,0
Crew_11558,Flt_101430,0
Crew_11558,Flt_109357,0
Crew_11558,Flt_102438,0
Crew_11558,Flt_111818,0
Crew_11558,Flt_112259,0
Crew_11558,Flt_109040,0
Crew_11558,Flt_103593,0
Crew_11558,ddh_100635,1
Crew_11559,Flt_100810,0
Crew_11559,Flt_102266,0
Crew_11559,Flt_100840,0
Crew_11559,Flt_100179,0
Crew_11559,Flt_101755,0
Crew_11559,Flt_101304,0
Crew_11559,Flt_100802,0
Crew_11559,Flt_100300,0
Crew_11559,Flt_107973,0
Crew_11559,Flt_105063,0
Crew_11559,ddh_100139,1
Crew_11559,ddh_101999,1
Crew_11559,ddh_101733,1
Crew_11559,ddh_101061,1
Crew_11566,Flt_100313,0
Crew_11566,Flt_100094,0
Crew_11566,Flt_100898,0
Crew_11566,Flt_100044,0
Crew_11566,Flt_100548,0
Crew_11566,Flt_101084,0
Crew_11566,Flt_112275,0
Crew_11566,Flt_103978,0
Crew_11566,Flt_112602,0
Crew_11566,Flt_102825,0
Crew_11566,Flt_102826,0
Crew_11566,Flt_111499,0
Crew_11566,ddh_101999,1
Crew_11566,ddh_102073,1
Crew_11566,ddh_101735,1
Crew_11566,ddh_101791,1
Crew_11570,Flt_100747,0
Crew_11570,Flt_102222,0
Crew_11570,Flt_101821,0
Crew_11570,Flt_102287,0
Crew_11570,Flt_100682,0
Crew_11570,Flt_100247,0
Crew_11570,Flt_108727,0
Crew_11570,Flt_106956,0
Crew_11570,ddh_100059,1
Crew_11570,ddh_100100,1
Crew_11570,ddh_100780,1
Crew_11587,Flt_102115,0
Crew_11587,Flt_101173,0
Crew_11587,Flt_101105,0
Crew_11587,Flt_101433,0
Crew_11587,Flt_109337,0
Crew_11587,Flt_103231,0
Crew_11587,Flt_106196,0
Crew_11587,Flt_105789,0
Crew_11587,Flt_107290,0
Crew_11587,Flt_106942,0
Crew_11587,ddh_101548,1
Crew_11587,ddh_102204,1
Crew_11587,ddh_100362,1
Crew_11631,Flt_101672,0
Crew_11631,Flt_101538,0
Crew_11631,Flt_100502,0
Crew_11631,Flt_101403,0
Crew_11631,Flt_100896,0
Crew_11631,Flt_100052,0
Crew_11631,Flt_101398,0
Crew_11631,Flt_102144,0
Crew_11631,Flt_106950,0
Crew_11631,Flt_113045,0
Crew_11631,Flt_107668,0
Crew_11632,Flt_101990,0
Crew_11632,Flt_111835,0
Crew_11632,Flt_111467,0
Crew_11632,Flt_109394,0
Crew_11632,Flt_105029,0
Crew_11632,Flt_104653,0
Crew_11632,ddh_101548,1
Crew_11632,ddh_101852,1
Crew_11632,ddh_100050,1
Crew_11632,ddh_100846,1
Crew_11632,ddh_101862,1
Crew_11637,Flt_100073,0
Crew_11637,Flt_101030,0
Crew_11637,Flt_104641,0
Crew_11637,Flt_108998,0
Crew_11637,Flt_110400,0
Crew_11637,Flt_113726,0
Crew_11637,Flt_109429,0
Crew_11637,Flt_112610,0
Crew_11637,Flt_104728,0
Crew_11637,Flt_109079,0
Crew_11637,ddh_101999,1
Crew_11637,ddh_101733,1
Crew_11637,ddh_100846,1
Crew_11637,ddh_101987,1
Crew_11639,Flt_101323,0
Crew_11639,Flt_100448,0
Crew_11639,Flt_113619,0
Crew_11639,Flt_113268,0
Crew_11639,Flt_112948,0
Crew_11639,Flt_108355,0
Crew_11639,Flt_111177,0
Crew_11639,Flt_110871,0
Crew_11639,Flt_113037,0
Crew_11639,ddh_100286,1
Crew_11639,ddh_100040,1
Crew_11639,ddh_100130,1
Crew_11639,ddh_100621,1
Crew_11655,Flt_102173,0
Crew_11655,Flt_101763,0
Crew_11655,Flt_101599,0
Crew_11655,Flt_101031,0
Crew_11655,Flt_108630,0
Crew_11655,Flt_110749,0
Crew_11655,Flt_112620,0
Crew_11655,Flt_103957,0
Crew_11655,ddh_100149,1
Crew_11655,ddh_100019,1
Crew_11655,ddh_102258,1
Crew_11655,ddh_100620,1
Crew_11655,ddh_100780,1
Crew_11656,Flt_100651,0
Crew_11656,Flt_101047,0
Crew_11656,Flt_101186,0
Crew_11656,Flt_111469,0
Crew_11656,Flt_103161,0
Crew_11656,Flt_108364,0
Crew_11656,Flt_110895,0
Crew_11656,Flt_109798,0
Crew_11656,ddh_100994,1
Crew_11656,ddh_100020,1
Crew_11656,ddh_100846,1
Crew_11663,Flt_100408,0
Crew_11663,Flt_102290,0
Crew_11663,Flt_110774,0
Crew_11663,Flt_105010,0
Crew_11663,Flt_103266,0
Crew_11663,Flt_110858,0
Crew_11663,Flt_109464,0
Crew_11663,ddh_100350,1
Crew_11663,ddh_101999,1
Crew_11663,ddh_101852,1
Crew_11663,ddh_100780,1
Crew_11664,Flt_101855,0
Crew_11664,Flt_101461,0
Crew_11664,Flt_100895,0
Crew_11664,Flt_101021,0
Crew_11664,Flt_101169,0
Crew_11664,Flt_101895,0
Crew_11664,Flt_102069,0
Crew_11664,Flt_101717,0
Crew_11664,ddh_101106,1
Crew_11664,ddh_100673,1
Crew_11664,ddh_100057,1
Crew_11664,ddh_102000,1
Crew_11664,ddh_101243,1
Crew_11664,ddh_100099,1
Crew_11664,ddh_100029,1
Crew_11664,ddh_101061,1
Crew_11664,ddh_100224,1
Crew_11665,Flt_100092,0
Crew_11665,Flt_100093,0
Crew_11665,Flt_100116,0
Crew_11665,Flt_101766,0
Crew_11665,Flt_100467,0
Crew_11665,Flt_101128,0
Crew_11665,ddh_102063,1
Crew_11665,ddh_101362,1
Crew_11665,ddh_101920,1
Crew_11665,ddh_101243,1
Crew_11665,ddh_100129,1
Crew_11665,ddh_100643,1
Crew_11665,ddh_101057,1
Crew_11665,ddh_100719,1
Crew_11674,Flt_100654,0
Crew_11674,Flt_102265,0
Crew_11674,Flt_100416,0
Crew_11674,Flt_100643,0
Crew_11674,Flt_100447,0
Crew_11674,Flt_101098,0
Crew_11674,Flt_101589,0
Crew_11674,Flt_100004,0
Crew_11674,Flt_102041,0
Crew_11674,Flt_104363,0
Crew_11674,Flt_108362,0
Crew_11674,ddh_101617,1
Crew_11676,Flt_100839,0
Crew_11676,Flt_101288,0
Crew_11676,Flt_100135,0
Crew_11676,Flt_101012,0
Crew_11676,Flt_102190,0
Crew_11676,Flt_101466,0
Crew_11676,Flt_113635,0
Crew_11676,Flt_108266,0
Crew_11676,Flt_104639,0
Crew_11676,ddh_101490,1
Crew_11676,ddh_100643,1
Crew_11676,ddh_101419,1
Crew_11676,ddh_100140,1
Crew_11693,Flt_101715,0
Crew_11693,Flt_101940,0
Crew_11693,Flt_101042,0
Crew_11693,Flt_102272,0
Crew_11693,Flt_101371,0
Crew_11693,Flt_102005,0
Crew_11693,Flt_101320,0
Crew_11693,Flt_102237,0
Crew_11693,Flt_101447,0
Crew_11693,Flt_102085,0
Crew_11693,Flt_102498,0
Crew_11693,Flt_104715,0
Crew_11693,Flt_102872,0
Crew_11693,Flt_106588,0
Crew_11693,ddh_101926,1
Crew_11693,ddh_100060,1
Crew_11694,Flt_102289,0
Crew_11694,Flt_100832,0
Crew_11694,Flt_102016,0
Crew_11694,Flt_100186,0
Crew_11694,Flt_100368,0
Crew_11694,Flt_101018,0
Crew_11694,Flt_101586,0
Crew_11694,Flt_110093,0
Crew_11694,Flt_103982,0
Crew_11694,Flt_109447,0
Crew_11694,Flt_108706,0
Crew_11694,ddh_101999,1
Crew_11694,ddh_101852,1
Crew_11694,ddh_100060,1
Crew_11704,Flt_101181,0
Crew_11704,Flt_101497,0
Crew_11704,Flt_100130,0
Crew_11704,Flt_100777,0
Crew_11704,Flt_112645,0
Crew_11704,Flt_110855,0
Crew_11704,Flt_113665,0
Crew_11704,Flt_109728,0
Crew_11704,Flt_107944,0
Crew_11704,ddh_102199,1
Crew_11704,ddh_100020,1
Crew_11704,ddh_100130,1
Crew_11704,ddh_101933,1
Crew_11709,Flt_101553,0
Crew_11709,Flt_100190,0
Crew_11709,Flt_111123,0
Crew_11709,Flt_106489,0
Crew_11709,Flt_108979,0
Crew_11709,Flt_111124,0
Crew_11709,Flt_104730,0
Crew_11709,Flt_104731,0
Crew_11709,Flt_111900,0
Crew_11709,Flt_107678,0
Crew_11709,ddh_101999,1
Crew_11709,ddh_101852,1
Crew_11709,ddh_100040,1
Crew_11709,ddh_101369,1
Crew_11709,ddh_101314,1
Crew_11710,Flt_104632,0
Crew_11710,Flt_105771,0
Crew_11710,Flt_112590,0
Crew_11710,Flt_105425,0
Crew_11710,Flt_107963,0
Crew_11710,Flt_109388,0
Crew_11710,Flt_109744,0
Crew_11710,Flt_110862,0
Crew_11710,Flt_103997,0
Crew_11710,Flt_113032,0
Crew_11710,ddh_101999,1
Crew_11710,ddh_101733,1
Crew_11710,ddh_100846,1
Crew_11710,ddh_101987,1
Crew_11712,Flt_101885,0
Crew_11712,Flt_100779,0
Crew_11712,Flt_101174,0
Crew_11712,Flt_101709,0
Crew_11712,Flt_109321,0
Crew_11712,Flt_112926,0
Crew_11712,Flt_104605,0
Crew_11712,Flt_113727,0
Crew_11712,Flt_109787,0
Crew_11712,Flt_106943,0
Crew_11712,ddh_101297,1
Crew_11712,ddh_101680,1
Crew_11712,ddh_102196,1
Crew_11728,Flt_100229,0
Crew_11728,Flt_112217,0
Crew_11728,Flt_104602,0
Crew_11728,Flt_105028,0
Crew_11728,Flt_102455,0
Crew_11728,Flt_109375,0
Crew_11728,Flt_108387,0
Crew_11728,ddh_102199,1
Crew_11728,ddh_100030,1
Crew_11728,ddh_101061,1
Crew_11728,ddh_100224,1
Crew_11740,Flt_100254,0
Crew_11740,Flt_100118,0
Crew_11740,Flt_101321,0
Crew_11740,Flt_101388,0
Crew_11740,Flt_101418,0
Crew_11740,Flt_100821,0
Crew_11740,Flt_101545,0
Crew_11740,Flt_102439,0
Crew_11740,Flt_111484,0
Crew_11740,Flt_106508,0
Crew_11743,Flt_101803,0
Crew_11743,Flt_100121,0
Crew_11743,Flt_100280,0
Crew_11743,Flt_101228,0
Crew_11743,Flt_101415,0
Crew_11743,Flt_100656,0
Crew_11743,Flt_106477,0
Crew_11743,Flt_113626,0
Crew_11743,Flt_109336,0
Crew_11743,Flt_112928,0
Crew_11743,ddh_100137,1
Crew_11743,ddh_100624,1
Crew_11743,ddh_101484,1
Crew_11743,ddh_100426,1
Crew_11743,ddh_100343,1
Crew_11743,ddh_100059,1
Crew_11743,ddh_100845,1
Crew_11746,Flt_101550,0
Crew_11746,Flt_101482,0
Crew_11746,Flt_101351,0
Crew_11746,ddh_100635,1
Crew_11751,Flt_100381,0
Crew_11751,Flt_100658,0
Crew_11751,Flt_101296,0
Crew_11751,Flt_100422,0
Crew_11751,Flt_109333,0
Crew_11751,Flt_108260,0
Crew_11751,Flt_110396,0
Crew_11751,Flt_108992,0
Crew_11751,Flt_108318,0
Crew_11751,Flt_107250,0
Crew_11751,Flt_112984,0
Crew_11751,Flt_104663,0
Crew_11751,Flt_109382,0
Crew_11751,ddh_102194,1
Crew_11751,ddh_102120,1
Crew_11751,ddh_100631,1
Crew_11752,Flt_100415,0
Crew_11752,Flt_100199,0
Crew_11752,Flt_100818,0
Crew_11752,Flt_101843,0
Crew_11752,Flt_101185,0
Crew_11752,Flt_102772,0
Crew_11752,Flt_111825,0
Crew_11752,Flt_103519,0
Crew_11752,ddh_100148,1
Crew_11752,ddh_100028,1
Crew_11752,ddh_100099,1
Crew_11752,ddh_100029,1
Crew_11752,ddh_100129,1
Crew_11752,ddh_102120,1
Crew_11752,ddh_101563,1
Crew_11752,ddh_100791,1
Crew_11763,Flt_102050,0
Crew_11763,Flt_100425,0
Crew_11763,Flt_100366,0
Crew_11763,Flt_102066,0
Crew_11763,ddh_100266,1
Crew_11763,ddh_100751,1
Crew_11763,ddh_100673,1
Crew_11763,ddh_101425,1
Crew_11763,ddh_102264,1
Crew_11769,Flt_105014,0
Crew_11769,Flt_109351,0
Crew_11769,Flt_104000,0
Crew_11769,Flt_110104,0
Crew_11769,ddh_100058,1
Crew_11769,ddh_100099,1
Crew_11769,ddh_100019,1
Crew_11769,ddh_100139,1
Crew_11769,ddh_101273,1
Crew_11770,Flt_102269,0
Crew_11770,Flt_101182,0
Crew_11770,Flt_101909,0
Crew_11770,Flt_100378,0
Crew_11770,Flt_101958,0
Crew_11770,Flt_101657,0
Crew_11770,Flt_101095,0
Crew_11770,Flt_102046,0
Crew_11770,Flt_101911,0
Crew_11770,Flt_101772,0
Crew_11770,Flt_105854,0
Crew_11770,Flt_108369,0
Crew_11770,ddh_102208,1
Crew_11775,Flt_101980,0
Crew_11775,Flt_100894,0
Crew_11775,Flt_100039,0
Crew_11775,Flt_100569,0
Crew_11775,Flt_102322,0
Crew_11775,Flt_112646,0
Crew_11775,Flt_102495,0
Crew_11775,Flt_107280,0
Crew_11775,Flt_107679,0
Crew_11775,Flt_110083,0
Crew_11775,ddh_101427,1
Crew_11775,ddh_101419,1
Crew_11775,ddh_100110,1
Crew_11775,ddh_100780,1
Crew_11776,Flt_100420,0
Crew_11776,Flt_101973,0
Crew_11776,Flt_101247,0
Crew_11776,Flt_102255,0
Crew_11776,ddh_101203,1
Crew_11776,ddh_100673,1
Crew_11776,ddh_100047,1
Crew_11776,ddh_100137,1
Crew_11776,ddh_100008,1
Crew_11778,Flt_100486,0
Crew_11778,Flt_100627,0
Crew_11778,Flt_101114,0
Crew_11778,Flt_100580,0
Crew_11778,Flt_101844,0
Crew_11778,ddh_102119,1
Crew_11778,ddh_100020,1
Crew_11778,ddh_101251,1
Crew_11781,Flt_100449,0
Crew_11781,Flt_100576,0
Crew_11781,Flt_100040,0
Crew_11781,Flt_101131,0
Crew_11781,Flt_102183,0
Crew_11781,Flt_101588,0
Crew_11781,Flt_100820,0
Crew_11781,Flt_100586,0
Crew_11781,ddh_101478,1
Crew_11781,ddh_100020,1
Crew_11781,ddh_100846,1
Crew_11785,Flt_100459,0
Crew_11785,Flt_101705,0
Crew_11785,Flt_100255,0
Crew_11785,Flt_100687,0
Crew_11785,Flt_100205,0
Crew_11785,Flt_100856,0
Crew_11785,Flt_101988,0
Crew_11785,Flt_100310,0
Crew_11785,Flt_105847,0
Crew_11785,Flt_107293,0
Crew_11785,ddh_100059,1
Crew_11785,ddh_101548,1
Crew_11785,ddh_101733,1
Crew_11785,ddh_100140,1
Crew_11795,Flt_100231,0
Crew_11795,Flt_100954,0
Crew_11795,Flt_106481,0
Crew_11795,Flt_105749,0
Crew_11795,Flt_103172,0
Crew_11795,Flt_112260,0
Crew_11795,Flt_105053,0
Crew_11795,Flt_104342,0
Crew_11795,Flt_112611,0
Crew_11795,ddh_101994,1
Crew_11795,ddh_100288,1
Crew_11795,ddh_102073,1
Crew_11795,ddh_101735,1
Crew_11795,ddh_100771,1
Crew_11797,ddh_101446,1
Crew_11797,Flt_102156,0
Crew_11797,Flt_100608,0
Crew_11797,Flt_101389,0
Crew_11797,Flt_101252,0
Crew_11797,Flt_101111,0
Crew_11797,ddh_100097,1
Crew_11797,ddh_100017,1
Crew_11797,ddh_100118,1
Crew_11797,ddh_100058,1
Crew_11797,ddh_101548,1
Crew_11797,ddh_101852,1
Crew_11797,ddh_100621,1
Crew_11809,Flt_100327,0
Crew_11809,Flt_102067,0
Crew_11809,Flt_100479,0
Crew_11809,Flt_100419,0
Crew_11809,Flt_101142,0
Crew_11809,Flt_100718,0
Crew_11809,Flt_100556,0
Crew_11809,Flt_106570,0
Crew_11809,Flt_109430,0
Crew_11809,Flt_107284,0
Crew_11809,ddh_100779,1
Crew_11809,Flt_103554,0
Crew_11815,Flt_101511,0
Crew_11815,Flt_100059,0
Crew_11815,Flt_101270,0
Crew_11815,Flt_101547,0
Crew_11815,Flt_102423,0
Crew_11815,Flt_102797,0
Crew_11815,Flt_113642,0
Crew_11815,Flt_105386,0
Crew_11815,ddh_100098,1
Crew_11815,ddh_100018,1
Crew_11815,ddh_100100,1
Crew_11815,ddh_101735,1
Crew_11815,ddh_101235,1
Crew_11846,Flt_100380,0
Crew_11846,Flt_101339,0
Crew_11846,Flt_101777,0
Crew_11846,Flt_101946,0
Crew_11846,Flt_100174,0
Crew_11846,Flt_100984,0
Crew_11846,Flt_101815,0
Crew_11846,Flt_101005,0
Crew_11846,Flt_101816,0
Crew_11846,Flt_101364,0
Crew_11846,Flt_100078,0
Crew_11846,Flt_100222,0
Crew_11846,Flt_113335,0
Crew_11846,Flt_110838,0
Crew_11846,Flt_109410,0
Crew_11846,ddh_100935,1
Crew_11846,ddh_101001,1
Crew_11855,Flt_101204,0
Crew_11855,Flt_100831,0
Crew_11855,Flt_102010,0
Crew_11855,Flt_100049,0
Crew_11855,Flt_102327,0
Crew_11855,Flt_101894,0
Crew_11855,Flt_101353,0
Crew_11857,Flt_100823,0
Crew_11857,Flt_102014,0
Crew_11857,Flt_100799,0
Crew_11857,ddh_101106,1
Crew_11857,ddh_100673,1
Crew_11857,ddh_101425,1
Crew_11857,ddh_101242,1
Crew_11857,ddh_100433,1
Crew_11857,ddh_100352,1
Crew_11857,ddh_100363,1
Crew_11857,ddh_102204,1
Crew_11857,ddh_101728,1
Crew_11862,Flt_101205,0
Crew_11862,Flt_100406,0
Crew_11862,Flt_101871,0
Crew_11862,Flt_102228,0
Crew_11862,Flt_102181,0
Crew_11862,Flt_102037,0
Crew_11862,Flt_101824,0
Crew_11862,Flt_101851,0
Crew_11862,Flt_101630,0
Crew_11862,Flt_106520,0
Crew_11862,Flt_108308,0
Crew_11862,Flt_103948,0
Crew_11862,ddh_100638,1
Crew_11862,ddh_100050,1
Crew_11862,ddh_100130,1
Crew_11945,Flt_101478,0
Crew_11945,Flt_101479,0
Crew_11945,Flt_100881,0
Crew_11945,Flt_101796,0
Crew_11945,Flt_101209,0
Crew_11945,Flt_101063,0
Crew_11945,Flt_101210,0
Crew_11945,Flt_101587,0
Crew_11945,Flt_101764,0
Crew_11945,Flt_100550,0
Crew_11945,Flt_101176,0
Crew_11945,Flt_100812,0
Crew_11945,Flt_100384,0
Crew_11945,Flt_110460,0
Crew_11945,Flt_111928,0
Crew_11945,ddh_100059,1
Crew_11945,ddh_101548,1
Crew_11945,ddh_100781,1
Crew_11950,Flt_100680,0
Crew_11950,Flt_100032,0
Crew_11950,Flt_101798,0
Crew_11950,Flt_102006,0
Crew_11950,Flt_100545,0
Crew_11950,Flt_102176,0
Crew_11950,Flt_100207,0
Crew_11950,Flt_100139,0
Crew_11950,Flt_100533,0
Crew_11950,Flt_101718,0
Crew_11950,Flt_105049,0
Crew_11950,Flt_102473,0
Crew_11950,ddh_100169,1
Crew_11950,ddh_101273,1
Crew_11950,ddh_100781,1
Crew_11954,Flt_102087,0
Crew_11954,Flt_101103,0
Crew_11954,Flt_110025,0
Crew_11954,Flt_111466,0
Crew_11954,Flt_102483,0
Crew_11954,Flt_104358,0
Crew_11954,Flt_113042,0
Crew_11954,ddh_101490,1
Crew_11954,ddh_100030,1
Crew_11954,ddh_100846,1
Crew_11954,ddh_101791,1
Crew_11957,Flt_102254,0
Crew_11957,Flt_101325,0
Crew_11957,Flt_101246,0
Crew_11957,Flt_106154,0
>>>>>>> origin/Heuristic-SA
Crew_11957,Flt_108646,0
Crew_11957,Flt_104307,0
Crew_11957,Flt_103565,0
Crew_11957,Flt_111161,0
Crew_11957,Flt_110125,0
Crew_11957,Flt_110896,0
Crew_11957,ddh_100994,1
<<<<<<< HEAD
Crew_11957,ddh_100621,1
Crew_11974,Flt_101383,0
Crew_11974,Flt_100269,0
Crew_11974,Flt_101389,0
Crew_11974,Flt_102191,0
Crew_11974,Flt_100312,0
Crew_11974,Flt_104616,0
Crew_11974,Flt_110032,0
Crew_11974,Flt_111122,0
Crew_11974,ddh_101847,1
Crew_11974,ddh_100018,1
Crew_11974,ddh_100139,1
Crew_11974,ddh_101056,1
Crew_11974,ddh_101553,1
=======
Crew_11957,ddh_100020,1
Crew_11957,ddh_101251,1
Crew_11974,Flt_102137,0
Crew_11974,Flt_101936,0
Crew_11974,Flt_105783,0
Crew_11974,Flt_103934,0
Crew_11974,Flt_102486,0
Crew_11974,Flt_109411,0
Crew_11974,Flt_112320,0
Crew_11974,Flt_102529,0
Crew_11974,Flt_104016,0
Crew_11974,ddh_102119,1
Crew_11974,ddh_100020,1
Crew_11974,ddh_101061,1
Crew_11974,ddh_100926,1
>>>>>>> origin/Heuristic-SA
Crew_11989,Flt_102121,0
Crew_11989,Flt_100010,0
Crew_11989,Flt_100011,0
Crew_11989,Flt_101109,0
<<<<<<< HEAD
Crew_11989,ddh_100647,1
Crew_11989,Flt_102331,0
Crew_11989,Flt_100444,0
Crew_11989,Flt_102116,0
Crew_11989,Flt_101904,0
Crew_11989,Flt_100397,0
Crew_11989,ddh_101617,1
Crew_12010,Flt_101358,0
Crew_12010,Flt_103189,0
Crew_12010,Flt_111138,0
Crew_12010,Flt_107307,0
Crew_12010,Flt_109466,0
Crew_12010,Flt_102450,0
Crew_12010,Flt_109006,0
Crew_12010,Flt_113699,0
Crew_12010,ddh_100994,1
Crew_12010,ddh_100080,1
Crew_12010,ddh_100927,1
Crew_12010,ddh_101935,1
Crew_12013,Flt_100401,0
Crew_12013,Flt_100109,0
Crew_12013,Flt_101224,0
Crew_12013,Flt_100720,0
Crew_12013,Flt_102320,0
Crew_12013,Flt_100091,0
Crew_12013,Flt_111931,0
Crew_12015,Flt_101281,0
Crew_12015,Flt_101432,0
Crew_12015,Flt_100055,0
Crew_12015,Flt_100786,0
Crew_12015,Flt_101766,0
Crew_12015,Flt_100467,0
Crew_12015,Flt_101128,0
Crew_12015,Flt_107679,0
Crew_12015,Flt_105100,0
Crew_12015,ddh_101110,1
Crew_12015,ddh_100571,1
Crew_12044,Flt_101672,0
Crew_12044,Flt_101538,0
Crew_12044,Flt_100502,0
Crew_12044,Flt_102003,0
Crew_12044,Flt_101314,0
Crew_12044,Flt_100439,0
Crew_12044,Flt_101107,0
Crew_12044,Flt_100214,0
Crew_12044,ddh_100136,1
Crew_12044,ddh_100087,1
Crew_12044,ddh_100853,1
Crew_12044,ddh_102005,1
Crew_12044,ddh_101318,1
Crew_12046,Flt_100327,0
Crew_12046,Flt_102067,0
Crew_12046,Flt_101737,0
Crew_12046,Flt_100276,0
Crew_12046,Flt_100776,0
Crew_12046,Flt_101229,0
Crew_12046,Flt_100802,0
Crew_12046,Flt_100300,0
Crew_12046,ddh_101003,1
Crew_12046,ddh_101498,1
Crew_12046,ddh_100932,1
Crew_12058,Flt_100163,0
Crew_12058,Flt_100620,0
Crew_12058,Flt_100487,0
Crew_12058,Flt_101227,0
Crew_12058,Flt_101150,0
Crew_12058,Flt_101039,0
Crew_12058,Flt_101113,0
Crew_12058,Flt_100742,0
Crew_12058,Flt_105049,0
Crew_12058,Flt_102473,0
Crew_12058,ddh_100169,1
Crew_12058,ddh_101735,1
Crew_12060,Flt_100231,0
Crew_12060,Flt_100954,0
Crew_12060,Flt_106481,0
Crew_12060,Flt_110037,0
Crew_12060,Flt_105454,0
Crew_12060,Flt_109757,0
Crew_12060,Flt_109758,0
Crew_12060,Flt_112310,0
Crew_12060,ddh_100625,1
Crew_12060,ddh_100788,1
Crew_12062,Flt_100038,0
Crew_12062,Flt_101719,0
Crew_12062,Flt_107898,0
Crew_12062,Flt_102400,0
Crew_12062,Flt_113271,0
Crew_12062,Flt_104692,0
Crew_12062,Flt_111887,0
Crew_12062,Flt_106185,0
Crew_12062,Flt_104363,0
Crew_12062,ddh_101734,1
Crew_12062,ddh_101175,1
Crew_12062,ddh_101358,1
Crew_12069,Flt_100946,0
Crew_12069,Flt_101333,0
Crew_12069,Flt_102158,0
Crew_12069,Flt_102073,0
Crew_12069,Flt_102299,0
Crew_12069,Flt_101322,0
Crew_12069,Flt_100293,0
Crew_12069,Flt_101459,0
Crew_12069,Flt_101674,0
Crew_12069,Flt_101675,0
Crew_12069,Flt_103944,0
Crew_12069,Flt_111502,0
Crew_12069,Flt_107951,0
Crew_12069,ddh_100070,1
Crew_12069,ddh_100170,1
=======
Crew_11989,Flt_101211,0
Crew_11989,Flt_100835,0
Crew_11989,Flt_101064,0
Crew_11989,Flt_101004,0
Crew_11989,Flt_101158,0
Crew_11989,Flt_102119,0
Crew_11989,Flt_101110,0
Crew_11989,Flt_102264,0
Crew_11989,ddh_100619,1
Crew_12010,Flt_100225,0
Crew_12010,Flt_102193,0
Crew_12010,Flt_110014,0
Crew_12010,Flt_111821,0
Crew_12010,Flt_103895,0
Crew_12010,Flt_111564,0
Crew_12010,Flt_112290,0
Crew_12010,ddh_100994,1
Crew_12010,ddh_100020,1
Crew_12010,ddh_100120,1
Crew_12010,ddh_102196,1
Crew_12013,Flt_101202,0
Crew_12013,Flt_101125,0
Crew_12013,Flt_102216,0
Crew_12013,Flt_100890,0
Crew_12013,Flt_101747,0
Crew_12013,Flt_100707,0
Crew_12013,Flt_102168,0
Crew_12013,Flt_100431,0
Crew_12013,Flt_101690,0
Crew_12013,Flt_105869,0
Crew_12013,Flt_110129,0
Crew_12013,Flt_105870,0
Crew_12013,ddh_101994,1
Crew_12013,ddh_101235,1
Crew_12015,Flt_101678,0
Crew_12015,Flt_101506,0
Crew_12015,Flt_100995,0
Crew_12015,Flt_101143,0
Crew_12015,Flt_102443,0
Crew_12015,Flt_109362,0
Crew_12015,Flt_106826,0
Crew_12015,Flt_110412,0
Crew_12015,Flt_112612,0
Crew_12015,Flt_103568,0
Crew_12015,Flt_107299,0
Crew_12015,Flt_103199,0
Crew_12015,Flt_111148,0
Crew_12015,Flt_106862,0
Crew_12015,Flt_103936,0
Crew_12015,ddh_101992,1
Crew_12015,ddh_100780,1
Crew_12044,Flt_101575,0
Crew_12044,Flt_101960,0
Crew_12044,Flt_101331,0
Crew_12044,Flt_100452,0
Crew_12044,Flt_101248,0
Crew_12044,Flt_101106,0
Crew_12044,ddh_100166,1
Crew_12044,ddh_100751,1
Crew_12044,ddh_100673,1
Crew_12044,ddh_100047,1
Crew_12044,ddh_101061,1
Crew_12044,ddh_100926,1
Crew_12046,Flt_101027,0
Crew_12046,Flt_102257,0
Crew_12046,Flt_102310,0
Crew_12046,Flt_100722,0
Crew_12046,Flt_100959,0
Crew_12046,Flt_101925,0
Crew_12046,ddh_100097,1
Crew_12046,ddh_100017,1
Crew_12046,ddh_100127,1
Crew_12046,ddh_100018,1
Crew_12046,ddh_101647,1
Crew_12046,ddh_100781,1
Crew_12058,Flt_100744,0
Crew_12058,Flt_101076,0
Crew_12058,Flt_101742,0
Crew_12058,Flt_100638,0
Crew_12058,Flt_101230,0
Crew_12058,Flt_101193,0
Crew_12058,Flt_102133,0
Crew_12058,Flt_109781,0
Crew_12058,Flt_109066,0
Crew_12058,ddh_101297,1
Crew_12058,ddh_101680,1
Crew_12060,Flt_102165,0
Crew_12060,Flt_101310,0
Crew_12060,Flt_101338,0
Crew_12060,Flt_100398,0
Crew_12060,Flt_104275,0
Crew_12060,Flt_107230,0
Crew_12060,Flt_103919,0
Crew_12060,ddh_101700,1
Crew_12060,ddh_100552,1
Crew_12060,ddh_100777,1
Crew_12060,ddh_100343,1
Crew_12060,ddh_100059,1
Crew_12060,ddh_100110,1
Crew_12060,ddh_100040,1
Crew_12060,ddh_101251,1
Crew_12062,Flt_100986,0
Crew_12062,Flt_100794,0
Crew_12062,Flt_100932,0
Crew_12062,Flt_102187,0
Crew_12062,Flt_101409,0
Crew_12062,Flt_112572,0
Crew_12062,Flt_108971,0
Crew_12062,Flt_112935,0
Crew_12062,Flt_113636,0
Crew_12062,ddh_100098,1
Crew_12062,ddh_100018,1
Crew_12062,ddh_100138,1
Crew_12062,ddh_101230,1
Crew_12069,Flt_101485,0
Crew_12069,Flt_102204,0
Crew_12069,Flt_100266,0
Crew_12069,Flt_107901,0
Crew_12069,Flt_103549,0
Crew_12069,Flt_110120,0
Crew_12069,Flt_111578,0
Crew_12069,Flt_104732,0
Crew_12069,Flt_107625,0
Crew_12069,Flt_105093,0
Crew_12069,Flt_107673,0
Crew_12069,ddh_100619,1
>>>>>>> origin/Heuristic-SA
Crew_12081,Flt_101835,0
Crew_12081,Flt_102044,0
Crew_12081,Flt_101808,0
Crew_12081,Flt_101743,0
<<<<<<< HEAD
Crew_12081,Flt_100438,0
Crew_12081,Flt_101313,0
Crew_12081,Flt_101015,0
Crew_12081,Flt_101126,0
Crew_12081,Flt_100328,0
Crew_12081,Flt_100170,0
Crew_12081,Flt_111530,0
Crew_12081,ddh_100853,1
Crew_12113,Flt_101458,0
Crew_12113,Flt_102250,0
Crew_12113,Flt_101927,0
Crew_12113,Flt_100667,0
Crew_12113,Flt_110058,0
Crew_12113,Flt_106858,0
Crew_12113,Flt_108370,0
Crew_12113,Flt_105848,0
Crew_12113,Flt_112258,0
Crew_12113,ddh_101234,1
Crew_12113,ddh_100029,1
Crew_12113,ddh_100119,1
Crew_12113,ddh_102120,1
Crew_12113,ddh_101321,1
Crew_12119,Flt_100326,0
Crew_12119,Flt_100238,0
Crew_12119,Flt_102081,0
Crew_12119,Flt_100618,0
Crew_12119,Flt_100995,0
Crew_12119,Flt_102330,0
Crew_12119,Flt_100167,0
Crew_12119,Flt_105870,0
Crew_12119,Flt_102900,0
Crew_12119,ddh_101478,1
Crew_12121,Flt_102212,0
Crew_12121,Flt_101204,0
Crew_12121,Flt_101862,0
Crew_12121,Flt_100039,0
Crew_12121,Flt_101096,0
Crew_12121,Flt_100289,0
Crew_12121,Flt_100726,0
Crew_12121,Flt_101771,0
Crew_12121,Flt_102046,0
Crew_12121,Flt_100885,0
Crew_12121,Flt_109066,0
Crew_12121,Flt_106223,0
Crew_12121,ddh_100705,1
Crew_12121,ddh_100020,1
Crew_12121,ddh_100614,1
Crew_12121,ddh_102005,1
Crew_12127,Flt_101280,0
Crew_12127,Flt_100251,0
Crew_12127,Flt_100683,0
Crew_12127,Flt_102007,0
Crew_12127,Flt_100335,0
Crew_12127,Flt_102033,0
Crew_12127,Flt_113726,0
Crew_12127,Flt_107614,0
Crew_12127,Flt_104010,0
Crew_12135,Flt_101780,0
Crew_12135,Flt_101350,0
Crew_12135,Flt_100961,0
Crew_12135,Flt_101806,0
Crew_12135,Flt_102156,0
Crew_12135,Flt_100608,0
Crew_12135,Flt_101170,0
Crew_12135,Flt_100887,0
Crew_12135,Flt_101426,0
Crew_12135,Flt_101851,0
Crew_12135,Flt_106566,0
Crew_12135,Flt_110461,0
Crew_12135,Flt_106928,0
Crew_12135,ddh_100853,1
Crew_12138,Flt_100003,0
Crew_12138,Flt_100181,0
Crew_12138,Flt_100484,0
Crew_12138,Flt_102239,0
Crew_12138,Flt_100927,0
Crew_12138,Flt_101347,0
Crew_12138,Flt_101418,0
Crew_12138,Flt_102133,0
Crew_12138,Flt_104278,0
Crew_12138,Flt_111148,0
Crew_12138,Flt_106862,0
Crew_12138,ddh_100722,1
Crew_12144,Flt_100862,0
Crew_12144,Flt_100863,0
Crew_12144,Flt_101642,0
Crew_12144,Flt_100705,0
Crew_12144,Flt_100447,0
Crew_12144,Flt_101098,0
Crew_12144,Flt_101589,0
Crew_12144,Flt_100875,0
Crew_12144,Flt_100013,0
Crew_12144,Flt_101602,0
Crew_12144,Flt_101544,0
Crew_12144,ddh_100097,1
Crew_12144,ddh_101230,1
Crew_12144,ddh_100986,1
Crew_12144,ddh_101933,1
Crew_12145,Flt_101802,0
Crew_12145,Flt_100633,0
Crew_12145,Flt_100578,0
Crew_12145,Flt_104641,0
Crew_12145,Flt_108998,0
Crew_12145,Flt_110400,0
Crew_12145,ddh_101299,1
Crew_12145,ddh_101371,1
Crew_12145,ddh_101926,1
Crew_12145,ddh_101315,1
Crew_12148,Flt_110378,0
Crew_12148,Flt_107567,0
Crew_12148,Flt_110841,0
Crew_12148,Flt_111909,0
Crew_12148,Flt_113049,0
Crew_12148,Flt_104361,0
Crew_12162,Flt_101825,0
Crew_12162,Flt_100567,0
Crew_12162,Flt_101919,0
Crew_12162,ddh_100783,1
Crew_12162,ddh_101309,1
Crew_12162,ddh_101322,1
Crew_12189,Flt_101701,0
Crew_12189,Flt_101189,0
Crew_12189,Flt_102164,0
Crew_12189,Flt_101299,0
Crew_12189,Flt_100205,0
Crew_12189,Flt_101120,0
Crew_12189,Flt_101690,0
Crew_12189,Flt_102522,0
Crew_12189,Flt_112314,0
Crew_12189,Flt_106242,0
Crew_12189,Flt_113750,0
Crew_12189,ddh_100853,1
Crew_12189,ddh_101727,1
Crew_12197,Flt_101860,0
Crew_12197,Flt_101277,0
Crew_12197,Flt_100267,0
Crew_12197,Flt_101735,0
Crew_12197,Flt_100710,0
Crew_12197,Flt_102038,0
Crew_12197,Flt_102143,0
Crew_12197,Flt_101476,0
Crew_12197,Flt_100664,0
Crew_12197,Flt_113359,0
Crew_12197,Flt_109074,0
Crew_12197,Flt_110116,0
Crew_12199,Flt_102192,0
Crew_12199,Flt_102048,0
Crew_12199,Flt_101744,0
Crew_12199,Flt_100142,0
Crew_12199,Flt_102023,0
Crew_12199,Flt_100453,0
Crew_12199,Flt_108683,0
Crew_12199,Flt_111181,0
Crew_12199,Flt_104356,0
Crew_12199,ddh_101782,1
Crew_12217,Flt_102412,0
Crew_12217,Flt_105003,0
Crew_12217,Flt_111845,0
Crew_12217,Flt_111529,0
Crew_12217,Flt_102850,0
Crew_12217,Flt_102449,0
Crew_12217,Flt_113667,0
Crew_12217,ddh_101228,1
Crew_12222,Flt_101548,0
Crew_12222,Flt_100817,0
Crew_12222,Flt_101445,0
Crew_12222,Flt_100208,0
Crew_12222,Flt_101613,0
Crew_12222,Flt_103246,0
Crew_12222,Flt_107275,0
Crew_12229,Flt_100232,0
Crew_12229,Flt_100090,0
Crew_12229,Flt_101775,0
Crew_12229,Flt_103919,0
Crew_12229,Flt_108635,0
Crew_12229,Flt_113734,0
Crew_12229,Flt_112620,0
Crew_12229,Flt_103957,0
Crew_12229,Flt_105474,0
Crew_12229,Flt_109450,0
Crew_12229,Flt_106585,0
Crew_12229,ddh_102119,1
Crew_12229,ddh_101237,1
Crew_12229,ddh_101249,1
Crew_12258,Flt_102008,0
Crew_12258,Flt_101068,0
Crew_12258,Flt_101767,0
Crew_12258,Flt_100070,0
Crew_12258,Flt_100507,0
Crew_12258,Flt_112572,0
Crew_12258,Flt_105361,0
Crew_12258,ddh_100218,1
Crew_12258,ddh_101911,1
Crew_12258,ddh_101360,1
Crew_12258,ddh_100999,1
Crew_12323,Flt_101885,0
Crew_12323,Flt_100779,0
Crew_12323,Flt_101419,0
Crew_12323,Flt_100589,0
Crew_12323,ddh_101297,1
Crew_12323,ddh_100290,1
Crew_12323,ddh_101558,1
Crew_12323,ddh_100771,1
Crew_12337,Flt_101995,0
Crew_12337,Flt_102075,0
Crew_12337,Flt_100187,0
Crew_12337,Flt_100501,0
Crew_12337,Flt_100143,0
Crew_12337,Flt_101834,0
Crew_12337,Flt_101035,0
Crew_12337,Flt_111212,0
Crew_12337,Flt_107660,0
Crew_12337,ddh_101673,1
Crew_12337,ddh_100893,1
Crew_12337,ddh_101248,1
Crew_12338,Flt_101688,0
Crew_12338,Flt_100353,0
Crew_12338,Flt_101955,0
Crew_12338,Flt_102030,0
Crew_12338,Flt_102098,0
Crew_12338,Flt_100805,0
Crew_12338,Flt_100737,0
Crew_12338,Flt_101334,0
Crew_12338,Flt_105869,0
Crew_12338,Flt_110129,0
Crew_12338,ddh_102070,1
Crew_12373,Flt_101866,0
Crew_12373,Flt_102091,0
Crew_12373,Flt_101916,0
Crew_12393,Flt_101562,0
Crew_12393,Flt_101745,0
Crew_12393,Flt_101302,0
Crew_12393,Flt_100428,0
Crew_12393,Flt_102218,0
Crew_12393,Flt_100968,0
Crew_12393,Flt_106827,0
Crew_12393,Flt_109339,0
Crew_12393,ddh_101199,1
Crew_12393,ddh_101001,1
Crew_12404,Flt_112948,0
Crew_12404,Flt_112586,0
Crew_12404,Flt_111917,0
Crew_12404,Flt_104325,0
Crew_12404,Flt_113345,0
Crew_12404,ddh_100994,1
Crew_12414,Flt_100799,0
Crew_12414,Flt_101556,0
Crew_12414,Flt_111835,0
Crew_12414,Flt_111467,0
Crew_12414,Flt_103986,0
Crew_12414,Flt_106920,0
Crew_12414,Flt_103243,0
Crew_12414,ddh_101603,1
Crew_12420,Flt_101279,0
Crew_12420,Flt_101206,0
Crew_12420,Flt_101436,0
Crew_12420,Flt_100337,0
Crew_12420,Flt_102151,0
Crew_12420,Flt_101232,0
Crew_12420,Flt_105849,0
Crew_12420,Flt_104005,0
Crew_12420,Flt_102883,0
Crew_12420,Flt_111940,0
Crew_12420,ddh_102119,1
Crew_12420,ddh_100222,1
Crew_12426,Flt_111113,0
Crew_12426,Flt_103169,0
Crew_12426,Flt_108618,0
Crew_12426,Flt_105425,0
Crew_12426,Flt_107963,0
Crew_12426,Flt_109388,0
Crew_12426,Flt_109744,0
Crew_12426,ddh_101234,1
Crew_12426,ddh_100029,1
Crew_12426,Flt_107290,0
Crew_12426,ddh_102119,1
Crew_12426,ddh_101237,1
Crew_12430,Flt_100752,0
Crew_12430,Flt_101385,0
Crew_12430,Flt_101145,0
Crew_12430,Flt_101294,0
Crew_12430,Flt_102328,0
Crew_12430,Flt_100791,0
Crew_12430,Flt_101455,0
Crew_12430,Flt_101770,0
Crew_12430,Flt_101467,0
Crew_12430,Flt_112979,0
Crew_12430,Flt_106869,0
Crew_12430,ddh_100129,1
Crew_12430,ddh_102120,1
Crew_12430,ddh_101321,1
Crew_12430,ddh_100502,1
Crew_12430,ddh_101438,1
Crew_12431,Flt_100864,0
Crew_12431,Flt_103548,0
Crew_12431,Flt_112932,0
Crew_12431,Flt_109433,0
Crew_12431,Flt_112315,0
Crew_12431,Flt_108000,0
Crew_12431,Flt_106577,0
Crew_12431,ddh_100070,1
Crew_12431,ddh_100170,1
Crew_12440,Flt_100160,0
Crew_12440,Flt_100258,0
Crew_12440,Flt_102108,0
Crew_12440,Flt_101898,0
Crew_12440,Flt_101599,0
Crew_12440,Flt_104685,0
Crew_12440,Flt_102860,0
Crew_12440,ddh_100853,1
Crew_12442,Flt_101049,0
Crew_12442,Flt_101993,0
Crew_12442,Flt_102234,0
Crew_12442,Flt_100054,0
Crew_12442,Flt_101382,0
Crew_12442,Flt_100698,0
=======
Crew_12081,Flt_100142,0
Crew_12081,Flt_100071,0
Crew_12081,Flt_100649,0
Crew_12081,Flt_100734,0
Crew_12081,Flt_106548,0
Crew_12081,Flt_103598,0
Crew_12081,Flt_111543,0
Crew_12081,ddh_101548,1
Crew_12081,ddh_102073,1
Crew_12081,ddh_101230,1
Crew_12081,ddh_101437,1
Crew_12113,Flt_100947,0
Crew_12113,Flt_105735,0
Crew_12113,Flt_113287,0
Crew_12113,Flt_109057,0
Crew_12113,Flt_110451,0
Crew_12113,Flt_103248,0
Crew_12113,Flt_103985,0
Crew_12113,Flt_113705,0
Crew_12113,Flt_104361,0
Crew_12113,ddh_101994,1
Crew_12113,ddh_100288,1
Crew_12113,ddh_100933,1
Crew_12113,ddh_101680,1
Crew_12119,Flt_100326,0
Crew_12119,Flt_100238,0
Crew_12119,Flt_102160,0
Crew_12119,Flt_101817,0
Crew_12119,Flt_100674,0
Crew_12119,Flt_101120,0
Crew_12119,Flt_100884,0
Crew_12119,Flt_105502,0
Crew_12119,ddh_101999,1
Crew_12119,ddh_101852,1
Crew_12119,ddh_100621,1
Crew_12121,Flt_102148,0
Crew_12121,Flt_101046,0
Crew_12121,Flt_101893,0
Crew_12121,Flt_100756,0
Crew_12121,Flt_113351,0
Crew_12121,Flt_113724,0
Crew_12121,ddh_100994,1
Crew_12121,ddh_101273,1
Crew_12121,ddh_101436,1
Crew_12121,ddh_100543,1
Crew_12127,Flt_101280,0
Crew_12127,Flt_100251,0
Crew_12127,Flt_100683,0
Crew_12127,Flt_102019,0
Crew_12127,Flt_100994,0
Crew_12127,Flt_102078,0
Crew_12127,Flt_101294,0
Crew_12127,Flt_100725,0
Crew_12127,Flt_100875,0
Crew_12127,Flt_100013,0
Crew_12127,Flt_101602,0
Crew_12127,Flt_101544,0
Crew_12127,Flt_112238,0
Crew_12127,Flt_105100,0
Crew_12127,ddh_101994,1
Crew_12127,ddh_100288,1
Crew_12127,ddh_102204,1
Crew_12127,ddh_101728,1
Crew_12135,Flt_101780,0
Crew_12135,Flt_101350,0
Crew_12135,Flt_100961,0
Crew_12135,Flt_100047,0
Crew_12135,Flt_100699,0
Crew_12135,Flt_101974,0
Crew_12135,Flt_101424,0
Crew_12135,Flt_100944,0
Crew_12135,Flt_100217,0
Crew_12135,Flt_108683,0
Crew_12135,Flt_111181,0
Crew_12135,Flt_105500,0
Crew_12135,Flt_113054,0
Crew_12135,ddh_101427,1
Crew_12135,ddh_101680,1
Crew_12135,ddh_100060,1
Crew_12138,Flt_100003,0
Crew_12138,Flt_100181,0
Crew_12138,Flt_100259,0
Crew_12138,Flt_102167,0
Crew_12138,Flt_100131,0
Crew_12138,Flt_100409,0
Crew_12138,Flt_101720,0
Crew_12138,Flt_109368,0
Crew_12138,Flt_104649,0
Crew_12138,ddh_102194,1
Crew_12138,ddh_101999,1
Crew_12138,ddh_100933,1
Crew_12138,ddh_101987,1
Crew_12144,Flt_102205,0
Crew_12144,Flt_100103,0
Crew_12144,Flt_101731,0
Crew_12144,Flt_102233,0
Crew_12144,Flt_100498,0
Crew_12144,Flt_100374,0
Crew_12144,Flt_100859,0
Crew_12144,Flt_102329,0
Crew_12144,Flt_101183,0
Crew_12144,Flt_101610,0
Crew_12144,Flt_101341,0
Crew_12144,Flt_104348,0
Crew_12144,Flt_108707,0
Crew_12144,Flt_110454,0
Crew_12144,ddh_101490,1
Crew_12144,ddh_100643,1
Crew_12144,ddh_101419,1
Crew_12144,ddh_100110,1
Crew_12144,ddh_101001,1
Crew_12145,Flt_100024,0
Crew_12145,Flt_100963,0
Crew_12145,Flt_102433,0
Crew_12145,Flt_109355,0
Crew_12145,Flt_103986,0
Crew_12145,Flt_106920,0
Crew_12145,Flt_108657,0
Crew_12145,Flt_112231,0
Crew_12145,ddh_100286,1
Crew_12145,ddh_100020,1
Crew_12145,ddh_100436,1
Crew_12145,ddh_100443,1
Crew_12148,Flt_101933,0
Crew_12148,Flt_100105,0
Crew_12148,Flt_112599,0
Crew_12148,Flt_113623,0
Crew_12148,Flt_109759,0
Crew_12148,Flt_105459,0
Crew_12148,Flt_113049,0
Crew_12148,ddh_101549,1
Crew_12148,ddh_100780,1
Crew_12148,ddh_101922,1
Crew_12162,Flt_101752,0
Crew_12162,Flt_101151,0
Crew_12162,ddh_100205,1
Crew_12162,ddh_100269,1
Crew_12162,ddh_100857,1
Crew_12162,ddh_100030,1
Crew_12162,ddh_101498,1
Crew_12189,Flt_102164,0
Crew_12189,Flt_101299,0
Crew_12189,Flt_101397,0
Crew_12189,Flt_102210,0
Crew_12189,Flt_111858,0
Crew_12189,Flt_106155,0
Crew_12189,Flt_103179,0
Crew_12189,ddh_100706,1
Crew_12189,ddh_100120,1
Crew_12189,ddh_101602,1
Crew_12197,Flt_101845,0
Crew_12197,Flt_100774,0
Crew_12197,Flt_100626,0
Crew_12197,Flt_102284,0
Crew_12197,Flt_103246,0
Crew_12197,Flt_107275,0
Crew_12197,ddh_100059,1
Crew_12197,ddh_100100,1
Crew_12197,ddh_100780,1
Crew_12199,Flt_101543,0
Crew_12199,Flt_101686,0
Crew_12199,Flt_102262,0
Crew_12199,Flt_101738,0
Crew_12199,Flt_107583,0
Crew_12199,Flt_112224,0
Crew_12199,Flt_112600,0
Crew_12199,Flt_108730,0
Crew_12199,Flt_110897,0
Crew_12199,Flt_102858,0
Crew_12199,ddh_101917,1
Crew_12199,ddh_100010,1
Crew_12199,ddh_101647,1
Crew_12199,ddh_101147,1
Crew_12217,Flt_111917,0
Crew_12217,Flt_104325,0
Crew_12217,ddh_100492,1
Crew_12217,ddh_100343,1
Crew_12217,ddh_101989,1
Crew_12217,ddh_101679,1
Crew_12217,ddh_101061,1
Crew_12222,Flt_101548,0
Crew_12222,Flt_100817,0
Crew_12222,Flt_102075,0
Crew_12222,Flt_100187,0
Crew_12222,Flt_100501,0
Crew_12222,Flt_100143,0
Crew_12222,Flt_102063,0
Crew_12222,Flt_100886,0
Crew_12222,Flt_100969,0
Crew_12222,Flt_100970,0
Crew_12222,Flt_111212,0
Crew_12222,Flt_105412,0
Crew_12229,Flt_100504,0
Crew_12229,Flt_100602,0
Crew_12229,Flt_110055,0
Crew_12229,Flt_110789,0
Crew_12229,Flt_107231,0
Crew_12229,Flt_109060,0
Crew_12229,Flt_108352,0
Crew_12229,Flt_110455,0
Crew_12229,Flt_104708,0
Crew_12229,Flt_110491,0
Crew_12229,Flt_108723,0
Crew_12229,Flt_113053,0
Crew_12229,ddh_100169,1
Crew_12229,ddh_101999,1
Crew_12229,ddh_101852,1
Crew_12229,ddh_101001,1
Crew_12258,Flt_100659,0
Crew_12258,Flt_101258,0
Crew_12258,Flt_101918,0
Crew_12258,Flt_110393,0
Crew_12258,Flt_109433,0
Crew_12258,Flt_111585,0
Crew_12258,Flt_106554,0
Crew_12258,Flt_112279,0
Crew_12258,ddh_101548,1
Crew_12258,ddh_101852,1
Crew_12258,ddh_101933,1
Crew_12323,ddh_101446,1
Crew_12323,Flt_100418,0
Crew_12323,Flt_102319,0
Crew_12323,Flt_100675,0
Crew_12323,Flt_102274,0
Crew_12323,ddh_100673,1
Crew_12323,ddh_100037,1
Crew_12323,ddh_100137,1
Crew_12323,ddh_100028,1
Crew_12323,ddh_100138,1
Crew_12323,ddh_100492,1
Crew_12323,ddh_101733,1
Crew_12323,ddh_101061,1
Crew_12337,Flt_101480,0
Crew_12337,Flt_100161,0
Crew_12337,Flt_101991,0
Crew_12337,Flt_101513,0
Crew_12337,Flt_102226,0
Crew_12337,Flt_100176,0
Crew_12337,Flt_101656,0
Crew_12337,Flt_101454,0
Crew_12337,Flt_101528,0
Crew_12337,Flt_102145,0
Crew_12337,Flt_101858,0
Crew_12337,Flt_111923,0
Crew_12337,Flt_107989,0
Crew_12337,ddh_101003,1
Crew_12337,ddh_100120,1
Crew_12337,ddh_101933,1
Crew_12338,Flt_101688,0
Crew_12338,Flt_101565,0
Crew_12338,Flt_100714,0
Crew_12338,Flt_100966,0
Crew_12338,Flt_107943,0
Crew_12338,Flt_111492,0
Crew_12338,Flt_105404,0
Crew_12338,ddh_101548,1
Crew_12338,ddh_101852,1
Crew_12338,ddh_100060,1
Crew_12373,Flt_100055,0
Crew_12373,Flt_100786,0
Crew_12373,Flt_100632,0
Crew_12373,Flt_101834,0
Crew_12373,Flt_101035,0
Crew_12373,ddh_100994,1
Crew_12373,ddh_101273,1
Crew_12373,ddh_101906,1
Crew_12393,Flt_101628,0
Crew_12393,Flt_100612,0
Crew_12393,Flt_101378,0
Crew_12393,Flt_101100,0
Crew_12393,Flt_102250,0
Crew_12393,Flt_101927,0
Crew_12393,Flt_100667,0
Crew_12393,Flt_113004,0
Crew_12393,Flt_112296,0
Crew_12393,ddh_101548,1
Crew_12393,ddh_101436,1
Crew_12393,ddh_101320,1
Crew_12404,Flt_112219,0
Crew_12404,Flt_106847,0
Crew_12404,Flt_112655,0
Crew_12404,Flt_104717,0
Crew_12404,Flt_105857,0
Crew_12404,Flt_104354,0
Crew_12404,Flt_104324,0
Crew_12404,ddh_101726,1
Crew_12404,ddh_101273,1
Crew_12404,ddh_101436,1
Crew_12404,ddh_101369,1
Crew_12414,Flt_102214,0
Crew_12414,ddh_101592,1
Crew_12414,Flt_108639,0
Crew_12414,Flt_105003,0
Crew_12414,Flt_111845,0
Crew_12414,Flt_104258,0
Crew_12414,Flt_104308,0
Crew_12414,Flt_103974,0
Crew_12414,ddh_101548,1
Crew_12414,ddh_102204,1
Crew_12414,ddh_100631,1
Crew_12414,ddh_100224,1
Crew_12420,Flt_101995,0
Crew_12420,Flt_101445,0
Crew_12420,Flt_107208,0
Crew_12420,Flt_107902,0
Crew_12420,Flt_110856,0
Crew_12420,Flt_104701,0
Crew_12420,ddh_101999,1
Crew_12420,ddh_100933,1
Crew_12420,ddh_102066,1
Crew_12426,Flt_111820,0
Crew_12426,Flt_105736,0
Crew_12426,Flt_103900,0
Crew_12426,Flt_108684,0
Crew_12426,Flt_108685,0
Crew_12426,Flt_105485,0
Crew_12426,Flt_108715,0
Crew_12426,ddh_101490,1
Crew_12426,ddh_102120,1
Crew_12426,ddh_100849,1
Crew_12426,ddh_101230,1
Crew_12430,Flt_100536,0
Crew_12430,Flt_100907,0
Crew_12430,Flt_100491,0
Crew_12430,Flt_100455,0
Crew_12430,Flt_101419,0
Crew_12430,Flt_105765,0
Crew_12430,Flt_107229,0
Crew_12430,Flt_102441,0
Crew_12430,Flt_112956,0
Crew_12430,ddh_100346,1
Crew_12430,ddh_100492,1
Crew_12430,ddh_101422,1
Crew_12430,ddh_102072,1
Crew_12430,ddh_101932,1
Crew_12431,Flt_101714,0
Crew_12431,Flt_101790,0
Crew_12431,Flt_110378,0
Crew_12431,Flt_107567,0
Crew_12431,Flt_110841,0
Crew_12431,Flt_111909,0
Crew_12431,Flt_107951,0
Crew_12431,ddh_101999,1
Crew_12431,ddh_100933,1
Crew_12431,ddh_101057,1
Crew_12431,ddh_100986,1
Crew_12440,Flt_100160,0
Crew_12440,Flt_101507,0
Crew_12440,Flt_107898,0
Crew_12440,Flt_102400,0
Crew_12440,Flt_110032,0
Crew_12440,Flt_110881,0
Crew_12440,Flt_110882,0
Crew_12440,Flt_111568,0
Crew_12440,Flt_105861,0
Crew_12440,Flt_108704,0
Crew_12440,ddh_100219,1
Crew_12440,ddh_100110,1
Crew_12440,ddh_100780,1
Crew_12442,Flt_100322,0
Crew_12442,Flt_100672,0
Crew_12442,Flt_102312,0
Crew_12442,Flt_102313,0
Crew_12442,Flt_100485,0
Crew_12442,Flt_100914,0
Crew_12442,Flt_100923,0
Crew_12442,Flt_102240,0
Crew_12442,Flt_100781,0
Crew_12442,Flt_100308,0
Crew_12442,ddh_101666,1
Crew_12442,ddh_101147,1
Crew_12442,ddh_101251,1
>>>>>>> origin/Heuristic-SA
Crew_12443,Flt_102057,0
Crew_12443,Flt_101164,0
Crew_12443,Flt_100495,0
Crew_12443,Flt_100390,0
<<<<<<< HEAD
Crew_12443,Flt_110460,0
Crew_12443,Flt_111928,0
Crew_12445,Flt_101543,0
Crew_12445,Flt_101686,0
Crew_12445,Flt_101882,0
Crew_12445,Flt_101000,0
Crew_12445,Flt_107916,0
Crew_12445,Flt_110477,0
Crew_12445,Flt_104316,0
Crew_12445,Flt_105059,0
Crew_12445,Flt_105067,0
Crew_12445,ddh_101490,1
Crew_12445,ddh_101933,1
Crew_12447,Flt_102205,0
Crew_12447,Flt_100103,0
Crew_12447,Flt_101800,0
Crew_12447,Flt_102227,0
Crew_12447,Flt_101945,0
Crew_12447,Flt_100903,0
Crew_12447,ddh_101052,1
Crew_12447,ddh_100632,1
Crew_12447,ddh_101923,1
Crew_12447,ddh_101171,1
Crew_12450,Flt_101155,0
Crew_12450,Flt_101961,0
Crew_12450,Flt_101689,0
Crew_12450,Flt_101179,0
Crew_12450,Flt_106859,0
Crew_12450,Flt_107194,0
Crew_12450,Flt_106191,0
Crew_12450,Flt_109392,0
Crew_12450,Flt_106880,0
Crew_12450,ddh_101234,1
Crew_12450,ddh_100029,1
Crew_12450,ddh_101840,1
Crew_12450,ddh_100985,1
Crew_12450,ddh_100140,1
Crew_12451,Flt_100230,0
Crew_12451,Flt_101344,0
Crew_12451,ddh_100064,1
Crew_12451,Flt_100931,0
Crew_12451,Flt_102177,0
Crew_12451,Flt_101019,0
Crew_12451,Flt_100955,0
Crew_12451,ddh_100026,1
Crew_12451,ddh_100127,1
Crew_12451,ddh_100218,1
Crew_12453,Flt_101801,0
Crew_12453,Flt_101948,0
Crew_12453,Flt_101009,0
Crew_12453,Flt_101392,0
Crew_12453,Flt_100505,0
Crew_12453,Flt_102114,0
Crew_12456,Flt_100394,0
Crew_12456,Flt_100101,0
Crew_12456,Flt_101443,0
Crew_12456,Flt_100264,0
Crew_12456,Flt_100549,0
Crew_12456,Flt_101772,0
Crew_12456,Flt_101115,0
Crew_12456,Flt_113665,0
Crew_12456,Flt_113028,0
Crew_12456,ddh_101052,1
Crew_12456,ddh_100632,1
Crew_12456,ddh_101918,1
Crew_12464,Flt_101640,0
Crew_12464,Flt_100983,0
Crew_12464,Flt_100899,0
Crew_12464,Flt_100497,0
Crew_12464,Flt_100639,0
Crew_12464,Flt_101241,0
Crew_12464,Flt_102066,0
Crew_12464,Flt_101106,0
Crew_12464,Flt_100944,0
Crew_12464,Flt_106821,0
Crew_12464,Flt_102403,0
Crew_12464,Flt_111106,0
Crew_12464,ddh_101299,1
Crew_12464,ddh_100431,1
Crew_12464,ddh_101556,1
Crew_12464,ddh_100442,1
Crew_12468,Flt_106115,0
Crew_12468,Flt_107199,0
Crew_12468,Flt_113623,0
Crew_12468,Flt_109759,0
Crew_12468,Flt_112299,0
Crew_12468,Flt_110862,0
Crew_12468,Flt_103997,0
Crew_12468,ddh_101782,1
Crew_12482,Flt_100378,0
Crew_12482,Flt_100259,0
Crew_12482,Flt_102225,0
Crew_12482,Flt_106819,0
Crew_12482,Flt_106820,0
Crew_12482,Flt_107267,0
Crew_12482,Flt_109069,0
Crew_12482,Flt_110467,0
Crew_12482,Flt_110099,0
Crew_12482,Flt_103562,0
Crew_12482,Flt_113673,0
Crew_12496,Flt_100475,0
Crew_12496,Flt_100261,0
Crew_12496,Flt_104601,0
Crew_12496,Flt_110016,0
Crew_12500,Flt_100255,0
Crew_12500,Flt_100687,0
Crew_12500,Flt_101529,0
Crew_12500,Flt_100287,0
Crew_12500,Flt_102119,0
Crew_12500,Flt_101110,0
Crew_12500,Flt_102264,0
Crew_12500,Flt_101545,0
Crew_12504,Flt_100243,0
Crew_12504,Flt_100035,0
Crew_12504,Flt_100363,0
Crew_12504,Flt_107250,0
Crew_12504,Flt_112984,0
Crew_12504,Flt_110419,0
Crew_12504,Flt_104653,0
Crew_12504,ddh_101603,1
Crew_12514,Flt_101941,0
Crew_12514,Flt_100115,0
Crew_12514,Flt_101276,0
Crew_12514,Flt_101292,0
Crew_12514,Flt_101572,0
Crew_12514,Flt_100784,0
Crew_12514,Flt_100204,0
Crew_12514,Flt_101233,0
Crew_12514,Flt_101912,0
Crew_12514,Flt_100379,0
Crew_12514,Flt_101273,0
Crew_12514,ddh_100485,1
Crew_12514,ddh_102261,1
Crew_12514,ddh_100563,1
Crew_12523,Flt_102275,0
Crew_12523,Flt_101700,0
Crew_12523,Flt_101504,0
Crew_12523,Flt_100348,0
Crew_12523,Flt_100441,0
Crew_12523,Flt_101166,0
Crew_12523,Flt_100637,0
Crew_12523,Flt_100880,0
Crew_12523,Flt_100822,0
Crew_12523,Flt_100233,0
Crew_12523,Flt_100584,0
Crew_12523,ddh_101836,1
Crew_12537,Flt_102269,0
Crew_12537,Flt_101182,0
Crew_12537,Flt_102310,0
Crew_12537,Flt_100123,0
Crew_12537,Flt_101809,0
Crew_12537,Flt_101763,0
Crew_12537,Flt_101331,0
Crew_12537,Flt_101409,0
Crew_12537,Flt_113335,0
Crew_12537,Flt_110838,0
Crew_12537,Flt_109410,0
Crew_12537,Flt_105063,0
Crew_12537,ddh_100139,1
Crew_12537,ddh_100222,1
Crew_12537,ddh_100567,1
Crew_12538,Flt_101034,0
Crew_12538,Flt_101437,0
Crew_12538,Flt_100837,0
Crew_12538,Flt_101516,0
Crew_12538,Flt_100622,0
Crew_12538,Flt_100016,0
Crew_12538,Flt_101040,0
Crew_12538,Flt_107266,0
Crew_12538,ddh_102253,1
Crew_12538,ddh_100216,1
Crew_12557,Flt_101251,0
Crew_12557,Flt_100738,0
Crew_12557,Flt_100787,0
Crew_12557,Flt_101158,0
Crew_12557,Flt_105823,0
Crew_12557,Flt_107628,0
Crew_12557,Flt_113708,0
Crew_12557,Flt_111924,0
Crew_12558,Flt_101201,0
Crew_12558,Flt_101439,0
Crew_12558,Flt_101394,0
Crew_12558,Flt_101887,0
Crew_12558,Flt_101626,0
Crew_12558,Flt_113331,0
Crew_12558,ddh_100159,1
Crew_12558,ddh_101360,1
Crew_12558,ddh_100432,1
Crew_12558,ddh_100347,1
Crew_12560,Flt_104632,0
Crew_12560,Flt_105771,0
Crew_12560,Flt_112590,0
Crew_12560,Flt_103226,0
Crew_12560,Flt_109393,0
Crew_12560,Flt_109394,0
Crew_12560,Flt_112963,0
Crew_12560,Flt_103201,0
Crew_12560,ddh_102192,1
Crew_12560,ddh_102073,1
Crew_12560,ddh_101230,1
Crew_12560,ddh_101438,1
=======
Crew_12443,Flt_111509,0
Crew_12443,Flt_104293,0
Crew_12443,ddh_100129,1
Crew_12443,ddh_100351,1
Crew_12443,ddh_101419,1
Crew_12443,ddh_101498,1
Crew_12445,Flt_101840,0
Crew_12445,Flt_102199,0
Crew_12445,Flt_101882,0
Crew_12445,Flt_101000,0
Crew_12445,Flt_102412,0
Crew_12445,Flt_110747,0
Crew_12445,Flt_110373,0
Crew_12445,Flt_107972,0
Crew_12445,ddh_101548,1
Crew_12445,ddh_102073,1
Crew_12445,ddh_101735,1
Crew_12445,ddh_100626,1
Crew_12447,Flt_102015,0
Crew_12447,Flt_100539,0
Crew_12447,Flt_100729,0
Crew_12447,Flt_101463,0
Crew_12447,Flt_100319,0
Crew_12447,Flt_113270,0
Crew_12447,Flt_103155,0
Crew_12447,Flt_108622,0
Crew_12447,Flt_106818,0
Crew_12447,ddh_100346,1
Crew_12447,ddh_100433,1
Crew_12447,ddh_100487,1
Crew_12447,ddh_100643,1
Crew_12447,ddh_102066,1
Crew_12450,Flt_101155,0
Crew_12450,Flt_101984,0
Crew_12450,Flt_101626,0
Crew_12450,Flt_107933,0
Crew_12450,Flt_106859,0
Crew_12450,Flt_107194,0
Crew_12450,Flt_104316,0
Crew_12450,Flt_105059,0
Crew_12450,ddh_100492,1
Crew_12450,ddh_101915,1
Crew_12450,ddh_100039,1
Crew_12450,ddh_101121,1
Crew_12450,ddh_102271,1
Crew_12450,ddh_101863,1
Crew_12450,ddh_102056,1
Crew_12451,Flt_101937,0
Crew_12451,Flt_101357,0
Crew_12451,Flt_101079,0
Crew_12451,Flt_101578,0
Crew_12451,Flt_100281,0
Crew_12451,Flt_100517,0
Crew_12451,Flt_102128,0
Crew_12451,ddh_100751,1
Crew_12451,ddh_100673,1
Crew_12451,ddh_100047,1
Crew_12451,ddh_100127,1
Crew_12451,ddh_101611,1
Crew_12453,Flt_101646,0
Crew_12453,Flt_100693,0
Crew_12453,Flt_101241,0
Crew_12453,Flt_102218,0
Crew_12453,ddh_102063,1
Crew_12453,ddh_100747,1
Crew_12453,ddh_100631,1
Crew_12456,Flt_100394,0
Crew_12456,Flt_100101,0
Crew_12456,Flt_100784,0
Crew_12456,Flt_100204,0
Crew_12456,Flt_101233,0
Crew_12456,Flt_102120,0
Crew_12456,Flt_101604,0
Crew_12456,Flt_100807,0
Crew_12456,Flt_100740,0
Crew_12456,Flt_112678,0
Crew_12456,Flt_105860,0
Crew_12456,Flt_107303,0
Crew_12456,ddh_100619,1
Crew_12464,Flt_101651,0
Crew_12464,Flt_100125,0
Crew_12464,Flt_101171,0
Crew_12464,Flt_101757,0
Crew_12464,Flt_101847,0
Crew_12464,Flt_100958,0
Crew_12464,Flt_109363,0
Crew_12464,Flt_106133,0
Crew_12464,Flt_106834,0
Crew_12464,ddh_100148,1
Crew_12464,ddh_100777,1
Crew_12464,ddh_102194,1
Crew_12464,ddh_100020,1
Crew_12464,ddh_100436,1
Crew_12464,ddh_101433,1
Crew_12468,Flt_112957,0
Crew_12468,Flt_106151,0
Crew_12468,Flt_112958,0
Crew_12468,Flt_106561,0
Crew_12468,Flt_112292,0
Crew_12468,Flt_106221,0
Crew_12468,ddh_100059,1
Crew_12468,ddh_101548,1
Crew_12468,ddh_101733,1
Crew_12468,ddh_100140,1
Crew_12482,Flt_101712,0
Crew_12482,Flt_101732,0
Crew_12482,Flt_100909,0
Crew_12482,Flt_108256,0
Crew_12482,Flt_104601,0
Crew_12482,Flt_110016,0
Crew_12482,Flt_106579,0
Crew_12482,Flt_105479,0
Crew_12482,Flt_109067,0
Crew_12482,Flt_111939,0
Crew_12482,Flt_104341,0
Crew_12482,Flt_113731,0
Crew_12482,ddh_100139,1
Crew_12482,ddh_100497,1
Crew_12482,ddh_102073,1
Crew_12482,ddh_101735,1
Crew_12496,Flt_100434,0
Crew_12496,Flt_100631,0
Crew_12496,Flt_100302,0
Crew_12496,Flt_100871,0
Crew_12496,Flt_107555,0
Crew_12496,Flt_104236,0
Crew_12496,Flt_111829,0
Crew_12496,Flt_108679,0
Crew_12496,Flt_105048,0
Crew_12496,Flt_107614,0
Crew_12496,ddh_100168,1
Crew_12496,ddh_100492,1
Crew_12496,ddh_100343,1
Crew_12496,ddh_100030,1
Crew_12496,ddh_100130,1
Crew_12496,ddh_101248,1
Crew_12500,Flt_100273,0
Crew_12500,Flt_101652,0
Crew_12500,Flt_100938,0
Crew_12500,Flt_100578,0
Crew_12500,ddh_100751,1
Crew_12500,ddh_100747,1
Crew_12500,ddh_100426,1
Crew_12500,ddh_100343,1
Crew_12500,ddh_101999,1
Crew_12500,ddh_101733,1
Crew_12500,ddh_101303,1
Crew_12504,Flt_102211,0
Crew_12504,Flt_105770,0
Crew_12504,Flt_108988,0
Crew_12504,Flt_103972,0
Crew_12504,Flt_108291,0
Crew_12504,ddh_101999,1
Crew_12504,ddh_101852,1
Crew_12504,ddh_100780,1
Crew_12504,ddh_100781,1
Crew_12514,Flt_101034,0
Crew_12514,Flt_100514,0
Crew_12514,Flt_101345,0
Crew_12514,Flt_100343,0
Crew_12514,Flt_101132,0
Crew_12514,Flt_101439,0
Crew_12514,Flt_100357,0
Crew_12514,Flt_100685,0
Crew_12514,Flt_100333,0
Crew_12514,Flt_100686,0
Crew_12514,ddh_100097,1
Crew_12514,ddh_100017,1
Crew_12514,ddh_100117,1
Crew_12514,ddh_100492,1
Crew_12514,ddh_100343,1
Crew_12514,ddh_102120,1
Crew_12514,ddh_100849,1
Crew_12514,ddh_101735,1
Crew_12514,ddh_100626,1
Crew_12523,Flt_100376,0
Crew_12523,Flt_102189,0
Crew_12523,Flt_100940,0
Crew_12523,Flt_102258,0
Crew_12523,Flt_100345,0
Crew_12523,Flt_100046,0
Crew_12523,Flt_100361,0
Crew_12523,Flt_101452,0
Crew_12523,Flt_100312,0
Crew_12523,Flt_103943,0
Crew_12523,Flt_106517,0
Crew_12523,Flt_110407,0
Crew_12523,Flt_104285,0
Crew_12523,ddh_100139,1
Crew_12523,ddh_101999,1
Crew_12523,ddh_100933,1
Crew_12523,ddh_101057,1
Crew_12523,ddh_100719,1
Crew_12537,Flt_100882,0
Crew_12537,Flt_102279,0
Crew_12537,Flt_102234,0
Crew_12537,Flt_100054,0
Crew_12537,Flt_101382,0
Crew_12537,Flt_100698,0
Crew_12537,Flt_102316,0
Crew_12537,Flt_101007,0
Crew_12537,Flt_101711,0
Crew_12537,Flt_100595,0
Crew_12537,Flt_101365,0
Crew_12537,Flt_105836,0
Crew_12537,Flt_110095,0
Crew_12538,Flt_102192,0
Crew_12538,Flt_102048,0
Crew_12538,Flt_101140,0
Crew_12538,Flt_100908,0
Crew_12538,Flt_100559,0
Crew_12538,Flt_101892,0
Crew_12538,Flt_100634,0
Crew_12538,Flt_101190,0
Crew_12538,Flt_100883,0
Crew_12538,Flt_100889,0
Crew_12538,Flt_110875,0
Crew_12557,Flt_101251,0
Crew_12557,Flt_100738,0
Crew_12557,Flt_110739,0
Crew_12557,Flt_110740,0
Crew_12557,Flt_102567,0
Crew_12557,Flt_107628,0
Crew_12557,Flt_113708,0
Crew_12557,Flt_111911,0
Crew_12557,Flt_102861,0
Crew_12557,Flt_110096,0
Crew_12557,Flt_109422,0
Crew_12557,Flt_111924,0
Crew_12557,ddh_100139,1
Crew_12557,ddh_101999,1
Crew_12557,ddh_100933,1
Crew_12557,ddh_100626,1
Crew_12557,ddh_101736,1
Crew_12558,Flt_101905,0
Crew_12558,Flt_100075,0
Crew_12558,Flt_102008,0
Crew_12558,Flt_100041,0
Crew_12558,Flt_102102,0
Crew_12558,Flt_100440,0
Crew_12558,Flt_100087,0
Crew_12558,Flt_101939,0
Crew_12558,Flt_106207,0
Crew_12558,Flt_111915,0
Crew_12558,ddh_101548,1
Crew_12558,ddh_101733,1
Crew_12558,ddh_101303,1
Crew_12560,Flt_100715,0
Crew_12560,Flt_100553,0
Crew_12560,Flt_101583,0
Crew_12560,Flt_101262,0
Crew_12560,Flt_109725,0
Crew_12560,Flt_112960,0
Crew_12560,Flt_111202,0
Crew_12560,Flt_103258,0
Crew_12560,Flt_113353,0
Crew_12560,ddh_101051,1
Crew_12560,ddh_100497,1
Crew_12560,ddh_101147,1
Crew_12560,ddh_101251,1
>>>>>>> origin/Heuristic-SA
