id,depaAirport,arriAirport,td,ta
ddh_10001,LMGE,XGOB,2025/02/02 00:05:00,2025/02/02 00:45:00
ddh_10002,NRTE,LMGE,2025/02/02 00:20:00,2025/02/02 05:00:00
ddh_10003,LMGE,GXSZ,2025/02/02 01:30:00,2025/02/02 11:50:00
ddh_10004,LMGE,JDTH,2025/02/02 01:30:00,2025/02/02 11:45:00
ddh_10005,LMGE,ACCS,2025/02/02 01:35:00,2025/02/02 13:45:00
ddh_10006,LMGE,JHFU,2025/02/02 01:40:00,2025/02/02 12:25:00
ddh_10007,LMGE,FDVK,2025/02/02 01:45:00,2025/02/02 12:45:00
ddh_10008,CCWQ,LMGE,2025/02/02 02:30:00,2025/02/02 09:00:00
ddh_10009,QRYN,LMGE,2025/02/02 02:55:00,2025/02/02 11:05:00
ddh_10010,LMGE,ZTNY,2025/02/02 05:00:00,2025/02/02 14:00:00
ddh_10011,XGOB,MHNT,2025/02/02 05:00:00,2025/02/02 09:30:00
ddh_10012,SNFR,LMGE,2025/02/02 05:15:00,2025/02/02 08:10:00
ddh_10013,LMGE,RPOM,2025/02/02 08:25:00,2025/02/02 14:05:00
ddh_10014,XGOB,WZBQ,2025/02/02 06:30:00,2025/02/02 09:10:00
ddh_10015,XGOB,WZBQ,2025/02/02 07:30:00,2025/02/02 10:15:00
ddh_10016,XGOB,JFWS,2025/02/02 07:30:00,2025/02/02 10:05:00
ddh_10017,XGOB,MBMY,2025/02/02 08:05:00,2025/02/02 11:00:00
ddh_10018,MBMY,HEYQ,2025/02/02 08:05:00,2025/02/02 10:40:00
ddh_10019,MBMY,UQLN,2025/02/02 08:20:00,2025/02/02 10:45:00
ddh_10020,LMGE,IDKG,2025/02/02 08:35:00,2025/02/02 12:20:00
ddh_10021,LMGE,CXOJ,2025/02/02 09:15:00,2025/02/02 13:00:00
ddh_10022,LMGE,RENC,2025/02/02 09:35:00,2025/02/02 14:10:00
ddh_10023,DSXP,LMGE,2025/02/02 10:00:00,2025/02/02 13:35:00
ddh_10024,WZBQ,XGOB,2025/02/02 10:25:00,2025/02/02 13:45:00
ddh_10025,JFWS,XGOB,2025/02/02 11:15:00,2025/02/02 13:10:00
ddh_10026,MHNT,WMJO,2025/02/02 11:30:00,2025/02/02 18:40:00
ddh_10027,LMGE,WZBQ,2025/02/02 11:30:00,2025/02/02 14:10:00
ddh_10028,WZBQ,XGOB,2025/02/02 11:40:00,2025/02/02 14:40:00
ddh_10029,HEYQ,MBMY,2025/02/02 11:50:00,2025/02/02 14:45:00
ddh_10030,UQLN,CXOJ,2025/02/02 12:00:00,2025/02/02 16:00:00
ddh_10031,MBMY,XGOB,2025/02/02 12:10:00,2025/02/02 14:45:00
ddh_10032,IDKG,LMGE,2025/02/02 13:30:00,2025/02/02 17:50:00
ddh_10033,CXOJ,LMGE,2025/02/02 14:10:00,2025/02/02 17:40:00
ddh_10034,XGOB,JFWS,2025/02/02 14:30:00,2025/02/02 17:15:00
ddh_10035,LMGE,VTIR,2025/02/02 14:35:00,2025/02/02 18:20:00
ddh_10036,XGOB,MBMY,2025/02/02 15:05:00,2025/02/02 17:30:00
ddh_10037,ZTNY,PCHL,2025/02/02 15:30:00,2025/02/02 18:00:00
ddh_10038,WZBQ,LMGE,2025/02/02 15:30:00,2025/02/02 18:20:00
ddh_10039,RENC,LMGE,2025/02/02 15:40:00,2025/02/02 21:45:00
ddh_10040,RPOM,LMGE,2025/02/02 16:05:00,2025/02/02 20:35:00
ddh_10041,XGOB,FRMU,2025/02/02 16:15:00,2025/02/02 18:35:00
ddh_10042,LMGE,QRYN,2025/02/02 16:30:00,2025/02/03 01:00:00
ddh_10043,LMGE,WZBQ,2025/02/02 16:30:00,2025/02/02 19:00:00
ddh_10044,MBMY,WZBQ,2025/02/02 16:40:00,2025/02/02 20:40:00
ddh_10045,XGOB,OEQY,2025/02/02 17:05:00,2025/02/02 19:25:00
ddh_10046,CXOJ,UQLN,2025/02/02 17:50:00,2025/02/02 21:55:00
ddh_10047,JHFU,LMGE,2025/02/02 17:50:00,2025/02/03 05:00:00
ddh_10048,ACCS,LMGE,2025/02/02 18:20:00,2025/02/03 05:10:00
ddh_10049,JFWS,XGOB,2025/02/02 18:20:00,2025/02/02 20:15:00
ddh_10050,JDTH,LMGE,2025/02/02 18:30:00,2025/02/03 05:10:00
ddh_10051,MBMY,XGOB,2025/02/02 18:40:00,2025/02/02 21:25:00
ddh_10052,VTIR,LMGE,2025/02/02 19:20:00,2025/02/03 00:05:00
ddh_10053,FRMU,XGOB,2025/02/02 19:50:00,2025/02/02 22:25:00
ddh_10054,FDVK,LMGE,2025/02/02 20:00:00,2025/02/03 05:20:00
ddh_10055,WZBQ,LMGE,2025/02/02 20:15:00,2025/02/02 23:00:00
ddh_10056,GXSZ,LMGE,2025/02/02 20:30:00,2025/02/03 05:15:00
ddh_10057,PCHL,LMGE,2025/02/02 20:45:00,2025/02/03 06:55:00
ddh_10058,OEQY,XGOB,2025/02/02 20:45:00,2025/02/02 23:20:00
ddh_10059,WMJO,LMGE,2025/02/02 21:10:00,2025/02/03 06:55:00
ddh_10060,WZBQ,MBMY,2025/02/02 21:55:00,2025/02/03 01:55:00
ddh_10061,LMGE,XNEP,2025/02/02 22:30:00,2025/02/03 11:30:00
ddh_10062,UQLN,MBMY,2025/02/02 23:10:00,2025/02/03 01:30:00
ddh_10063,LMGE,WIGY,2025/02/02 00:35:00,2025/02/02 13:00:00
ddh_10064,LMGE,XGOB,2025/02/03 00:05:00,2025/02/03 00:45:00
ddh_10065,LMGE,ZTNY,2025/02/03 00:55:00,2025/02/03 09:55:00
ddh_10066,LMGE,GXSZ,2025/02/03 01:30:00,2025/02/03 11:50:00
ddh_10067,LMGE,JHFU,2025/02/03 01:40:00,2025/02/03 12:25:00
ddh_10068,LMGE,FDVK,2025/02/03 01:45:00,2025/02/03 12:45:00
ddh_10069,QRYN,LMGE,2025/02/03 02:55:00,2025/02/03 11:05:00
ddh_10070,LMGE,XCIL,2025/02/03 10:00:00,2025/02/03 15:10:00
ddh_10071,XGOB,MHNT,2025/02/03 05:55:00,2025/02/03 10:25:00
ddh_10072,XGOB,WZBQ,2025/02/03 06:30:00,2025/02/03 09:10:00
ddh_10073,XGOB,WZBQ,2025/02/03 07:30:00,2025/02/03 10:15:00
ddh_10074,XGOB,JFWS,2025/02/03 07:30:00,2025/02/03 10:05:00
ddh_10075,LMGE,FRMU,2025/02/03 08:00:00,2025/02/03 10:25:00
ddh_10076,LMGE,JFWS,2025/02/03 08:00:00,2025/02/03 10:45:00
ddh_10077,XGOB,MBMY,2025/02/03 08:05:00,2025/02/03 11:00:00
ddh_10078,MBMY,HEYQ,2025/02/03 08:05:00,2025/02/03 10:40:00
ddh_10079,MBMY,UQLN,2025/02/03 08:20:00,2025/02/03 10:45:00
ddh_10080,LMGE,RENC,2025/02/03 09:35:00,2025/02/03 14:10:00
ddh_10081,WZBQ,XGOB,2025/02/03 10:25:00,2025/02/03 13:45:00
ddh_10082,JFWS,XGOB,2025/02/03 11:15:00,2025/02/03 13:10:00
ddh_10083,ZTNY,PCHL,2025/02/03 11:25:00,2025/02/03 13:55:00
ddh_10084,LMGE,WZBQ,2025/02/03 11:30:00,2025/02/03 14:10:00
ddh_10085,WZBQ,XGOB,2025/02/03 11:40:00,2025/02/03 14:40:00
ddh_10086,HEYQ,MBMY,2025/02/03 11:50:00,2025/02/03 14:45:00
ddh_10087,JFWS,LMGE,2025/02/03 11:50:00,2025/02/03 14:05:00
ddh_10088,LMGE,PSDO,2025/02/03 14:50:00,2025/02/03 19:55:00
ddh_10089,FRMU,LMGE,2025/02/03 11:55:00,2025/02/03 14:15:00
ddh_10090,UQLN,CXOJ,2025/02/03 12:00:00,2025/02/03 16:00:00
ddh_10091,MBMY,XGOB,2025/02/03 12:10:00,2025/02/03 14:45:00
ddh_10092,MHNT,GFTW,2025/02/03 12:25:00,2025/02/03 18:35:00
ddh_10093,XNEP,SNFR,2025/02/03 13:30:00,2025/02/04 04:15:00
ddh_10094,XGOB,JFWS,2025/02/03 14:30:00,2025/02/03 17:15:00
ddh_10095,LMGE,VTIR,2025/02/03 14:35:00,2025/02/03 18:20:00
ddh_10096,XGOB,MBMY,2025/02/03 15:05:00,2025/02/03 17:30:00
ddh_10097,WZBQ,LMGE,2025/02/03 15:30:00,2025/02/03 18:35:00
ddh_10098,RENC,LMGE,2025/02/03 15:40:00,2025/02/03 21:45:00
ddh_10099,LMGE,CCWQ,2025/02/03 16:05:00,2025/02/04 00:30:00
ddh_10100,XGOB,FRMU,2025/02/03 16:15:00,2025/02/03 18:35:00
ddh_10101,PCHL,LMGE,2025/02/03 16:25:00,2025/02/04 02:50:00
ddh_10102,LMGE,DRHC,2025/02/03 16:30:00,2025/02/04 01:20:00
ddh_10103,LMGE,QRYN,2025/02/03 16:30:00,2025/02/04 01:00:00
ddh_10104,LMGE,WZBQ,2025/02/03 16:30:00,2025/02/03 19:00:00
ddh_10105,MBMY,WZBQ,2025/02/03 16:40:00,2025/02/03 20:40:00
ddh_10106,XGOB,OEQY,2025/02/03 17:05:00,2025/02/03 19:25:00
ddh_10107,XCIL,LMGE,2025/02/03 17:10:00,2025/02/03 21:20:00
ddh_10108,CXOJ,UQLN,2025/02/03 17:50:00,2025/02/03 21:55:00
ddh_10109,JHFU,LMGE,2025/02/03 17:50:00,2025/02/04 05:00:00
ddh_10110,JFWS,XGOB,2025/02/03 18:20:00,2025/02/03 20:15:00
ddh_10111,JDTH,LMGE,2025/02/03 18:30:00,2025/02/04 05:10:00
ddh_10112,MBMY,XGOB,2025/02/03 18:40:00,2025/02/03 21:25:00
ddh_10113,VTIR,LMGE,2025/02/03 19:20:00,2025/02/04 00:05:00
ddh_10114,FRMU,XGOB,2025/02/03 19:50:00,2025/02/03 22:25:00
ddh_10115,FDVK,LMGE,2025/02/03 20:00:00,2025/02/04 05:20:00
ddh_10116,WZBQ,LMGE,2025/02/03 20:15:00,2025/02/03 23:00:00
ddh_10117,GXSZ,LMGE,2025/02/03 20:30:00,2025/02/04 05:15:00
ddh_10118,GFTW,WMJO,2025/02/03 20:35:00,2025/02/03 21:35:00
ddh_10119,OEQY,XGOB,2025/02/03 20:45:00,2025/02/03 23:20:00
ddh_10120,WZBQ,MBMY,2025/02/03 21:55:00,2025/02/04 01:55:00
ddh_10121,PSDO,XGOB,2025/02/03 22:00:00,2025/02/04 02:00:00
ddh_10122,UQLN,MBMY,2025/02/03 23:10:00,2025/02/04 01:30:00
ddh_10123,WMJO,LMGE,2025/02/03 23:35:00,2025/02/04 09:45:00
ddh_10124,LMGE,TFKN,2025/02/04 01:00:00,2025/02/04 12:45:00
ddh_10125,LMGE,JDTH,2025/02/04 01:30:00,2025/02/04 11:45:00
ddh_10126,LMGE,ACCS,2025/02/04 01:35:00,2025/02/04 13:45:00
ddh_10127,LMGE,JHFU,2025/02/04 01:40:00,2025/02/04 12:25:00
ddh_10128,LMGE,FDVK,2025/02/04 01:45:00,2025/02/04 12:45:00
ddh_10129,CCWQ,LMGE,2025/02/04 02:30:00,2025/02/04 09:05:00
ddh_10130,QRYN,LMGE,2025/02/04 02:55:00,2025/02/04 11:05:00
ddh_10131,DRHC,LMGE,2025/02/04 03:10:00,2025/02/04 12:00:00
ddh_10132,XGOB,MHNT,2025/02/04 05:00:00,2025/02/04 09:30:00
ddh_10133,SNFR,LMGE,2025/02/04 05:15:00,2025/02/04 08:10:00
ddh_10134,LMGE,QRYN,2025/02/04 05:50:00,2025/02/04 14:25:00
ddh_10135,XGOB,WZBQ,2025/02/04 06:30:00,2025/02/04 09:10:00
ddh_10136,XGOB,WZBQ,2025/02/04 07:30:00,2025/02/04 10:15:00
ddh_10137,XGOB,JFWS,2025/02/04 07:30:00,2025/02/04 10:05:00
ddh_10138,MBMY,UQLN,2025/02/04 07:40:00,2025/02/04 10:35:00
ddh_10139,LMGE,FRMU,2025/02/04 08:00:00,2025/02/04 10:25:00
ddh_10140,XGOB,MBMY,2025/02/04 08:05:00,2025/02/04 10:30:00
ddh_10141,MBMY,LMGE,2025/02/04 08:20:00,2025/02/04 11:00:00
ddh_10142,LMGE,IDKG,2025/02/04 08:35:00,2025/02/04 12:20:00
ddh_10143,LMGE,RENC,2025/02/04 09:35:00,2025/02/04 14:10:00
ddh_10144,WZBQ,XGOB,2025/02/04 10:25:00,2025/02/04 13:45:00
ddh_10145,JFWS,XGOB,2025/02/04 11:15:00,2025/02/04 13:10:00
ddh_10146,MHNT,WMJO,2025/02/04 11:30:00,2025/02/04 18:40:00
ddh_10147,LMGE,WZBQ,2025/02/04 11:30:00,2025/02/04 14:10:00
ddh_10148,MBMY,XGOB,2025/02/04 11:40:00,2025/02/04 14:30:00
ddh_10149,WZBQ,XGOB,2025/02/04 11:40:00,2025/02/04 14:40:00
ddh_10150,FRMU,LMGE,2025/02/04 11:55:00,2025/02/04 14:15:00
ddh_10151,UQLN,CXOJ,2025/02/04 12:00:00,2025/02/04 16:00:00
ddh_10152,LMGE,FRMU,2025/02/04 13:00:00,2025/02/04 15:25:00
ddh_10153,IDKG,LMGE,2025/02/04 13:30:00,2025/02/04 17:50:00
ddh_10154,XGOB,JFWS,2025/02/04 14:30:00,2025/02/04 17:15:00
ddh_10155,LMGE,FWCS,2025/02/04 14:40:00,2025/02/04 18:40:00
ddh_10156,XGOB,MBMY,2025/02/04 15:05:00,2025/02/04 17:25:00
ddh_10157,WZBQ,LMGE,2025/02/04 15:30:00,2025/02/04 18:20:00
ddh_10158,RENC,LMGE,2025/02/04 15:40:00,2025/02/04 21:45:00
ddh_10159,LMGE,CCWQ,2025/02/04 16:05:00,2025/02/05 00:30:00
ddh_10160,XGOB,FRMU,2025/02/04 16:10:00,2025/02/04 18:35:00
ddh_10161,QRYN,EUKE,2025/02/04 16:25:00,2025/02/04 19:50:00
ddh_10162,LMGE,DRHC,2025/02/04 16:30:00,2025/02/05 01:20:00
ddh_10163,LMGE,QRYN,2025/02/04 16:30:00,2025/02/05 01:00:00
ddh_10164,LMGE,WZBQ,2025/02/04 16:30:00,2025/02/04 19:00:00
ddh_10165,TFKN,LMGE,2025/02/04 16:40:00,2025/02/05 05:55:00
ddh_10166,FRMU,LMGE,2025/02/04 16:40:00,2025/02/04 18:55:00
ddh_10167,XGOB,OEQY,2025/02/04 17:05:00,2025/02/04 19:25:00
ddh_10168,CXOJ,UQLN,2025/02/04 17:50:00,2025/02/04 21:35:00
ddh_10169,JHFU,LMGE,2025/02/04 17:50:00,2025/02/05 05:00:00
ddh_10170,ACCS,LMGE,2025/02/04 18:20:00,2025/02/05 05:10:00
ddh_10171,JFWS,XGOB,2025/02/04 18:20:00,2025/02/04 20:15:00
ddh_10172,MBMY,XGOB,2025/02/04 18:40:00,2025/02/04 21:25:00
ddh_10173,FRMU,XGOB,2025/02/04 19:50:00,2025/02/04 22:25:00
ddh_10174,FWCS,LMGE,2025/02/04 19:55:00,2025/02/04 23:30:00
ddh_10175,FDVK,LMGE,2025/02/04 20:00:00,2025/02/05 05:20:00
ddh_10176,WZBQ,LMGE,2025/02/04 20:15:00,2025/02/04 23:00:00
ddh_10177,LMGE,MBMY,2025/02/04 20:15:00,2025/02/04 22:35:00
ddh_10178,OEQY,XGOB,2025/02/04 20:45:00,2025/02/04 23:20:00
ddh_10179,WMJO,LMGE,2025/02/04 21:10:00,2025/02/05 06:55:00
ddh_10180,EUKE,LMGE,2025/02/04 22:20:00,2025/02/05 07:55:00
ddh_10181,LMGE,XNEP,2025/02/04 22:30:00,2025/02/05 11:30:00
ddh_10182,UQLN,MBMY,2025/02/04 22:50:00,2025/02/05 01:30:00
ddh_10183,LMGE,XGOB,2025/02/05 00:05:00,2025/02/05 00:45:00
ddh_10184,LMGE,GXSZ,2025/02/05 01:30:00,2025/02/05 11:50:00
ddh_10185,LMGE,JDTH,2025/02/05 01:30:00,2025/02/05 11:45:00
ddh_10186,LMGE,JHFU,2025/02/05 01:40:00,2025/02/05 12:25:00
ddh_10187,LMGE,FDVK,2025/02/05 01:45:00,2025/02/05 12:45:00
ddh_10188,CCWQ,LMGE,2025/02/05 02:30:00,2025/02/05 09:00:00
ddh_10189,QRYN,LMGE,2025/02/05 02:55:00,2025/02/05 11:05:00
ddh_10190,DRHC,LMGE,2025/02/05 03:10:00,2025/02/05 11:50:00
ddh_10191,XGOB,MHNT,2025/02/05 05:00:00,2025/02/05 09:30:00
ddh_10192,LMGE,XCIL,2025/02/05 10:50:00,2025/02/05 15:50:00
ddh_10193,XGOB,WZBQ,2025/02/05 06:30:00,2025/02/05 09:10:00
ddh_10194,XGOB,WZBQ,2025/02/05 07:30:00,2025/02/05 10:15:00
ddh_10195,XGOB,JFWS,2025/02/05 07:30:00,2025/02/05 10:05:00
ddh_10196,LMGE,FRMU,2025/02/05 08:00:00,2025/02/05 10:25:00
ddh_10197,XGOB,MBMY,2025/02/05 08:05:00,2025/02/05 11:00:00
ddh_10198,MBMY,HEYQ,2025/02/05 08:05:00,2025/02/05 10:40:00
ddh_10199,MBMY,UQLN,2025/02/05 08:20:00,2025/02/05 10:45:00
ddh_10200,LMGE,IDKG,2025/02/05 08:35:00,2025/02/05 12:20:00
ddh_10201,LMGE,RENC,2025/02/05 09:35:00,2025/02/05 14:10:00
ddh_10202,WZBQ,XGOB,2025/02/05 10:25:00,2025/02/05 13:45:00
ddh_10203,JFWS,XGOB,2025/02/05 11:15:00,2025/02/05 13:10:00
ddh_10204,MHNT,WMJO,2025/02/05 11:30:00,2025/02/05 18:40:00
ddh_10205,LMGE,WZBQ,2025/02/05 11:30:00,2025/02/05 14:10:00
ddh_10206,WZBQ,XGOB,2025/02/05 11:40:00,2025/02/05 14:40:00
ddh_10207,HEYQ,MBMY,2025/02/05 11:50:00,2025/02/05 14:45:00
ddh_10208,FRMU,LMGE,2025/02/05 11:55:00,2025/02/05 14:15:00
ddh_10209,UQLN,CXOJ,2025/02/05 12:00:00,2025/02/05 16:00:00
ddh_10210,MBMY,XGOB,2025/02/05 12:10:00,2025/02/05 14:45:00
ddh_10211,XNEP,SNFR,2025/02/05 13:30:00,2025/02/06 04:15:00
ddh_10212,IDKG,LMGE,2025/02/05 13:30:00,2025/02/05 17:50:00
ddh_10213,XGOB,JFWS,2025/02/05 14:30:00,2025/02/05 17:15:00
ddh_10214,LMGE,VTIR,2025/02/05 14:35:00,2025/02/05 18:20:00
ddh_10215,XGOB,MBMY,2025/02/05 15:05:00,2025/02/05 17:30:00
ddh_10216,WZBQ,LMGE,2025/02/05 15:30:00,2025/02/05 18:35:00
ddh_10217,RENC,LMGE,2025/02/05 15:40:00,2025/02/05 21:45:00
ddh_10218,LMGE,CCWQ,2025/02/05 16:05:00,2025/02/06 00:30:00
ddh_10219,XGOB,FRMU,2025/02/05 16:15:00,2025/02/05 18:35:00
ddh_10220,LMGE,DRHC,2025/02/05 16:30:00,2025/02/06 01:20:00
ddh_10221,LMGE,QRYN,2025/02/05 16:30:00,2025/02/06 01:00:00
ddh_10222,LMGE,WZBQ,2025/02/05 16:30:00,2025/02/05 19:00:00
ddh_10223,MBMY,WZBQ,2025/02/05 16:40:00,2025/02/05 20:40:00
ddh_10224,XGOB,OEQY,2025/02/05 17:05:00,2025/02/05 19:25:00
ddh_10225,XCIL,LMGE,2025/02/05 17:50:00,2025/02/05 21:50:00
ddh_10226,CXOJ,UQLN,2025/02/05 17:50:00,2025/02/05 21:55:00
ddh_10227,JHFU,LMGE,2025/02/05 17:50:00,2025/02/06 05:00:00
ddh_10228,JFWS,XGOB,2025/02/05 18:20:00,2025/02/05 20:15:00
ddh_10229,JDTH,LMGE,2025/02/05 18:30:00,2025/02/06 05:10:00
ddh_10230,MBMY,XGOB,2025/02/05 18:40:00,2025/02/05 21:25:00
ddh_10231,VTIR,LMGE,2025/02/05 19:20:00,2025/02/06 00:05:00
ddh_10232,FRMU,XGOB,2025/02/05 19:50:00,2025/02/05 22:25:00
ddh_10233,FDVK,LMGE,2025/02/05 20:00:00,2025/02/06 05:20:00
ddh_10234,WZBQ,LMGE,2025/02/05 20:15:00,2025/02/05 23:00:00
ddh_10235,GXSZ,LMGE,2025/02/05 20:30:00,2025/02/06 05:15:00
ddh_10236,OEQY,XGOB,2025/02/05 20:45:00,2025/02/05 23:20:00
ddh_10237,WMJO,XGOB,2025/02/05 21:10:00,2025/02/06 06:40:00
ddh_10238,WZBQ,MBMY,2025/02/05 21:55:00,2025/02/06 01:55:00
ddh_10239,UQLN,MBMY,2025/02/05 23:10:00,2025/02/06 01:30:00
ddh_10240,LMGE,QRYN,2025/02/06 00:05:00,2025/02/06 08:25:00
ddh_10241,LMGE,VSBC,2025/02/06 00:05:00,2025/02/06 02:05:00
ddh_10242,LMGE,XGOB,2025/02/06 00:05:00,2025/02/06 00:45:00
ddh_10243,LMGE,ACCS,2025/02/06 01:35:00,2025/02/06 13:45:00
ddh_10244,LMGE,JHFU,2025/02/06 01:40:00,2025/02/06 12:25:00
ddh_10245,LMGE,FDVK,2025/02/06 01:45:00,2025/02/06 12:45:00
ddh_10246,CCWQ,LMGE,2025/02/06 02:30:00,2025/02/06 09:05:00
ddh_10247,QRYN,LMGE,2025/02/06 02:55:00,2025/02/06 11:05:00
ddh_10248,DRHC,LMGE,2025/02/06 03:10:00,2025/02/06 11:50:00
ddh_10249,XGOB,MHNT,2025/02/06 05:00:00,2025/02/06 09:30:00
ddh_10250,SNFR,LMGE,2025/02/06 05:15:00,2025/02/06 08:10:00
ddh_10251,XGOB,WZBQ,2025/02/06 06:30:00,2025/02/06 09:10:00
ddh_10252,XGOB,JFWS,2025/02/06 07:30:00,2025/02/06 10:05:00
ddh_10253,XGOB,WZBQ,2025/02/06 07:30:00,2025/02/06 10:15:00
ddh_10254,MBMY,UQLN,2025/02/06 07:40:00,2025/02/06 10:35:00
ddh_10255,LMGE,FRMU,2025/02/06 08:00:00,2025/02/06 10:25:00
ddh_10256,XGOB,MBMY,2025/02/06 08:05:00,2025/02/06 10:30:00
ddh_10257,MBMY,LMGE,2025/02/06 08:20:00,2025/02/06 10:55:00
ddh_10258,LMGE,IDKG,2025/02/06 08:35:00,2025/02/06 12:20:00
ddh_10259,QRYN,EUKE,2025/02/06 10:25:00,2025/02/06 14:10:00
ddh_10260,WZBQ,XGOB,2025/02/06 10:25:00,2025/02/06 13:45:00
ddh_10261,JFWS,XGOB,2025/02/06 11:15:00,2025/02/06 13:10:00
ddh_10262,LMGE,PKEY,2025/02/06 11:20:00,2025/02/06 13:20:00
ddh_10263,MHNT,WMJO,2025/02/06 11:30:00,2025/02/06 18:40:00
ddh_10264,LMGE,WZBQ,2025/02/06 11:30:00,2025/02/06 14:10:00
ddh_10265,MBMY,XGOB,2025/02/06 11:40:00,2025/02/06 14:30:00
ddh_10266,WZBQ,XGOB,2025/02/06 11:40:00,2025/02/06 14:40:00
ddh_10267,FRMU,LMGE,2025/02/06 11:55:00,2025/02/06 14:15:00
ddh_10268,UQLN,CXOJ,2025/02/06 12:00:00,2025/02/06 16:00:00
ddh_10269,LMGE,FRMU,2025/02/06 13:00:00,2025/02/06 15:25:00
ddh_10270,IDKG,LMGE,2025/02/06 13:30:00,2025/02/06 17:50:00
ddh_10271,XGOB,JFWS,2025/02/06 14:30:00,2025/02/06 17:15:00
ddh_10272,LMGE,VTIR,2025/02/06 14:35:00,2025/02/06 18:20:00
ddh_10273,LMGE,FWCS,2025/02/06 14:40:00,2025/02/06 18:40:00
ddh_10274,XGOB,MBMY,2025/02/06 15:05:00,2025/02/06 17:30:00
ddh_10275,PKEY,CCWQ,2025/02/06 15:20:00,2025/02/07 00:30:00
ddh_10276,WZBQ,LMGE,2025/02/06 15:30:00,2025/02/06 18:35:00
ddh_10277,XGOB,FRMU,2025/02/06 16:10:00,2025/02/06 18:35:00
ddh_10278,LMGE,XLXE,2025/02/06 16:10:00,2025/02/06 18:25:00
ddh_10279,EUKE,LMGE,2025/02/06 16:30:00,2025/02/07 02:30:00
ddh_10280,LMGE,QRYN,2025/02/06 16:30:00,2025/02/07 01:00:00
ddh_10281,LMGE,WZBQ,2025/02/06 16:30:00,2025/02/06 19:00:00
ddh_10282,LMGE,MVFV,2025/02/06 16:35:00,2025/02/06 19:50:00
ddh_10283,FRMU,LMGE,2025/02/06 16:40:00,2025/02/06 18:55:00
ddh_10284,XGOB,OEQY,2025/02/06 16:45:00,2025/02/06 19:05:00
ddh_10285,CXOJ,UQLN,2025/02/06 17:50:00,2025/02/06 21:35:00
ddh_10286,JHFU,LMGE,2025/02/06 17:50:00,2025/02/07 05:00:00
ddh_10287,JFWS,XGOB,2025/02/06 18:20:00,2025/02/06 20:15:00
ddh_10288,ACCS,LMGE,2025/02/06 18:20:00,2025/02/07 05:10:00
ddh_10289,JDTH,LMGE,2025/02/06 18:30:00,2025/02/07 05:10:00
ddh_10290,MBMY,XGOB,2025/02/06 18:40:00,2025/02/06 21:25:00
ddh_10291,VTIR,LMGE,2025/02/06 19:20:00,2025/02/06 23:55:00
ddh_10292,XLXE,LMGE,2025/02/06 19:40:00,2025/02/06 22:35:00
ddh_10293,FRMU,XGOB,2025/02/06 19:50:00,2025/02/06 22:25:00
ddh_10294,FWCS,LMGE,2025/02/06 19:55:00,2025/02/06 23:30:00
ddh_10295,FDVK,LMGE,2025/02/06 20:00:00,2025/02/07 05:20:00
ddh_10296,LMGE,MBMY,2025/02/06 20:15:00,2025/02/06 22:35:00
ddh_10297,WZBQ,LMGE,2025/02/06 20:15:00,2025/02/06 23:00:00
ddh_10298,OEQY,XGOB,2025/02/06 20:25:00,2025/02/06 23:20:00
ddh_10299,MVFV,LMGE,2025/02/06 20:50:00,2025/02/07 01:15:00
ddh_10300,WMJO,LMGE,2025/02/06 21:10:00,2025/02/07 06:55:00
ddh_10301,UQLN,MBMY,2025/02/06 22:50:00,2025/02/07 01:30:00
ddh_10302,LMGE,GXSZ,2025/02/07 01:30:00,2025/02/07 11:50:00
ddh_10303,LMGE,JDTH,2025/02/07 01:30:00,2025/02/07 11:45:00
ddh_10304,LMGE,JHFU,2025/02/07 01:40:00,2025/02/07 12:25:00
ddh_10305,LMGE,FDVK,2025/02/07 01:45:00,2025/02/07 12:45:00
ddh_10306,CCWQ,PKEY,2025/02/07 02:30:00,2025/02/07 10:30:00
ddh_10307,QRYN,LMGE,2025/02/07 02:55:00,2025/02/07 11:05:00
ddh_10308,LMGE,HBNQ,2025/02/07 12:00:00,2025/02/07 14:30:00
ddh_10309,XGOB,MHNT,2025/02/07 05:55:00,2025/02/07 10:25:00
ddh_10310,XGOB,WZBQ,2025/02/07 06:30:00,2025/02/07 09:10:00
ddh_10311,XGOB,WZBQ,2025/02/07 07:30:00,2025/02/07 10:15:00
ddh_10312,XGOB,JFWS,2025/02/07 07:30:00,2025/02/07 10:05:00
ddh_10313,LMGE,FRMU,2025/02/07 08:00:00,2025/02/07 10:25:00
ddh_10314,LMGE,JFWS,2025/02/07 08:00:00,2025/02/07 10:45:00
ddh_10315,MBMY,HEYQ,2025/02/07 08:05:00,2025/02/07 10:40:00
ddh_10316,MBMY,UQLN,2025/02/07 08:20:00,2025/02/07 10:45:00
ddh_10317,LMGE,XLXE,2025/02/07 10:15:00,2025/02/07 12:35:00
ddh_10318,WZBQ,XGOB,2025/02/07 10:25:00,2025/02/07 13:45:00
ddh_10319,JFWS,XGOB,2025/02/07 11:15:00,2025/02/07 13:10:00
ddh_10320,WZBQ,XGOB,2025/02/07 11:40:00,2025/02/07 14:40:00
ddh_10321,HEYQ,MBMY,2025/02/07 11:50:00,2025/02/07 14:45:00
ddh_10322,JFWS,LMGE,2025/02/07 11:50:00,2025/02/07 14:05:00
ddh_10323,FRMU,LMGE,2025/02/07 11:55:00,2025/02/07 14:15:00
ddh_10324,UQLN,CXOJ,2025/02/07 12:00:00,2025/02/07 16:00:00
ddh_10325,MHNT,WMJO,2025/02/07 12:25:00,2025/02/07 19:35:00
ddh_10326,PKEY,LMGE,2025/02/07 12:30:00,2025/02/07 15:00:00
ddh_10327,LMGE,CYBH,2025/02/07 12:50:00,2025/02/07 15:15:00
ddh_10328,XLXE,LMGE,2025/02/07 13:50:00,2025/02/07 16:40:00
ddh_10329,LMGE,VTIR,2025/02/07 14:35:00,2025/02/07 18:20:00
ddh_10330,XGOB,MBMY,2025/02/07 15:05:00,2025/02/07 17:30:00
ddh_10331,TFKN,LMGE,2025/02/07 15:10:00,2025/02/08 06:50:00
ddh_10332,XGOB,JFWS,2025/02/07 15:30:00,2025/02/07 18:25:00
ddh_10333,LMGE,CCWQ,2025/02/07 16:05:00,2025/02/08 00:30:00
ddh_10334,XGOB,FRMU,2025/02/07 16:15:00,2025/02/07 18:35:00
ddh_10335,LMGE,DRHC,2025/02/07 16:30:00,2025/02/08 01:20:00
ddh_10336,LMGE,QRYN,2025/02/07 16:30:00,2025/02/08 01:00:00
ddh_10337,LMGE,WZBQ,2025/02/07 16:30:00,2025/02/07 19:00:00
ddh_10338,CYBH,LMGE,2025/02/07 16:30:00,2025/02/07 19:55:00
ddh_10339,MBMY,WZBQ,2025/02/07 16:40:00,2025/02/07 20:40:00
ddh_10340,HBNQ,YLTL,2025/02/07 16:55:00,2025/02/07 19:10:00
ddh_10341,XGOB,OEQY,2025/02/07 17:05:00,2025/02/07 19:25:00
ddh_10342,CXOJ,UQLN,2025/02/07 17:50:00,2025/02/07 21:55:00
ddh_10343,JHFU,LMGE,2025/02/07 17:50:00,2025/02/08 05:00:00
ddh_10344,MBMY,XGOB,2025/02/07 18:40:00,2025/02/07 21:25:00
ddh_10345,VTIR,LMGE,2025/02/07 19:20:00,2025/02/08 00:05:00
ddh_10346,JFWS,XGOB,2025/02/07 19:30:00,2025/02/07 21:25:00
ddh_10347,FRMU,XGOB,2025/02/07 19:50:00,2025/02/07 22:25:00
ddh_10348,FDVK,LMGE,2025/02/07 20:00:00,2025/02/08 05:20:00
ddh_10349,WZBQ,LMGE,2025/02/07 20:15:00,2025/02/07 23:00:00
ddh_10350,GXSZ,LMGE,2025/02/07 20:30:00,2025/02/08 05:15:00
ddh_10351,OEQY,XGOB,2025/02/07 20:45:00,2025/02/07 23:20:00
ddh_10352,YLTL,XGOB,2025/02/07 21:10:00,2025/02/08 02:00:00
ddh_10353,WZBQ,MBMY,2025/02/07 21:55:00,2025/02/08 01:55:00
ddh_10354,WMJO,LMGE,2025/02/07 22:05:00,2025/02/08 07:50:00
ddh_10355,LMGE,XNEP,2025/02/07 22:30:00,2025/02/08 11:30:00
ddh_10356,UQLN,MBMY,2025/02/07 23:10:00,2025/02/08 01:30:00
ddh_10357,LMGE,JDTH,2025/02/08 01:30:00,2025/02/08 11:45:00
ddh_10358,LMGE,ACCS,2025/02/08 01:35:00,2025/02/08 13:45:00
ddh_10359,LMGE,JHFU,2025/02/08 01:40:00,2025/02/08 12:25:00
ddh_10360,LMGE,FDVK,2025/02/08 01:45:00,2025/02/08 12:45:00
ddh_10361,CCWQ,LMGE,2025/02/08 02:30:00,2025/02/08 09:05:00
ddh_10362,QRYN,LMGE,2025/02/08 02:55:00,2025/02/08 11:05:00
ddh_10363,DRHC,LMGE,2025/02/08 03:10:00,2025/02/08 11:50:00
ddh_10364,LMGE,QRYN,2025/02/08 05:00:00,2025/02/08 13:20:00
ddh_10365,LMGE,PSDO,2025/02/08 14:50:00,2025/02/08 19:55:00
ddh_10366,XGOB,MHNT,2025/02/08 05:55:00,2025/02/08 10:25:00
ddh_10367,XGOB,WZBQ,2025/02/08 06:30:00,2025/02/08 09:10:00
ddh_10368,XGOB,JFWS,2025/02/08 07:30:00,2025/02/08 10:05:00
ddh_10369,MBMY,UQLN,2025/02/08 07:40:00,2025/02/08 10:35:00
ddh_10370,LMGE,FRMU,2025/02/08 08:00:00,2025/02/08 10:25:00
ddh_10371,XGOB,MBMY,2025/02/08 08:05:00,2025/02/08 10:30:00
ddh_10372,MBMY,LMGE,2025/02/08 08:20:00,2025/02/08 11:00:00
ddh_10373,LMGE,IDKG,2025/02/08 08:35:00,2025/02/08 12:20:00
ddh_10374,XGOB,HEYQ,2025/02/08 09:05:00,2025/02/08 11:45:00
ddh_10375,WZBQ,XGOB,2025/02/08 10:25:00,2025/02/08 13:45:00
ddh_10376,JFWS,XGOB,2025/02/08 11:15:00,2025/02/08 13:10:00
ddh_10377,LMGE,WZBQ,2025/02/08 11:30:00,2025/02/08 14:10:00
ddh_10378,MBMY,XGOB,2025/02/08 11:40:00,2025/02/08 14:30:00
ddh_10379,FRMU,LMGE,2025/02/08 11:55:00,2025/02/08 14:15:00
ddh_10380,UQLN,CXOJ,2025/02/08 12:00:00,2025/02/08 16:00:00
ddh_10381,MHNT,GFTW,2025/02/08 12:25:00,2025/02/08 18:35:00
ddh_10382,HEYQ,LMGE,2025/02/08 12:35:00,2025/02/08 15:55:00
ddh_10383,LMGE,FRMU,2025/02/08 13:00:00,2025/02/08 15:25:00
ddh_10384,IDKG,LMGE,2025/02/08 13:30:00,2025/02/08 17:50:00
ddh_10385,XGOB,JFWS,2025/02/08 14:30:00,2025/02/08 17:15:00
ddh_10386,LMGE,VTIR,2025/02/08 14:35:00,2025/02/08 18:20:00
ddh_10387,XGOB,MBMY,2025/02/08 15:05:00,2025/02/08 17:30:00
ddh_10388,QRYN,EUKE,2025/02/08 15:20:00,2025/02/08 18:50:00
ddh_10389,WZBQ,LMGE,2025/02/08 15:30:00,2025/02/08 18:35:00
ddh_10390,LMGE,XLXE,2025/02/08 16:10:00,2025/02/08 18:25:00
ddh_10391,LMGE,WZBQ,2025/02/08 16:30:00,2025/02/08 19:00:00
ddh_10392,LMGE,MVFV,2025/02/08 16:35:00,2025/02/08 19:50:00
ddh_10393,FRMU,LMGE,2025/02/08 16:40:00,2025/02/08 18:55:00
ddh_10394,XGOB,OEQY,2025/02/08 17:05:00,2025/02/08 19:25:00
ddh_10395,CXOJ,UQLN,2025/02/08 17:50:00,2025/02/08 21:35:00
ddh_10396,JFWS,XGOB,2025/02/08 18:20:00,2025/02/08 20:15:00
ddh_10397,MBMY,XGOB,2025/02/08 18:40:00,2025/02/08 21:25:00
ddh_10398,VTIR,LMGE,2025/02/08 19:20:00,2025/02/08 23:55:00
ddh_10399,XLXE,LMGE,2025/02/08 19:40:00,2025/02/08 22:35:00
ddh_10400,LMGE,MBMY,2025/02/08 20:15:00,2025/02/08 22:35:00
ddh_10401,WZBQ,LMGE,2025/02/08 20:15:00,2025/02/08 23:00:00
ddh_10402,GFTW,WMJO,2025/02/08 20:40:00,2025/02/08 21:35:00
ddh_10403,OEQY,XGOB,2025/02/08 20:45:00,2025/02/08 23:20:00
ddh_10404,XGOB,VTIR,2025/01/31 09:30:00,2025/01/31 12:30:00
ddh_10405,XGOB,VTIR,2025/02/01 09:30:00,2025/02/01 12:30:00
ddh_10406,XGOB,VTIR,2025/02/02 09:30:00,2025/02/02 12:30:00
ddh_10407,XGOB,VTIR,2025/02/03 09:30:00,2025/02/03 12:30:00
ddh_10408,XGOB,VTIR,2025/02/04 09:30:00,2025/02/04 12:30:00
ddh_10409,XGOB,VTIR,2025/02/05 09:30:00,2025/02/05 12:30:00
ddh_10410,XGOB,VTIR,2025/02/06 09:30:00,2025/02/06 12:30:00
ddh_10411,XGOB,VTIR,2025/02/07 09:30:00,2025/02/07 12:30:00
ddh_10412,XGOB,VTIR,2025/02/08 09:30:00,2025/02/08 12:30:00
ddh_10414,XGOB,IAWP,2025/01/31 07:00:00,2025/01/31 09:00:00
ddh_10415,XGOB,IAWP,2025/02/01 07:00:00,2025/02/01 09:00:00
ddh_10416,XGOB,IAWP,2025/02/02 07:00:00,2025/02/02 09:00:00
ddh_10417,XGOB,IAWP,2025/02/03 07:00:00,2025/02/03 09:00:00
ddh_10418,XGOB,IAWP,2025/02/04 07:00:00,2025/02/04 09:00:00
ddh_10419,XGOB,IAWP,2025/02/05 07:00:00,2025/02/05 09:00:00
ddh_10420,XGOB,IAWP,2025/02/06 07:00:00,2025/02/06 09:00:00
ddh_10421,XGOB,IAWP,2025/02/07 07:00:00,2025/02/07 09:00:00
ddh_10422,XGOB,IAWP,2025/02/08 07:00:00,2025/02/08 09:00:00
ddh_10424,LMGE,IAWP,2025/01/31 07:00:00,2025/01/31 09:00:00
ddh_10425,LMGE,IAWP,2025/02/01 07:00:00,2025/02/01 09:00:00
ddh_10426,LMGE,IAWP,2025/02/02 07:00:00,2025/02/02 09:00:00
ddh_10427,LMGE,IAWP,2025/02/03 07:00:00,2025/02/03 09:00:00
ddh_10428,LMGE,IAWP,2025/02/04 07:00:00,2025/02/04 09:00:00
ddh_10429,LMGE,IAWP,2025/02/05 07:00:00,2025/02/05 09:00:00
ddh_10430,LMGE,IAWP,2025/02/06 07:00:00,2025/02/06 09:00:00
ddh_10431,LMGE,IAWP,2025/02/07 07:00:00,2025/02/07 09:00:00
ddh_10432,LMGE,IAWP,2025/02/08 07:00:00,2025/02/08 09:00:00
ddh_10434,XGOB,IOHQ,2025/01/31 06:00:00,2025/01/31 09:00:00
ddh_10435,XGOB,IOHQ,2025/02/01 06:00:00,2025/02/01 09:00:00
ddh_10436,XGOB,IOHQ,2025/02/02 06:00:00,2025/02/02 09:00:00
ddh_10437,XGOB,IOHQ,2025/02/03 06:00:00,2025/02/03 09:00:00
ddh_10438,XGOB,IOHQ,2025/02/04 06:00:00,2025/02/04 09:00:00
ddh_10439,XGOB,IOHQ,2025/02/05 06:00:00,2025/02/05 09:00:00
ddh_10440,XGOB,IOHQ,2025/02/06 06:00:00,2025/02/06 09:00:00
ddh_10441,XGOB,IOHQ,2025/02/07 06:00:00,2025/02/07 09:00:00
ddh_10442,XGOB,IOHQ,2025/02/08 06:00:00,2025/02/08 09:00:00
ddh_10444,XGOB,VBKF,2025/01/31 07:00:00,2025/01/31 11:00:00
ddh_10445,XGOB,VBKF,2025/02/01 07:00:00,2025/02/01 11:00:00
ddh_10446,XGOB,VBKF,2025/02/02 07:00:00,2025/02/02 11:00:00
ddh_10447,XGOB,VBKF,2025/02/03 07:00:00,2025/02/03 11:00:00
ddh_10448,XGOB,VBKF,2025/02/04 07:00:00,2025/02/04 11:00:00
ddh_10449,XGOB,VBKF,2025/02/05 07:00:00,2025/02/05 11:00:00
ddh_10450,XGOB,VBKF,2025/02/06 07:00:00,2025/02/06 11:00:00
ddh_10451,XGOB,VBKF,2025/02/07 07:00:00,2025/02/07 11:00:00
ddh_10452,XGOB,VBKF,2025/02/08 07:00:00,2025/02/08 11:00:00
ddh_10454,UQLN,VBKF,2025/01/31 07:00:00,2025/01/31 09:00:00
ddh_10455,UQLN,VBKF,2025/02/01 07:00:00,2025/02/01 09:00:00
ddh_10456,UQLN,VBKF,2025/02/02 07:00:00,2025/02/02 09:00:00
ddh_10457,UQLN,VBKF,2025/02/03 07:00:00,2025/02/03 09:00:00
ddh_10458,UQLN,VBKF,2025/02/04 07:00:00,2025/02/04 09:00:00
ddh_10459,UQLN,VBKF,2025/02/05 07:00:00,2025/02/05 09:00:00
ddh_10460,UQLN,VBKF,2025/02/06 07:00:00,2025/02/06 09:00:00
ddh_10461,UQLN,VBKF,2025/02/07 07:00:00,2025/02/07 09:00:00
ddh_10462,UQLN,VBKF,2025/02/08 07:00:00,2025/02/08 09:00:00
ddh_10464,UQLN,IOHQ,2025/01/31 07:00:00,2025/01/31 08:00:00
ddh_10465,UQLN,IOHQ,2025/02/01 07:00:00,2025/02/01 08:00:00
ddh_10466,UQLN,IOHQ,2025/02/02 07:00:00,2025/02/02 08:00:00
ddh_10467,UQLN,IOHQ,2025/02/03 07:00:00,2025/02/03 08:00:00
ddh_10468,UQLN,IOHQ,2025/02/04 07:00:00,2025/02/04 08:00:00
ddh_10469,UQLN,IOHQ,2025/02/05 07:00:00,2025/02/05 08:00:00
ddh_10470,UQLN,IOHQ,2025/02/06 07:00:00,2025/02/06 08:00:00
ddh_10471,UQLN,IOHQ,2025/02/07 07:00:00,2025/02/07 08:00:00
ddh_10472,UQLN,IOHQ,2025/02/08 07:00:00,2025/02/08 08:00:00
ddh_10474,IOHQ,UQLN,2025/01/31 07:00:00,2025/01/31 08:00:00
ddh_10475,IOHQ,UQLN,2025/02/01 07:00:00,2025/02/01 08:00:00
ddh_10476,IOHQ,UQLN,2025/02/02 07:00:00,2025/02/02 08:00:00
ddh_10477,IOHQ,UQLN,2025/02/03 07:00:00,2025/02/03 08:00:00
ddh_10478,IOHQ,UQLN,2025/02/04 07:00:00,2025/02/04 08:00:00
ddh_10479,IOHQ,UQLN,2025/02/05 07:00:00,2025/02/05 08:00:00
ddh_10480,IOHQ,UQLN,2025/02/06 07:00:00,2025/02/06 08:00:00
ddh_10481,IOHQ,UQLN,2025/02/07 07:00:00,2025/02/07 08:00:00
ddh_10482,IOHQ,UQLN,2025/02/08 07:00:00,2025/02/08 08:00:00
ddh_10484,GRIG,XGOB,2025/01/31 17:50:00,2025/01/31 19:25:00
ddh_10485,GRIG,XGOB,2025/02/01 17:50:00,2025/02/01 19:25:00
ddh_10486,GRIG,XGOB,2025/02/02 17:50:00,2025/02/02 19:25:00
ddh_10487,GRIG,XGOB,2025/02/03 17:50:00,2025/02/03 19:25:00
ddh_10488,GRIG,XGOB,2025/02/04 17:50:00,2025/02/04 19:25:00
ddh_10489,GRIG,XGOB,2025/02/05 17:50:00,2025/02/05 19:25:00
ddh_10490,GRIG,XGOB,2025/02/06 17:50:00,2025/02/06 19:25:00
ddh_10491,GRIG,XGOB,2025/02/07 17:50:00,2025/02/07 19:25:00
ddh_10492,GRIG,XGOB,2025/02/08 17:50:00,2025/02/08 19:25:00
ddh_10494,XGOB,IAWP,2025/01/31 19:00:00,2025/01/31 21:00:00
ddh_10495,XGOB,IAWP,2025/02/01 19:00:00,2025/02/01 21:00:00
ddh_10496,XGOB,IAWP,2025/02/02 19:00:00,2025/02/02 21:00:00
ddh_10497,XGOB,IAWP,2025/02/03 19:00:00,2025/02/03 21:00:00
ddh_10498,XGOB,IAWP,2025/02/04 19:00:00,2025/02/04 21:00:00
ddh_10499,XGOB,IAWP,2025/02/05 19:00:00,2025/02/05 21:00:00
ddh_10500,XGOB,IAWP,2025/02/06 19:00:00,2025/02/06 21:00:00
ddh_10501,XGOB,IAWP,2025/02/07 19:00:00,2025/02/07 21:00:00
ddh_10502,XGOB,IAWP,2025/02/08 19:00:00,2025/02/08 21:00:00
ddh_10504,IAWP,XGOB,2025/01/31 19:45:00,2025/01/31 21:45:00
ddh_10505,IAWP,XGOB,2025/02/01 19:45:00,2025/02/01 21:45:00
ddh_10506,IAWP,XGOB,2025/02/02 19:45:00,2025/02/02 21:45:00
ddh_10507,IAWP,XGOB,2025/02/03 19:45:00,2025/02/03 21:45:00
ddh_10508,IAWP,XGOB,2025/02/04 19:45:00,2025/02/04 21:45:00
ddh_10509,IAWP,XGOB,2025/02/05 19:45:00,2025/02/05 21:45:00
ddh_10510,IAWP,XGOB,2025/02/06 19:45:00,2025/02/06 21:45:00
ddh_10511,IAWP,XGOB,2025/02/07 19:45:00,2025/02/07 21:45:00
ddh_10512,IAWP,XGOB,2025/02/08 19:45:00,2025/02/08 21:45:00
ddh_10514,XGOB,VBKF,2025/01/31 15:00:00,2025/01/31 18:18:00
ddh_10515,XGOB,VBKF,2025/02/01 15:00:00,2025/02/01 18:18:00
ddh_10516,XGOB,VBKF,2025/02/02 15:00:00,2025/02/02 18:18:00
ddh_10517,XGOB,VBKF,2025/02/03 15:00:00,2025/02/03 18:18:00
ddh_10518,XGOB,VBKF,2025/02/04 15:00:00,2025/02/04 18:18:00
ddh_10519,XGOB,VBKF,2025/02/05 15:00:00,2025/02/05 18:18:00
ddh_10520,XGOB,VBKF,2025/02/06 15:00:00,2025/02/06 18:18:00
ddh_10521,XGOB,VBKF,2025/02/07 15:00:00,2025/02/07 18:18:00
ddh_10522,XGOB,VBKF,2025/02/08 15:00:00,2025/02/08 18:18:00
ddh_10524,VBKF,XGOB,2025/01/31 14:50:00,2025/01/31 18:39:00
ddh_10525,VBKF,XGOB,2025/02/01 14:50:00,2025/02/01 18:39:00
ddh_10526,VBKF,XGOB,2025/02/02 14:50:00,2025/02/02 18:39:00
ddh_10527,VBKF,XGOB,2025/02/03 14:50:00,2025/02/03 18:39:00
ddh_10528,VBKF,XGOB,2025/02/04 14:50:00,2025/02/04 18:39:00
ddh_10529,VBKF,XGOB,2025/02/05 14:50:00,2025/02/05 18:39:00
ddh_10530,VBKF,XGOB,2025/02/06 14:50:00,2025/02/06 18:39:00
ddh_10531,VBKF,XGOB,2025/02/07 14:50:00,2025/02/07 18:39:00
ddh_10532,VBKF,XGOB,2025/02/08 14:50:00,2025/02/08 18:39:00
ddh_10534,UQLN,XGOB,2025/01/31 18:15:00,2025/01/31 20:34:00
ddh_10535,UQLN,XGOB,2025/02/01 18:15:00,2025/02/01 20:34:00
ddh_10536,UQLN,XGOB,2025/02/02 18:15:00,2025/02/02 20:34:00
ddh_10537,UQLN,XGOB,2025/02/03 18:15:00,2025/02/03 20:34:00
ddh_10538,UQLN,XGOB,2025/02/04 18:15:00,2025/02/04 20:34:00
ddh_10539,UQLN,XGOB,2025/02/05 18:15:00,2025/02/05 20:34:00
ddh_10540,UQLN,XGOB,2025/02/06 18:15:00,2025/02/06 20:34:00
ddh_10541,UQLN,XGOB,2025/02/07 18:15:00,2025/02/07 20:34:00
ddh_10542,UQLN,XGOB,2025/02/08 18:15:00,2025/02/08 20:34:00
ddh_10544,XGOB,CLVM,2025/01/31 20:13:00,2025/01/31 21:30:00
ddh_10545,XGOB,CLVM,2025/02/01 20:13:00,2025/02/01 21:30:00
ddh_10546,XGOB,CLVM,2025/02/02 20:13:00,2025/02/02 21:30:00
ddh_10547,XGOB,CLVM,2025/02/03 20:13:00,2025/02/03 21:30:00
ddh_10548,XGOB,CLVM,2025/02/04 20:13:00,2025/02/04 21:30:00
ddh_10549,XGOB,CLVM,2025/02/05 20:13:00,2025/02/05 21:30:00
ddh_10550,XGOB,CLVM,2025/02/06 20:13:00,2025/02/06 21:30:00
ddh_10551,XGOB,CLVM,2025/02/07 20:13:00,2025/02/07 21:30:00
ddh_10552,XGOB,CLVM,2025/02/08 20:13:00,2025/02/08 21:30:00
ddh_10554,CLVM,XGOB,2025/01/31 18:27:00,2025/01/31 20:01:00
ddh_10555,CLVM,XGOB,2025/02/01 18:27:00,2025/02/01 20:01:00
ddh_10556,CLVM,XGOB,2025/02/02 18:27:00,2025/02/02 20:01:00
ddh_10557,CLVM,XGOB,2025/02/03 18:27:00,2025/02/03 20:01:00
ddh_10558,CLVM,XGOB,2025/02/04 18:27:00,2025/02/04 20:01:00
ddh_10559,CLVM,XGOB,2025/02/05 18:27:00,2025/02/05 20:01:00
ddh_10560,CLVM,XGOB,2025/02/06 18:27:00,2025/02/06 20:01:00
ddh_10561,CLVM,XGOB,2025/02/07 18:27:00,2025/02/07 20:01:00
ddh_10562,CLVM,XGOB,2025/02/08 18:27:00,2025/02/08 20:01:00
ddh_10564,VBKF,XGOB,2025/01/31 16:41:00,2025/01/31 20:33:00
ddh_10565,VBKF,XGOB,2025/02/01 16:41:00,2025/02/01 20:33:00
ddh_10566,VBKF,XGOB,2025/02/02 16:41:00,2025/02/02 20:33:00
ddh_10567,VBKF,XGOB,2025/02/03 16:41:00,2025/02/03 20:33:00
ddh_10568,VBKF,XGOB,2025/02/04 16:41:00,2025/02/04 20:33:00
ddh_10569,VBKF,XGOB,2025/02/05 16:41:00,2025/02/05 20:33:00
ddh_10570,VBKF,XGOB,2025/02/06 16:41:00,2025/02/06 20:33:00
ddh_10571,VBKF,XGOB,2025/02/07 16:41:00,2025/02/07 20:33:00
ddh_10572,VBKF,XGOB,2025/02/08 16:41:00,2025/02/08 20:33:00
ddh_10574,IAWP,XGOB,2025/01/31 17:00:00,2025/01/31 20:00:00
ddh_10575,IAWP,XGOB,2025/02/01 17:00:00,2025/02/01 20:00:00
ddh_10576,IAWP,XGOB,2025/02/02 17:00:00,2025/02/02 20:00:00
ddh_10577,IAWP,XGOB,2025/02/03 17:00:00,2025/02/03 20:00:00
ddh_10578,IAWP,XGOB,2025/02/04 17:00:00,2025/02/04 20:00:00
ddh_10579,IAWP,XGOB,2025/02/05 17:00:00,2025/02/05 20:00:00
ddh_10580,IAWP,XGOB,2025/02/06 17:00:00,2025/02/06 20:00:00
ddh_10581,IAWP,XGOB,2025/02/07 17:00:00,2025/02/07 20:00:00
ddh_10582,IAWP,XGOB,2025/02/08 17:00:00,2025/02/08 20:00:00
ddh_10584,CLVM,XGOB,2025/01/31 18:42:00,2025/01/31 20:05:00
ddh_10585,CLVM,XGOB,2025/02/01 18:42:00,2025/02/01 20:05:00
ddh_10586,CLVM,XGOB,2025/02/02 18:42:00,2025/02/02 20:05:00
ddh_10587,CLVM,XGOB,2025/02/03 18:42:00,2025/02/03 20:05:00
ddh_10588,CLVM,XGOB,2025/02/04 18:42:00,2025/02/04 20:05:00
ddh_10589,CLVM,XGOB,2025/02/05 18:42:00,2025/02/05 20:05:00
ddh_10590,CLVM,XGOB,2025/02/06 18:42:00,2025/02/06 20:05:00
ddh_10591,CLVM,XGOB,2025/02/07 18:42:00,2025/02/07 20:05:00
ddh_10592,CLVM,XGOB,2025/02/08 18:42:00,2025/02/08 20:05:00
ddh_10594,XGOB,IAWP,2025/01/31 19:45:00,2025/01/31 21:45:00
ddh_10595,XGOB,IAWP,2025/02/01 19:45:00,2025/02/01 21:45:00
ddh_10596,XGOB,IAWP,2025/02/02 19:45:00,2025/02/02 21:45:00
ddh_10597,XGOB,IAWP,2025/02/03 19:45:00,2025/02/03 21:45:00
ddh_10598,XGOB,IAWP,2025/02/04 19:45:00,2025/02/04 21:45:00
ddh_10599,XGOB,IAWP,2025/02/05 19:45:00,2025/02/05 21:45:00
ddh_10600,XGOB,IAWP,2025/02/06 19:45:00,2025/02/06 21:45:00
ddh_10601,XGOB,IAWP,2025/02/07 19:45:00,2025/02/07 21:45:00
ddh_10602,XGOB,IAWP,2025/02/08 19:45:00,2025/02/08 21:45:00
ddh_10604,IAWP,XGOB,2025/01/31 19:00:00,2025/01/31 21:00:00
ddh_10605,IAWP,XGOB,2025/02/01 19:00:00,2025/02/01 21:00:00
ddh_10606,IAWP,XGOB,2025/02/02 19:00:00,2025/02/02 21:00:00
ddh_10607,IAWP,XGOB,2025/02/03 19:00:00,2025/02/03 21:00:00
ddh_10608,IAWP,XGOB,2025/02/04 19:00:00,2025/02/04 21:00:00
ddh_10609,IAWP,XGOB,2025/02/05 19:00:00,2025/02/05 21:00:00
ddh_10610,IAWP,XGOB,2025/02/06 19:00:00,2025/02/06 21:00:00
ddh_10611,IAWP,XGOB,2025/02/07 19:00:00,2025/02/07 21:00:00
ddh_10612,IAWP,XGOB,2025/02/08 19:00:00,2025/02/08 21:00:00
ddh_10614,CYBH,YPAM,2025/01/31 12:15:00,2025/01/31 20:50:00
ddh_10615,CYBH,YPAM,2025/02/01 12:15:00,2025/02/01 20:50:00
ddh_10616,CYBH,YPAM,2025/02/02 12:15:00,2025/02/02 20:50:00
ddh_10617,CYBH,YPAM,2025/02/03 12:15:00,2025/02/03 20:50:00
ddh_10618,CYBH,YPAM,2025/02/04 12:15:00,2025/02/04 20:50:00
ddh_10619,CYBH,YPAM,2025/02/05 12:15:00,2025/02/05 20:50:00
ddh_10620,CYBH,YPAM,2025/02/06 12:15:00,2025/02/06 20:50:00
ddh_10621,CYBH,YPAM,2025/02/07 12:15:00,2025/02/07 20:50:00
ddh_10622,CYBH,YPAM,2025/02/08 12:15:00,2025/02/08 20:50:00
ddh_10624,VBKF,XGOB,2025/01/31 15:02:00,2025/01/31 18:50:00
ddh_10625,VBKF,XGOB,2025/02/01 15:02:00,2025/02/01 18:50:00
ddh_10626,VBKF,XGOB,2025/02/02 15:02:00,2025/02/02 18:50:00
ddh_10627,VBKF,XGOB,2025/02/03 15:02:00,2025/02/03 18:50:00
ddh_10628,VBKF,XGOB,2025/02/04 15:02:00,2025/02/04 18:50:00
ddh_10629,VBKF,XGOB,2025/02/05 15:02:00,2025/02/05 18:50:00
ddh_10630,VBKF,XGOB,2025/02/06 15:02:00,2025/02/06 18:50:00
ddh_10631,VBKF,XGOB,2025/02/07 15:02:00,2025/02/07 18:50:00
ddh_10632,VBKF,XGOB,2025/02/08 15:02:00,2025/02/08 18:50:00
ddh_10634,VBKF,XGOB,2025/01/31 17:57:00,2025/01/31 21:50:00
ddh_10635,VBKF,XGOB,2025/02/01 17:57:00,2025/02/01 21:50:00
ddh_10636,VBKF,XGOB,2025/02/02 17:57:00,2025/02/02 21:50:00
ddh_10637,VBKF,XGOB,2025/02/03 17:57:00,2025/02/03 21:50:00
ddh_10638,VBKF,XGOB,2025/02/04 17:57:00,2025/02/04 21:50:00
ddh_10639,VBKF,XGOB,2025/02/05 17:57:00,2025/02/05 21:50:00
ddh_10640,VBKF,XGOB,2025/02/06 17:57:00,2025/02/06 21:50:00
ddh_10641,VBKF,XGOB,2025/02/07 17:57:00,2025/02/07 21:50:00
ddh_10642,VBKF,XGOB,2025/02/08 17:57:00,2025/02/08 21:50:00
ddh_10644,XGOB,CLVM,2025/01/31 19:55:00,2025/01/31 21:30:00
ddh_10645,XGOB,CLVM,2025/02/01 19:55:00,2025/02/01 21:30:00
ddh_10646,XGOB,CLVM,2025/02/02 19:55:00,2025/02/02 21:30:00
ddh_10647,XGOB,CLVM,2025/02/03 19:55:00,2025/02/03 21:30:00
ddh_10648,XGOB,CLVM,2025/02/04 19:55:00,2025/02/04 21:30:00
ddh_10649,XGOB,CLVM,2025/02/05 19:55:00,2025/02/05 21:30:00
ddh_10650,XGOB,CLVM,2025/02/06 19:55:00,2025/02/06 21:30:00
ddh_10651,XGOB,CLVM,2025/02/07 19:55:00,2025/02/07 21:30:00
ddh_10652,XGOB,CLVM,2025/02/08 19:55:00,2025/02/08 21:30:00
ddh_10654,CLVM,XGOB,2025/01/31 20:07:00,2025/01/31 21:58:00
ddh_10655,CLVM,XGOB,2025/02/01 20:07:00,2025/02/01 21:58:00
ddh_10656,CLVM,XGOB,2025/02/02 20:07:00,2025/02/02 21:58:00
ddh_10657,CLVM,XGOB,2025/02/03 20:07:00,2025/02/03 21:58:00
ddh_10658,CLVM,XGOB,2025/02/04 20:07:00,2025/02/04 21:58:00
ddh_10659,CLVM,XGOB,2025/02/05 20:07:00,2025/02/05 21:58:00
ddh_10660,CLVM,XGOB,2025/02/06 20:07:00,2025/02/06 21:58:00
ddh_10661,CLVM,XGOB,2025/02/07 20:07:00,2025/02/07 21:58:00
ddh_10662,CLVM,XGOB,2025/02/08 20:07:00,2025/02/08 21:58:00
ddh_10664,VBKF,XGOB,2025/01/31 17:10:00,2025/01/31 21:03:00
ddh_10665,VBKF,XGOB,2025/02/01 17:10:00,2025/02/01 21:03:00
ddh_10666,VBKF,XGOB,2025/02/02 17:10:00,2025/02/02 21:03:00
ddh_10667,VBKF,XGOB,2025/02/03 17:10:00,2025/02/03 21:03:00
ddh_10668,VBKF,XGOB,2025/02/04 17:10:00,2025/02/04 21:03:00
ddh_10669,VBKF,XGOB,2025/02/05 17:10:00,2025/02/05 21:03:00
ddh_10670,VBKF,XGOB,2025/02/06 17:10:00,2025/02/06 21:03:00
ddh_10671,VBKF,XGOB,2025/02/07 17:10:00,2025/02/07 21:03:00
ddh_10672,VBKF,XGOB,2025/02/08 17:10:00,2025/02/08 21:03:00
ddh_10674,XGOB,UQLN,2025/01/31 10:53:00,2025/01/31 13:02:00
ddh_10675,XGOB,UQLN,2025/02/01 10:53:00,2025/02/01 13:02:00
ddh_10676,XGOB,UQLN,2025/02/02 10:53:00,2025/02/02 13:02:00
ddh_10677,XGOB,UQLN,2025/02/03 10:53:00,2025/02/03 13:02:00
ddh_10678,XGOB,UQLN,2025/02/04 10:53:00,2025/02/04 13:02:00
ddh_10679,XGOB,UQLN,2025/02/05 10:53:00,2025/02/05 13:02:00
ddh_10680,XGOB,UQLN,2025/02/06 10:53:00,2025/02/06 13:02:00
ddh_10681,XGOB,UQLN,2025/02/07 10:53:00,2025/02/07 13:02:00
ddh_10682,XGOB,UQLN,2025/02/08 10:53:00,2025/02/08 13:02:00
ddh_10684,UQLN,XGOB,2025/01/31 16:05:00,2025/01/31 18:39:00
ddh_10685,UQLN,XGOB,2025/02/01 16:05:00,2025/02/01 18:39:00
ddh_10686,UQLN,XGOB,2025/02/02 16:05:00,2025/02/02 18:39:00
ddh_10687,UQLN,XGOB,2025/02/03 16:05:00,2025/02/03 18:39:00
ddh_10688,UQLN,XGOB,2025/02/04 16:05:00,2025/02/04 18:39:00
ddh_10689,UQLN,XGOB,2025/02/05 16:05:00,2025/02/05 18:39:00
ddh_10690,UQLN,XGOB,2025/02/06 16:05:00,2025/02/06 18:39:00
ddh_10691,UQLN,XGOB,2025/02/07 16:05:00,2025/02/07 18:39:00
ddh_10692,UQLN,XGOB,2025/02/08 16:05:00,2025/02/08 18:39:00
ddh_10694,XGOB,CLVM,2025/01/31 19:55:00,2025/01/31 21:16:00
ddh_10695,XGOB,CLVM,2025/02/01 19:55:00,2025/02/01 21:16:00
ddh_10696,XGOB,CLVM,2025/02/02 19:55:00,2025/02/02 21:16:00
ddh_10697,XGOB,CLVM,2025/02/03 19:55:00,2025/02/03 21:16:00
ddh_10698,XGOB,CLVM,2025/02/04 19:55:00,2025/02/04 21:16:00
ddh_10699,XGOB,CLVM,2025/02/05 19:55:00,2025/02/05 21:16:00
ddh_10700,XGOB,CLVM,2025/02/06 19:55:00,2025/02/06 21:16:00
ddh_10701,XGOB,CLVM,2025/02/07 19:55:00,2025/02/07 21:16:00
ddh_10702,XGOB,CLVM,2025/02/08 19:55:00,2025/02/08 21:16:00
ddh_10704,CLVM,XGOB,2025/01/31 18:36:00,2025/01/31 20:26:00
ddh_10705,CLVM,XGOB,2025/02/01 18:36:00,2025/02/01 20:26:00
ddh_10706,CLVM,XGOB,2025/02/02 18:36:00,2025/02/02 20:26:00
ddh_10707,CLVM,XGOB,2025/02/03 18:36:00,2025/02/03 20:26:00
ddh_10708,CLVM,XGOB,2025/02/04 18:36:00,2025/02/04 20:26:00
ddh_10709,CLVM,XGOB,2025/02/05 18:36:00,2025/02/05 20:26:00
ddh_10710,CLVM,XGOB,2025/02/06 18:36:00,2025/02/06 20:26:00
ddh_10711,CLVM,XGOB,2025/02/07 18:36:00,2025/02/07 20:26:00
ddh_10712,CLVM,XGOB,2025/02/08 18:36:00,2025/02/08 20:26:00
ddh_10714,XGOB,VBKF,2025/01/31 08:08:00,2025/01/31 12:05:00
ddh_10715,XGOB,VBKF,2025/02/01 08:08:00,2025/02/01 12:05:00
ddh_10716,XGOB,VBKF,2025/02/02 08:08:00,2025/02/02 12:05:00
ddh_10717,XGOB,VBKF,2025/02/03 08:08:00,2025/02/03 12:05:00
ddh_10718,XGOB,VBKF,2025/02/04 08:08:00,2025/02/04 12:05:00
ddh_10719,XGOB,VBKF,2025/02/05 08:08:00,2025/02/05 12:05:00
ddh_10720,XGOB,VBKF,2025/02/06 08:08:00,2025/02/06 12:05:00
ddh_10721,XGOB,VBKF,2025/02/07 08:08:00,2025/02/07 12:05:00
ddh_10722,XGOB,VBKF,2025/02/08 08:08:00,2025/02/08 12:05:00
ddh_10724,CLVM,XGOB,2025/01/31 17:16:00,2025/01/31 18:57:00
ddh_10725,CLVM,XGOB,2025/02/01 17:16:00,2025/02/01 18:57:00
ddh_10726,CLVM,XGOB,2025/02/02 17:16:00,2025/02/02 18:57:00
ddh_10727,CLVM,XGOB,2025/02/03 17:16:00,2025/02/03 18:57:00
ddh_10728,CLVM,XGOB,2025/02/04 17:16:00,2025/02/04 18:57:00
ddh_10729,CLVM,XGOB,2025/02/05 17:16:00,2025/02/05 18:57:00
ddh_10730,CLVM,XGOB,2025/02/06 17:16:00,2025/02/06 18:57:00
ddh_10731,CLVM,XGOB,2025/02/07 17:16:00,2025/02/07 18:57:00
ddh_10732,CLVM,XGOB,2025/02/08 17:16:00,2025/02/08 18:57:00
ddh_10734,GRIG,XGOB,2025/01/31 20:20:00,2025/01/31 21:35:00
ddh_10735,GRIG,XGOB,2025/02/01 20:20:00,2025/02/01 21:35:00
ddh_10736,GRIG,XGOB,2025/02/02 20:20:00,2025/02/02 21:35:00
ddh_10737,GRIG,XGOB,2025/02/03 20:20:00,2025/02/03 21:35:00
ddh_10738,GRIG,XGOB,2025/02/04 20:20:00,2025/02/04 21:35:00
ddh_10739,GRIG,XGOB,2025/02/05 20:20:00,2025/02/05 21:35:00
ddh_10740,GRIG,XGOB,2025/02/06 20:20:00,2025/02/06 21:35:00
ddh_10741,GRIG,XGOB,2025/02/07 20:20:00,2025/02/07 21:35:00
ddh_10742,GRIG,XGOB,2025/02/08 20:20:00,2025/02/08 21:35:00
ddh_10744,XGOB,VBKF,2025/01/31 18:43:00,2025/01/31 22:36:00
ddh_10745,XGOB,VBKF,2025/02/01 18:43:00,2025/02/01 22:36:00
ddh_10746,XGOB,VBKF,2025/02/02 18:43:00,2025/02/02 22:36:00
ddh_10747,XGOB,VBKF,2025/02/03 18:43:00,2025/02/03 22:36:00
ddh_10748,XGOB,VBKF,2025/02/04 18:43:00,2025/02/04 22:36:00
ddh_10749,XGOB,VBKF,2025/02/05 18:43:00,2025/02/05 22:36:00
ddh_10750,XGOB,VBKF,2025/02/06 18:43:00,2025/02/06 22:36:00
ddh_10751,XGOB,VBKF,2025/02/07 18:43:00,2025/02/07 22:36:00
ddh_10752,XGOB,VBKF,2025/02/08 18:43:00,2025/02/08 22:36:00
ddh_10754,CLVM,LMGE,2025/01/31 19:09:00,2025/01/31 20:51:00
ddh_10755,CLVM,LMGE,2025/02/01 19:09:00,2025/02/01 20:51:00
ddh_10756,CLVM,LMGE,2025/02/02 19:09:00,2025/02/02 20:51:00
ddh_10757,CLVM,LMGE,2025/02/03 19:09:00,2025/02/03 20:51:00
ddh_10758,CLVM,LMGE,2025/02/04 19:09:00,2025/02/04 20:51:00
ddh_10759,CLVM,LMGE,2025/02/05 19:09:00,2025/02/05 20:51:00
ddh_10760,CLVM,LMGE,2025/02/06 19:09:00,2025/02/06 20:51:00
ddh_10761,CLVM,LMGE,2025/02/07 19:09:00,2025/02/07 20:51:00
ddh_10762,CLVM,LMGE,2025/02/08 19:09:00,2025/02/08 20:51:00
ddh_10764,LMGE,UQLN,2025/01/31 15:20:00,2025/01/31 18:04:00
ddh_10765,LMGE,UQLN,2025/02/01 15:20:00,2025/02/01 18:04:00
ddh_10766,LMGE,UQLN,2025/02/02 15:20:00,2025/02/02 18:04:00
ddh_10767,LMGE,UQLN,2025/02/03 15:20:00,2025/02/03 18:04:00
ddh_10768,LMGE,UQLN,2025/02/04 15:20:00,2025/02/04 18:04:00
ddh_10769,LMGE,UQLN,2025/02/05 15:20:00,2025/02/05 18:04:00
ddh_10770,LMGE,UQLN,2025/02/06 15:20:00,2025/02/06 18:04:00
ddh_10771,LMGE,UQLN,2025/02/07 15:20:00,2025/02/07 18:04:00
ddh_10772,LMGE,UQLN,2025/02/08 15:20:00,2025/02/08 18:04:00
ddh_10774,UQLN,LMGE,2025/01/31 13:12:00,2025/01/31 15:13:00
ddh_10775,UQLN,LMGE,2025/02/01 13:12:00,2025/02/01 15:13:00
ddh_10776,UQLN,LMGE,2025/02/02 13:12:00,2025/02/02 15:13:00
ddh_10777,UQLN,LMGE,2025/02/03 13:12:00,2025/02/03 15:13:00
ddh_10778,UQLN,LMGE,2025/02/04 13:12:00,2025/02/04 15:13:00
ddh_10779,UQLN,LMGE,2025/02/05 13:12:00,2025/02/05 15:13:00
ddh_10780,UQLN,LMGE,2025/02/06 13:12:00,2025/02/06 15:13:00
ddh_10781,UQLN,LMGE,2025/02/07 13:12:00,2025/02/07 15:13:00
ddh_10782,UQLN,LMGE,2025/02/08 13:12:00,2025/02/08 15:13:00
ddh_10784,WZBQ,MBMY,2025/01/31 14:30:00,2025/01/31 18:50:00
ddh_10785,WZBQ,MBMY,2025/02/01 14:30:00,2025/02/01 18:50:00
ddh_10786,WZBQ,MBMY,2025/02/02 14:30:00,2025/02/02 18:50:00
ddh_10787,WZBQ,MBMY,2025/02/03 14:30:00,2025/02/03 18:50:00
ddh_10788,WZBQ,MBMY,2025/02/04 14:30:00,2025/02/04 18:50:00
ddh_10789,WZBQ,MBMY,2025/02/05 14:30:00,2025/02/05 18:50:00
ddh_10790,WZBQ,MBMY,2025/02/06 14:30:00,2025/02/06 18:50:00
ddh_10791,WZBQ,MBMY,2025/02/07 14:30:00,2025/02/07 18:50:00
ddh_10792,WZBQ,MBMY,2025/02/08 14:30:00,2025/02/08 18:50:00
ddh_10794,UQLN,XGOB,2025/01/31 23:00:00,2025/01/31 23:59:00
ddh_10795,UQLN,XGOB,2025/02/01 23:00:00,2025/02/01 23:59:00
ddh_10796,UQLN,XGOB,2025/02/02 23:00:00,2025/02/02 23:59:00
ddh_10797,UQLN,XGOB,2025/02/03 23:00:00,2025/02/03 23:59:00
ddh_10798,UQLN,XGOB,2025/02/04 23:00:00,2025/02/04 23:59:00
ddh_10799,UQLN,XGOB,2025/02/05 23:00:00,2025/02/05 23:59:00
ddh_10800,UQLN,XGOB,2025/02/06 23:00:00,2025/02/06 23:59:00
ddh_10801,UQLN,XGOB,2025/02/07 23:00:00,2025/02/07 23:59:00
ddh_10802,UQLN,XGOB,2025/02/08 23:00:00,2025/02/08 23:59:00
ddh_10804,LMGE,GRIG,2025/01/31 21:15:00,2025/01/31 22:30:00
ddh_10805,LMGE,GRIG,2025/02/01 21:15:00,2025/02/01 22:30:00
ddh_10806,LMGE,GRIG,2025/02/02 21:15:00,2025/02/02 22:30:00
ddh_10807,LMGE,GRIG,2025/02/03 21:15:00,2025/02/03 22:30:00
ddh_10808,LMGE,GRIG,2025/02/04 21:15:00,2025/02/04 22:30:00
ddh_10809,LMGE,GRIG,2025/02/05 21:15:00,2025/02/05 22:30:00
ddh_10810,LMGE,GRIG,2025/02/06 21:15:00,2025/02/06 22:30:00
ddh_10811,LMGE,GRIG,2025/02/07 21:15:00,2025/02/07 22:30:00
ddh_10812,LMGE,GRIG,2025/02/08 21:15:00,2025/02/08 22:30:00
ddh_10814,UQLN,XGOB,2025/01/31 20:28:00,2025/01/31 22:02:00
ddh_10815,UQLN,XGOB,2025/02/01 20:28:00,2025/02/01 22:02:00
ddh_10816,UQLN,XGOB,2025/02/02 20:28:00,2025/02/02 22:02:00
ddh_10817,UQLN,XGOB,2025/02/03 20:28:00,2025/02/03 22:02:00
ddh_10818,UQLN,XGOB,2025/02/04 20:28:00,2025/02/04 22:02:00
ddh_10819,UQLN,XGOB,2025/02/05 20:28:00,2025/02/05 22:02:00
ddh_10820,UQLN,XGOB,2025/02/06 20:28:00,2025/02/06 22:02:00
ddh_10821,UQLN,XGOB,2025/02/07 20:28:00,2025/02/07 22:02:00
ddh_10822,UQLN,XGOB,2025/02/08 20:28:00,2025/02/08 22:02:00
ddh_10824,XGOB,CLVM,2025/01/31 19:38:00,2025/01/31 21:00:00
ddh_10825,XGOB,CLVM,2025/02/01 19:38:00,2025/02/01 21:00:00
ddh_10826,XGOB,CLVM,2025/02/02 19:38:00,2025/02/02 21:00:00
ddh_10827,XGOB,CLVM,2025/02/03 19:38:00,2025/02/03 21:00:00
ddh_10828,XGOB,CLVM,2025/02/04 19:38:00,2025/02/04 21:00:00
ddh_10829,XGOB,CLVM,2025/02/05 19:38:00,2025/02/05 21:00:00
ddh_10830,XGOB,CLVM,2025/02/06 19:38:00,2025/02/06 21:00:00
ddh_10831,XGOB,CLVM,2025/02/07 19:38:00,2025/02/07 21:00:00
ddh_10832,XGOB,CLVM,2025/02/08 19:38:00,2025/02/08 21:00:00
ddh_10834,CLVM,XGOB,2025/01/31 18:46:00,2025/01/31 20:22:00
ddh_10835,CLVM,XGOB,2025/02/01 18:46:00,2025/02/01 20:22:00
ddh_10836,CLVM,XGOB,2025/02/02 18:46:00,2025/02/02 20:22:00
ddh_10837,CLVM,XGOB,2025/02/03 18:46:00,2025/02/03 20:22:00
ddh_10838,CLVM,XGOB,2025/02/04 18:46:00,2025/02/04 20:22:00
ddh_10839,CLVM,XGOB,2025/02/05 18:46:00,2025/02/05 20:22:00
ddh_10840,CLVM,XGOB,2025/02/06 18:46:00,2025/02/06 20:22:00
ddh_10841,CLVM,XGOB,2025/02/07 18:46:00,2025/02/07 20:22:00
ddh_10842,CLVM,XGOB,2025/02/08 18:46:00,2025/02/08 20:22:00
ddh_10844,XGOB,CLVM,2025/01/31 18:25:00,2025/01/31 19:42:00
ddh_10845,XGOB,CLVM,2025/02/01 18:25:00,2025/02/01 19:42:00
ddh_10846,XGOB,CLVM,2025/02/02 18:25:00,2025/02/02 19:42:00
ddh_10847,XGOB,CLVM,2025/02/03 18:25:00,2025/02/03 19:42:00
ddh_10848,XGOB,CLVM,2025/02/04 18:25:00,2025/02/04 19:42:00
ddh_10849,XGOB,CLVM,2025/02/05 18:25:00,2025/02/05 19:42:00
ddh_10850,XGOB,CLVM,2025/02/06 18:25:00,2025/02/06 19:42:00
ddh_10851,XGOB,CLVM,2025/02/07 18:25:00,2025/02/07 19:42:00
ddh_10852,XGOB,CLVM,2025/02/08 18:25:00,2025/02/08 19:42:00
ddh_10854,CLVM,XGOB,2025/01/31 18:36:00,2025/01/31 20:05:00
ddh_10855,CLVM,XGOB,2025/02/01 18:36:00,2025/02/01 20:05:00
ddh_10856,CLVM,XGOB,2025/02/02 18:36:00,2025/02/02 20:05:00
ddh_10857,CLVM,XGOB,2025/02/03 18:36:00,2025/02/03 20:05:00
ddh_10858,CLVM,XGOB,2025/02/04 18:36:00,2025/02/04 20:05:00
ddh_10859,CLVM,XGOB,2025/02/05 18:36:00,2025/02/05 20:05:00
ddh_10860,CLVM,XGOB,2025/02/06 18:36:00,2025/02/06 20:05:00
ddh_10861,CLVM,XGOB,2025/02/07 18:36:00,2025/02/07 20:05:00
ddh_10862,CLVM,XGOB,2025/02/08 18:36:00,2025/02/08 20:05:00
ddh_10864,XGOB,CLVM,2025/01/31 18:19:00,2025/01/31 19:30:00
ddh_10865,XGOB,CLVM,2025/02/01 18:19:00,2025/02/01 19:30:00
ddh_10866,XGOB,CLVM,2025/02/02 18:19:00,2025/02/02 19:30:00
ddh_10867,XGOB,CLVM,2025/02/03 18:19:00,2025/02/03 19:30:00
ddh_10868,XGOB,CLVM,2025/02/04 18:19:00,2025/02/04 19:30:00
ddh_10869,XGOB,CLVM,2025/02/05 18:19:00,2025/02/05 19:30:00
ddh_10870,XGOB,CLVM,2025/02/06 18:19:00,2025/02/06 19:30:00
ddh_10871,XGOB,CLVM,2025/02/07 18:19:00,2025/02/07 19:30:00
ddh_10872,XGOB,CLVM,2025/02/08 18:19:00,2025/02/08 19:30:00
ddh_10874,XGOB,UQLN,2025/01/31 09:09:00,2025/01/31 11:23:00
ddh_10875,XGOB,UQLN,2025/02/01 09:09:00,2025/02/01 11:23:00
ddh_10876,XGOB,UQLN,2025/02/02 09:09:00,2025/02/02 11:23:00
ddh_10877,XGOB,UQLN,2025/02/03 09:09:00,2025/02/03 11:23:00
ddh_10878,XGOB,UQLN,2025/02/04 09:09:00,2025/02/04 11:23:00
ddh_10879,XGOB,UQLN,2025/02/05 09:09:00,2025/02/05 11:23:00
ddh_10880,XGOB,UQLN,2025/02/06 09:09:00,2025/02/06 11:23:00
ddh_10881,XGOB,UQLN,2025/02/07 09:09:00,2025/02/07 11:23:00
ddh_10882,XGOB,UQLN,2025/02/08 09:09:00,2025/02/08 11:23:00
ddh_10884,UQLN,XGOB,2025/01/31 11:37:00,2025/01/31 13:08:00
ddh_10885,UQLN,XGOB,2025/02/01 11:37:00,2025/02/01 13:08:00
ddh_10886,UQLN,XGOB,2025/02/02 11:37:00,2025/02/02 13:08:00
ddh_10887,UQLN,XGOB,2025/02/03 11:37:00,2025/02/03 13:08:00
ddh_10888,UQLN,XGOB,2025/02/04 11:37:00,2025/02/04 13:08:00
ddh_10889,UQLN,XGOB,2025/02/05 11:37:00,2025/02/05 13:08:00
ddh_10890,UQLN,XGOB,2025/02/06 11:37:00,2025/02/06 13:08:00
ddh_10891,UQLN,XGOB,2025/02/07 11:37:00,2025/02/07 13:08:00
ddh_10892,UQLN,XGOB,2025/02/08 11:37:00,2025/02/08 13:08:00
ddh_10894,VBKF,XGOB,2025/01/31 09:56:00,2025/01/31 13:44:00
ddh_10895,VBKF,XGOB,2025/02/01 09:56:00,2025/02/01 13:44:00
ddh_10896,VBKF,XGOB,2025/02/02 09:56:00,2025/02/02 13:44:00
ddh_10897,VBKF,XGOB,2025/02/03 09:56:00,2025/02/03 13:44:00
ddh_10898,VBKF,XGOB,2025/02/04 09:56:00,2025/02/04 13:44:00
ddh_10899,VBKF,XGOB,2025/02/05 09:56:00,2025/02/05 13:44:00
ddh_10900,VBKF,XGOB,2025/02/06 09:56:00,2025/02/06 13:44:00
ddh_10901,VBKF,XGOB,2025/02/07 09:56:00,2025/02/07 13:44:00
ddh_10902,VBKF,XGOB,2025/02/08 09:56:00,2025/02/08 13:44:00
ddh_10904,CLVM,XGOB,2025/01/31 19:04:00,2025/01/31 20:21:00
ddh_10905,CLVM,XGOB,2025/02/01 19:04:00,2025/02/01 20:21:00
ddh_10906,CLVM,XGOB,2025/02/02 19:04:00,2025/02/02 20:21:00
ddh_10907,CLVM,XGOB,2025/02/03 19:04:00,2025/02/03 20:21:00
ddh_10908,CLVM,XGOB,2025/02/04 19:04:00,2025/02/04 20:21:00
ddh_10909,CLVM,XGOB,2025/02/05 19:04:00,2025/02/05 20:21:00
ddh_10910,CLVM,XGOB,2025/02/06 19:04:00,2025/02/06 20:21:00
ddh_10911,CLVM,XGOB,2025/02/07 19:04:00,2025/02/07 20:21:00
ddh_10912,CLVM,XGOB,2025/02/08 19:04:00,2025/02/08 20:21:00
ddh_10914,CXOJ,UQLN,2025/01/31 09:15:00,2025/01/31 13:10:00
ddh_10915,CXOJ,UQLN,2025/02/01 09:15:00,2025/02/01 13:10:00
ddh_10916,CXOJ,UQLN,2025/02/02 09:15:00,2025/02/02 13:10:00
ddh_10917,CXOJ,UQLN,2025/02/03 09:15:00,2025/02/03 13:10:00
ddh_10918,CXOJ,UQLN,2025/02/04 09:15:00,2025/02/04 13:10:00
ddh_10919,CXOJ,UQLN,2025/02/05 09:15:00,2025/02/05 13:10:00
ddh_10920,CXOJ,UQLN,2025/02/06 09:15:00,2025/02/06 13:10:00
ddh_10921,CXOJ,UQLN,2025/02/07 09:15:00,2025/02/07 13:10:00
ddh_10922,CXOJ,UQLN,2025/02/08 09:15:00,2025/02/08 13:10:00
ddh_10924,LMGE,HMAL,2025/01/31 11:05:00,2025/01/31 12:55:00
ddh_10925,LMGE,HMAL,2025/02/01 11:05:00,2025/02/01 12:55:00
ddh_10926,LMGE,HMAL,2025/02/02 11:05:00,2025/02/02 12:55:00
ddh_10927,LMGE,HMAL,2025/02/03 11:05:00,2025/02/03 12:55:00
ddh_10928,LMGE,HMAL,2025/02/04 11:05:00,2025/02/04 12:55:00
ddh_10929,LMGE,HMAL,2025/02/05 11:05:00,2025/02/05 12:55:00
ddh_10930,LMGE,HMAL,2025/02/06 11:05:00,2025/02/06 12:55:00
ddh_10931,LMGE,HMAL,2025/02/07 11:05:00,2025/02/07 12:55:00
ddh_10932,LMGE,HMAL,2025/02/08 11:05:00,2025/02/08 12:55:00
ddh_10934,UQLN,XGOB,2025/01/31 09:39:00,2025/01/31 10:58:00
ddh_10935,UQLN,XGOB,2025/02/01 09:39:00,2025/02/01 10:58:00
ddh_10936,UQLN,XGOB,2025/02/02 09:39:00,2025/02/02 10:58:00
ddh_10937,UQLN,XGOB,2025/02/03 09:39:00,2025/02/03 10:58:00
ddh_10938,UQLN,XGOB,2025/02/04 09:39:00,2025/02/04 10:58:00
ddh_10939,UQLN,XGOB,2025/02/05 09:39:00,2025/02/05 10:58:00
ddh_10940,UQLN,XGOB,2025/02/06 09:39:00,2025/02/06 10:58:00
ddh_10941,UQLN,XGOB,2025/02/07 09:39:00,2025/02/07 10:58:00
ddh_10942,UQLN,XGOB,2025/02/08 09:39:00,2025/02/08 10:58:00
ddh_10944,XGOB,CLVM,2025/01/31 16:03:00,2025/01/31 17:40:00
ddh_10945,XGOB,CLVM,2025/02/01 16:03:00,2025/02/01 17:40:00
ddh_10946,XGOB,CLVM,2025/02/02 16:03:00,2025/02/02 17:40:00
ddh_10947,XGOB,CLVM,2025/02/03 16:03:00,2025/02/03 17:40:00
ddh_10948,XGOB,CLVM,2025/02/04 16:03:00,2025/02/04 17:40:00
ddh_10949,XGOB,CLVM,2025/02/05 16:03:00,2025/02/05 17:40:00
ddh_10950,XGOB,CLVM,2025/02/06 16:03:00,2025/02/06 17:40:00
ddh_10951,XGOB,CLVM,2025/02/07 16:03:00,2025/02/07 17:40:00
ddh_10952,XGOB,CLVM,2025/02/08 16:03:00,2025/02/08 17:40:00
ddh_10954,XGOB,GRIG,2025/01/31 19:55:00,2025/01/31 21:30:00
ddh_10955,XGOB,GRIG,2025/02/01 19:55:00,2025/02/01 21:30:00
ddh_10956,XGOB,GRIG,2025/02/02 19:55:00,2025/02/02 21:30:00
ddh_10957,XGOB,GRIG,2025/02/03 19:55:00,2025/02/03 21:30:00
ddh_10958,XGOB,GRIG,2025/02/04 19:55:00,2025/02/04 21:30:00
ddh_10959,XGOB,GRIG,2025/02/05 19:55:00,2025/02/05 21:30:00
ddh_10960,XGOB,GRIG,2025/02/06 19:55:00,2025/02/06 21:30:00
ddh_10961,XGOB,GRIG,2025/02/07 19:55:00,2025/02/07 21:30:00
ddh_10962,XGOB,GRIG,2025/02/08 19:55:00,2025/02/08 21:30:00
ddh_10964,XGOB,CLVM,2025/01/31 15:04:00,2025/01/31 16:26:00
ddh_10965,XGOB,CLVM,2025/02/01 15:04:00,2025/02/01 16:26:00
ddh_10966,XGOB,CLVM,2025/02/02 15:04:00,2025/02/02 16:26:00
ddh_10967,XGOB,CLVM,2025/02/03 15:04:00,2025/02/03 16:26:00
ddh_10968,XGOB,CLVM,2025/02/04 15:04:00,2025/02/04 16:26:00
ddh_10969,XGOB,CLVM,2025/02/05 15:04:00,2025/02/05 16:26:00
ddh_10970,XGOB,CLVM,2025/02/06 15:04:00,2025/02/06 16:26:00
ddh_10971,XGOB,CLVM,2025/02/07 15:04:00,2025/02/07 16:26:00
ddh_10972,XGOB,CLVM,2025/02/08 15:04:00,2025/02/08 16:26:00
ddh_10974,GRIG,CEUN,2025/01/31 14:05:00,2025/01/31 16:45:00
ddh_10975,GRIG,CEUN,2025/02/01 14:05:00,2025/02/01 16:45:00
ddh_10976,GRIG,CEUN,2025/02/02 14:05:00,2025/02/02 16:45:00
ddh_10977,GRIG,CEUN,2025/02/03 14:05:00,2025/02/03 16:45:00
ddh_10978,GRIG,CEUN,2025/02/04 14:05:00,2025/02/04 16:45:00
ddh_10979,GRIG,CEUN,2025/02/05 14:05:00,2025/02/05 16:45:00
ddh_10980,GRIG,CEUN,2025/02/06 14:05:00,2025/02/06 16:45:00
ddh_10981,GRIG,CEUN,2025/02/07 14:05:00,2025/02/07 16:45:00
ddh_10982,GRIG,CEUN,2025/02/08 14:05:00,2025/02/08 16:45:00
ddh_10984,UQLN,LMGE,2025/01/31 17:00:00,2025/01/31 18:24:00
ddh_10985,UQLN,LMGE,2025/02/01 17:00:00,2025/02/01 18:24:00
ddh_10986,UQLN,LMGE,2025/02/02 17:00:00,2025/02/02 18:24:00
ddh_10987,UQLN,LMGE,2025/02/03 17:00:00,2025/02/03 18:24:00
ddh_10988,UQLN,LMGE,2025/02/04 17:00:00,2025/02/04 18:24:00
ddh_10989,UQLN,LMGE,2025/02/05 17:00:00,2025/02/05 18:24:00
ddh_10990,UQLN,LMGE,2025/02/06 17:00:00,2025/02/06 18:24:00
ddh_10991,UQLN,LMGE,2025/02/07 17:00:00,2025/02/07 18:24:00
ddh_10992,UQLN,LMGE,2025/02/08 17:00:00,2025/02/08 18:24:00
ddh_10994,LMGE,UQLN,2025/01/31 08:39:00,2025/01/31 11:18:00
ddh_10995,LMGE,UQLN,2025/02/01 08:39:00,2025/02/01 11:18:00
ddh_10996,LMGE,UQLN,2025/02/02 08:39:00,2025/02/02 11:18:00
ddh_10997,LMGE,UQLN,2025/02/03 08:39:00,2025/02/03 11:18:00
ddh_10998,LMGE,UQLN,2025/02/04 08:39:00,2025/02/04 11:18:00
ddh_10999,LMGE,UQLN,2025/02/05 08:39:00,2025/02/05 11:18:00
ddh_11000,LMGE,UQLN,2025/02/06 08:39:00,2025/02/06 11:18:00
ddh_11001,LMGE,UQLN,2025/02/07 08:39:00,2025/02/07 11:18:00
ddh_11002,LMGE,UQLN,2025/02/08 08:39:00,2025/02/08 11:18:00
ddh_11004,UQLN,LMGE,2025/01/31 19:21:00,2025/01/31 21:27:00
ddh_11005,UQLN,LMGE,2025/02/01 19:21:00,2025/02/01 21:27:00
ddh_11006,UQLN,LMGE,2025/02/02 19:21:00,2025/02/02 21:27:00
ddh_11007,UQLN,LMGE,2025/02/03 19:21:00,2025/02/03 21:27:00
ddh_11008,UQLN,LMGE,2025/02/04 19:21:00,2025/02/04 21:27:00
ddh_11009,UQLN,LMGE,2025/02/05 19:21:00,2025/02/05 21:27:00
ddh_11010,UQLN,LMGE,2025/02/06 19:21:00,2025/02/06 21:27:00
ddh_11011,UQLN,LMGE,2025/02/07 19:21:00,2025/02/07 21:27:00
ddh_11012,UQLN,LMGE,2025/02/08 19:21:00,2025/02/08 21:27:00
ddh_11014,XGOB,UQLN,2025/01/31 18:18:00,2025/01/31 21:28:00
ddh_11015,XGOB,UQLN,2025/02/01 18:18:00,2025/02/01 21:28:00
ddh_11016,XGOB,UQLN,2025/02/02 18:18:00,2025/02/02 21:28:00
ddh_11017,XGOB,UQLN,2025/02/03 18:18:00,2025/02/03 21:28:00
ddh_11018,XGOB,UQLN,2025/02/04 18:18:00,2025/02/04 21:28:00
ddh_11019,XGOB,UQLN,2025/02/05 18:18:00,2025/02/05 21:28:00
ddh_11020,XGOB,UQLN,2025/02/06 18:18:00,2025/02/06 21:28:00
ddh_11021,XGOB,UQLN,2025/02/07 18:18:00,2025/02/07 21:28:00
ddh_11022,XGOB,UQLN,2025/02/08 18:18:00,2025/02/08 21:28:00
ddh_11024,UQLN,XGOB,2025/01/31 13:03:00,2025/01/31 15:02:00
ddh_11025,UQLN,XGOB,2025/02/01 13:03:00,2025/02/01 15:02:00
ddh_11026,UQLN,XGOB,2025/02/02 13:03:00,2025/02/02 15:02:00
ddh_11027,UQLN,XGOB,2025/02/03 13:03:00,2025/02/03 15:02:00
ddh_11028,UQLN,XGOB,2025/02/04 13:03:00,2025/02/04 15:02:00
ddh_11029,UQLN,XGOB,2025/02/05 13:03:00,2025/02/05 15:02:00
ddh_11030,UQLN,XGOB,2025/02/06 13:03:00,2025/02/06 15:02:00
ddh_11031,UQLN,XGOB,2025/02/07 13:03:00,2025/02/07 15:02:00
ddh_11032,UQLN,XGOB,2025/02/08 13:03:00,2025/02/08 15:02:00
ddh_11034,XGOB,VBKF,2025/01/31 19:19:00,2025/01/31 23:03:00
ddh_11035,XGOB,VBKF,2025/02/01 19:19:00,2025/02/01 23:03:00
ddh_11036,XGOB,VBKF,2025/02/02 19:19:00,2025/02/02 23:03:00
ddh_11037,XGOB,VBKF,2025/02/03 19:19:00,2025/02/03 23:03:00
ddh_11038,XGOB,VBKF,2025/02/04 19:19:00,2025/02/04 23:03:00
ddh_11039,XGOB,VBKF,2025/02/05 19:19:00,2025/02/05 23:03:00
ddh_11040,XGOB,VBKF,2025/02/06 19:19:00,2025/02/06 23:03:00
ddh_11041,XGOB,VBKF,2025/02/07 19:19:00,2025/02/07 23:03:00
ddh_11042,XGOB,VBKF,2025/02/08 19:19:00,2025/02/08 23:03:00
ddh_11044,XGOB,VBKF,2025/01/31 16:40:00,2025/01/31 18:20:00
ddh_11045,XGOB,VBKF,2025/02/01 16:40:00,2025/02/01 18:20:00
ddh_11046,XGOB,VBKF,2025/02/02 16:40:00,2025/02/02 18:20:00
ddh_11047,XGOB,VBKF,2025/02/03 16:40:00,2025/02/03 18:20:00
ddh_11048,XGOB,VBKF,2025/02/04 16:40:00,2025/02/04 18:20:00
ddh_11049,XGOB,VBKF,2025/02/05 16:40:00,2025/02/05 18:20:00
ddh_11050,XGOB,VBKF,2025/02/06 16:40:00,2025/02/06 18:20:00
ddh_11051,XGOB,VBKF,2025/02/07 16:40:00,2025/02/07 18:20:00
ddh_11052,XGOB,VBKF,2025/02/08 16:40:00,2025/02/08 18:20:00
ddh_11054,VBKF,XGOB,2025/01/31 15:00:00,2025/01/31 18:00:00
ddh_11055,VBKF,XGOB,2025/02/01 15:00:00,2025/02/01 18:00:00
ddh_11056,VBKF,XGOB,2025/02/02 15:00:00,2025/02/02 18:00:00
ddh_11057,VBKF,XGOB,2025/02/03 15:00:00,2025/02/03 18:00:00
ddh_11058,VBKF,XGOB,2025/02/04 15:00:00,2025/02/04 18:00:00
ddh_11059,VBKF,XGOB,2025/02/05 15:00:00,2025/02/05 18:00:00
ddh_11060,VBKF,XGOB,2025/02/06 15:00:00,2025/02/06 18:00:00
ddh_11061,VBKF,XGOB,2025/02/07 15:00:00,2025/02/07 18:00:00
ddh_11062,VBKF,XGOB,2025/02/08 15:00:00,2025/02/08 18:00:00
ddh_11064,UQLN,XGOB,2025/01/31 11:53:00,2025/01/31 13:44:00
ddh_11065,UQLN,XGOB,2025/02/01 11:53:00,2025/02/01 13:44:00
ddh_11066,UQLN,XGOB,2025/02/02 11:53:00,2025/02/02 13:44:00
ddh_11067,UQLN,XGOB,2025/02/03 11:53:00,2025/02/03 13:44:00
ddh_11068,UQLN,XGOB,2025/02/04 11:53:00,2025/02/04 13:44:00
ddh_11069,UQLN,XGOB,2025/02/05 11:53:00,2025/02/05 13:44:00
ddh_11070,UQLN,XGOB,2025/02/06 11:53:00,2025/02/06 13:44:00
ddh_11071,UQLN,XGOB,2025/02/07 11:53:00,2025/02/07 13:44:00
ddh_11072,UQLN,XGOB,2025/02/08 11:53:00,2025/02/08 13:44:00
ddh_11074,LMGE,UQLN,2025/01/31 13:10:00,2025/01/31 15:34:00
ddh_11075,LMGE,UQLN,2025/02/01 13:10:00,2025/02/01 15:34:00
ddh_11076,LMGE,UQLN,2025/02/02 13:10:00,2025/02/02 15:34:00
ddh_11077,LMGE,UQLN,2025/02/03 13:10:00,2025/02/03 15:34:00
ddh_11078,LMGE,UQLN,2025/02/04 13:10:00,2025/02/04 15:34:00
ddh_11079,LMGE,UQLN,2025/02/05 13:10:00,2025/02/05 15:34:00
ddh_11080,LMGE,UQLN,2025/02/06 13:10:00,2025/02/06 15:34:00
ddh_11081,LMGE,UQLN,2025/02/07 13:10:00,2025/02/07 15:34:00
ddh_11082,LMGE,UQLN,2025/02/08 13:10:00,2025/02/08 15:34:00
ddh_11084,UQLN,LMGE,2025/01/31 10:52:00,2025/01/31 12:50:00
ddh_11085,UQLN,LMGE,2025/02/01 10:52:00,2025/02/01 12:50:00
ddh_11086,UQLN,LMGE,2025/02/02 10:52:00,2025/02/02 12:50:00
ddh_11087,UQLN,LMGE,2025/02/03 10:52:00,2025/02/03 12:50:00
ddh_11088,UQLN,LMGE,2025/02/04 10:52:00,2025/02/04 12:50:00
ddh_11089,UQLN,LMGE,2025/02/05 10:52:00,2025/02/05 12:50:00
ddh_11090,UQLN,LMGE,2025/02/06 10:52:00,2025/02/06 12:50:00
ddh_11091,UQLN,LMGE,2025/02/07 10:52:00,2025/02/07 12:50:00
ddh_11092,UQLN,LMGE,2025/02/08 10:52:00,2025/02/08 12:50:00
ddh_11094,UQLN,LMGE,2025/01/31 20:21:00,2025/01/31 21:34:00
ddh_11095,UQLN,LMGE,2025/02/01 20:21:00,2025/02/01 21:34:00
ddh_11096,UQLN,LMGE,2025/02/02 20:21:00,2025/02/02 21:34:00
ddh_11097,UQLN,LMGE,2025/02/03 20:21:00,2025/02/03 21:34:00
ddh_11098,UQLN,LMGE,2025/02/04 20:21:00,2025/02/04 21:34:00
ddh_11099,UQLN,LMGE,2025/02/05 20:21:00,2025/02/05 21:34:00
ddh_11100,UQLN,LMGE,2025/02/06 20:21:00,2025/02/06 21:34:00
ddh_11101,UQLN,LMGE,2025/02/07 20:21:00,2025/02/07 21:34:00
ddh_11102,UQLN,LMGE,2025/02/08 20:21:00,2025/02/08 21:34:00
ddh_11104,UQLN,XGOB,2025/01/31 14:17:00,2025/01/31 15:20:00
ddh_11105,UQLN,XGOB,2025/02/01 14:17:00,2025/02/01 15:20:00
ddh_11106,UQLN,XGOB,2025/02/02 14:17:00,2025/02/02 15:20:00
ddh_11107,UQLN,XGOB,2025/02/03 14:17:00,2025/02/03 15:20:00
ddh_11108,UQLN,XGOB,2025/02/04 14:17:00,2025/02/04 15:20:00
ddh_11109,UQLN,XGOB,2025/02/05 14:17:00,2025/02/05 15:20:00
ddh_11110,UQLN,XGOB,2025/02/06 14:17:00,2025/02/06 15:20:00
ddh_11111,UQLN,XGOB,2025/02/07 14:17:00,2025/02/07 15:20:00
ddh_11112,UQLN,XGOB,2025/02/08 14:17:00,2025/02/08 15:20:00
ddh_11114,LMGE,UQLN,2025/01/31 17:09:00,2025/01/31 19:14:00
ddh_11115,LMGE,UQLN,2025/02/01 17:09:00,2025/02/01 19:14:00
ddh_11116,LMGE,UQLN,2025/02/02 17:09:00,2025/02/02 19:14:00
ddh_11117,LMGE,UQLN,2025/02/03 17:09:00,2025/02/03 19:14:00
ddh_11118,LMGE,UQLN,2025/02/04 17:09:00,2025/02/04 19:14:00
ddh_11119,LMGE,UQLN,2025/02/05 17:09:00,2025/02/05 19:14:00
ddh_11120,LMGE,UQLN,2025/02/06 17:09:00,2025/02/06 19:14:00
ddh_11121,LMGE,UQLN,2025/02/07 17:09:00,2025/02/07 19:14:00
ddh_11122,LMGE,UQLN,2025/02/08 17:09:00,2025/02/08 19:14:00
ddh_11124,XGOB,UQLN,2025/01/31 15:17:00,2025/01/31 16:55:00
ddh_11125,XGOB,UQLN,2025/02/01 15:17:00,2025/02/01 16:55:00
ddh_11126,XGOB,UQLN,2025/02/02 15:17:00,2025/02/02 16:55:00
ddh_11127,XGOB,UQLN,2025/02/03 15:17:00,2025/02/03 16:55:00
ddh_11128,XGOB,UQLN,2025/02/04 15:17:00,2025/02/04 16:55:00
ddh_11129,XGOB,UQLN,2025/02/05 15:17:00,2025/02/05 16:55:00
ddh_11130,XGOB,UQLN,2025/02/06 15:17:00,2025/02/06 16:55:00
ddh_11131,XGOB,UQLN,2025/02/07 15:17:00,2025/02/07 16:55:00
ddh_11132,XGOB,UQLN,2025/02/08 15:17:00,2025/02/08 16:55:00
ddh_11134,CLVM,XGOB,2025/01/31 13:39:00,2025/01/31 15:47:00
ddh_11135,CLVM,XGOB,2025/02/01 13:39:00,2025/02/01 15:47:00
ddh_11136,CLVM,XGOB,2025/02/02 13:39:00,2025/02/02 15:47:00
ddh_11137,CLVM,XGOB,2025/02/03 13:39:00,2025/02/03 15:47:00
ddh_11138,CLVM,XGOB,2025/02/04 13:39:00,2025/02/04 15:47:00
ddh_11139,CLVM,XGOB,2025/02/05 13:39:00,2025/02/05 15:47:00
ddh_11140,CLVM,XGOB,2025/02/06 13:39:00,2025/02/06 15:47:00
ddh_11141,CLVM,XGOB,2025/02/07 13:39:00,2025/02/07 15:47:00
ddh_11142,CLVM,XGOB,2025/02/08 13:39:00,2025/02/08 15:47:00
ddh_11144,UQLN,XGOB,2025/01/31 18:50:00,2025/01/31 20:45:00
ddh_11145,UQLN,XGOB,2025/02/01 18:50:00,2025/02/01 20:45:00
ddh_11146,UQLN,XGOB,2025/02/02 18:50:00,2025/02/02 20:45:00
ddh_11147,UQLN,XGOB,2025/02/03 18:50:00,2025/02/03 20:45:00
ddh_11148,UQLN,XGOB,2025/02/04 18:50:00,2025/02/04 20:45:00
ddh_11149,UQLN,XGOB,2025/02/05 18:50:00,2025/02/05 20:45:00
ddh_11150,UQLN,XGOB,2025/02/06 18:50:00,2025/02/06 20:45:00
ddh_11151,UQLN,XGOB,2025/02/07 18:50:00,2025/02/07 20:45:00
ddh_11152,UQLN,XGOB,2025/02/08 18:50:00,2025/02/08 20:45:00
ddh_11154,VBKF,XGOB,2025/01/31 11:30:00,2025/01/31 14:58:00
ddh_11155,VBKF,XGOB,2025/02/01 11:30:00,2025/02/01 14:58:00
ddh_11156,VBKF,XGOB,2025/02/02 11:30:00,2025/02/02 14:58:00
ddh_11157,VBKF,XGOB,2025/02/03 11:30:00,2025/02/03 14:58:00
ddh_11158,VBKF,XGOB,2025/02/04 11:30:00,2025/02/04 14:58:00
ddh_11159,VBKF,XGOB,2025/02/05 11:30:00,2025/02/05 14:58:00
ddh_11160,VBKF,XGOB,2025/02/06 11:30:00,2025/02/06 14:58:00
ddh_11161,VBKF,XGOB,2025/02/07 11:30:00,2025/02/07 14:58:00
ddh_11162,VBKF,XGOB,2025/02/08 11:30:00,2025/02/08 14:58:00
ddh_11164,MBMY,LMGE,2025/01/31 07:30:00,2025/01/31 10:05:00
ddh_11165,MBMY,LMGE,2025/02/01 07:30:00,2025/02/01 10:05:00
ddh_11166,MBMY,LMGE,2025/02/02 07:30:00,2025/02/02 10:05:00
ddh_11167,MBMY,LMGE,2025/02/03 07:30:00,2025/02/03 10:05:00
ddh_11168,MBMY,LMGE,2025/02/04 07:30:00,2025/02/04 10:05:00
ddh_11169,MBMY,LMGE,2025/02/05 07:30:00,2025/02/05 10:05:00
ddh_11170,MBMY,LMGE,2025/02/06 07:30:00,2025/02/06 10:05:00
ddh_11171,MBMY,LMGE,2025/02/07 07:30:00,2025/02/07 10:05:00
ddh_11172,MBMY,LMGE,2025/02/08 07:30:00,2025/02/08 10:05:00
ddh_11174,HBNQ,LMGE,2025/01/31 08:20:00,2025/01/31 11:25:00
ddh_11175,HBNQ,LMGE,2025/02/01 08:20:00,2025/02/01 11:25:00
ddh_11176,HBNQ,LMGE,2025/02/02 08:20:00,2025/02/02 11:25:00
ddh_11177,HBNQ,LMGE,2025/02/03 08:20:00,2025/02/03 11:25:00
ddh_11178,HBNQ,LMGE,2025/02/04 08:20:00,2025/02/04 11:25:00
ddh_11179,HBNQ,LMGE,2025/02/05 08:20:00,2025/02/05 11:25:00
ddh_11180,HBNQ,LMGE,2025/02/06 08:20:00,2025/02/06 11:25:00
ddh_11181,HBNQ,LMGE,2025/02/07 08:20:00,2025/02/07 11:25:00
ddh_11182,HBNQ,LMGE,2025/02/08 08:20:00,2025/02/08 11:25:00
ddh_11184,VBKF,XGOB,2025/01/31 08:50:00,2025/01/31 12:11:00
ddh_11185,VBKF,XGOB,2025/02/01 08:50:00,2025/02/01 12:11:00
ddh_11186,VBKF,XGOB,2025/02/02 08:50:00,2025/02/02 12:11:00
ddh_11187,VBKF,XGOB,2025/02/03 08:50:00,2025/02/03 12:11:00
ddh_11188,VBKF,XGOB,2025/02/04 08:50:00,2025/02/04 12:11:00
ddh_11189,VBKF,XGOB,2025/02/05 08:50:00,2025/02/05 12:11:00
ddh_11190,VBKF,XGOB,2025/02/06 08:50:00,2025/02/06 12:11:00
ddh_11191,VBKF,XGOB,2025/02/07 08:50:00,2025/02/07 12:11:00
ddh_11192,VBKF,XGOB,2025/02/08 08:50:00,2025/02/08 12:11:00
ddh_11194,UQLN,LMGE,2025/01/31 12:15:00,2025/01/31 13:42:00
ddh_11195,UQLN,LMGE,2025/02/01 12:15:00,2025/02/01 13:42:00
ddh_11196,UQLN,LMGE,2025/02/02 12:15:00,2025/02/02 13:42:00
ddh_11197,UQLN,LMGE,2025/02/03 12:15:00,2025/02/03 13:42:00
ddh_11198,UQLN,LMGE,2025/02/04 12:15:00,2025/02/04 13:42:00
ddh_11199,UQLN,LMGE,2025/02/05 12:15:00,2025/02/05 13:42:00
ddh_11200,UQLN,LMGE,2025/02/06 12:15:00,2025/02/06 13:42:00
ddh_11201,UQLN,LMGE,2025/02/07 12:15:00,2025/02/07 13:42:00
ddh_11202,UQLN,LMGE,2025/02/08 12:15:00,2025/02/08 13:42:00
ddh_11204,UQLN,XGOB,2025/01/31 11:25:00,2025/01/31 14:16:00
ddh_11205,UQLN,XGOB,2025/02/01 11:25:00,2025/02/01 14:16:00
ddh_11206,UQLN,XGOB,2025/02/02 11:25:00,2025/02/02 14:16:00
ddh_11207,UQLN,XGOB,2025/02/03 11:25:00,2025/02/03 14:16:00
ddh_11208,UQLN,XGOB,2025/02/04 11:25:00,2025/02/04 14:16:00
ddh_11209,UQLN,XGOB,2025/02/05 11:25:00,2025/02/05 14:16:00
ddh_11210,UQLN,XGOB,2025/02/06 11:25:00,2025/02/06 14:16:00
ddh_11211,UQLN,XGOB,2025/02/07 11:25:00,2025/02/07 14:16:00
ddh_11212,UQLN,XGOB,2025/02/08 11:25:00,2025/02/08 14:16:00
ddh_11214,VBKF,XGOB,2025/01/31 15:14:00,2025/01/31 18:55:00
ddh_11215,VBKF,XGOB,2025/02/01 15:14:00,2025/02/01 18:55:00
ddh_11216,VBKF,XGOB,2025/02/02 15:14:00,2025/02/02 18:55:00
ddh_11217,VBKF,XGOB,2025/02/03 15:14:00,2025/02/03 18:55:00
ddh_11218,VBKF,XGOB,2025/02/04 15:14:00,2025/02/04 18:55:00
ddh_11219,VBKF,XGOB,2025/02/05 15:14:00,2025/02/05 18:55:00
ddh_11220,VBKF,XGOB,2025/02/06 15:14:00,2025/02/06 18:55:00
ddh_11221,VBKF,XGOB,2025/02/07 15:14:00,2025/02/07 18:55:00
ddh_11222,VBKF,XGOB,2025/02/08 15:14:00,2025/02/08 18:55:00
ddh_11224,GRIG,XGOB,2025/01/31 23:05:00,2025/01/31 23:59:00
ddh_11225,GRIG,XGOB,2025/02/01 23:05:00,2025/02/01 23:59:00
ddh_11226,GRIG,XGOB,2025/02/02 23:05:00,2025/02/02 23:59:00
ddh_11227,GRIG,XGOB,2025/02/03 23:05:00,2025/02/03 23:59:00
ddh_11228,GRIG,XGOB,2025/02/04 23:05:00,2025/02/04 23:59:00
ddh_11229,GRIG,XGOB,2025/02/05 23:05:00,2025/02/05 23:59:00
ddh_11230,GRIG,XGOB,2025/02/06 23:05:00,2025/02/06 23:59:00
ddh_11231,GRIG,XGOB,2025/02/07 23:05:00,2025/02/07 23:59:00
ddh_11232,GRIG,XGOB,2025/02/08 23:05:00,2025/02/08 23:59:00
ddh_11234,GRIG,XGOB,2025/01/31 00:00:00,2025/01/31 00:30:00
ddh_11235,GRIG,XGOB,2025/02/01 00:00:00,2025/02/01 00:30:00
ddh_11236,GRIG,XGOB,2025/02/02 00:00:00,2025/02/02 00:30:00
ddh_11237,GRIG,XGOB,2025/02/03 00:00:00,2025/02/03 00:30:00
ddh_11238,GRIG,XGOB,2025/02/04 00:00:00,2025/02/04 00:30:00
ddh_11239,GRIG,XGOB,2025/02/05 00:00:00,2025/02/05 00:30:00
ddh_11240,GRIG,XGOB,2025/02/06 00:00:00,2025/02/06 00:30:00
ddh_11241,GRIG,XGOB,2025/02/07 00:00:00,2025/02/07 00:30:00
ddh_11242,GRIG,XGOB,2025/02/08 00:00:00,2025/02/08 00:30:00
ddh_11244,CLVM,XGOB,2025/01/31 19:50:00,2025/01/31 21:07:00
ddh_11245,CLVM,XGOB,2025/02/01 19:50:00,2025/02/01 21:07:00
ddh_11246,CLVM,XGOB,2025/02/02 19:50:00,2025/02/02 21:07:00
ddh_11247,CLVM,XGOB,2025/02/03 19:50:00,2025/02/03 21:07:00
ddh_11248,CLVM,XGOB,2025/02/04 19:50:00,2025/02/04 21:07:00
ddh_11249,CLVM,XGOB,2025/02/05 19:50:00,2025/02/05 21:07:00
ddh_11250,CLVM,XGOB,2025/02/06 19:50:00,2025/02/06 21:07:00
ddh_11251,CLVM,XGOB,2025/02/07 19:50:00,2025/02/07 21:07:00
ddh_11252,CLVM,XGOB,2025/02/08 19:50:00,2025/02/08 21:07:00
ddh_11254,UQLN,XGOB,2025/01/31 19:15:00,2025/01/31 20:57:00
ddh_11255,UQLN,XGOB,2025/02/01 19:15:00,2025/02/01 20:57:00
ddh_11256,UQLN,XGOB,2025/02/02 19:15:00,2025/02/02 20:57:00
ddh_11257,UQLN,XGOB,2025/02/03 19:15:00,2025/02/03 20:57:00
ddh_11258,UQLN,XGOB,2025/02/04 19:15:00,2025/02/04 20:57:00
ddh_11259,UQLN,XGOB,2025/02/05 19:15:00,2025/02/05 20:57:00
ddh_11260,UQLN,XGOB,2025/02/06 19:15:00,2025/02/06 20:57:00
ddh_11261,UQLN,XGOB,2025/02/07 19:15:00,2025/02/07 20:57:00
ddh_11262,UQLN,XGOB,2025/02/08 19:15:00,2025/02/08 20:57:00
ddh_11264,XGOB,UQLN,2025/01/31 16:30:00,2025/01/31 18:34:00
ddh_11265,XGOB,UQLN,2025/02/01 16:30:00,2025/02/01 18:34:00
ddh_11266,XGOB,UQLN,2025/02/02 16:30:00,2025/02/02 18:34:00
ddh_11267,XGOB,UQLN,2025/02/03 16:30:00,2025/02/03 18:34:00
ddh_11268,XGOB,UQLN,2025/02/04 16:30:00,2025/02/04 18:34:00
ddh_11269,XGOB,UQLN,2025/02/05 16:30:00,2025/02/05 18:34:00
ddh_11270,XGOB,UQLN,2025/02/06 16:30:00,2025/02/06 18:34:00
ddh_11271,XGOB,UQLN,2025/02/07 16:30:00,2025/02/07 18:34:00
ddh_11272,XGOB,UQLN,2025/02/08 16:30:00,2025/02/08 18:34:00
ddh_11274,UQLN,XGOB,2025/01/31 06:32:00,2025/01/31 08:09:00
ddh_11275,UQLN,XGOB,2025/02/01 06:32:00,2025/02/01 08:09:00
ddh_11276,UQLN,XGOB,2025/02/02 06:32:00,2025/02/02 08:09:00
ddh_11277,UQLN,XGOB,2025/02/03 06:32:00,2025/02/03 08:09:00
ddh_11278,UQLN,XGOB,2025/02/04 06:32:00,2025/02/04 08:09:00
ddh_11279,UQLN,XGOB,2025/02/05 06:32:00,2025/02/05 08:09:00
ddh_11280,UQLN,XGOB,2025/02/06 06:32:00,2025/02/06 08:09:00
ddh_11281,UQLN,XGOB,2025/02/07 06:32:00,2025/02/07 08:09:00
ddh_11282,UQLN,XGOB,2025/02/08 06:32:00,2025/02/08 08:09:00
ddh_11284,XGOB,UQLN,2025/01/31 08:52:00,2025/01/31 11:23:00
ddh_11285,XGOB,UQLN,2025/02/01 08:52:00,2025/02/01 11:23:00
ddh_11286,XGOB,UQLN,2025/02/02 08:52:00,2025/02/02 11:23:00
ddh_11287,XGOB,UQLN,2025/02/03 08:52:00,2025/02/03 11:23:00
ddh_11288,XGOB,UQLN,2025/02/04 08:52:00,2025/02/04 11:23:00
ddh_11289,XGOB,UQLN,2025/02/05 08:52:00,2025/02/05 11:23:00
ddh_11290,XGOB,UQLN,2025/02/06 08:52:00,2025/02/06 11:23:00
ddh_11291,XGOB,UQLN,2025/02/07 08:52:00,2025/02/07 11:23:00
ddh_11292,XGOB,UQLN,2025/02/08 08:52:00,2025/02/08 11:23:00
ddh_11294,UQLN,XGOB,2025/01/31 19:08:00,2025/01/31 20:35:00
ddh_11295,UQLN,XGOB,2025/02/01 19:08:00,2025/02/01 20:35:00
ddh_11296,UQLN,XGOB,2025/02/02 19:08:00,2025/02/02 20:35:00
ddh_11297,UQLN,XGOB,2025/02/03 19:08:00,2025/02/03 20:35:00
ddh_11298,UQLN,XGOB,2025/02/04 19:08:00,2025/02/04 20:35:00
ddh_11299,UQLN,XGOB,2025/02/05 19:08:00,2025/02/05 20:35:00
ddh_11300,UQLN,XGOB,2025/02/06 19:08:00,2025/02/06 20:35:00
ddh_11301,UQLN,XGOB,2025/02/07 19:08:00,2025/02/07 20:35:00
ddh_11302,UQLN,XGOB,2025/02/08 19:08:00,2025/02/08 20:35:00
ddh_11304,LMGE,UQLN,2025/01/31 15:20:00,2025/01/31 17:40:00
ddh_11305,LMGE,UQLN,2025/02/01 15:20:00,2025/02/01 17:40:00
ddh_11306,LMGE,UQLN,2025/02/02 15:20:00,2025/02/02 17:40:00
ddh_11307,LMGE,UQLN,2025/02/03 15:20:00,2025/02/03 17:40:00
ddh_11308,LMGE,UQLN,2025/02/04 15:20:00,2025/02/04 17:40:00
ddh_11309,LMGE,UQLN,2025/02/05 15:20:00,2025/02/05 17:40:00
ddh_11310,LMGE,UQLN,2025/02/06 15:20:00,2025/02/06 17:40:00
ddh_11311,LMGE,UQLN,2025/02/07 15:20:00,2025/02/07 17:40:00
ddh_11312,LMGE,UQLN,2025/02/08 15:20:00,2025/02/08 17:40:00
ddh_11314,UQLN,LMGE,2025/01/31 18:50:00,2025/01/31 21:21:00
ddh_11315,UQLN,LMGE,2025/02/01 18:50:00,2025/02/01 21:21:00
ddh_11316,UQLN,LMGE,2025/02/02 18:50:00,2025/02/02 21:21:00
ddh_11317,UQLN,LMGE,2025/02/03 18:50:00,2025/02/03 21:21:00
ddh_11318,UQLN,LMGE,2025/02/04 18:50:00,2025/02/04 21:21:00
ddh_11319,UQLN,LMGE,2025/02/05 18:50:00,2025/02/05 21:21:00
ddh_11320,UQLN,LMGE,2025/02/06 18:50:00,2025/02/06 21:21:00
ddh_11321,UQLN,LMGE,2025/02/07 18:50:00,2025/02/07 21:21:00
ddh_11322,UQLN,LMGE,2025/02/08 18:50:00,2025/02/08 21:21:00
ddh_11324,XGOB,UQLN,2025/01/31 13:00:00,2025/01/31 15:40:00
ddh_11325,XGOB,UQLN,2025/02/01 13:00:00,2025/02/01 15:40:00
ddh_11326,XGOB,UQLN,2025/02/02 13:00:00,2025/02/02 15:40:00
ddh_11327,XGOB,UQLN,2025/02/03 13:00:00,2025/02/03 15:40:00
ddh_11328,XGOB,UQLN,2025/02/04 13:00:00,2025/02/04 15:40:00
ddh_11329,XGOB,UQLN,2025/02/05 13:00:00,2025/02/05 15:40:00
ddh_11330,XGOB,UQLN,2025/02/06 13:00:00,2025/02/06 15:40:00
ddh_11331,XGOB,UQLN,2025/02/07 13:00:00,2025/02/07 15:40:00
ddh_11332,XGOB,UQLN,2025/02/08 13:00:00,2025/02/08 15:40:00
ddh_11334,XGOB,IAWP,2025/01/31 16:55:00,2025/01/31 17:38:00
ddh_11335,XGOB,IAWP,2025/02/01 16:55:00,2025/02/01 17:38:00
ddh_11336,XGOB,IAWP,2025/02/02 16:55:00,2025/02/02 17:38:00
ddh_11337,XGOB,IAWP,2025/02/03 16:55:00,2025/02/03 17:38:00
ddh_11338,XGOB,IAWP,2025/02/04 16:55:00,2025/02/04 17:38:00
ddh_11339,XGOB,IAWP,2025/02/05 16:55:00,2025/02/05 17:38:00
ddh_11340,XGOB,IAWP,2025/02/06 16:55:00,2025/02/06 17:38:00
ddh_11341,XGOB,IAWP,2025/02/07 16:55:00,2025/02/07 17:38:00
ddh_11342,XGOB,IAWP,2025/02/08 16:55:00,2025/02/08 17:38:00
ddh_11344,IAWP,XGOB,2025/01/31 17:49:00,2025/01/31 18:33:00
ddh_11345,IAWP,XGOB,2025/02/01 17:49:00,2025/02/01 18:33:00
ddh_11346,IAWP,XGOB,2025/02/02 17:49:00,2025/02/02 18:33:00
ddh_11347,IAWP,XGOB,2025/02/03 17:49:00,2025/02/03 18:33:00
ddh_11348,IAWP,XGOB,2025/02/04 17:49:00,2025/02/04 18:33:00
ddh_11349,IAWP,XGOB,2025/02/05 17:49:00,2025/02/05 18:33:00
ddh_11350,IAWP,XGOB,2025/02/06 17:49:00,2025/02/06 18:33:00
ddh_11351,IAWP,XGOB,2025/02/07 17:49:00,2025/02/07 18:33:00
ddh_11352,IAWP,XGOB,2025/02/08 17:49:00,2025/02/08 18:33:00
ddh_11354,LMGE,UQLN,2025/01/31 12:05:00,2025/01/31 15:11:00
ddh_11355,LMGE,UQLN,2025/02/01 12:05:00,2025/02/01 15:11:00
ddh_11356,LMGE,UQLN,2025/02/02 12:05:00,2025/02/02 15:11:00
ddh_11357,LMGE,UQLN,2025/02/03 12:05:00,2025/02/03 15:11:00
ddh_11358,LMGE,UQLN,2025/02/04 12:05:00,2025/02/04 15:11:00
ddh_11359,LMGE,UQLN,2025/02/05 12:05:00,2025/02/05 15:11:00
ddh_11360,LMGE,UQLN,2025/02/06 12:05:00,2025/02/06 15:11:00
ddh_11361,LMGE,UQLN,2025/02/07 12:05:00,2025/02/07 15:11:00
ddh_11362,LMGE,UQLN,2025/02/08 12:05:00,2025/02/08 15:11:00
ddh_11364,XGOB,UQLN,2025/01/31 17:15:00,2025/01/31 19:26:00
ddh_11365,XGOB,UQLN,2025/02/01 17:15:00,2025/02/01 19:26:00
ddh_11366,XGOB,UQLN,2025/02/02 17:15:00,2025/02/02 19:26:00
ddh_11367,XGOB,UQLN,2025/02/03 17:15:00,2025/02/03 19:26:00
ddh_11368,XGOB,UQLN,2025/02/04 17:15:00,2025/02/04 19:26:00
ddh_11369,XGOB,UQLN,2025/02/05 17:15:00,2025/02/05 19:26:00
ddh_11370,XGOB,UQLN,2025/02/06 17:15:00,2025/02/06 19:26:00
ddh_11371,XGOB,UQLN,2025/02/07 17:15:00,2025/02/07 19:26:00
ddh_11372,XGOB,UQLN,2025/02/08 17:15:00,2025/02/08 19:26:00
ddh_11374,WZBQ,JDEH,2025/01/31 12:00:00,2025/01/31 14:00:00
ddh_11375,WZBQ,JDEH,2025/02/01 12:00:00,2025/02/01 14:00:00
ddh_11376,WZBQ,JDEH,2025/02/02 12:00:00,2025/02/02 14:00:00
ddh_11377,WZBQ,JDEH,2025/02/03 12:00:00,2025/02/03 14:00:00
ddh_11378,WZBQ,JDEH,2025/02/04 12:00:00,2025/02/04 14:00:00
ddh_11379,WZBQ,JDEH,2025/02/05 12:00:00,2025/02/05 14:00:00
ddh_11380,WZBQ,JDEH,2025/02/06 12:00:00,2025/02/06 14:00:00
ddh_11381,WZBQ,JDEH,2025/02/07 12:00:00,2025/02/07 14:00:00
ddh_11382,WZBQ,JDEH,2025/02/08 12:00:00,2025/02/08 14:00:00
ddh_11384,XGOB,UQLN,2025/01/31 14:43:00,2025/01/31 17:34:00
ddh_11385,XGOB,UQLN,2025/02/01 14:43:00,2025/02/01 17:34:00
ddh_11386,XGOB,UQLN,2025/02/02 14:43:00,2025/02/02 17:34:00
ddh_11387,XGOB,UQLN,2025/02/03 14:43:00,2025/02/03 17:34:00
ddh_11388,XGOB,UQLN,2025/02/04 14:43:00,2025/02/04 17:34:00
ddh_11389,XGOB,UQLN,2025/02/05 14:43:00,2025/02/05 17:34:00
ddh_11390,XGOB,UQLN,2025/02/06 14:43:00,2025/02/06 17:34:00
ddh_11391,XGOB,UQLN,2025/02/07 14:43:00,2025/02/07 17:34:00
ddh_11392,XGOB,UQLN,2025/02/08 14:43:00,2025/02/08 17:34:00
ddh_11394,VBKF,XGOB,2025/01/31 15:19:00,2025/01/31 19:17:00
ddh_11395,VBKF,XGOB,2025/02/01 15:19:00,2025/02/01 19:17:00
ddh_11396,VBKF,XGOB,2025/02/02 15:19:00,2025/02/02 19:17:00
ddh_11397,VBKF,XGOB,2025/02/03 15:19:00,2025/02/03 19:17:00
ddh_11398,VBKF,XGOB,2025/02/04 15:19:00,2025/02/04 19:17:00
ddh_11399,VBKF,XGOB,2025/02/05 15:19:00,2025/02/05 19:17:00
ddh_11400,VBKF,XGOB,2025/02/06 15:19:00,2025/02/06 19:17:00
ddh_11401,VBKF,XGOB,2025/02/07 15:19:00,2025/02/07 19:17:00
ddh_11402,VBKF,XGOB,2025/02/08 15:19:00,2025/02/08 19:17:00
ddh_11404,XGOB,VBKF,2025/01/31 11:03:00,2025/01/31 15:20:00
ddh_11405,XGOB,VBKF,2025/02/01 11:03:00,2025/02/01 15:20:00
ddh_11406,XGOB,VBKF,2025/02/02 11:03:00,2025/02/02 15:20:00
ddh_11407,XGOB,VBKF,2025/02/03 11:03:00,2025/02/03 15:20:00
ddh_11408,XGOB,VBKF,2025/02/04 11:03:00,2025/02/04 15:20:00
ddh_11409,XGOB,VBKF,2025/02/05 11:03:00,2025/02/05 15:20:00
ddh_11410,XGOB,VBKF,2025/02/06 11:03:00,2025/02/06 15:20:00
ddh_11411,XGOB,VBKF,2025/02/07 11:03:00,2025/02/07 15:20:00
ddh_11412,XGOB,VBKF,2025/02/08 11:03:00,2025/02/08 15:20:00
ddh_11414,XGOB,CLVM,2025/01/31 19:49:00,2025/01/31 21:24:00
ddh_11415,XGOB,CLVM,2025/02/01 19:49:00,2025/02/01 21:24:00
ddh_11416,XGOB,CLVM,2025/02/02 19:49:00,2025/02/02 21:24:00
ddh_11417,XGOB,CLVM,2025/02/03 19:49:00,2025/02/03 21:24:00
ddh_11418,XGOB,CLVM,2025/02/04 19:49:00,2025/02/04 21:24:00
ddh_11419,XGOB,CLVM,2025/02/05 19:49:00,2025/02/05 21:24:00
ddh_11420,XGOB,CLVM,2025/02/06 19:49:00,2025/02/06 21:24:00
ddh_11421,XGOB,CLVM,2025/02/07 19:49:00,2025/02/07 21:24:00
ddh_11422,XGOB,CLVM,2025/02/08 19:49:00,2025/02/08 21:24:00
ddh_11424,VBKF,XGOB,2025/01/31 19:50:00,2025/01/31 23:18:00
ddh_11425,VBKF,XGOB,2025/02/01 19:50:00,2025/02/01 23:18:00
ddh_11426,VBKF,XGOB,2025/02/02 19:50:00,2025/02/02 23:18:00
ddh_11427,VBKF,XGOB,2025/02/03 19:50:00,2025/02/03 23:18:00
ddh_11428,VBKF,XGOB,2025/02/04 19:50:00,2025/02/04 23:18:00
ddh_11429,VBKF,XGOB,2025/02/05 19:50:00,2025/02/05 23:18:00
ddh_11430,VBKF,XGOB,2025/02/06 19:50:00,2025/02/06 23:18:00
ddh_11431,VBKF,XGOB,2025/02/07 19:50:00,2025/02/07 23:18:00
ddh_11432,VBKF,XGOB,2025/02/08 19:50:00,2025/02/08 23:18:00
ddh_11434,XGOB,UQLN,2025/01/31 18:50:00,2025/01/31 20:00:00
ddh_11435,XGOB,UQLN,2025/02/01 18:50:00,2025/02/01 20:00:00
ddh_11436,XGOB,UQLN,2025/02/02 18:50:00,2025/02/02 20:00:00
ddh_11437,XGOB,UQLN,2025/02/03 18:50:00,2025/02/03 20:00:00
ddh_11438,XGOB,UQLN,2025/02/04 18:50:00,2025/02/04 20:00:00
ddh_11439,XGOB,UQLN,2025/02/05 18:50:00,2025/02/05 20:00:00
ddh_11440,XGOB,UQLN,2025/02/06 18:50:00,2025/02/06 20:00:00
ddh_11441,XGOB,UQLN,2025/02/07 18:50:00,2025/02/07 20:00:00
ddh_11442,XGOB,UQLN,2025/02/08 18:50:00,2025/02/08 20:00:00
ddh_11444,LUKE,XGOB,2025/01/31 15:00:00,2025/01/31 18:00:00
ddh_11445,LUKE,XGOB,2025/02/01 15:00:00,2025/02/01 18:00:00
ddh_11446,LUKE,XGOB,2025/02/02 15:00:00,2025/02/02 18:00:00
ddh_11447,LUKE,XGOB,2025/02/03 15:00:00,2025/02/03 18:00:00
ddh_11448,LUKE,XGOB,2025/02/04 15:00:00,2025/02/04 18:00:00
ddh_11449,LUKE,XGOB,2025/02/05 15:00:00,2025/02/05 18:00:00
ddh_11450,LUKE,XGOB,2025/02/06 15:00:00,2025/02/06 18:00:00
ddh_11451,LUKE,XGOB,2025/02/07 15:00:00,2025/02/07 18:00:00
ddh_11452,LUKE,XGOB,2025/02/08 15:00:00,2025/02/08 18:00:00
ddh_11454,UQLN,XGOB,2025/01/31 14:14:00,2025/01/31 16:10:00
ddh_11455,UQLN,XGOB,2025/02/01 14:14:00,2025/02/01 16:10:00
ddh_11456,UQLN,XGOB,2025/02/02 14:14:00,2025/02/02 16:10:00
ddh_11457,UQLN,XGOB,2025/02/03 14:14:00,2025/02/03 16:10:00
ddh_11458,UQLN,XGOB,2025/02/04 14:14:00,2025/02/04 16:10:00
ddh_11459,UQLN,XGOB,2025/02/05 14:14:00,2025/02/05 16:10:00
ddh_11460,UQLN,XGOB,2025/02/06 14:14:00,2025/02/06 16:10:00
ddh_11461,UQLN,XGOB,2025/02/07 14:14:00,2025/02/07 16:10:00
ddh_11462,UQLN,XGOB,2025/02/08 14:14:00,2025/02/08 16:10:00
ddh_11464,XGOB,UQLN,2025/01/31 17:00:00,2025/01/31 18:10:00
ddh_11465,XGOB,UQLN,2025/02/01 17:00:00,2025/02/01 18:10:00
ddh_11466,XGOB,UQLN,2025/02/02 17:00:00,2025/02/02 18:10:00
ddh_11467,XGOB,UQLN,2025/02/03 17:00:00,2025/02/03 18:10:00
ddh_11468,XGOB,UQLN,2025/02/04 17:00:00,2025/02/04 18:10:00
ddh_11469,XGOB,UQLN,2025/02/05 17:00:00,2025/02/05 18:10:00
ddh_11470,XGOB,UQLN,2025/02/06 17:00:00,2025/02/06 18:10:00
ddh_11471,XGOB,UQLN,2025/02/07 17:00:00,2025/02/07 18:10:00
ddh_11472,XGOB,UQLN,2025/02/08 17:00:00,2025/02/08 18:10:00
ddh_11474,XGOB,UQLN,2025/01/31 17:03:00,2025/01/31 18:40:00
ddh_11475,XGOB,UQLN,2025/02/01 17:03:00,2025/02/01 18:40:00
ddh_11476,XGOB,UQLN,2025/02/02 17:03:00,2025/02/02 18:40:00
ddh_11477,XGOB,UQLN,2025/02/03 17:03:00,2025/02/03 18:40:00
ddh_11478,XGOB,UQLN,2025/02/04 17:03:00,2025/02/04 18:40:00
ddh_11479,XGOB,UQLN,2025/02/05 17:03:00,2025/02/05 18:40:00
ddh_11480,XGOB,UQLN,2025/02/06 17:03:00,2025/02/06 18:40:00
ddh_11481,XGOB,UQLN,2025/02/07 17:03:00,2025/02/07 18:40:00
ddh_11482,XGOB,UQLN,2025/02/08 17:03:00,2025/02/08 18:40:00
ddh_11484,UQLN,LMGE,2025/01/31 11:37:00,2025/01/31 13:08:00
ddh_11485,UQLN,LMGE,2025/02/01 11:37:00,2025/02/01 13:08:00
ddh_11486,UQLN,LMGE,2025/02/02 11:37:00,2025/02/02 13:08:00
ddh_11487,UQLN,LMGE,2025/02/03 11:37:00,2025/02/03 13:08:00
ddh_11488,UQLN,LMGE,2025/02/04 11:37:00,2025/02/04 13:08:00
ddh_11489,UQLN,LMGE,2025/02/05 11:37:00,2025/02/05 13:08:00
ddh_11490,UQLN,LMGE,2025/02/06 11:37:00,2025/02/06 13:08:00
ddh_11491,UQLN,LMGE,2025/02/07 11:37:00,2025/02/07 13:08:00
ddh_11492,UQLN,LMGE,2025/02/08 11:37:00,2025/02/08 13:08:00
ddh_11494,XGOB,VBKF,2025/01/31 15:00:00,2025/01/31 18:00:00
ddh_11495,XGOB,VBKF,2025/02/01 15:00:00,2025/02/01 18:00:00
ddh_11496,XGOB,VBKF,2025/02/02 15:00:00,2025/02/02 18:00:00
ddh_11497,XGOB,VBKF,2025/02/03 15:00:00,2025/02/03 18:00:00
ddh_11498,XGOB,VBKF,2025/02/04 15:00:00,2025/02/04 18:00:00
ddh_11499,XGOB,VBKF,2025/02/05 15:00:00,2025/02/05 18:00:00
ddh_11500,XGOB,VBKF,2025/02/06 15:00:00,2025/02/06 18:00:00
ddh_11501,XGOB,VBKF,2025/02/07 15:00:00,2025/02/07 18:00:00
ddh_11502,XGOB,VBKF,2025/02/08 15:00:00,2025/02/08 18:00:00
ddh_11504,LMGE,UQLN,2025/01/31 19:50:00,2025/01/31 21:12:00
ddh_11505,LMGE,UQLN,2025/02/01 19:50:00,2025/02/01 21:12:00
ddh_11506,LMGE,UQLN,2025/02/02 19:50:00,2025/02/02 21:12:00
ddh_11507,LMGE,UQLN,2025/02/03 19:50:00,2025/02/03 21:12:00
ddh_11508,LMGE,UQLN,2025/02/04 19:50:00,2025/02/04 21:12:00
ddh_11509,LMGE,UQLN,2025/02/05 19:50:00,2025/02/05 21:12:00
ddh_11510,LMGE,UQLN,2025/02/06 19:50:00,2025/02/06 21:12:00
ddh_11511,LMGE,UQLN,2025/02/07 19:50:00,2025/02/07 21:12:00
ddh_11512,LMGE,UQLN,2025/02/08 19:50:00,2025/02/08 21:12:00
ddh_11514,XGOB,VBKF,2025/01/31 13:56:00,2025/01/31 18:10:00
ddh_11515,XGOB,VBKF,2025/02/01 13:56:00,2025/02/01 18:10:00
ddh_11516,XGOB,VBKF,2025/02/02 13:56:00,2025/02/02 18:10:00
ddh_11517,XGOB,VBKF,2025/02/03 13:56:00,2025/02/03 18:10:00
ddh_11518,XGOB,VBKF,2025/02/04 13:56:00,2025/02/04 18:10:00
ddh_11519,XGOB,VBKF,2025/02/05 13:56:00,2025/02/05 18:10:00
ddh_11520,XGOB,VBKF,2025/02/06 13:56:00,2025/02/06 18:10:00
ddh_11521,XGOB,VBKF,2025/02/07 13:56:00,2025/02/07 18:10:00
ddh_11522,XGOB,VBKF,2025/02/08 13:56:00,2025/02/08 18:10:00
ddh_11524,XGOB,UQLN,2025/01/31 20:30:00,2025/01/31 22:00:00
ddh_11525,XGOB,UQLN,2025/02/01 20:30:00,2025/02/01 22:00:00
ddh_11526,XGOB,UQLN,2025/02/02 20:30:00,2025/02/02 22:00:00
ddh_11527,XGOB,UQLN,2025/02/03 20:30:00,2025/02/03 22:00:00
ddh_11528,XGOB,UQLN,2025/02/04 20:30:00,2025/02/04 22:00:00
ddh_11529,XGOB,UQLN,2025/02/05 20:30:00,2025/02/05 22:00:00
ddh_11530,XGOB,UQLN,2025/02/06 20:30:00,2025/02/06 22:00:00
ddh_11531,XGOB,UQLN,2025/02/07 20:30:00,2025/02/07 22:00:00
ddh_11532,XGOB,UQLN,2025/02/08 20:30:00,2025/02/08 22:00:00
ddh_11534,UQLN,XGOB,2025/01/31 06:44:00,2025/01/31 08:03:00
ddh_11535,UQLN,XGOB,2025/02/01 06:44:00,2025/02/01 08:03:00
ddh_11536,UQLN,XGOB,2025/02/02 06:44:00,2025/02/02 08:03:00
ddh_11537,UQLN,XGOB,2025/02/03 06:44:00,2025/02/03 08:03:00
ddh_11538,UQLN,XGOB,2025/02/04 06:44:00,2025/02/04 08:03:00
ddh_11539,UQLN,XGOB,2025/02/05 06:44:00,2025/02/05 08:03:00
ddh_11540,UQLN,XGOB,2025/02/06 06:44:00,2025/02/06 08:03:00
ddh_11541,UQLN,XGOB,2025/02/07 06:44:00,2025/02/07 08:03:00
ddh_11542,UQLN,XGOB,2025/02/08 06:44:00,2025/02/08 08:03:00
ddh_11544,XGOB,UQLN,2025/01/31 18:23:00,2025/01/31 19:40:00
ddh_11545,XGOB,UQLN,2025/02/01 18:23:00,2025/02/01 19:40:00
ddh_11546,XGOB,UQLN,2025/02/02 18:23:00,2025/02/02 19:40:00
ddh_11547,XGOB,UQLN,2025/02/03 18:23:00,2025/02/03 19:40:00
ddh_11548,XGOB,UQLN,2025/02/04 18:23:00,2025/02/04 19:40:00
ddh_11549,XGOB,UQLN,2025/02/05 18:23:00,2025/02/05 19:40:00
ddh_11550,XGOB,UQLN,2025/02/06 18:23:00,2025/02/06 19:40:00
ddh_11551,XGOB,UQLN,2025/02/07 18:23:00,2025/02/07 19:40:00
ddh_11552,XGOB,UQLN,2025/02/08 18:23:00,2025/02/08 19:40:00
ddh_11554,GRIG,XGOB,2025/01/31 08:00:00,2025/01/31 09:35:00
ddh_11555,GRIG,XGOB,2025/02/01 08:00:00,2025/02/01 09:35:00
ddh_11556,GRIG,XGOB,2025/02/02 08:00:00,2025/02/02 09:35:00
ddh_11557,GRIG,XGOB,2025/02/03 08:00:00,2025/02/03 09:35:00
ddh_11558,GRIG,XGOB,2025/02/04 08:00:00,2025/02/04 09:35:00
ddh_11559,GRIG,XGOB,2025/02/05 08:00:00,2025/02/05 09:35:00
ddh_11560,GRIG,XGOB,2025/02/06 08:00:00,2025/02/06 09:35:00
ddh_11561,GRIG,XGOB,2025/02/07 08:00:00,2025/02/07 09:35:00
ddh_11562,GRIG,XGOB,2025/02/08 08:00:00,2025/02/08 09:35:00
ddh_11564,VBKF,XGOB,2025/01/31 15:25:00,2025/01/31 19:00:00
ddh_11565,VBKF,XGOB,2025/02/01 15:25:00,2025/02/01 19:00:00
ddh_11566,VBKF,XGOB,2025/02/02 15:25:00,2025/02/02 19:00:00
ddh_11567,VBKF,XGOB,2025/02/03 15:25:00,2025/02/03 19:00:00
ddh_11568,VBKF,XGOB,2025/02/04 15:25:00,2025/02/04 19:00:00
ddh_11569,VBKF,XGOB,2025/02/05 15:25:00,2025/02/05 19:00:00
ddh_11570,VBKF,XGOB,2025/02/06 15:25:00,2025/02/06 19:00:00
ddh_11571,VBKF,XGOB,2025/02/07 15:25:00,2025/02/07 19:00:00
ddh_11572,VBKF,XGOB,2025/02/08 15:25:00,2025/02/08 19:00:00
ddh_11574,XGOB,UQLN,2025/01/31 12:16:00,2025/01/31 13:18:00
ddh_11575,XGOB,UQLN,2025/02/01 12:16:00,2025/02/01 13:18:00
ddh_11576,XGOB,UQLN,2025/02/02 12:16:00,2025/02/02 13:18:00
ddh_11577,XGOB,UQLN,2025/02/03 12:16:00,2025/02/03 13:18:00
ddh_11578,XGOB,UQLN,2025/02/04 12:16:00,2025/02/04 13:18:00
ddh_11579,XGOB,UQLN,2025/02/05 12:16:00,2025/02/05 13:18:00
ddh_11580,XGOB,UQLN,2025/02/06 12:16:00,2025/02/06 13:18:00
ddh_11581,XGOB,UQLN,2025/02/07 12:16:00,2025/02/07 13:18:00
ddh_11582,XGOB,UQLN,2025/02/08 12:16:00,2025/02/08 13:18:00
ddh_11584,XGOB,UQLN,2025/01/31 16:39:00,2025/01/31 17:49:00
ddh_11585,XGOB,UQLN,2025/02/01 16:39:00,2025/02/01 17:49:00
ddh_11586,XGOB,UQLN,2025/02/02 16:39:00,2025/02/02 17:49:00
ddh_11587,XGOB,UQLN,2025/02/03 16:39:00,2025/02/03 17:49:00
ddh_11588,XGOB,UQLN,2025/02/04 16:39:00,2025/02/04 17:49:00
ddh_11589,XGOB,UQLN,2025/02/05 16:39:00,2025/02/05 17:49:00
ddh_11590,XGOB,UQLN,2025/02/06 16:39:00,2025/02/06 17:49:00
ddh_11591,XGOB,UQLN,2025/02/07 16:39:00,2025/02/07 17:49:00
ddh_11592,XGOB,UQLN,2025/02/08 16:39:00,2025/02/08 17:49:00
ddh_11594,UQLN,LMGE,2025/01/31 14:45:00,2025/01/31 16:40:00
ddh_11595,UQLN,LMGE,2025/02/01 14:45:00,2025/02/01 16:40:00
ddh_11596,UQLN,LMGE,2025/02/02 14:45:00,2025/02/02 16:40:00
ddh_11597,UQLN,LMGE,2025/02/03 14:45:00,2025/02/03 16:40:00
ddh_11598,UQLN,LMGE,2025/02/04 14:45:00,2025/02/04 16:40:00
ddh_11599,UQLN,LMGE,2025/02/05 14:45:00,2025/02/05 16:40:00
ddh_11600,UQLN,LMGE,2025/02/06 14:45:00,2025/02/06 16:40:00
ddh_11601,UQLN,LMGE,2025/02/07 14:45:00,2025/02/07 16:40:00
ddh_11602,UQLN,LMGE,2025/02/08 14:45:00,2025/02/08 16:40:00
ddh_11604,LMGE,UQLN,2025/01/31 19:49:00,2025/01/31 21:29:00
ddh_11605,LMGE,UQLN,2025/02/01 19:49:00,2025/02/01 21:29:00
ddh_11606,LMGE,UQLN,2025/02/02 19:49:00,2025/02/02 21:29:00
ddh_11607,LMGE,UQLN,2025/02/03 19:49:00,2025/02/03 21:29:00
ddh_11608,LMGE,UQLN,2025/02/04 19:49:00,2025/02/04 21:29:00
ddh_11609,LMGE,UQLN,2025/02/05 19:49:00,2025/02/05 21:29:00
ddh_11610,LMGE,UQLN,2025/02/06 19:49:00,2025/02/06 21:29:00
ddh_11611,LMGE,UQLN,2025/02/07 19:49:00,2025/02/07 21:29:00
ddh_11612,LMGE,UQLN,2025/02/08 19:49:00,2025/02/08 21:29:00
ddh_11614,CLVM,XGOB,2025/01/31 10:22:00,2025/01/31 11:57:00
ddh_11615,CLVM,XGOB,2025/02/01 10:22:00,2025/02/01 11:57:00
ddh_11616,CLVM,XGOB,2025/02/02 10:22:00,2025/02/02 11:57:00
ddh_11617,CLVM,XGOB,2025/02/03 10:22:00,2025/02/03 11:57:00
ddh_11618,CLVM,XGOB,2025/02/04 10:22:00,2025/02/04 11:57:00
ddh_11619,CLVM,XGOB,2025/02/05 10:22:00,2025/02/05 11:57:00
ddh_11620,CLVM,XGOB,2025/02/06 10:22:00,2025/02/06 11:57:00
ddh_11621,CLVM,XGOB,2025/02/07 10:22:00,2025/02/07 11:57:00
ddh_11622,CLVM,XGOB,2025/02/08 10:22:00,2025/02/08 11:57:00
ddh_11624,XGOB,UQLN,2025/01/31 20:24:00,2025/01/31 21:27:00
ddh_11625,XGOB,UQLN,2025/02/01 20:24:00,2025/02/01 21:27:00
ddh_11626,XGOB,UQLN,2025/02/02 20:24:00,2025/02/02 21:27:00
ddh_11627,XGOB,UQLN,2025/02/03 20:24:00,2025/02/03 21:27:00
ddh_11628,XGOB,UQLN,2025/02/04 20:24:00,2025/02/04 21:27:00
ddh_11629,XGOB,UQLN,2025/02/05 20:24:00,2025/02/05 21:27:00
ddh_11630,XGOB,UQLN,2025/02/06 20:24:00,2025/02/06 21:27:00
ddh_11631,XGOB,UQLN,2025/02/07 20:24:00,2025/02/07 21:27:00
ddh_11632,XGOB,UQLN,2025/02/08 20:24:00,2025/02/08 21:27:00
ddh_11634,XGOB,CXOJ,2025/01/31 12:55:00,2025/01/31 16:35:00
ddh_11635,XGOB,CXOJ,2025/02/01 12:55:00,2025/02/01 16:35:00
ddh_11636,XGOB,CXOJ,2025/02/02 12:55:00,2025/02/02 16:35:00
ddh_11637,XGOB,CXOJ,2025/02/03 12:55:00,2025/02/03 16:35:00
ddh_11638,XGOB,CXOJ,2025/02/04 12:55:00,2025/02/04 16:35:00
ddh_11639,XGOB,CXOJ,2025/02/05 12:55:00,2025/02/05 16:35:00
ddh_11640,XGOB,CXOJ,2025/02/06 12:55:00,2025/02/06 16:35:00
ddh_11641,XGOB,CXOJ,2025/02/07 12:55:00,2025/02/07 16:35:00
ddh_11642,XGOB,CXOJ,2025/02/08 12:55:00,2025/02/08 16:35:00
ddh_11644,CLVM,XGOB,2025/01/31 13:10:00,2025/01/31 14:39:00
ddh_11645,CLVM,XGOB,2025/02/01 13:10:00,2025/02/01 14:39:00
ddh_11646,CLVM,XGOB,2025/02/02 13:10:00,2025/02/02 14:39:00
ddh_11647,CLVM,XGOB,2025/02/03 13:10:00,2025/02/03 14:39:00
ddh_11648,CLVM,XGOB,2025/02/04 13:10:00,2025/02/04 14:39:00
ddh_11649,CLVM,XGOB,2025/02/05 13:10:00,2025/02/05 14:39:00
ddh_11650,CLVM,XGOB,2025/02/06 13:10:00,2025/02/06 14:39:00
ddh_11651,CLVM,XGOB,2025/02/07 13:10:00,2025/02/07 14:39:00
ddh_11652,CLVM,XGOB,2025/02/08 13:10:00,2025/02/08 14:39:00
ddh_11654,XGOB,VBKF,2025/01/31 09:16:00,2025/01/31 13:23:00
ddh_11655,XGOB,VBKF,2025/02/01 09:16:00,2025/02/01 13:23:00
ddh_11656,XGOB,VBKF,2025/02/02 09:16:00,2025/02/02 13:23:00
ddh_11657,XGOB,VBKF,2025/02/03 09:16:00,2025/02/03 13:23:00
ddh_11658,XGOB,VBKF,2025/02/04 09:16:00,2025/02/04 13:23:00
ddh_11659,XGOB,VBKF,2025/02/05 09:16:00,2025/02/05 13:23:00
ddh_11660,XGOB,VBKF,2025/02/06 09:16:00,2025/02/06 13:23:00
ddh_11661,XGOB,VBKF,2025/02/07 09:16:00,2025/02/07 13:23:00
ddh_11662,XGOB,VBKF,2025/02/08 09:16:00,2025/02/08 13:23:00
ddh_11664,VBKF,XGOB,2025/01/31 10:43:00,2025/01/31 14:26:00
ddh_11665,VBKF,XGOB,2025/02/01 10:43:00,2025/02/01 14:26:00
ddh_11666,VBKF,XGOB,2025/02/02 10:43:00,2025/02/02 14:26:00
ddh_11667,VBKF,XGOB,2025/02/03 10:43:00,2025/02/03 14:26:00
ddh_11668,VBKF,XGOB,2025/02/04 10:43:00,2025/02/04 14:26:00
ddh_11669,VBKF,XGOB,2025/02/05 10:43:00,2025/02/05 14:26:00
ddh_11670,VBKF,XGOB,2025/02/06 10:43:00,2025/02/06 14:26:00
ddh_11671,VBKF,XGOB,2025/02/07 10:43:00,2025/02/07 14:26:00
ddh_11672,VBKF,XGOB,2025/02/08 10:43:00,2025/02/08 14:26:00
ddh_11674,VBKF,XGOB,2025/01/31 06:38:00,2025/01/31 10:40:00
ddh_11675,VBKF,XGOB,2025/02/01 06:38:00,2025/02/01 10:40:00
ddh_11676,VBKF,XGOB,2025/02/02 06:38:00,2025/02/02 10:40:00
ddh_11677,VBKF,XGOB,2025/02/03 06:38:00,2025/02/03 10:40:00
ddh_11678,VBKF,XGOB,2025/02/04 06:38:00,2025/02/04 10:40:00
ddh_11679,VBKF,XGOB,2025/02/05 06:38:00,2025/02/05 10:40:00
ddh_11680,VBKF,XGOB,2025/02/06 06:38:00,2025/02/06 10:40:00
ddh_11681,VBKF,XGOB,2025/02/07 06:38:00,2025/02/07 10:40:00
ddh_11682,VBKF,XGOB,2025/02/08 06:38:00,2025/02/08 10:40:00
ddh_11684,XGOB,CLVM,2025/01/31 13:41:00,2025/01/31 15:21:00
ddh_11685,XGOB,CLVM,2025/02/01 13:41:00,2025/02/01 15:21:00
ddh_11686,XGOB,CLVM,2025/02/02 13:41:00,2025/02/02 15:21:00
ddh_11687,XGOB,CLVM,2025/02/03 13:41:00,2025/02/03 15:21:00
ddh_11688,XGOB,CLVM,2025/02/04 13:41:00,2025/02/04 15:21:00
ddh_11689,XGOB,CLVM,2025/02/05 13:41:00,2025/02/05 15:21:00
ddh_11690,XGOB,CLVM,2025/02/06 13:41:00,2025/02/06 15:21:00
ddh_11691,XGOB,CLVM,2025/02/07 13:41:00,2025/02/07 15:21:00
ddh_11692,XGOB,CLVM,2025/02/08 13:41:00,2025/02/08 15:21:00
ddh_11694,LXHP,WZBQ,2025/01/31 10:18:00,2025/01/31 12:42:00
ddh_11695,LXHP,WZBQ,2025/02/01 10:18:00,2025/02/01 12:42:00
ddh_11696,LXHP,WZBQ,2025/02/02 10:18:00,2025/02/02 12:42:00
ddh_11697,LXHP,WZBQ,2025/02/03 10:18:00,2025/02/03 12:42:00
ddh_11698,LXHP,WZBQ,2025/02/04 10:18:00,2025/02/04 12:42:00
ddh_11699,LXHP,WZBQ,2025/02/05 10:18:00,2025/02/05 12:42:00
ddh_11700,LXHP,WZBQ,2025/02/06 10:18:00,2025/02/06 12:42:00
ddh_11701,LXHP,WZBQ,2025/02/07 10:18:00,2025/02/07 12:42:00
ddh_11702,LXHP,WZBQ,2025/02/08 10:18:00,2025/02/08 12:42:00
ddh_11704,XGOB,UQLN,2025/01/31 13:50:00,2025/01/31 15:05:00
ddh_11705,XGOB,UQLN,2025/02/01 13:50:00,2025/02/01 15:05:00
ddh_11706,XGOB,UQLN,2025/02/02 13:50:00,2025/02/02 15:05:00
ddh_11707,XGOB,UQLN,2025/02/03 13:50:00,2025/02/03 15:05:00
ddh_11708,XGOB,UQLN,2025/02/04 13:50:00,2025/02/04 15:05:00
ddh_11709,XGOB,UQLN,2025/02/05 13:50:00,2025/02/05 15:05:00
ddh_11710,XGOB,UQLN,2025/02/06 13:50:00,2025/02/06 15:05:00
ddh_11711,XGOB,UQLN,2025/02/07 13:50:00,2025/02/07 15:05:00
ddh_11712,XGOB,UQLN,2025/02/08 13:50:00,2025/02/08 15:05:00
ddh_11714,WZBQ,JDEH,2025/01/31 13:00:00,2025/01/31 13:30:00
ddh_11715,WZBQ,JDEH,2025/02/01 13:00:00,2025/02/01 13:30:00
ddh_11716,WZBQ,JDEH,2025/02/02 13:00:00,2025/02/02 13:30:00
ddh_11717,WZBQ,JDEH,2025/02/03 13:00:00,2025/02/03 13:30:00
ddh_11718,WZBQ,JDEH,2025/02/04 13:00:00,2025/02/04 13:30:00
ddh_11719,WZBQ,JDEH,2025/02/05 13:00:00,2025/02/05 13:30:00
ddh_11720,WZBQ,JDEH,2025/02/06 13:00:00,2025/02/06 13:30:00
ddh_11721,WZBQ,JDEH,2025/02/07 13:00:00,2025/02/07 13:30:00
ddh_11722,WZBQ,JDEH,2025/02/08 13:00:00,2025/02/08 13:30:00
ddh_11724,XGOB,VBKF,2025/01/31 10:35:00,2025/01/31 14:21:00
ddh_11725,XGOB,VBKF,2025/02/01 10:35:00,2025/02/01 14:21:00
ddh_11726,XGOB,VBKF,2025/02/02 10:35:00,2025/02/02 14:21:00
ddh_11727,XGOB,VBKF,2025/02/03 10:35:00,2025/02/03 14:21:00
ddh_11728,XGOB,VBKF,2025/02/04 10:35:00,2025/02/04 14:21:00
ddh_11729,XGOB,VBKF,2025/02/05 10:35:00,2025/02/05 14:21:00
ddh_11730,XGOB,VBKF,2025/02/06 10:35:00,2025/02/06 14:21:00
ddh_11731,XGOB,VBKF,2025/02/07 10:35:00,2025/02/07 14:21:00
ddh_11732,XGOB,VBKF,2025/02/08 10:35:00,2025/02/08 14:21:00
ddh_11734,CLVM,XGOB,2025/01/31 11:10:00,2025/01/31 12:46:00
ddh_11735,CLVM,XGOB,2025/02/01 11:10:00,2025/02/01 12:46:00
ddh_11736,CLVM,XGOB,2025/02/02 11:10:00,2025/02/02 12:46:00
ddh_11737,CLVM,XGOB,2025/02/03 11:10:00,2025/02/03 12:46:00
ddh_11738,CLVM,XGOB,2025/02/04 11:10:00,2025/02/04 12:46:00
ddh_11739,CLVM,XGOB,2025/02/05 11:10:00,2025/02/05 12:46:00
ddh_11740,CLVM,XGOB,2025/02/06 11:10:00,2025/02/06 12:46:00
ddh_11741,CLVM,XGOB,2025/02/07 11:10:00,2025/02/07 12:46:00
ddh_11742,CLVM,XGOB,2025/02/08 11:10:00,2025/02/08 12:46:00
ddh_11744,XGOB,IAWP,2025/01/31 19:50:00,2025/01/31 21:50:00
ddh_11745,XGOB,IAWP,2025/02/01 19:50:00,2025/02/01 21:50:00
ddh_11746,XGOB,IAWP,2025/02/02 19:50:00,2025/02/02 21:50:00
ddh_11747,XGOB,IAWP,2025/02/03 19:50:00,2025/02/03 21:50:00
ddh_11748,XGOB,IAWP,2025/02/04 19:50:00,2025/02/04 21:50:00
ddh_11749,XGOB,IAWP,2025/02/05 19:50:00,2025/02/05 21:50:00
ddh_11750,XGOB,IAWP,2025/02/06 19:50:00,2025/02/06 21:50:00
ddh_11751,XGOB,IAWP,2025/02/07 19:50:00,2025/02/07 21:50:00
ddh_11752,XGOB,IAWP,2025/02/08 19:50:00,2025/02/08 21:50:00
ddh_11754,XGOB,UQLN,2025/01/31 17:15:00,2025/01/31 19:00:00
ddh_11755,XGOB,UQLN,2025/02/01 17:15:00,2025/02/01 19:00:00
ddh_11756,XGOB,UQLN,2025/02/02 17:15:00,2025/02/02 19:00:00
ddh_11757,XGOB,UQLN,2025/02/03 17:15:00,2025/02/03 19:00:00
ddh_11758,XGOB,UQLN,2025/02/04 17:15:00,2025/02/04 19:00:00
ddh_11759,XGOB,UQLN,2025/02/05 17:15:00,2025/02/05 19:00:00
ddh_11760,XGOB,UQLN,2025/02/06 17:15:00,2025/02/06 19:00:00
ddh_11761,XGOB,UQLN,2025/02/07 17:15:00,2025/02/07 19:00:00
ddh_11762,XGOB,UQLN,2025/02/08 17:15:00,2025/02/08 19:00:00
ddh_11764,XGOB,UQLN,2025/01/31 18:20:00,2025/01/31 19:28:00
ddh_11765,XGOB,UQLN,2025/02/01 18:20:00,2025/02/01 19:28:00
ddh_11766,XGOB,UQLN,2025/02/02 18:20:00,2025/02/02 19:28:00
ddh_11767,XGOB,UQLN,2025/02/03 18:20:00,2025/02/03 19:28:00
ddh_11768,XGOB,UQLN,2025/02/04 18:20:00,2025/02/04 19:28:00
ddh_11769,XGOB,UQLN,2025/02/05 18:20:00,2025/02/05 19:28:00
ddh_11770,XGOB,UQLN,2025/02/06 18:20:00,2025/02/06 19:28:00
ddh_11771,XGOB,UQLN,2025/02/07 18:20:00,2025/02/07 19:28:00
ddh_11772,XGOB,UQLN,2025/02/08 18:20:00,2025/02/08 19:28:00
ddh_11774,LMGE,HBNQ,2025/01/31 12:40:00,2025/01/31 15:10:00
ddh_11775,LMGE,HBNQ,2025/02/01 12:40:00,2025/02/01 15:10:00
ddh_11776,LMGE,HBNQ,2025/02/02 12:40:00,2025/02/02 15:10:00
ddh_11777,LMGE,HBNQ,2025/02/03 12:40:00,2025/02/03 15:10:00
ddh_11778,LMGE,HBNQ,2025/02/04 12:40:00,2025/02/04 15:10:00
ddh_11779,LMGE,HBNQ,2025/02/05 12:40:00,2025/02/05 15:10:00
ddh_11780,LMGE,HBNQ,2025/02/06 12:40:00,2025/02/06 15:10:00
ddh_11781,LMGE,HBNQ,2025/02/07 12:40:00,2025/02/07 15:10:00
ddh_11782,LMGE,HBNQ,2025/02/08 12:40:00,2025/02/08 15:10:00
ddh_11784,XGOB,VBKF,2025/01/31 17:51:00,2025/01/31 21:45:00
ddh_11785,XGOB,VBKF,2025/02/01 17:51:00,2025/02/01 21:45:00
ddh_11786,XGOB,VBKF,2025/02/02 17:51:00,2025/02/02 21:45:00
ddh_11787,XGOB,VBKF,2025/02/03 17:51:00,2025/02/03 21:45:00
ddh_11788,XGOB,VBKF,2025/02/04 17:51:00,2025/02/04 21:45:00
ddh_11789,XGOB,VBKF,2025/02/05 17:51:00,2025/02/05 21:45:00
ddh_11790,XGOB,VBKF,2025/02/06 17:51:00,2025/02/06 21:45:00
ddh_11791,XGOB,VBKF,2025/02/07 17:51:00,2025/02/07 21:45:00
ddh_11792,XGOB,VBKF,2025/02/08 17:51:00,2025/02/08 21:45:00
ddh_11794,CLVM,XGOB,2025/01/31 17:04:00,2025/01/31 18:28:00
ddh_11795,CLVM,XGOB,2025/02/01 17:04:00,2025/02/01 18:28:00
ddh_11796,CLVM,XGOB,2025/02/02 17:04:00,2025/02/02 18:28:00
ddh_11797,CLVM,XGOB,2025/02/03 17:04:00,2025/02/03 18:28:00
ddh_11798,CLVM,XGOB,2025/02/04 17:04:00,2025/02/04 18:28:00
ddh_11799,CLVM,XGOB,2025/02/05 17:04:00,2025/02/05 18:28:00
ddh_11800,CLVM,XGOB,2025/02/06 17:04:00,2025/02/06 18:28:00
ddh_11801,CLVM,XGOB,2025/02/07 17:04:00,2025/02/07 18:28:00
ddh_11802,CLVM,XGOB,2025/02/08 17:04:00,2025/02/08 18:28:00
ddh_11804,XGOB,VBKF,2025/01/31 10:22:00,2025/01/31 14:05:00
ddh_11805,XGOB,VBKF,2025/02/01 10:22:00,2025/02/01 14:05:00
ddh_11806,XGOB,VBKF,2025/02/02 10:22:00,2025/02/02 14:05:00
ddh_11807,XGOB,VBKF,2025/02/03 10:22:00,2025/02/03 14:05:00
ddh_11808,XGOB,VBKF,2025/02/04 10:22:00,2025/02/04 14:05:00
ddh_11809,XGOB,VBKF,2025/02/05 10:22:00,2025/02/05 14:05:00
ddh_11810,XGOB,VBKF,2025/02/06 10:22:00,2025/02/06 14:05:00
ddh_11811,XGOB,VBKF,2025/02/07 10:22:00,2025/02/07 14:05:00
ddh_11812,XGOB,VBKF,2025/02/08 10:22:00,2025/02/08 14:05:00
ddh_11814,CLVM,XGOB,2025/01/31 13:10:00,2025/01/31 14:29:00
ddh_11815,CLVM,XGOB,2025/02/01 13:10:00,2025/02/01 14:29:00
ddh_11816,CLVM,XGOB,2025/02/02 13:10:00,2025/02/02 14:29:00
ddh_11817,CLVM,XGOB,2025/02/03 13:10:00,2025/02/03 14:29:00
ddh_11818,CLVM,XGOB,2025/02/04 13:10:00,2025/02/04 14:29:00
ddh_11819,CLVM,XGOB,2025/02/05 13:10:00,2025/02/05 14:29:00
ddh_11820,CLVM,XGOB,2025/02/06 13:10:00,2025/02/06 14:29:00
ddh_11821,CLVM,XGOB,2025/02/07 13:10:00,2025/02/07 14:29:00
ddh_11822,CLVM,XGOB,2025/02/08 13:10:00,2025/02/08 14:29:00
ddh_11824,UQLN,XGOB,2025/01/31 08:23:00,2025/01/31 10:08:00
ddh_11825,UQLN,XGOB,2025/02/01 08:23:00,2025/02/01 10:08:00
ddh_11826,UQLN,XGOB,2025/02/02 08:23:00,2025/02/02 10:08:00
ddh_11827,UQLN,XGOB,2025/02/03 08:23:00,2025/02/03 10:08:00
ddh_11828,UQLN,XGOB,2025/02/04 08:23:00,2025/02/04 10:08:00
ddh_11829,UQLN,XGOB,2025/02/05 08:23:00,2025/02/05 10:08:00
ddh_11830,UQLN,XGOB,2025/02/06 08:23:00,2025/02/06 10:08:00
ddh_11831,UQLN,XGOB,2025/02/07 08:23:00,2025/02/07 10:08:00
ddh_11832,UQLN,XGOB,2025/02/08 08:23:00,2025/02/08 10:08:00
ddh_11834,VBKF,XGOB,2025/01/31 18:05:00,2025/01/31 21:55:00
ddh_11835,VBKF,XGOB,2025/02/01 18:05:00,2025/02/01 21:55:00
ddh_11836,VBKF,XGOB,2025/02/02 18:05:00,2025/02/02 21:55:00
ddh_11837,VBKF,XGOB,2025/02/03 18:05:00,2025/02/03 21:55:00
ddh_11838,VBKF,XGOB,2025/02/04 18:05:00,2025/02/04 21:55:00
ddh_11839,VBKF,XGOB,2025/02/05 18:05:00,2025/02/05 21:55:00
ddh_11840,VBKF,XGOB,2025/02/06 18:05:00,2025/02/06 21:55:00
ddh_11841,VBKF,XGOB,2025/02/07 18:05:00,2025/02/07 21:55:00
ddh_11842,VBKF,XGOB,2025/02/08 18:05:00,2025/02/08 21:55:00
ddh_11844,XGOB,VBKF,2025/01/31 19:35:00,2025/01/31 23:21:00
ddh_11845,XGOB,VBKF,2025/02/01 19:35:00,2025/02/01 23:21:00
ddh_11846,XGOB,VBKF,2025/02/02 19:35:00,2025/02/02 23:21:00
ddh_11847,XGOB,VBKF,2025/02/03 19:35:00,2025/02/03 23:21:00
ddh_11848,XGOB,VBKF,2025/02/04 19:35:00,2025/02/04 23:21:00
ddh_11849,XGOB,VBKF,2025/02/05 19:35:00,2025/02/05 23:21:00
ddh_11850,XGOB,VBKF,2025/02/06 19:35:00,2025/02/06 23:21:00
ddh_11851,XGOB,VBKF,2025/02/07 19:35:00,2025/02/07 23:21:00
ddh_11852,XGOB,VBKF,2025/02/08 19:35:00,2025/02/08 23:21:00
ddh_11854,XGOB,UQLN,2025/01/31 16:12:00,2025/01/31 18:43:00
ddh_11855,XGOB,UQLN,2025/02/01 16:12:00,2025/02/01 18:43:00
ddh_11856,XGOB,UQLN,2025/02/02 16:12:00,2025/02/02 18:43:00
ddh_11857,XGOB,UQLN,2025/02/03 16:12:00,2025/02/03 18:43:00
ddh_11858,XGOB,UQLN,2025/02/04 16:12:00,2025/02/04 18:43:00
ddh_11859,XGOB,UQLN,2025/02/05 16:12:00,2025/02/05 18:43:00
ddh_11860,XGOB,UQLN,2025/02/06 16:12:00,2025/02/06 18:43:00
ddh_11861,XGOB,UQLN,2025/02/07 16:12:00,2025/02/07 18:43:00
ddh_11862,XGOB,UQLN,2025/02/08 16:12:00,2025/02/08 18:43:00
ddh_11864,VBKF,XGOB,2025/01/31 14:06:00,2025/01/31 17:47:00
ddh_11865,VBKF,XGOB,2025/02/01 14:06:00,2025/02/01 17:47:00
ddh_11866,VBKF,XGOB,2025/02/02 14:06:00,2025/02/02 17:47:00
ddh_11867,VBKF,XGOB,2025/02/03 14:06:00,2025/02/03 17:47:00
ddh_11868,VBKF,XGOB,2025/02/04 14:06:00,2025/02/04 17:47:00
ddh_11869,VBKF,XGOB,2025/02/05 14:06:00,2025/02/05 17:47:00
ddh_11870,VBKF,XGOB,2025/02/06 14:06:00,2025/02/06 17:47:00
ddh_11871,VBKF,XGOB,2025/02/07 14:06:00,2025/02/07 17:47:00
ddh_11872,VBKF,XGOB,2025/02/08 14:06:00,2025/02/08 17:47:00
ddh_11874,MBMY,VSBC,2025/01/31 13:10:00,2025/01/31 14:39:00
ddh_11875,MBMY,VSBC,2025/02/01 13:10:00,2025/02/01 14:39:00
ddh_11876,MBMY,VSBC,2025/02/02 13:10:00,2025/02/02 14:39:00
ddh_11877,MBMY,VSBC,2025/02/03 13:10:00,2025/02/03 14:39:00
ddh_11878,MBMY,VSBC,2025/02/04 13:10:00,2025/02/04 14:39:00
ddh_11879,MBMY,VSBC,2025/02/05 13:10:00,2025/02/05 14:39:00
ddh_11880,MBMY,VSBC,2025/02/06 13:10:00,2025/02/06 14:39:00
ddh_11881,MBMY,VSBC,2025/02/07 13:10:00,2025/02/07 14:39:00
ddh_11882,MBMY,VSBC,2025/02/08 13:10:00,2025/02/08 14:39:00
ddh_11884,CLVM,XGOB,2025/01/31 10:22:00,2025/01/31 11:40:00
ddh_11885,CLVM,XGOB,2025/02/01 10:22:00,2025/02/01 11:40:00
ddh_11886,CLVM,XGOB,2025/02/02 10:22:00,2025/02/02 11:40:00
ddh_11887,CLVM,XGOB,2025/02/03 10:22:00,2025/02/03 11:40:00
ddh_11888,CLVM,XGOB,2025/02/04 10:22:00,2025/02/04 11:40:00
ddh_11889,CLVM,XGOB,2025/02/05 10:22:00,2025/02/05 11:40:00
ddh_11890,CLVM,XGOB,2025/02/06 10:22:00,2025/02/06 11:40:00
ddh_11891,CLVM,XGOB,2025/02/07 10:22:00,2025/02/07 11:40:00
ddh_11892,CLVM,XGOB,2025/02/08 10:22:00,2025/02/08 11:40:00
ddh_11894,XGOB,CLVM,2025/01/31 17:10:00,2025/01/31 18:30:00
ddh_11895,XGOB,CLVM,2025/02/01 17:10:00,2025/02/01 18:30:00
ddh_11896,XGOB,CLVM,2025/02/02 17:10:00,2025/02/02 18:30:00
ddh_11897,XGOB,CLVM,2025/02/03 17:10:00,2025/02/03 18:30:00
ddh_11898,XGOB,CLVM,2025/02/04 17:10:00,2025/02/04 18:30:00
ddh_11899,XGOB,CLVM,2025/02/05 17:10:00,2025/02/05 18:30:00
ddh_11900,XGOB,CLVM,2025/02/06 17:10:00,2025/02/06 18:30:00
ddh_11901,XGOB,CLVM,2025/02/07 17:10:00,2025/02/07 18:30:00
ddh_11902,XGOB,CLVM,2025/02/08 17:10:00,2025/02/08 18:30:00
ddh_11904,UQLN,LMGE,2025/01/31 08:21:00,2025/01/31 10:03:00
ddh_11905,UQLN,LMGE,2025/02/01 08:21:00,2025/02/01 10:03:00
ddh_11906,UQLN,LMGE,2025/02/02 08:21:00,2025/02/02 10:03:00
ddh_11907,UQLN,LMGE,2025/02/03 08:21:00,2025/02/03 10:03:00
ddh_11908,UQLN,LMGE,2025/02/04 08:21:00,2025/02/04 10:03:00
ddh_11909,UQLN,LMGE,2025/02/05 08:21:00,2025/02/05 10:03:00
ddh_11910,UQLN,LMGE,2025/02/06 08:21:00,2025/02/06 10:03:00
ddh_11911,UQLN,LMGE,2025/02/07 08:21:00,2025/02/07 10:03:00
ddh_11912,UQLN,LMGE,2025/02/08 08:21:00,2025/02/08 10:03:00
ddh_11914,GRIG,UQLN,2025/01/31 11:30:00,2025/01/31 13:05:00
ddh_11915,GRIG,UQLN,2025/02/01 11:30:00,2025/02/01 13:05:00
ddh_11916,GRIG,UQLN,2025/02/02 11:30:00,2025/02/02 13:05:00
ddh_11917,GRIG,UQLN,2025/02/03 11:30:00,2025/02/03 13:05:00
ddh_11918,GRIG,UQLN,2025/02/04 11:30:00,2025/02/04 13:05:00
ddh_11919,GRIG,UQLN,2025/02/05 11:30:00,2025/02/05 13:05:00
ddh_11920,GRIG,UQLN,2025/02/06 11:30:00,2025/02/06 13:05:00
ddh_11921,GRIG,UQLN,2025/02/07 11:30:00,2025/02/07 13:05:00
ddh_11922,GRIG,UQLN,2025/02/08 11:30:00,2025/02/08 13:05:00
ddh_11924,LMGE,UQLN,2025/01/31 07:51:00,2025/01/31 09:50:00
ddh_11925,LMGE,UQLN,2025/02/01 07:51:00,2025/02/01 09:50:00
ddh_11926,LMGE,UQLN,2025/02/02 07:51:00,2025/02/02 09:50:00
ddh_11927,LMGE,UQLN,2025/02/03 07:51:00,2025/02/03 09:50:00
ddh_11928,LMGE,UQLN,2025/02/04 07:51:00,2025/02/04 09:50:00
ddh_11929,LMGE,UQLN,2025/02/05 07:51:00,2025/02/05 09:50:00
ddh_11930,LMGE,UQLN,2025/02/06 07:51:00,2025/02/06 09:50:00
ddh_11931,LMGE,UQLN,2025/02/07 07:51:00,2025/02/07 09:50:00
ddh_11932,LMGE,UQLN,2025/02/08 07:51:00,2025/02/08 09:50:00
ddh_11934,VBKF,XGOB,2025/01/31 17:31:00,2025/01/31 21:38:00
ddh_11935,VBKF,XGOB,2025/02/01 17:31:00,2025/02/01 21:38:00
ddh_11936,VBKF,XGOB,2025/02/02 17:31:00,2025/02/02 21:38:00
ddh_11937,VBKF,XGOB,2025/02/03 17:31:00,2025/02/03 21:38:00
ddh_11938,VBKF,XGOB,2025/02/04 17:31:00,2025/02/04 21:38:00
ddh_11939,VBKF,XGOB,2025/02/05 17:31:00,2025/02/05 21:38:00
ddh_11940,VBKF,XGOB,2025/02/06 17:31:00,2025/02/06 21:38:00
ddh_11941,VBKF,XGOB,2025/02/07 17:31:00,2025/02/07 21:38:00
ddh_11942,VBKF,XGOB,2025/02/08 17:31:00,2025/02/08 21:38:00
ddh_11944,XGOB,VBKF,2025/01/31 15:29:00,2025/01/31 19:30:00
ddh_11945,XGOB,VBKF,2025/02/01 15:29:00,2025/02/01 19:30:00
ddh_11946,XGOB,VBKF,2025/02/02 15:29:00,2025/02/02 19:30:00
ddh_11947,XGOB,VBKF,2025/02/03 15:29:00,2025/02/03 19:30:00
ddh_11948,XGOB,VBKF,2025/02/04 15:29:00,2025/02/04 19:30:00
ddh_11949,XGOB,VBKF,2025/02/05 15:29:00,2025/02/05 19:30:00
ddh_11950,XGOB,VBKF,2025/02/06 15:29:00,2025/02/06 19:30:00
ddh_11951,XGOB,VBKF,2025/02/07 15:29:00,2025/02/07 19:30:00
ddh_11952,XGOB,VBKF,2025/02/08 15:29:00,2025/02/08 19:30:00
ddh_11954,PIEK,UQLN,2025/01/31 11:09:00,2025/01/31 11:59:00
ddh_11955,PIEK,UQLN,2025/02/01 11:09:00,2025/02/01 11:59:00
ddh_11956,PIEK,UQLN,2025/02/02 11:09:00,2025/02/02 11:59:00
ddh_11957,PIEK,UQLN,2025/02/03 11:09:00,2025/02/03 11:59:00
ddh_11958,PIEK,UQLN,2025/02/04 11:09:00,2025/02/04 11:59:00
ddh_11959,PIEK,UQLN,2025/02/05 11:09:00,2025/02/05 11:59:00
ddh_11960,PIEK,UQLN,2025/02/06 11:09:00,2025/02/06 11:59:00
ddh_11961,PIEK,UQLN,2025/02/07 11:09:00,2025/02/07 11:59:00
ddh_11962,PIEK,UQLN,2025/02/08 11:09:00,2025/02/08 11:59:00
ddh_11964,XGOB,VBKF,2025/01/31 08:50:00,2025/01/31 12:35:00
ddh_11965,XGOB,VBKF,2025/02/01 08:50:00,2025/02/01 12:35:00
ddh_11966,XGOB,VBKF,2025/02/02 08:50:00,2025/02/02 12:35:00
ddh_11967,XGOB,VBKF,2025/02/03 08:50:00,2025/02/03 12:35:00
ddh_11968,XGOB,VBKF,2025/02/04 08:50:00,2025/02/04 12:35:00
ddh_11969,XGOB,VBKF,2025/02/05 08:50:00,2025/02/05 12:35:00
ddh_11970,XGOB,VBKF,2025/02/06 08:50:00,2025/02/06 12:35:00
ddh_11971,XGOB,VBKF,2025/02/07 08:50:00,2025/02/07 12:35:00
ddh_11972,XGOB,VBKF,2025/02/08 08:50:00,2025/02/08 12:35:00
ddh_11974,GRIG,SNFR,2025/01/31 13:50:00,2025/01/31 16:40:00
ddh_11975,GRIG,SNFR,2025/02/01 13:50:00,2025/02/01 16:40:00
ddh_11976,GRIG,SNFR,2025/02/02 13:50:00,2025/02/02 16:40:00
ddh_11977,GRIG,SNFR,2025/02/03 13:50:00,2025/02/03 16:40:00
ddh_11978,GRIG,SNFR,2025/02/04 13:50:00,2025/02/04 16:40:00
ddh_11979,GRIG,SNFR,2025/02/05 13:50:00,2025/02/05 16:40:00
ddh_11980,GRIG,SNFR,2025/02/06 13:50:00,2025/02/06 16:40:00
ddh_11981,GRIG,SNFR,2025/02/07 13:50:00,2025/02/07 16:40:00
ddh_11982,GRIG,SNFR,2025/02/08 13:50:00,2025/02/08 16:40:00
ddh_11984,VBKF,XGOB,2025/01/31 11:25:00,2025/01/31 14:32:00
ddh_11985,VBKF,XGOB,2025/02/01 11:25:00,2025/02/01 14:32:00
ddh_11986,VBKF,XGOB,2025/02/02 11:25:00,2025/02/02 14:32:00
ddh_11987,VBKF,XGOB,2025/02/03 11:25:00,2025/02/03 14:32:00
ddh_11988,VBKF,XGOB,2025/02/04 11:25:00,2025/02/04 14:32:00
ddh_11989,VBKF,XGOB,2025/02/05 11:25:00,2025/02/05 14:32:00
ddh_11990,VBKF,XGOB,2025/02/06 11:25:00,2025/02/06 14:32:00
ddh_11991,VBKF,XGOB,2025/02/07 11:25:00,2025/02/07 14:32:00
ddh_11992,VBKF,XGOB,2025/02/08 11:25:00,2025/02/08 14:32:00
ddh_11994,XGOB,UQLN,2025/01/31 10:13:00,2025/01/31 12:08:00
ddh_11995,XGOB,UQLN,2025/02/01 10:13:00,2025/02/01 12:08:00
ddh_11996,XGOB,UQLN,2025/02/02 10:13:00,2025/02/02 12:08:00
ddh_11997,XGOB,UQLN,2025/02/03 10:13:00,2025/02/03 12:08:00
ddh_11998,XGOB,UQLN,2025/02/04 10:13:00,2025/02/04 12:08:00
ddh_11999,XGOB,UQLN,2025/02/05 10:13:00,2025/02/05 12:08:00
ddh_12000,XGOB,UQLN,2025/02/06 10:13:00,2025/02/06 12:08:00
ddh_12001,XGOB,UQLN,2025/02/07 10:13:00,2025/02/07 12:08:00
ddh_12002,XGOB,UQLN,2025/02/08 10:13:00,2025/02/08 12:08:00
ddh_12004,XGOB,UQLN,2025/01/31 17:47:00,2025/01/31 19:30:00
ddh_12005,XGOB,UQLN,2025/02/01 17:47:00,2025/02/01 19:30:00
ddh_12006,XGOB,UQLN,2025/02/02 17:47:00,2025/02/02 19:30:00
ddh_12007,XGOB,UQLN,2025/02/03 17:47:00,2025/02/03 19:30:00
ddh_12008,XGOB,UQLN,2025/02/04 17:47:00,2025/02/04 19:30:00
ddh_12009,XGOB,UQLN,2025/02/05 17:47:00,2025/02/05 19:30:00
ddh_12010,XGOB,UQLN,2025/02/06 17:47:00,2025/02/06 19:30:00
ddh_12011,XGOB,UQLN,2025/02/07 17:47:00,2025/02/07 19:30:00
ddh_12012,XGOB,UQLN,2025/02/08 17:47:00,2025/02/08 19:30:00
ddh_12014,UQLN,XGOB,2025/01/31 11:53:00,2025/01/31 14:02:00
ddh_12015,UQLN,XGOB,2025/02/01 11:53:00,2025/02/01 14:02:00
ddh_12016,UQLN,XGOB,2025/02/02 11:53:00,2025/02/02 14:02:00
ddh_12017,UQLN,XGOB,2025/02/03 11:53:00,2025/02/03 14:02:00
ddh_12018,UQLN,XGOB,2025/02/04 11:53:00,2025/02/04 14:02:00
ddh_12019,UQLN,XGOB,2025/02/05 11:53:00,2025/02/05 14:02:00
ddh_12020,UQLN,XGOB,2025/02/06 11:53:00,2025/02/06 14:02:00
ddh_12021,UQLN,XGOB,2025/02/07 11:53:00,2025/02/07 14:02:00
ddh_12022,UQLN,XGOB,2025/02/08 11:53:00,2025/02/08 14:02:00
ddh_12024,LMGE,CLVM,2025/01/31 20:19:00,2025/01/31 21:37:00
ddh_12025,LMGE,CLVM,2025/02/01 20:19:00,2025/02/01 21:37:00
ddh_12026,LMGE,CLVM,2025/02/02 20:19:00,2025/02/02 21:37:00
ddh_12027,LMGE,CLVM,2025/02/03 20:19:00,2025/02/03 21:37:00
ddh_12028,LMGE,CLVM,2025/02/04 20:19:00,2025/02/04 21:37:00
ddh_12029,LMGE,CLVM,2025/02/05 20:19:00,2025/02/05 21:37:00
ddh_12030,LMGE,CLVM,2025/02/06 20:19:00,2025/02/06 21:37:00
ddh_12031,LMGE,CLVM,2025/02/07 20:19:00,2025/02/07 21:37:00
ddh_12032,LMGE,CLVM,2025/02/08 20:19:00,2025/02/08 21:37:00
ddh_12034,VBKF,XGOB,2025/01/31 18:35:00,2025/01/31 22:10:00
ddh_12035,VBKF,XGOB,2025/02/01 18:35:00,2025/02/01 22:10:00
ddh_12036,VBKF,XGOB,2025/02/02 18:35:00,2025/02/02 22:10:00
ddh_12037,VBKF,XGOB,2025/02/03 18:35:00,2025/02/03 22:10:00
ddh_12038,VBKF,XGOB,2025/02/04 18:35:00,2025/02/04 22:10:00
ddh_12039,VBKF,XGOB,2025/02/05 18:35:00,2025/02/05 22:10:00
ddh_12040,VBKF,XGOB,2025/02/06 18:35:00,2025/02/06 22:10:00
ddh_12041,VBKF,XGOB,2025/02/07 18:35:00,2025/02/07 22:10:00
ddh_12042,VBKF,XGOB,2025/02/08 18:35:00,2025/02/08 22:10:00
ddh_12044,UQLN,XGOB,2025/01/31 16:56:00,2025/01/31 19:16:00
ddh_12045,UQLN,XGOB,2025/02/01 16:56:00,2025/02/01 19:16:00
ddh_12046,UQLN,XGOB,2025/02/02 16:56:00,2025/02/02 19:16:00
ddh_12047,UQLN,XGOB,2025/02/03 16:56:00,2025/02/03 19:16:00
ddh_12048,UQLN,XGOB,2025/02/04 16:56:00,2025/02/04 19:16:00
ddh_12049,UQLN,XGOB,2025/02/05 16:56:00,2025/02/05 19:16:00
ddh_12050,UQLN,XGOB,2025/02/06 16:56:00,2025/02/06 19:16:00
ddh_12051,UQLN,XGOB,2025/02/07 16:56:00,2025/02/07 19:16:00
ddh_12052,UQLN,XGOB,2025/02/08 16:56:00,2025/02/08 19:16:00
ddh_12054,XGOB,UQLN,2025/01/31 15:12:00,2025/01/31 16:29:00
ddh_12055,XGOB,UQLN,2025/02/01 15:12:00,2025/02/01 16:29:00
ddh_12056,XGOB,UQLN,2025/02/02 15:12:00,2025/02/02 16:29:00
ddh_12057,XGOB,UQLN,2025/02/03 15:12:00,2025/02/03 16:29:00
ddh_12058,XGOB,UQLN,2025/02/04 15:12:00,2025/02/04 16:29:00
ddh_12059,XGOB,UQLN,2025/02/05 15:12:00,2025/02/05 16:29:00
ddh_12060,XGOB,UQLN,2025/02/06 15:12:00,2025/02/06 16:29:00
ddh_12061,XGOB,UQLN,2025/02/07 15:12:00,2025/02/07 16:29:00
ddh_12062,XGOB,UQLN,2025/02/08 15:12:00,2025/02/08 16:29:00
ddh_12064,UQLN,XGOB,2025/01/31 15:34:00,2025/01/31 16:52:00
ddh_12065,UQLN,XGOB,2025/02/01 15:34:00,2025/02/01 16:52:00
ddh_12066,UQLN,XGOB,2025/02/02 15:34:00,2025/02/02 16:52:00
ddh_12067,UQLN,XGOB,2025/02/03 15:34:00,2025/02/03 16:52:00
ddh_12068,UQLN,XGOB,2025/02/04 15:34:00,2025/02/04 16:52:00
ddh_12069,UQLN,XGOB,2025/02/05 15:34:00,2025/02/05 16:52:00
ddh_12070,UQLN,XGOB,2025/02/06 15:34:00,2025/02/06 16:52:00
ddh_12071,UQLN,XGOB,2025/02/07 15:34:00,2025/02/07 16:52:00
ddh_12072,UQLN,XGOB,2025/02/08 15:34:00,2025/02/08 16:52:00
ddh_12074,LMGE,UQLN,2025/01/31 07:51:00,2025/01/31 09:36:00
ddh_12075,LMGE,UQLN,2025/02/01 07:51:00,2025/02/01 09:36:00
ddh_12076,LMGE,UQLN,2025/02/02 07:51:00,2025/02/02 09:36:00
ddh_12077,LMGE,UQLN,2025/02/03 07:51:00,2025/02/03 09:36:00
ddh_12078,LMGE,UQLN,2025/02/04 07:51:00,2025/02/04 09:36:00
ddh_12079,LMGE,UQLN,2025/02/05 07:51:00,2025/02/05 09:36:00
ddh_12080,LMGE,UQLN,2025/02/06 07:51:00,2025/02/06 09:36:00
ddh_12081,LMGE,UQLN,2025/02/07 07:51:00,2025/02/07 09:36:00
ddh_12082,LMGE,UQLN,2025/02/08 07:51:00,2025/02/08 09:36:00
ddh_12084,UQLN,LMGE,2025/01/31 19:19:00,2025/01/31 21:21:00
ddh_12085,UQLN,LMGE,2025/02/01 19:19:00,2025/02/01 21:21:00
ddh_12086,UQLN,LMGE,2025/02/02 19:19:00,2025/02/02 21:21:00
ddh_12087,UQLN,LMGE,2025/02/03 19:19:00,2025/02/03 21:21:00
ddh_12088,UQLN,LMGE,2025/02/04 19:19:00,2025/02/04 21:21:00
ddh_12089,UQLN,LMGE,2025/02/05 19:19:00,2025/02/05 21:21:00
ddh_12090,UQLN,LMGE,2025/02/06 19:19:00,2025/02/06 21:21:00
ddh_12091,UQLN,LMGE,2025/02/07 19:19:00,2025/02/07 21:21:00
ddh_12092,UQLN,LMGE,2025/02/08 19:19:00,2025/02/08 21:21:00
ddh_12094,WZBQ,SNFR,2025/01/31 19:05:00,2025/01/31 21:05:00
ddh_12095,WZBQ,SNFR,2025/02/01 19:05:00,2025/02/01 21:05:00
ddh_12096,WZBQ,SNFR,2025/02/02 19:05:00,2025/02/02 21:05:00
ddh_12097,WZBQ,SNFR,2025/02/03 19:05:00,2025/02/03 21:05:00
ddh_12098,WZBQ,SNFR,2025/02/04 19:05:00,2025/02/04 21:05:00
ddh_12099,WZBQ,SNFR,2025/02/05 19:05:00,2025/02/05 21:05:00
ddh_12100,WZBQ,SNFR,2025/02/06 19:05:00,2025/02/06 21:05:00
ddh_12101,WZBQ,SNFR,2025/02/07 19:05:00,2025/02/07 21:05:00
ddh_12102,WZBQ,SNFR,2025/02/08 19:05:00,2025/02/08 21:05:00
ddh_12104,UQLN,XGOB,2025/01/31 13:29:00,2025/01/31 14:45:00
ddh_12105,UQLN,XGOB,2025/02/01 13:29:00,2025/02/01 14:45:00
ddh_12106,UQLN,XGOB,2025/02/02 13:29:00,2025/02/02 14:45:00
ddh_12107,UQLN,XGOB,2025/02/03 13:29:00,2025/02/03 14:45:00
ddh_12108,UQLN,XGOB,2025/02/04 13:29:00,2025/02/04 14:45:00
ddh_12109,UQLN,XGOB,2025/02/05 13:29:00,2025/02/05 14:45:00
ddh_12110,UQLN,XGOB,2025/02/06 13:29:00,2025/02/06 14:45:00
ddh_12111,UQLN,XGOB,2025/02/07 13:29:00,2025/02/07 14:45:00
ddh_12112,UQLN,XGOB,2025/02/08 13:29:00,2025/02/08 14:45:00
ddh_12114,UQLN,LMGE,2025/01/31 17:40:00,2025/01/31 19:16:00
ddh_12115,UQLN,LMGE,2025/02/01 17:40:00,2025/02/01 19:16:00
ddh_12116,UQLN,LMGE,2025/02/02 17:40:00,2025/02/02 19:16:00
ddh_12117,UQLN,LMGE,2025/02/03 17:40:00,2025/02/03 19:16:00
ddh_12118,UQLN,LMGE,2025/02/04 17:40:00,2025/02/04 19:16:00
ddh_12119,UQLN,LMGE,2025/02/05 17:40:00,2025/02/05 19:16:00
ddh_12120,UQLN,LMGE,2025/02/06 17:40:00,2025/02/06 19:16:00
ddh_12121,UQLN,LMGE,2025/02/07 17:40:00,2025/02/07 19:16:00
ddh_12122,UQLN,LMGE,2025/02/08 17:40:00,2025/02/08 19:16:00
ddh_12124,XGOB,UQLN,2025/01/31 22:06:00,2025/01/31 23:41:00
ddh_12125,XGOB,UQLN,2025/02/01 22:06:00,2025/02/01 23:41:00
ddh_12126,XGOB,UQLN,2025/02/02 22:06:00,2025/02/02 23:41:00
ddh_12127,XGOB,UQLN,2025/02/03 22:06:00,2025/02/03 23:41:00
ddh_12128,XGOB,UQLN,2025/02/04 22:06:00,2025/02/04 23:41:00
ddh_12129,XGOB,UQLN,2025/02/05 22:06:00,2025/02/05 23:41:00
ddh_12130,XGOB,UQLN,2025/02/06 22:06:00,2025/02/06 23:41:00
ddh_12131,XGOB,UQLN,2025/02/07 22:06:00,2025/02/07 23:41:00
ddh_12132,XGOB,UQLN,2025/02/08 22:06:00,2025/02/08 23:41:00
ddh_12134,UQLN,XGOB,2025/01/31 18:55:00,2025/01/31 19:59:00
ddh_12135,UQLN,XGOB,2025/02/01 18:55:00,2025/02/01 19:59:00
ddh_12136,UQLN,XGOB,2025/02/02 18:55:00,2025/02/02 19:59:00
ddh_12137,UQLN,XGOB,2025/02/03 18:55:00,2025/02/03 19:59:00
ddh_12138,UQLN,XGOB,2025/02/04 18:55:00,2025/02/04 19:59:00
ddh_12139,UQLN,XGOB,2025/02/05 18:55:00,2025/02/05 19:59:00
ddh_12140,UQLN,XGOB,2025/02/06 18:55:00,2025/02/06 19:59:00
ddh_12141,UQLN,XGOB,2025/02/07 18:55:00,2025/02/07 19:59:00
ddh_12142,UQLN,XGOB,2025/02/08 18:55:00,2025/02/08 19:59:00
ddh_12144,LMGE,UQLN,2025/01/31 19:50:00,2025/01/31 21:11:00
ddh_12145,LMGE,UQLN,2025/02/01 19:50:00,2025/02/01 21:11:00
ddh_12146,LMGE,UQLN,2025/02/02 19:50:00,2025/02/02 21:11:00
ddh_12147,LMGE,UQLN,2025/02/03 19:50:00,2025/02/03 21:11:00
ddh_12148,LMGE,UQLN,2025/02/04 19:50:00,2025/02/04 21:11:00
ddh_12149,LMGE,UQLN,2025/02/05 19:50:00,2025/02/05 21:11:00
ddh_12150,LMGE,UQLN,2025/02/06 19:50:00,2025/02/06 21:11:00
ddh_12151,LMGE,UQLN,2025/02/07 19:50:00,2025/02/07 21:11:00
ddh_12152,LMGE,UQLN,2025/02/08 19:50:00,2025/02/08 21:11:00
ddh_12154,LMGE,UQLN,2025/01/31 09:49:00,2025/01/31 10:59:00
ddh_12155,LMGE,UQLN,2025/02/01 09:49:00,2025/02/01 10:59:00
ddh_12156,LMGE,UQLN,2025/02/02 09:49:00,2025/02/02 10:59:00
ddh_12157,LMGE,UQLN,2025/02/03 09:49:00,2025/02/03 10:59:00
ddh_12158,LMGE,UQLN,2025/02/04 09:49:00,2025/02/04 10:59:00
ddh_12159,LMGE,UQLN,2025/02/05 09:49:00,2025/02/05 10:59:00
ddh_12160,LMGE,UQLN,2025/02/06 09:49:00,2025/02/06 10:59:00
ddh_12161,LMGE,UQLN,2025/02/07 09:49:00,2025/02/07 10:59:00
ddh_12162,LMGE,UQLN,2025/02/08 09:49:00,2025/02/08 10:59:00
ddh_12164,UQLN,XGOB,2025/01/31 07:30:00,2025/01/31 09:36:00
ddh_12165,UQLN,XGOB,2025/02/01 07:30:00,2025/02/01 09:36:00
ddh_12166,UQLN,XGOB,2025/02/02 07:30:00,2025/02/02 09:36:00
ddh_12167,UQLN,XGOB,2025/02/03 07:30:00,2025/02/03 09:36:00
ddh_12168,UQLN,XGOB,2025/02/04 07:30:00,2025/02/04 09:36:00
ddh_12169,UQLN,XGOB,2025/02/05 07:30:00,2025/02/05 09:36:00
ddh_12170,UQLN,XGOB,2025/02/06 07:30:00,2025/02/06 09:36:00
ddh_12171,UQLN,XGOB,2025/02/07 07:30:00,2025/02/07 09:36:00
ddh_12172,UQLN,XGOB,2025/02/08 07:30:00,2025/02/08 09:36:00
ddh_12174,UQLN,XGOB,2025/01/31 17:03:00,2025/01/31 19:31:00
ddh_12175,UQLN,XGOB,2025/02/01 17:03:00,2025/02/01 19:31:00
ddh_12176,UQLN,XGOB,2025/02/02 17:03:00,2025/02/02 19:31:00
ddh_12177,UQLN,XGOB,2025/02/03 17:03:00,2025/02/03 19:31:00
ddh_12178,UQLN,XGOB,2025/02/04 17:03:00,2025/02/04 19:31:00
ddh_12179,UQLN,XGOB,2025/02/05 17:03:00,2025/02/05 19:31:00
ddh_12180,UQLN,XGOB,2025/02/06 17:03:00,2025/02/06 19:31:00
ddh_12181,UQLN,XGOB,2025/02/07 17:03:00,2025/02/07 19:31:00
ddh_12182,UQLN,XGOB,2025/02/08 17:03:00,2025/02/08 19:31:00
ddh_12184,UQLN,XGOB,2025/01/31 16:31:00,2025/01/31 18:50:00
ddh_12185,UQLN,XGOB,2025/02/01 16:31:00,2025/02/01 18:50:00
ddh_12186,UQLN,XGOB,2025/02/02 16:31:00,2025/02/02 18:50:00
ddh_12187,UQLN,XGOB,2025/02/03 16:31:00,2025/02/03 18:50:00
ddh_12188,UQLN,XGOB,2025/02/04 16:31:00,2025/02/04 18:50:00
ddh_12189,UQLN,XGOB,2025/02/05 16:31:00,2025/02/05 18:50:00
ddh_12190,UQLN,XGOB,2025/02/06 16:31:00,2025/02/06 18:50:00
ddh_12191,UQLN,XGOB,2025/02/07 16:31:00,2025/02/07 18:50:00
ddh_12192,UQLN,XGOB,2025/02/08 16:31:00,2025/02/08 18:50:00
ddh_12194,XGOB,UQLN,2025/01/31 09:44:00,2025/01/31 11:53:00
ddh_12195,XGOB,UQLN,2025/02/01 09:44:00,2025/02/01 11:53:00
ddh_12196,XGOB,UQLN,2025/02/02 09:44:00,2025/02/02 11:53:00
ddh_12197,XGOB,UQLN,2025/02/03 09:44:00,2025/02/03 11:53:00
ddh_12198,XGOB,UQLN,2025/02/04 09:44:00,2025/02/04 11:53:00
ddh_12199,XGOB,UQLN,2025/02/05 09:44:00,2025/02/05 11:53:00
ddh_12200,XGOB,UQLN,2025/02/06 09:44:00,2025/02/06 11:53:00
ddh_12201,XGOB,UQLN,2025/02/07 09:44:00,2025/02/07 11:53:00
ddh_12202,XGOB,UQLN,2025/02/08 09:44:00,2025/02/08 11:53:00
ddh_12204,UQLN,HMAL,2025/01/31 08:05:00,2025/01/31 09:40:00
ddh_12205,UQLN,HMAL,2025/02/01 08:05:00,2025/02/01 09:40:00
ddh_12206,UQLN,HMAL,2025/02/02 08:05:00,2025/02/02 09:40:00
ddh_12207,UQLN,HMAL,2025/02/03 08:05:00,2025/02/03 09:40:00
ddh_12208,UQLN,HMAL,2025/02/04 08:05:00,2025/02/04 09:40:00
ddh_12209,UQLN,HMAL,2025/02/05 08:05:00,2025/02/05 09:40:00
ddh_12210,UQLN,HMAL,2025/02/06 08:05:00,2025/02/06 09:40:00
ddh_12211,UQLN,HMAL,2025/02/07 08:05:00,2025/02/07 09:40:00
ddh_12212,UQLN,HMAL,2025/02/08 08:05:00,2025/02/08 09:40:00
ddh_12214,XGOB,LUKE,2025/01/31 23:52:00,2025/01/31 23:59:00
ddh_12215,XGOB,LUKE,2025/02/01 23:52:00,2025/02/01 23:59:00
ddh_12216,XGOB,LUKE,2025/02/02 23:52:00,2025/02/02 23:59:00
ddh_12217,XGOB,LUKE,2025/02/03 23:52:00,2025/02/03 23:59:00
ddh_12218,XGOB,LUKE,2025/02/04 23:52:00,2025/02/04 23:59:00
ddh_12219,XGOB,LUKE,2025/02/05 23:52:00,2025/02/05 23:59:00
ddh_12220,XGOB,LUKE,2025/02/06 23:52:00,2025/02/06 23:59:00
ddh_12221,XGOB,LUKE,2025/02/07 23:52:00,2025/02/07 23:59:00
ddh_12222,XGOB,LUKE,2025/02/08 23:52:00,2025/02/08 23:59:00
ddh_12224,XGOB,LUKE,2025/01/31 00:00:00,2025/01/31 04:15:00
ddh_12225,XGOB,LUKE,2025/02/01 00:00:00,2025/02/01 04:15:00
ddh_12226,XGOB,LUKE,2025/02/02 00:00:00,2025/02/02 04:15:00
ddh_12227,XGOB,LUKE,2025/02/03 00:00:00,2025/02/03 04:15:00
ddh_12228,XGOB,LUKE,2025/02/04 00:00:00,2025/02/04 04:15:00
ddh_12229,XGOB,LUKE,2025/02/05 00:00:00,2025/02/05 04:15:00
ddh_12230,XGOB,LUKE,2025/02/06 00:00:00,2025/02/06 04:15:00
ddh_12231,XGOB,LUKE,2025/02/07 00:00:00,2025/02/07 04:15:00
ddh_12232,XGOB,LUKE,2025/02/08 00:00:00,2025/02/08 04:15:00
ddh_12234,VBKF,XGOB,2025/01/31 17:20:00,2025/01/31 21:53:00
ddh_12235,VBKF,XGOB,2025/02/01 17:20:00,2025/02/01 21:53:00
ddh_12236,VBKF,XGOB,2025/02/02 17:20:00,2025/02/02 21:53:00
ddh_12237,VBKF,XGOB,2025/02/03 17:20:00,2025/02/03 21:53:00
ddh_12238,VBKF,XGOB,2025/02/04 17:20:00,2025/02/04 21:53:00
ddh_12239,VBKF,XGOB,2025/02/05 17:20:00,2025/02/05 21:53:00
ddh_12240,VBKF,XGOB,2025/02/06 17:20:00,2025/02/06 21:53:00
ddh_12241,VBKF,XGOB,2025/02/07 17:20:00,2025/02/07 21:53:00
ddh_12242,VBKF,XGOB,2025/02/08 17:20:00,2025/02/08 21:53:00
ddh_12244,UQLN,XGOB,2025/01/31 06:14:00,2025/01/31 07:37:00
ddh_12245,UQLN,XGOB,2025/02/01 06:14:00,2025/02/01 07:37:00
ddh_12246,UQLN,XGOB,2025/02/02 06:14:00,2025/02/02 07:37:00
ddh_12247,UQLN,XGOB,2025/02/03 06:14:00,2025/02/03 07:37:00
ddh_12248,UQLN,XGOB,2025/02/04 06:14:00,2025/02/04 07:37:00
ddh_12249,UQLN,XGOB,2025/02/05 06:14:00,2025/02/05 07:37:00
ddh_12250,UQLN,XGOB,2025/02/06 06:14:00,2025/02/06 07:37:00
ddh_12251,UQLN,XGOB,2025/02/07 06:14:00,2025/02/07 07:37:00
ddh_12252,UQLN,XGOB,2025/02/08 06:14:00,2025/02/08 07:37:00
ddh_12254,XGOB,VBKF,2025/01/31 13:38:00,2025/01/31 17:31:00
ddh_12255,XGOB,VBKF,2025/02/01 13:38:00,2025/02/01 17:31:00
ddh_12256,XGOB,VBKF,2025/02/02 13:38:00,2025/02/02 17:31:00
ddh_12257,XGOB,VBKF,2025/02/03 13:38:00,2025/02/03 17:31:00
ddh_12258,XGOB,VBKF,2025/02/04 13:38:00,2025/02/04 17:31:00
ddh_12259,XGOB,VBKF,2025/02/05 13:38:00,2025/02/05 17:31:00
ddh_12260,XGOB,VBKF,2025/02/06 13:38:00,2025/02/06 17:31:00
ddh_12261,XGOB,VBKF,2025/02/07 13:38:00,2025/02/07 17:31:00
ddh_12262,XGOB,VBKF,2025/02/08 13:38:00,2025/02/08 17:31:00
ddh_12264,XGOB,VBKF,2025/01/31 16:50:00,2025/01/31 20:46:00
ddh_12265,XGOB,VBKF,2025/02/01 16:50:00,2025/02/01 20:46:00
ddh_12266,XGOB,VBKF,2025/02/02 16:50:00,2025/02/02 20:46:00
ddh_12267,XGOB,VBKF,2025/02/03 16:50:00,2025/02/03 20:46:00
ddh_12268,XGOB,VBKF,2025/02/04 16:50:00,2025/02/04 20:46:00
ddh_12269,XGOB,VBKF,2025/02/05 16:50:00,2025/02/05 20:46:00
ddh_12270,XGOB,VBKF,2025/02/06 16:50:00,2025/02/06 20:46:00
ddh_12271,XGOB,VBKF,2025/02/07 16:50:00,2025/02/07 20:46:00
ddh_12272,XGOB,VBKF,2025/02/08 16:50:00,2025/02/08 20:46:00
ddh_12274,XGOB,CLVM,2025/01/31 15:03:00,2025/01/31 16:26:00
ddh_12275,XGOB,CLVM,2025/02/01 15:03:00,2025/02/01 16:26:00
ddh_12276,XGOB,CLVM,2025/02/02 15:03:00,2025/02/02 16:26:00
ddh_12277,XGOB,CLVM,2025/02/03 15:03:00,2025/02/03 16:26:00
ddh_12278,XGOB,CLVM,2025/02/04 15:03:00,2025/02/04 16:26:00
ddh_12279,XGOB,CLVM,2025/02/05 15:03:00,2025/02/05 16:26:00
ddh_12280,XGOB,CLVM,2025/02/06 15:03:00,2025/02/06 16:26:00
ddh_12281,XGOB,CLVM,2025/02/07 15:03:00,2025/02/07 16:26:00
ddh_12282,XGOB,CLVM,2025/02/08 15:03:00,2025/02/08 16:26:00
ddh_12284,WZBQ,XGOB,2025/01/31 10:00:00,2025/01/31 14:00:00
ddh_12285,WZBQ,XGOB,2025/02/01 10:00:00,2025/02/01 14:00:00
ddh_12286,WZBQ,XGOB,2025/02/02 10:00:00,2025/02/02 14:00:00
ddh_12287,WZBQ,XGOB,2025/02/03 10:00:00,2025/02/03 14:00:00
ddh_12288,WZBQ,XGOB,2025/02/04 10:00:00,2025/02/04 14:00:00
ddh_12289,WZBQ,XGOB,2025/02/05 10:00:00,2025/02/05 14:00:00
ddh_12290,WZBQ,XGOB,2025/02/06 10:00:00,2025/02/06 14:00:00
ddh_12291,WZBQ,XGOB,2025/02/07 10:00:00,2025/02/07 14:00:00
ddh_12292,WZBQ,XGOB,2025/02/08 10:00:00,2025/02/08 14:00:00
