id,depaAirport,arriAirport,std,sta,fleet,aircraftNo,flyTime
Flt_37692,ZGPT,HMAL,2025/02/02 17:30:00,2025/02/02 19:35:00,321,Aft_10001,125
Flt_37693,HMAL,ZGPT,2025/02/02 13:30:00,2025/02/02 16:00:00,321,Aft_10001,130
Flt_37694,WZBQ,MBMY,2025/02/02 06:00:00,2025/02/02 09:35:00,321,Aft_10002,228
Flt_37695,XGOB,CYBH,2025/02/02 06:00:00,2025/02/02 08:40:00,321,Aft_10003,144
Flt_37696,XGOB,FFJA,2025/02/02 06:00:00,2025/02/02 08:15:00,321,Aft_10004,133
Flt_37697,GRIG,EYCX,2025/02/02 06:20:00,2025/02/02 09:05:00,320,Aft_10005,154
Flt_37698,UQLN,EVWP,2025/02/02 06:20:00,2025/02/02 08:20:00,321,Aft_10006,115
Flt_37699,SNFR,HMAL,2025/02/02 06:25:00,2025/02/02 09:20:00,320,Aft_10007,171
Flt_37700,XGOB,VSBC,2025/02/02 06:25:00,2025/02/02 09:05:00,321,Aft_10008,131
Flt_37701,XGOB,DEPY,2025/02/02 06:25:00,2025/02/02 07:50:00,319,Aft_10009,74
Flt_37702,SNFR,ZWIO,2025/02/02 06:25:00,2025/02/02 09:15:00,320,Aft_10010,169
Flt_37703,FRMU,XGOB,2025/02/02 06:25:00,2025/02/02 08:50:00,321,Aft_10011,142
Flt_37704,MBMY,CLVM,2025/02/02 06:25:00,2025/02/02 08:50:00,320,Aft_10012,134
Flt_37705,MBMY,VORI,2025/02/02 06:30:00,2025/02/02 08:30:00,321,Aft_10013,121
Flt_37706,UQLN,DDCZ,2025/02/02 06:30:00,2025/02/02 08:40:00,321,Aft_10014,114
Flt_37707,GRIG,VBKF,2025/02/02 06:30:00,2025/02/02 08:45:00,320,Aft_10015,132
Flt_37708,JDEH,XGOB,2025/02/02 06:30:00,2025/02/02 09:25:00,321,Aft_10016,191
Flt_37709,VTIR,XLXE,2025/02/02 06:35:00,2025/02/02 09:50:00,321,Aft_10017,177
Flt_37710,GRIG,UQLN,2025/02/02 06:35:00,2025/02/02 08:20:00,320,Aft_10018,88
Flt_37711,XGOB,IZUZ,2025/02/02 06:40:00,2025/02/02 08:20:00,319,Aft_10019,83
Flt_37712,UQLN,LXHP,2025/02/02 06:45:00,2025/02/02 08:50:00,320,Aft_10020,119
Flt_37713,UQLN,FRMU,2025/02/02 06:50:00,2025/02/02 09:05:00,321,Aft_10021,120
Flt_37714,UQLN,CILH,2025/02/02 06:50:00,2025/02/02 09:05:00,321,Aft_10022,109
Flt_37715,WZBQ,IAWP,2025/02/02 06:50:00,2025/02/02 09:40:00,320,Aft_10023,164
Flt_37716,XGOB,IDKG,2025/02/02 06:50:00,2025/02/02 10:30:00,321,Aft_10024,199
Flt_37717,CXOJ,XGOB,2025/02/02 06:55:00,2025/02/02 10:35:00,321,Aft_10025,209
Flt_37718,UQLN,WZBQ,2025/02/02 06:55:00,2025/02/02 09:10:00,321,Aft_10026,152
Flt_37719,UQLN,HMAL,2025/02/02 06:55:00,2025/02/02 08:45:00,320,Aft_10027,102
Flt_37720,GRIG,OEQY,2025/02/02 06:55:00,2025/02/02 08:45:00,320,Aft_10028,111
Flt_37721,XGOB,OMLA,2025/02/02 06:55:00,2025/02/02 09:10:00,320,Aft_10029,126
Flt_37722,VTIR,CYBH,2025/02/02 06:55:00,2025/02/02 09:50:00,321,Aft_10030,178
Flt_37723,VTIR,CEUN,2025/02/02 06:55:00,2025/02/02 09:45:00,321,Aft_10031,162
Flt_37724,OEQY,XGOB,2025/02/02 06:55:00,2025/02/02 09:30:00,321,Aft_10032,138
Flt_37725,WZBQ,XGOB,2025/02/02 06:55:00,2025/02/02 10:00:00,321,Aft_10033,181
Flt_37726,LUKE,FRMU,2025/02/02 07:00:00,2025/02/02 09:15:00,320,Aft_10034,134
Flt_37727,UQLN,VSBC,2025/02/02 07:00:00,2025/02/02 08:55:00,321,Aft_10035,118
Flt_37728,JDEH,VSBC,2025/02/02 07:00:00,2025/02/02 10:40:00,321,Aft_10036,232
Flt_37729,LXHP,ERHL,2025/02/02 07:00:00,2025/02/02 11:00:00,320,Aft_10037,220
Flt_37730,XGOB,SNFR,2025/02/02 07:00:00,2025/02/02 09:35:00,321,Aft_10038,146
Flt_37731,VTIR,LXHP,2025/02/02 07:00:00,2025/02/02 09:35:00,320,Aft_10039,152
Flt_37732,GRIG,LXHP,2025/02/02 07:00:00,2025/02/02 09:50:00,320,Aft_10040,183
Flt_37733,XGOB,VTIR,2025/02/02 07:00:00,2025/02/02 10:40:00,321,Aft_10041,217
Flt_37734,UQLN,VTIR,2025/02/02 07:00:00,2025/02/02 10:25:00,321,Aft_10042,229
Flt_37735,XGOB,OEQY,2025/02/02 07:05:00,2025/02/02 09:35:00,321,Aft_10043,131
Flt_37736,UQLN,NMPZ,2025/02/02 07:05:00,2025/02/02 09:05:00,320,Aft_10044,144
Flt_37737,GRIG,XBQP,2025/02/02 07:05:00,2025/02/02 09:35:00,320,Aft_10045,138
Flt_37738,MBMY,LXHP,2025/02/02 07:05:00,2025/02/02 10:30:00,321,Aft_10046,200
Flt_37739,CXOJ,PIEK,2025/02/02 07:10:00,2025/02/02 10:35:00,320,Aft_10047,193
Flt_37740,UQLN,OEQY,2025/02/02 07:10:00,2025/02/02 09:15:00,320,Aft_10048,132
Flt_37741,VTIR,VBRA,2025/02/02 07:10:00,2025/02/02 10:50:00,320,Aft_10049,216
Flt_37742,VTIR,MBMY,2025/02/02 07:10:00,2025/02/02 12:45:00,321,Aft_10050,320
Flt_37743,VTIR,VBKF,2025/02/02 07:10:00,2025/02/02 11:05:00,320,Aft_10051,225
Flt_37744,XGOB,GRIG,2025/02/02 07:10:00,2025/02/02 08:55:00,320,Aft_10052,84
Flt_37745,UQLN,SNFR,2025/02/02 07:10:00,2025/02/02 09:15:00,321,Aft_10053,147
Flt_37746,FRMU,UQLN,2025/02/02 07:10:00,2025/02/02 09:10:00,320,Aft_10054,134
Flt_37747,GRIG,XGOB,2025/02/02 07:10:00,2025/02/02 08:40:00,320,Aft_10055,79
Flt_37748,GRIG,HEYQ,2025/02/02 07:15:00,2025/02/02 09:55:00,320,Aft_10056,151
Flt_37749,UQLN,CYBH,2025/02/02 07:15:00,2025/02/02 09:30:00,321,Aft_10057,152
Flt_37750,UQLN,JFWS,2025/02/02 07:15:00,2025/02/02 10:20:00,319,Aft_10058,187
Flt_37751,XGOB,MVFV,2025/02/02 07:15:00,2025/02/02 10:25:00,321,Aft_10059,179
Flt_37752,XGOB,VORI,2025/02/02 07:20:00,2025/02/02 09:25:00,320,Aft_10060,107
Flt_37753,VBKF,AIZY,2025/02/02 07:20:00,2025/02/02 10:15:00,319,Aft_10061,187
Flt_37754,JDEH,XGOB,2025/02/02 07:20:00,2025/02/02 10:35:00,321,Aft_10062,189
Flt_37755,XGOB,SHIS,2025/02/02 07:25:00,2025/02/02 09:40:00,320,Aft_10063,110
Flt_37756,VTIR,EYCX,2025/02/02 07:25:00,2025/02/02 10:40:00,320,Aft_10064,189
Flt_37757,XGOB,PKEY,2025/02/02 07:25:00,2025/02/02 09:15:00,321,Aft_10065,107
Flt_37758,XGOB,IZUZ,2025/02/02 07:25:00,2025/02/02 09:05:00,319,Aft_10066,83
Flt_37759,GRIG,CEUN,2025/02/02 07:25:00,2025/02/02 10:10:00,320,Aft_10067,159
Flt_37760,MBMY,PIEK,2025/02/02 07:25:00,2025/02/02 09:50:00,320,Aft_10068,141
Flt_37761,XGOB,AIZY,2025/02/02 07:25:00,2025/02/02 09:30:00,319,Aft_10069,128
Flt_37762,CXOJ,XGOB,2025/02/02 07:25:00,2025/02/02 11:20:00,320,Aft_10070,228
Flt_37763,VTIR,XGOB,2025/02/02 07:25:00,2025/02/02 11:55:00,320,Aft_10071,267
Flt_37764,LUKE,XGOB,2025/02/02 07:30:00,2025/02/02 08:35:00,320,Aft_10072,65
Flt_37765,LXHP,XGOB,2025/02/02 07:35:00,2025/02/02 10:15:00,320,Aft_10073,168
Flt_37766,WZBQ,FIHQ,2025/02/02 07:40:00,2025/02/02 09:50:00,320,Aft_10074,121
Flt_37767,XGOB,ERHL,2025/02/02 07:40:00,2025/02/02 09:40:00,320,Aft_10075,103
Flt_37768,SNFR,IAWP,2025/02/02 07:40:00,2025/02/02 10:40:00,320,Aft_10076,186
Flt_37769,SNFR,XGOB,2025/02/02 07:40:00,2025/02/02 10:55:00,320,Aft_10077,207
Flt_37770,XGOB,URTH,2025/02/02 07:45:00,2025/02/02 09:45:00,320,Aft_10078,110
Flt_37771,XGOB,ELBQ,2025/02/02 07:45:00,2025/02/02 09:45:00,319,Aft_10079,111
Flt_37772,SNFR,FRMU,2025/02/02 07:50:00,2025/02/02 10:15:00,321,Aft_10080,136
Flt_37773,SNFR,IXQM,2025/02/02 07:50:00,2025/02/02 11:10:00,320,Aft_10081,204
Flt_37774,VTIR,CYBH,2025/02/02 07:50:00,2025/02/02 11:25:00,321,Aft_10082,190
Flt_37775,VBKF,EQTC,2025/02/02 07:50:00,2025/02/02 09:50:00,320,Aft_10083,108
Flt_37776,XGOB,ISAX,2025/02/02 07:50:00,2025/02/02 10:25:00,320,Aft_10084,128
Flt_37777,GRIG,XGOB,2025/02/02 07:50:00,2025/02/02 09:10:00,320,Aft_10085,79
Flt_37778,XGOB,MKHW,2025/02/02 07:55:00,2025/02/02 10:00:00,320,Aft_10086,108
Flt_37779,XGOB,SRNH,2025/02/02 07:55:00,2025/02/02 09:55:00,320,Aft_10087,109
Flt_37780,CLVM,VORI,2025/02/02 07:55:00,2025/02/02 09:25:00,320,Aft_10088,101
Flt_37781,XGOB,LXHP,2025/02/02 07:55:00,2025/02/02 10:20:00,320,Aft_10089,139
Flt_37782,UQLN,NQQU,2025/02/02 07:55:00,2025/02/02 10:05:00,320,Aft_10090,133
Flt_37783,XGOB,AIZY,2025/02/02 07:55:00,2025/02/02 10:10:00,319,Aft_10091,142
Flt_37784,HMAL,XGOB,2025/02/02 07:55:00,2025/02/02 09:55:00,320,Aft_10092,119
Flt_37785,CXOJ,CLVM,2025/02/02 08:00:00,2025/02/02 11:25:00,320,Aft_10093,205
Flt_37786,XGOB,FRMU,2025/02/02 08:00:00,2025/02/02 10:25:00,321,Aft_10094,120
Flt_37787,XGOB,CYBH,2025/02/02 08:00:00,2025/02/02 10:40:00,321,Aft_10095,143
Flt_37788,XGOB,JFWS,2025/02/02 08:00:00,2025/02/02 10:45:00,319,Aft_10096,179
Flt_37789,SNFR,CLVM,2025/02/02 08:00:00,2025/02/02 11:10:00,319,Aft_10097,198
Flt_37790,UQLN,MVFV,2025/02/02 08:00:00,2025/02/02 11:05:00,320,Aft_10098,177
Flt_37791,VTIR,OMLA,2025/02/02 08:05:00,2025/02/02 11:10:00,320,Aft_10099,178
Flt_37792,UQLN,WAVK,2025/02/02 08:05:00,2025/02/02 09:45:00,319,Aft_10100,105
Flt_37793,OEQY,XGOB,2025/02/02 08:05:00,2025/02/02 10:30:00,320,Aft_10101,152
Flt_37794,VBKF,PIEK,2025/02/02 08:10:00,2025/02/02 10:00:00,320,Aft_10102,98
Flt_37795,XGOB,CXOJ,2025/02/02 08:15:00,2025/02/02 11:40:00,321,Aft_10103,220
Flt_37796,XGOB,VSBC,2025/02/02 08:15:00,2025/02/02 10:35:00,320,Aft_10104,128
Flt_37797,SNFR,DEPY,2025/02/02 08:15:00,2025/02/02 11:30:00,320,Aft_10105,201
Flt_37798,XGOB,XLXE,2025/02/02 08:15:00,2025/02/02 10:35:00,321,Aft_10106,133
Flt_37799,UQLN,JFWS,2025/02/02 08:15:00,2025/02/02 11:20:00,319,Aft_10107,188
Flt_37800,SNFR,PIEK,2025/02/02 08:20:00,2025/02/02 11:25:00,319,Aft_10108,188
Flt_37801,LXHP,XGOB,2025/02/02 08:20:00,2025/02/02 11:00:00,321,Aft_10109,178
Flt_37802,XGOB,AGEE,2025/02/02 08:20:00,2025/02/02 11:35:00,319,Aft_10110,171
Flt_37803,XGOB,PADI,2025/02/02 08:25:00,2025/02/02 11:20:00,320,Aft_10111,142
Flt_37804,XGOB,JFWS,2025/02/02 08:30:00,2025/02/02 11:05:00,319,Aft_10112,161
Flt_37805,WZBQ,XGOB,2025/02/02 08:30:00,2025/02/02 11:35:00,320,Aft_10113,186
Flt_37806,XGOB,OSYY,2025/02/02 08:35:00,2025/02/02 10:40:00,321,Aft_10114,114
Flt_37807,XGOB,XBQP,2025/02/02 08:35:00,2025/02/02 11:20:00,321,Aft_10115,147
Flt_37808,XGOB,WQLS,2025/02/02 08:35:00,2025/02/02 10:00:00,319,Aft_10116,88
Flt_37809,VBKF,JFWS,2025/02/02 08:35:00,2025/02/02 12:10:00,319,Aft_10117,216
Flt_37810,XGOB,CZCU,2025/02/02 08:35:00,2025/02/02 12:40:00,321,Aft_10118,237
Flt_37811,XGOB,EYCX,2025/02/02 08:40:00,2025/02/02 10:40:00,321,Aft_10119,116
Flt_37812,XGOB,GUZT,2025/02/02 08:40:00,2025/02/02 10:10:00,319,Aft_10120,87
Flt_37813,DEPY,XGOB,2025/02/02 08:40:00,2025/02/02 10:15:00,319,Aft_10009,88
Flt_37814,GRIG,NJCK,2025/02/02 08:45:00,2025/02/02 10:25:00,320,Aft_10121,87
Flt_37815,XGOB,VORI,2025/02/02 08:45:00,2025/02/02 10:40:00,320,Aft_10122,100
Flt_37816,UQLN,FFJA,2025/02/02 08:45:00,2025/02/02 10:55:00,320,Aft_10123,122
Flt_37817,SNFR,GRIG,2025/02/02 08:50:00,2025/02/02 12:15:00,320,Aft_10124,200
Flt_37818,UQLN,OSYY,2025/02/02 08:55:00,2025/02/02 10:55:00,320,Aft_10125,117
Flt_37819,XGOB,ZCUA,2025/02/02 09:00:00,2025/02/02 11:15:00,320,Aft_10126,128
Flt_37820,XGOB,UUKJ,2025/02/02 09:00:00,2025/02/02 12:10:00,321,Aft_10127,196
Flt_37821,GRIG,LXHP,2025/02/02 09:00:00,2025/02/02 11:50:00,320,Aft_10128,172
Flt_37822,XGOB,NQQU,2025/02/02 09:00:00,2025/02/02 11:35:00,319,Aft_10129,143
Flt_37823,VTIR,CEUN,2025/02/02 09:00:00,2025/02/02 11:55:00,320,Aft_10130,174
Flt_37824,UQLN,AIZY,2025/02/02 09:00:00,2025/02/02 11:35:00,319,Aft_10131,165
Flt_37825,XGOB,HEYQ,2025/02/02 09:05:00,2025/02/02 11:45:00,321,Aft_10132,142
Flt_37826,XGOB,CEUN,2025/02/02 09:05:00,2025/02/02 11:20:00,320,Aft_10133,125
Flt_37827,EVWP,UQLN,2025/02/02 09:05:00,2025/02/02 11:40:00,321,Aft_10006,149
Flt_37828,MBMY,XGOB,2025/02/02 09:05:00,2025/02/02 11:45:00,321,Aft_10134,167
Flt_37829,IZUZ,XGOB,2025/02/02 09:05:00,2025/02/02 10:35:00,319,Aft_10019,87
Flt_37830,FFJA,XGOB,2025/02/02 09:05:00,2025/02/02 11:55:00,321,Aft_10004,189
Flt_37831,XGOB,GTVX,2025/02/02 09:05:00,2025/02/02 13:55:00,321,Aft_10135,302
Flt_37832,CXOJ,NMPZ,2025/02/02 09:10:00,2025/02/02 11:40:00,319,Aft_10136,145
Flt_37833,VBKF,OEQY,2025/02/02 09:10:00,2025/02/02 11:55:00,320,Aft_10137,167
Flt_37834,XGOB,FRMU,2025/02/02 09:15:00,2025/02/02 11:40:00,321,Aft_10138,134
Flt_37835,XGOB,ERHL,2025/02/02 09:15:00,2025/02/02 11:05:00,320,Aft_10139,101
Flt_37836,SNFR,XGOB,2025/02/02 09:15:00,2025/02/02 12:25:00,321,Aft_10140,214
Flt_37837,XGOB,GRIG,2025/02/02 09:20:00,2025/02/02 10:45:00,320,Aft_10141,87
Flt_37838,XGOB,NQQU,2025/02/02 09:20:00,2025/02/02 11:50:00,321,Aft_10142,142
Flt_37839,FRMU,XGOB,2025/02/02 09:20:00,2025/02/02 11:40:00,320,Aft_10143,143
Flt_37840,UQLN,PKEY,2025/02/02 09:25:00,2025/02/02 11:15:00,320,Aft_10018,131
Flt_37841,VTIR,NQQU,2025/02/02 09:25:00,2025/02/02 13:20:00,320,Aft_10144,216
Flt_37842,DDCZ,UQLN,2025/02/02 09:25:00,2025/02/02 11:55:00,321,Aft_10014,153
Flt_37843,XGOB,WZBQ,2025/02/02 09:30:00,2025/02/02 12:15:00,321,Aft_10145,141
Flt_37844,FRMU,CLVM,2025/02/02 09:30:00,2025/02/02 11:50:00,320,Aft_10146,127
Flt_37845,VORI,VTIR,2025/02/02 09:30:00,2025/02/02 13:15:00,321,Aft_10013,236
Flt_37846,XGOB,YLTL,2025/02/02 09:35:00,2025/02/02 13:35:00,321,Aft_10147,216
Flt_37847,CLVM,VBKF,2025/02/02 09:35:00,2025/02/02 11:05:00,320,Aft_10012,103
Flt_37848,XGOB,MGVJ,2025/02/02 09:35:00,2025/02/02 11:50:00,321,Aft_10148,123
Flt_37849,FWCS,XGOB,2025/02/02 09:35:00,2025/02/02 14:00:00,321,Aft_10149,219
Flt_37850,XGOB,VSBC,2025/02/02 09:45:00,2025/02/02 12:00:00,320,Aft_10072,122
Flt_37851,LXHP,UQLN,2025/02/02 09:45:00,2025/02/02 12:25:00,320,Aft_10020,154
Flt_37852,VBKF,CXOJ,2025/02/02 09:50:00,2025/02/02 13:30:00,320,Aft_10015,240
Flt_37853,NMPZ,UQLN,2025/02/02 09:50:00,2025/02/02 11:45:00,320,Aft_10044,106
Flt_37854,HMAL,UQLN,2025/02/02 09:50:00,2025/02/02 11:35:00,320,Aft_10150,105
Flt_37855,IZUZ,XGOB,2025/02/02 09:50:00,2025/02/02 11:25:00,319,Aft_10066,95
Flt_37856,OEQY,GRIG,2025/02/02 09:55:00,2025/02/02 12:30:00,320,Aft_10028,152
Flt_37857,VSBC,UQLN,2025/02/02 09:55:00,2025/02/02 12:30:00,321,Aft_10035,136
Flt_37858,CILH,UQLN,2025/02/02 09:55:00,2025/02/02 12:15:00,321,Aft_10022,139
Flt_37859,OMLA,XGOB,2025/02/02 09:55:00,2025/02/02 12:40:00,320,Aft_10029,170
Flt_37860,CYBH,XGOB,2025/02/02 09:55:00,2025/02/02 13:25:00,321,Aft_10003,207
Flt_37861,GRIG,SRNH,2025/02/02 10:00:00,2025/02/02 12:25:00,320,Aft_10052,151
Flt_37862,XGOB,DDCZ,2025/02/02 10:00:00,2025/02/02 12:25:00,321,Aft_10151,141
Flt_37863,CLKY,XGOB,2025/02/02 10:00:00,2025/02/02 12:10:00,320,Aft_10152,117
Flt_37864,PKEY,XGOB,2025/02/02 10:05:00,2025/02/02 12:15:00,321,Aft_10065,121
Flt_37865,EYCX,VTIR,2025/02/02 10:05:00,2025/02/02 12:40:00,320,Aft_10005,176
Flt_37866,XGOB,QHPU,2025/02/02 10:05:00,2025/02/02 13:15:00,321,Aft_10011,159
Flt_37867,XGOB,KAIG,2025/02/02 10:10:00,2025/02/02 13:35:00,319,Aft_10153,228
Flt_37868,ZWIO,ERHL,2025/02/02 10:15:00,2025/02/02 12:10:00,320,Aft_10010,107
Flt_37869,XGOB,XLXE,2025/02/02 10:15:00,2025/02/02 12:35:00,320,Aft_10154,121
Flt_37870,UQLN,MGVJ,2025/02/02 10:15:00,2025/02/02 12:20:00,320,Aft_10054,113
Flt_37871,AIZY,XGOB,2025/02/02 10:15:00,2025/02/02 12:10:00,319,Aft_10069,95
Flt_37872,XGOB,PZRI,2025/02/02 10:20:00,2025/02/02 15:35:00,321,Aft_10155,292
Flt_37873,HMAL,BQKE,2025/02/02 10:20:00,2025/02/02 12:10:00,320,Aft_10027,104
Flt_37874,FRMU,UQLN,2025/02/02 10:20:00,2025/02/02 12:35:00,321,Aft_10021,125
Flt_37875,XGOB,CXOJ,2025/02/02 10:25:00,2025/02/02 14:10:00,320,Aft_10055,230
Flt_37876,LXHP,DDCZ,2025/02/02 10:25:00,2025/02/02 13:10:00,320,Aft_10039,154
Flt_37877,XGOB,EYCX,2025/02/02 10:25:00,2025/02/02 12:25:00,320,Aft_10085,113
Flt_37878,IAWP,ERHL,2025/02/02 10:25:00,2025/02/02 12:30:00,320,Aft_10023,116
Flt_37879,VORI,ISAX,2025/02/02 10:25:00,2025/02/02 12:10:00,320,Aft_10088,91
Flt_37880,VORI,XGOB,2025/02/02 10:25:00,2025/02/02 12:20:00,320,Aft_10060,122
Flt_37881,VSBC,XGOB,2025/02/02 10:25:00,2025/02/02 13:10:00,321,Aft_10008,146
Flt_37882,SHIS,XGOB,2025/02/02 10:25:00,2025/02/02 12:40:00,320,Aft_10063,133
Flt_37883,FRMU,LUKE,2025/02/02 10:25:00,2025/02/02 12:50:00,320,Aft_10034,140
Flt_37884,MBMY,FQEW,2025/02/02 10:30:00,2025/02/02 14:05:00,321,Aft_10002,206
Flt_37885,SNFR,UQLN,2025/02/02 10:30:00,2025/02/02 13:40:00,321,Aft_10053,174
Flt_37886,WZBQ,UQLN,2025/02/02 10:30:00,2025/02/02 13:30:00,321,Aft_10026,173
Flt_37887,ELBQ,XGOB,2025/02/02 10:30:00,2025/02/02 12:45:00,319,Aft_10079,128
Flt_37888,URTH,XGOB,2025/02/02 10:30:00,2025/02/02 12:45:00,320,Aft_10078,132
Flt_37889,XGOB,OEQY,2025/02/02 10:35:00,2025/02/02 12:50:00,321,Aft_10032,124
Flt_37890,PIEK,NMPZ,2025/02/02 10:35:00,2025/02/02 12:25:00,320,Aft_10068,120
Flt_37891,LXHP,GRIG,2025/02/02 10:40:00,2025/02/02 14:00:00,320,Aft_10040,198
Flt_37892,FIHQ,GRIG,2025/02/02 10:40:00,2025/02/02 13:10:00,320,Aft_10074,135
Flt_37893,XGOB,XLXE,2025/02/02 10:40:00,2025/02/02 13:35:00,321,Aft_10016,124
Flt_37894,OEQY,UQLN,2025/02/02 10:40:00,2025/02/02 13:15:00,320,Aft_10048,166
Flt_37895,SRNH,XGOB,2025/02/02 10:40:00,2025/02/02 12:55:00,320,Aft_10087,121
Flt_37896,CYBH,VTIR,2025/02/02 10:45:00,2025/02/02 13:30:00,321,Aft_10057,191
Flt_37897,XBQP,GRIG,2025/02/02 10:45:00,2025/02/02 14:00:00,320,Aft_10045,178
Flt_37898,HEYQ,GRIG,2025/02/02 10:45:00,2025/02/02 14:10:00,320,Aft_10056,200
Flt_37899,WQLS,XGOB,2025/02/02 10:45:00,2025/02/02 12:10:00,319,Aft_10116,64
Flt_37900,SNFR,XGOB,2025/02/02 10:45:00,2025/02/02 13:50:00,321,Aft_10038,205
Flt_37901,PIEK,ERHL,2025/02/02 10:50:00,2025/02/02 12:40:00,320,Aft_10102,105
Flt_37902,XLXE,UQLN,2025/02/02 10:50:00,2025/02/02 13:30:00,321,Aft_10017,140
Flt_37903,WAVK,UQLN,2025/02/02 10:50:00,2025/02/02 13:05:00,319,Aft_10100,130
Flt_37904,OEQY,XGOB,2025/02/02 10:50:00,2025/02/02 13:45:00,321,Aft_10043,151
Flt_37905,EQTC,VBKF,2025/02/02 10:55:00,2025/02/02 13:25:00,320,Aft_10083,153
Flt_37906,CEUN,GRIG,2025/02/02 10:55:00,2025/02/02 14:10:00,321,Aft_10031,189
Flt_37907,GUZT,XGOB,2025/02/02 10:55:00,2025/02/02 12:15:00,319,Aft_10120,68
Flt_37908,AIZY,XGOB,2025/02/02 10:55:00,2025/02/02 13:00:00,319,Aft_10091,111
Flt_37909,CYBH,VTIR,2025/02/02 10:55:00,2025/02/02 13:55:00,321,Aft_10030,182
Flt_37910,AIZY,VBKF,2025/02/02 11:00:00,2025/02/02 13:35:00,319,Aft_10061,141
Flt_37911,NQQU,UQLN,2025/02/02 11:00:00,2025/02/02 14:00:00,320,Aft_10090,172
Flt_37912,XGOB,MQNB,2025/02/02 11:05:00,2025/02/02 13:25:00,320,Aft_10092,122
Flt_37913,JFWS,IAWP,2025/02/02 11:05:00,2025/02/02 13:05:00,319,Aft_10058,104
Flt_37914,XGOB,LUKE,2025/02/02 11:05:00,2025/02/02 12:25:00,321,Aft_10033,68
Flt_37915,CEUN,MVFV,2025/02/02 11:05:00,2025/02/02 13:15:00,320,Aft_10067,110
Flt_37916,ISAX,XGOB,2025/02/02 11:10:00,2025/02/02 14:20:00,320,Aft_10084,182
Flt_37917,LXHP,XGOB,2025/02/02 11:10:00,2025/02/02 13:50:00,320,Aft_10089,173
Flt_37918,HMAL,DSXP,2025/02/02 11:20:00,2025/02/02 14:00:00,320,Aft_10007,147
Flt_37919,PIEK,HMAL,2025/02/02 11:20:00,2025/02/02 12:55:00,320,Aft_10047,80
Flt_37920,IAWP,CXOJ,2025/02/02 11:25:00,2025/02/02 14:50:00,320,Aft_10076,208
Flt_37921,NJCK,GRIG,2025/02/02 11:25:00,2025/02/02 13:00:00,320,Aft_10121,89
Flt_37922,ERHL,XGOB,2025/02/02 11:25:00,2025/02/02 13:20:00,320,Aft_10075,101
Flt_37923,OSYY,XGOB,2025/02/02 11:25:00,2025/02/02 13:40:00,321,Aft_10114,123
Flt_37924,XGOB,ERHL,2025/02/02 11:35:00,2025/02/02 13:25:00,320,Aft_10101,118
Flt_37925,FRMU,SNFR,2025/02/02 11:35:00,2025/02/02 13:35:00,321,Aft_10080,110
Flt_37926,MKHW,XGOB,2025/02/02 11:35:00,2025/02/02 13:25:00,320,Aft_10086,104
Flt_37927,MVFV,XGOB,2025/02/02 11:35:00,2025/02/02 16:15:00,321,Aft_10059,262
Flt_37928,XGOB,FQEW,2025/02/02 11:40:00,2025/02/02 13:45:00,319,Aft_10009,104
Flt_37929,XGOB,CILH,2025/02/02 11:40:00,2025/02/02 13:50:00,321,Aft_10062,124
Flt_37930,VORI,HBNQ,2025/02/02 11:40:00,2025/02/02 13:25:00,320,Aft_10122,104
Flt_37931,IDKG,XGOB,2025/02/02 11:40:00,2025/02/02 16:25:00,321,Aft_10024,280
Flt_37932,LXHP,IDKG,2025/02/02 11:40:00,2025/02/02 13:40:00,321,Aft_10046,118
Flt_37933,VSBC,JDEH,2025/02/02 11:45:00,2025/02/02 15:30:00,321,Aft_10036,228
Flt_37934,EYCX,ERHL,2025/02/02 11:45:00,2025/02/02 15:15:00,320,Aft_10064,193
Flt_37935,ERHL,HEYQ,2025/02/02 11:45:00,2025/02/02 14:55:00,320,Aft_10037,184
Flt_37936,XGOB,DYXX,2025/02/02 11:45:00,2025/02/02 14:25:00,321,Aft_10156,139
Flt_37937,EYCX,XGOB,2025/02/02 11:45:00,2025/02/02 14:00:00,321,Aft_10119,140
Flt_37938,VBRA,HMAL,2025/02/02 11:50:00,2025/02/02 13:55:00,320,Aft_10049,124
Flt_37939,VTIR,UQLN,2025/02/02 11:50:00,2025/02/02 16:20:00,321,Aft_10042,269
Flt_37940,GRIG,XGOB,2025/02/02 11:50:00,2025/02/02 13:30:00,320,Aft_10141,94
Flt_37941,JFWS,XGOB,2025/02/02 11:50:00,2025/02/02 14:05:00,319,Aft_10096,110
Flt_37942,XLXE,XGOB,2025/02/02 11:50:00,2025/02/02 14:40:00,321,Aft_10106,173
Flt_37943,VTIR,XGOB,2025/02/02 11:50:00,2025/02/02 16:45:00,321,Aft_10041,275
Flt_37944,OSYY,UQLN,2025/02/02 11:55:00,2025/02/02 14:00:00,320,Aft_10125,119
Flt_37945,FRMU,XGOB,2025/02/02 11:55:00,2025/02/02 14:15:00,321,Aft_10094,141
Flt_37946,VSBC,XGOB,2025/02/02 11:55:00,2025/02/02 14:25:00,320,Aft_10104,149
Flt_37947,CYBH,XGOB,2025/02/02 11:55:00,2025/02/02 15:35:00,321,Aft_10095,216
Flt_37948,XGOB,SXJJ,2025/02/02 11:55:00,2025/02/02 16:00:00,319,Aft_10019,254
Flt_37949,OMLA,VSBC,2025/02/02 12:00:00,2025/02/02 14:55:00,320,Aft_10099,173
Flt_37950,CLVM,ERHL,2025/02/02 12:00:00,2025/02/02 13:40:00,319,Aft_10097,101
Flt_37951,ERHL,XGOB,2025/02/02 12:00:00,2025/02/02 14:10:00,320,Aft_10139,105
Flt_37952,ZCUA,XGOB,2025/02/02 12:00:00,2025/02/02 14:40:00,320,Aft_10126,146
Flt_37953,MVFV,UQLN,2025/02/02 12:05:00,2025/02/02 16:00:00,320,Aft_10098,248
Flt_37954,PKEY,UQLN,2025/02/02 12:05:00,2025/02/02 14:05:00,320,Aft_10018,108
Flt_37955,CEUN,XGOB,2025/02/02 12:05:00,2025/02/02 15:00:00,320,Aft_10133,172
Flt_37956,CLVM,DDCZ,2025/02/02 12:10:00,2025/02/02 14:20:00,320,Aft_10093,127
Flt_37957,VBKF,OSYY,2025/02/02 12:10:00,2025/02/02 14:40:00,320,Aft_10051,144
Flt_37958,IXQM,SNFR,2025/02/02 12:10:00,2025/02/02 14:30:00,320,Aft_10081,139
Flt_37959,XGOB,LXHP,2025/02/02 12:10:00,2025/02/02 14:35:00,320,Aft_10073,122
Flt_37960,FFJA,UQLN,2025/02/02 12:10:00,2025/02/02 14:50:00,320,Aft_10123,169
Flt_37961,PADI,XGOB,2025/02/02 12:10:00,2025/02/02 15:45:00,320,Aft_10111,206
Flt_37962,XGOB,WAVK,2025/02/02 12:15:00,2025/02/02 14:20:00,321,Aft_10109,114
Flt_37963,AGEE,XGOB,2025/02/02 12:20:00,2025/02/02 16:30:00,319,Aft_10110,247
Flt_37964,VBKF,XGOB,2025/02/02 12:20:00,2025/02/02 14:20:00,320,Aft_10012,99
Flt_37965,JFWS,XGOB,2025/02/02 12:20:00,2025/02/02 14:15:00,319,Aft_10112,119
Flt_37966,NMPZ,JFWS,2025/02/02 12:25:00,2025/02/02 14:55:00,319,Aft_10136,149
Flt_37967,PIEK,SNFR,2025/02/02 12:25:00,2025/02/02 15:05:00,319,Aft_10108,142
Flt_37968,AIZY,UQLN,2025/02/02 12:25:00,2025/02/02 14:40:00,319,Aft_10131,108
Flt_37969,JFWS,UQLN,2025/02/02 12:25:00,2025/02/02 15:05:00,319,Aft_10107,155
Flt_37970,XGOB,JFWS,2025/02/02 12:30:00,2025/02/02 15:15:00,319,Aft_10066,173
Flt_37971,XBQP,XGOB,2025/02/02 12:30:00,2025/02/02 15:50:00,321,Aft_10115,188
Flt_37972,XGOB,OSYY,2025/02/02 12:35:00,2025/02/02 14:40:00,320,Aft_10077,108
Flt_37973,HEYQ,XGOB,2025/02/02 12:35:00,2025/02/02 15:55:00,321,Aft_10132,204
Flt_37974,MGVJ,XGOB,2025/02/02 12:35:00,2025/02/02 15:25:00,321,Aft_10148,174
Flt_37975,NQQU,XGOB,2025/02/02 12:40:00,2025/02/02 15:45:00,321,Aft_10142,200
Flt_37976,XGOB,WVMU,2025/02/02 12:45:00,2025/02/02 17:15:00,321,Aft_10025,274
Flt_37977,XGOB,CXOJ,2025/02/02 12:50:00,2025/02/02 16:50:00,320,Aft_10143,233
Flt_37978,UQLN,XLXE,2025/02/02 12:50:00,2025/02/02 14:45:00,321,Aft_10006,112
Flt_37979,XGOB,CYBH,2025/02/02 12:50:00,2025/02/02 15:15:00,320,Aft_10157,146
Flt_37980,NQQU,XGOB,2025/02/02 12:50:00,2025/02/02 16:15:00,319,Aft_10129,191
Flt_37981,CXOJ,XGOB,2025/02/02 12:55:00,2025/02/02 16:40:00,321,Aft_10103,196
Flt_37982,ISAX,VORI,2025/02/02 12:55:00,2025/02/02 14:50:00,320,Aft_10088,115
Flt_37983,UQLN,VBRA,2025/02/02 12:55:00,2025/02/02 14:35:00,320,Aft_10044,86
Flt_37984,JFWS,VBKF,2025/02/02 12:55:00,2025/02/02 15:40:00,319,Aft_10117,169
Flt_37985,CEUN,ZWIO,2025/02/02 12:55:00,2025/02/02 15:40:00,320,Aft_10130,161
Flt_37986,FRMU,XGOB,2025/02/02 12:55:00,2025/02/02 15:30:00,321,Aft_10138,145
Flt_37987,XGOB,FRMU,2025/02/02 13:00:00,2025/02/02 15:25:00,321,Aft_10134,123
Flt_37988,UQLN,OEQY,2025/02/02 13:00:00,2025/02/02 15:00:00,320,Aft_10150,113
Flt_37989,CYBH,VTIR,2025/02/02 13:00:00,2025/02/02 15:50:00,321,Aft_10082,176
Flt_37990,DEPY,UQLN,2025/02/02 13:05:00,2025/02/02 15:05:00,320,Aft_10105,110
Flt_37991,MGVJ,UQLN,2025/02/02 13:05:00,2025/02/02 15:35:00,320,Aft_10054,127
Flt_37992,VSBC,XGOB,2025/02/02 13:05:00,2025/02/02 15:25:00,320,Aft_10072,157
Flt_37993,BQKE,JDEH,2025/02/02 13:10:00,2025/02/02 15:30:00,320,Aft_10027,129
Flt_37994,CLVM,FRMU,2025/02/02 13:10:00,2025/02/02 15:30:00,320,Aft_10146,121
Flt_37995,OEQY,VBKF,2025/02/02 13:10:00,2025/02/02 16:05:00,320,Aft_10137,161
Flt_37996,LXHP,GRIG,2025/02/02 13:10:00,2025/02/02 16:25:00,320,Aft_10128,199
Flt_37997,UUKJ,XGOB,2025/02/02 13:10:00,2025/02/02 16:15:00,321,Aft_10127,189
Flt_37998,NMPZ,XGOB,2025/02/02 13:10:00,2025/02/02 14:55:00,320,Aft_10068,114
Flt_37999,DDCZ,XGOB,2025/02/02 13:10:00,2025/02/02 15:45:00,321,Aft_10151,172
Flt_38000,LUKE,XGOB,2025/02/02 13:10:00,2025/02/02 14:25:00,321,Aft_10033,62
Flt_38001,SRNH,IDKG,2025/02/02 13:10:00,2025/02/02 15:45:00,320,Aft_10052,151
Flt_38002,XGOB,ENRV,2025/02/02 13:15:00,2025/02/02 15:15:00,319,Aft_10116,114
Flt_38003,XGOB,PKEY,2025/02/02 13:15:00,2025/02/02 15:00:00,320,Aft_10071,104
Flt_38004,XGOB,WIMM,2025/02/02 13:15:00,2025/02/02 14:20:00,319,Aft_10120,58
Flt_38005,UQLN,WZBQ,2025/02/02 13:20:00,2025/02/02 15:45:00,321,Aft_10014,138
Flt_38006,XGOB,VBRA,2025/02/02 13:20:00,2025/02/02 15:05:00,320,Aft_10113,102
Flt_38007,XGOB,ERHL,2025/02/02 13:20:00,2025/02/02 15:25:00,319,Aft_10069,117
Flt_38008,XGOB,CEUN,2025/02/02 13:20:00,2025/02/02 15:40:00,320,Aft_10070,132
Flt_38009,XGOB,CZCU,2025/02/02 13:20:00,2025/02/02 17:20:00,320,Aft_10152,246
Flt_38010,XGOB,OEQY,2025/02/02 13:25:00,2025/02/02 15:40:00,320,Aft_10060,123
Flt_38011,CZCU,XGOB,2025/02/02 13:25:00,2025/02/02 17:10:00,321,Aft_10118,203
Flt_38012,EYCX,IDKG,2025/02/02 13:25:00,2025/02/02 16:10:00,320,Aft_10085,158
Flt_38013,XGOB,FCEO,2025/02/02 13:30:00,2025/02/02 16:45:00,321,Aft_10065,185
Flt_38014,XGOB,WZBQ,2025/02/02 13:30:00,2025/02/02 16:15:00,321,Aft_10140,141
Flt_38015,ERHL,PIEK,2025/02/02 13:30:00,2025/02/02 15:15:00,320,Aft_10102,96
Flt_38016,UQLN,FRMU,2025/02/02 13:35:00,2025/02/02 15:30:00,321,Aft_10022,111
Flt_38017,ERHL,ZWIO,2025/02/02 13:35:00,2025/02/02 15:20:00,320,Aft_10010,90
Flt_38018,XGOB,DEPY,2025/02/02 13:40:00,2025/02/02 15:10:00,319,Aft_10079,90
Flt_38019,XGOB,FRMU,2025/02/02 13:40:00,2025/02/02 16:05:00,320,Aft_10029,132
Flt_38020,WZBQ,XGOB,2025/02/02 13:40:00,2025/02/02 17:00:00,321,Aft_10145,177
Flt_38021,LUKE,PIEK,2025/02/02 13:45:00,2025/02/02 14:45:00,320,Aft_10034,50
Flt_38022,GRIG,SNFR,2025/02/02 13:50:00,2025/02/02 16:35:00,320,Aft_10124,151
Flt_38023,IAWP,JFWS,2025/02/02 13:50:00,2025/02/02 16:15:00,319,Aft_10058,161
Flt_38024,XLXE,XGOB,2025/02/02 13:50:00,2025/02/02 16:40:00,320,Aft_10154,173
Flt_38025,XGOB,JDEH,2025/02/02 13:55:00,2025/02/02 16:40:00,321,Aft_10004,147
Flt_38026,HMAL,PIEK,2025/02/02 13:55:00,2025/02/02 15:45:00,320,Aft_10047,91
Flt_38027,UQLN,VORI,2025/02/02 14:00:00,2025/02/02 15:25:00,321,Aft_10021,86
Flt_38028,GRIG,ELBQ,2025/02/02 14:00:00,2025/02/02 15:25:00,320,Aft_10028,83
Flt_38029,XGOB,GTVX,2025/02/02 14:00:00,2025/02/02 19:00:00,320,Aft_10063,296
Flt_38030,HBNQ,VORI,2025/02/02 14:10:00,2025/02/02 16:10:00,320,Aft_10122,121
Flt_38031,XGOB,FCHN,2025/02/02 14:10:00,2025/02/02 16:05:00,319,Aft_10091,101
Flt_38032,UQLN,BQKE,2025/02/02 14:10:00,2025/02/02 15:50:00,319,Aft_10100,103
Flt_38033,XGOB,PADI,2025/02/02 14:10:00,2025/02/02 16:40:00,320,Aft_10087,130
Flt_38034,GRIG,QFGG,2025/02/02 14:10:00,2025/02/02 16:05:00,320,Aft_10121,105
Flt_38035,ERHL,XGOB,2025/02/02 14:10:00,2025/02/02 15:40:00,320,Aft_10101,104
Flt_38036,VTIR,VORI,2025/02/02 14:15:00,2025/02/02 18:10:00,321,Aft_10013,253
Flt_38037,QHPU,XGOB,2025/02/02 14:15:00,2025/02/02 17:50:00,321,Aft_10011,218
Flt_38038,MQNB,XGOB,2025/02/02 14:15:00,2025/02/02 16:50:00,320,Aft_10092,164
Flt_38039,DDCZ,LXHP,2025/02/02 14:20:00,2025/02/02 16:45:00,320,Aft_10039,147
Flt_38040,UQLN,EYCX,2025/02/02 14:20:00,2025/02/02 16:00:00,320,Aft_10048,105
Flt_38041,NQQU,VSBC,2025/02/02 14:20:00,2025/02/02 17:10:00,320,Aft_10144,156
Flt_38042,GRIG,FIHQ,2025/02/02 14:20:00,2025/02/02 16:40:00,320,Aft_10074,136
Flt_38043,MVFV,CEUN,2025/02/02 14:20:00,2025/02/02 16:30:00,320,Aft_10067,138
Flt_38044,CXOJ,VBKF,2025/02/02 14:30:00,2025/02/02 17:45:00,320,Aft_10015,213
Flt_38045,XGOB,MVFV,2025/02/02 14:30:00,2025/02/02 17:40:00,320,Aft_10075,178
Flt_38046,UQLN,HEYQ,2025/02/02 14:35:00,2025/02/02 16:50:00,321,Aft_10035,130
Flt_38047,KAIG,XGOB,2025/02/02 14:35:00,2025/02/02 17:35:00,319,Aft_10153,148
Flt_38048,FQEW,XGOB,2025/02/02 14:35:00,2025/02/02 17:15:00,319,Aft_10009,130
Flt_38049,VTIR,CYBH,2025/02/02 14:40:00,2025/02/02 17:40:00,321,Aft_10057,194
Flt_38050,XGOB,FWCS,2025/02/02 14:40:00,2025/02/02 18:40:00,321,Aft_10158,218
Flt_38051,UQLN,NQQU,2025/02/02 14:40:00,2025/02/02 16:50:00,320,Aft_10020,135
Flt_38052,GTVX,XGOB,2025/02/02 14:40:00,2025/02/02 19:10:00,321,Aft_10135,259
Flt_38053,UQLN,DDCZ,2025/02/02 14:45:00,2025/02/02 16:50:00,320,Aft_10125,129
Flt_38054,ERHL,CLVM,2025/02/02 14:45:00,2025/02/02 16:20:00,319,Aft_10097,88
Flt_38055,SNFR,IDKG,2025/02/02 14:45:00,2025/02/02 17:45:00,321,Aft_10080,168
Flt_38056,VTIR,EYCX,2025/02/02 14:50:00,2025/02/02 18:00:00,320,Aft_10005,193
Flt_38057,IDKG,LXHP,2025/02/02 14:50:00,2025/02/02 16:55:00,321,Aft_10046,141
Flt_38058,XGOB,DKZJ,2025/02/02 14:50:00,2025/02/02 18:55:00,320,Aft_10141,244
Flt_38059,XGOB,UIOI,2025/02/02 14:55:00,2025/02/02 17:35:00,321,Aft_10114,145
Flt_38060,DSXP,HMAL,2025/02/02 14:55:00,2025/02/02 17:15:00,320,Aft_10007,144
Flt_38061,VTIR,XLXE,2025/02/02 14:55:00,2025/02/02 18:05:00,321,Aft_10030,173
Flt_38062,XGOB,EQTC,2025/02/02 14:55:00,2025/02/02 17:40:00,320,Aft_10089,136
Flt_38063,XLXE,XGOB,2025/02/02 14:55:00,2025/02/02 17:45:00,321,Aft_10016,177
Flt_38064,FQEW,MVFV,2025/02/02 14:55:00,2025/02/02 16:55:00,321,Aft_10002,103
Flt_38065,UQLN,FCEO,2025/02/02 15:00:00,2025/02/02 18:00:00,321,Aft_10026,165
Flt_38066,XGOB,SNFR,2025/02/02 15:00:00,2025/02/02 17:40:00,321,Aft_10003,129
Flt_38067,XGOB,XLXE,2025/02/02 15:00:00,2025/02/02 17:30:00,321,Aft_10038,121
Flt_38068,XGOB,FFJA,2025/02/02 15:00:00,2025/02/02 17:30:00,321,Aft_10043,126
Flt_38069,CILH,XGOB,2025/02/02 15:00:00,2025/02/02 17:40:00,321,Aft_10062,140
Flt_38070,DDCZ,CLVM,2025/02/02 15:05:00,2025/02/02 17:30:00,320,Aft_10093,152
Flt_38071,UQLN,SNFR,2025/02/02 15:05:00,2025/02/02 17:00:00,321,Aft_10017,123
Flt_38072,WIMM,TIMH,2025/02/02 15:05:00,2025/02/02 17:30:00,319,Aft_10120,131
Flt_38073,UQLN,VTIR,2025/02/02 15:05:00,2025/02/02 18:30:00,321,Aft_10053,232
Flt_38074,MBMY,VTIR,2025/02/02 15:05:00,2025/02/02 20:05:00,321,Aft_10050,306
Flt_38075,CXOJ,WZBQ,2025/02/02 15:10:00,2025/02/02 19:15:00,320,Aft_10055,223
Flt_38076,HMAL,VBRA,2025/02/02 15:10:00,2025/02/02 17:05:00,320,Aft_10049,103
Flt_38077,XGOB,VLBZ,2025/02/02 15:10:00,2025/02/02 16:25:00,319,Aft_10096,85
Flt_38078,YLTL,XGOB,2025/02/02 15:10:00,2025/02/02 20:35:00,321,Aft_10147,324
Flt_38079,DYXX,QHPU,2025/02/02 15:10:00,2025/02/02 16:15:00,321,Aft_10156,64
Flt_38080,UQLN,GRIG,2025/02/02 15:15:00,2025/02/02 16:50:00,320,Aft_10018,85
Flt_38081,WAVK,XGOB,2025/02/02 15:20:00,2025/02/02 17:50:00,321,Aft_10109,157
Flt_38082,XGOB,UUKJ,2025/02/02 15:25:00,2025/02/02 18:45:00,321,Aft_10149,190
Flt_38083,OSYY,VBKF,2025/02/02 15:25:00,2025/02/02 17:55:00,320,Aft_10051,178
Flt_38084,OSYY,XGOB,2025/02/02 15:25:00,2025/02/02 17:40:00,320,Aft_10077,123
Flt_38085,OEQY,XGOB,2025/02/02 15:25:00,2025/02/02 18:00:00,321,Aft_10032,159
Flt_38086,XGOB,WZBQ,2025/02/02 15:30:00,2025/02/02 18:15:00,321,Aft_10033,138
Flt_38087,XGOB,VORI,2025/02/02 15:30:00,2025/02/02 17:20:00,321,Aft_10119,101
Flt_38088,PIEK,XLXE,2025/02/02 15:30:00,2025/02/02 17:45:00,320,Aft_10034,136
Flt_38089,XGOB,JFWS,2025/02/02 15:30:00,2025/02/02 18:25:00,319,Aft_10112,159
Flt_38090,XGOB,DDCZ,2025/02/02 15:35:00,2025/02/02 18:10:00,320,Aft_10104,139
Flt_38091,JFWS,NMPZ,2025/02/02 15:35:00,2025/02/02 17:35:00,319,Aft_10136,115
Flt_38092,XGOB,VBKF,2025/02/02 15:35:00,2025/02/02 17:20:00,320,Aft_10012,102
Flt_38093,GRIG,CEUN,2025/02/02 15:35:00,2025/02/02 18:20:00,321,Aft_10031,154
Flt_38094,GRIG,XGOB,2025/02/02 15:35:00,2025/02/02 17:15:00,320,Aft_10040,79
Flt_38095,UQLN,FWCS,2025/02/02 15:40:00,2025/02/02 19:50:00,320,Aft_10090,227
Flt_38096,XGOB,NLWE,2025/02/02 15:40:00,2025/02/02 18:15:00,320,Aft_10084,142
Flt_38097,LXHP,XGOB,2025/02/02 15:40:00,2025/02/02 18:30:00,320,Aft_10073,171
Flt_38098,SNFR,VTIR,2025/02/02 15:40:00,2025/02/02 19:15:00,320,Aft_10081,205
Flt_38099,HEYQ,ERHL,2025/02/02 15:45:00,2025/02/02 19:45:00,320,Aft_10037,232
Flt_38100,XLXE,UQLN,2025/02/02 15:50:00,2025/02/02 18:20:00,321,Aft_10006,146
Flt_38101,PKEY,XGOB,2025/02/02 15:50:00,2025/02/02 17:55:00,320,Aft_10071,129
Flt_38102,VORI,CLVM,2025/02/02 15:50:00,2025/02/02 17:50:00,320,Aft_10088,108
Flt_38103,DEPY,XGOB,2025/02/02 15:55:00,2025/02/02 18:00:00,319,Aft_10079,102
Flt_38104,XGOB,PSIL,2025/02/02 15:55:00,2025/02/02 18:05:00,320,Aft_10139,114
Flt_38105,VSBC,OMLA,2025/02/02 15:55:00,2025/02/02 18:50:00,320,Aft_10099,159
Flt_38106,ERHL,EYCX,2025/02/02 16:00:00,2025/02/02 19:05:00,320,Aft_10064,172
Flt_38107,XGOB,NJTU,2025/02/02 16:00:00,2025/02/02 18:35:00,321,Aft_10094,125
Flt_38108,PIEK,VBKF,2025/02/02 16:00:00,2025/02/02 17:40:00,320,Aft_10102,113
Flt_38109,XGOB,CYBH,2025/02/02 16:00:00,2025/02/02 18:40:00,321,Aft_10106,147
Flt_38110,ENRV,XGOB,2025/02/02 16:00:00,2025/02/02 18:25:00,319,Aft_10116,135
Flt_38111,UQLN,UUKJ,2025/02/02 16:05:00,2025/02/02 19:20:00,320,Aft_10123,200
Flt_38112,XGOB,NMPZ,2025/02/02 16:05:00,2025/02/02 17:40:00,320,Aft_10078,94
Flt_38113,UQLN,XBQP,2025/02/02 16:05:00,2025/02/02 18:20:00,319,Aft_10107,127
Flt_38114,XGOB,NQQU,2025/02/02 16:05:00,2025/02/02 18:45:00,320,Aft_10068,137
Flt_38115,VBRA,UQLN,2025/02/02 16:05:00,2025/02/02 17:45:00,320,Aft_10113,96
Flt_38116,ELBQ,OEQY,2025/02/02 16:10:00,2025/02/02 17:10:00,320,Aft_10028,70
Flt_38117,UQLN,DEPY,2025/02/02 16:10:00,2025/02/02 18:00:00,320,Aft_10105,111
Flt_38118,XGOB,XLXE,2025/02/02 16:10:00,2025/02/02 18:25:00,320,Aft_10086,130
Flt_38119,VBKF,JFWS,2025/02/02 16:10:00,2025/02/02 19:35:00,319,Aft_10061,211
Flt_38120,VBRA,XGOB,2025/02/02 16:10:00,2025/02/02 18:10:00,320,Aft_10044,127
Flt_38121,ERHL,XGOB,2025/02/02 16:10:00,2025/02/02 17:55:00,319,Aft_10069,96
Flt_38122,GRIG,CYBH,2025/02/02 16:15:00,2025/02/02 19:20:00,320,Aft_10045,174
Flt_38123,OEQY,UQLN,2025/02/02 16:15:00,2025/02/02 18:30:00,320,Aft_10150,141
Flt_38124,CXOJ,IAWP,2025/02/02 16:20:00,2025/02/02 19:40:00,320,Aft_10076,184
Flt_38125,ZWIO,SNFR,2025/02/02 16:20:00,2025/02/02 18:30:00,320,Aft_10010,120
Flt_38126,JFWS,XGOB,2025/02/02 16:20:00,2025/02/02 18:15:00,319,Aft_10066,132
Flt_38127,VORI,UQLN,2025/02/02 16:25:00,2025/02/02 18:10:00,321,Aft_10021,86
Flt_38128,CEUN,XGOB,2025/02/02 16:25:00,2025/02/02 19:10:00,320,Aft_10070,165
Flt_38129,JDEH,BQKE,2025/02/02 16:30:00,2025/02/02 18:45:00,320,Aft_10027,132
Flt_38130,CYBH,XGOB,2025/02/02 16:30:00,2025/02/02 19:55:00,320,Aft_10157,207
Flt_38131,XGOB,LUKE,2025/02/02 16:30:00,2025/02/02 17:30:00,320,Aft_10072,66
Flt_38132,PIEK,CXOJ,2025/02/02 16:30:00,2025/02/02 20:35:00,320,Aft_10047,263
Flt_38133,GRIG,XLXE,2025/02/02 16:35:00,2025/02/02 19:10:00,320,Aft_10056,147
Flt_38134,XGOB,EQTC,2025/02/02 16:35:00,2025/02/02 19:20:00,321,Aft_10151,152
Flt_38135,IDKG,SRNH,2025/02/02 16:40:00,2025/02/02 19:55:00,320,Aft_10052,169
Flt_38136,UQLN,VSBC,2025/02/02 16:40:00,2025/02/02 18:40:00,320,Aft_10054,113
Flt_38137,ZWIO,CEUN,2025/02/02 16:40:00,2025/02/02 18:55:00,320,Aft_10130,131
Flt_38138,BQKE,TIMH,2025/02/02 16:40:00,2025/02/02 18:00:00,319,Aft_10100,73
Flt_38139,FRMU,XGOB,2025/02/02 16:40:00,2025/02/02 18:55:00,321,Aft_10134,149
Flt_38140,XGOB,OEQY,2025/02/02 16:45:00,2025/02/02 19:00:00,320,Aft_10101,127
Flt_38141,FRMU,UQLN,2025/02/02 16:45:00,2025/02/02 18:55:00,321,Aft_10022,129
Flt_38142,FRMU,PIEK,2025/02/02 16:45:00,2025/02/02 18:55:00,320,Aft_10146,123
Flt_38143,XGOB,DDCZ,2025/02/02 16:50:00,2025/02/02 19:15:00,321,Aft_10148,127
Flt_38144,QFGG,LXHP,2025/02/02 16:50:00,2025/02/02 19:00:00,320,Aft_10121,102
Flt_38145,JDEH,HEYQ,2025/02/02 16:50:00,2025/02/02 18:55:00,321,Aft_10036,123
Flt_38146,VTIR,CYBH,2025/02/02 16:50:00,2025/02/02 20:10:00,321,Aft_10082,187
Flt_38147,WZBQ,UQLN,2025/02/02 16:50:00,2025/02/02 19:40:00,321,Aft_10014,173
Flt_38148,FCHN,XGOB,2025/02/02 16:50:00,2025/02/02 18:35:00,319,Aft_10091,95
Flt_38149,GRIG,HEYQ,2025/02/02 16:55:00,2025/02/02 19:35:00,320,Aft_10128,150
Flt_38150,OEQY,XGOB,2025/02/02 16:55:00,2025/02/02 20:00:00,320,Aft_10060,148
Flt_38151,VBKF,MVFV,2025/02/02 16:55:00,2025/02/02 19:35:00,319,Aft_10117,146
Flt_38152,IDKG,EYCX,2025/02/02 17:00:00,2025/02/02 19:50:00,320,Aft_10085,174
Flt_38153,XGOB,VSBC,2025/02/02 17:00:00,2025/02/02 19:05:00,321,Aft_10142,125
Flt_38154,XGOB,HEYQ,2025/02/02 17:00:00,2025/02/02 19:40:00,321,Aft_10132,143
Flt_38155,UQLN,EQTC,2025/02/02 17:00:00,2025/02/02 19:35:00,319,Aft_10131,134
Flt_38156,PZRI,XGOB,2025/02/02 17:00:00,2025/02/02 21:30:00,321,Aft_10155,275
Flt_38157,SXJJ,XGOB,2025/02/02 17:00:00,2025/02/02 21:00:00,319,Aft_10019,210
Flt_38158,XGOB,XBQP,2025/02/02 17:05:00,2025/02/02 20:00:00,321,Aft_10115,157
Flt_38159,CLVM,SNFR,2025/02/02 17:05:00,2025/02/02 19:40:00,319,Aft_10097,135
Flt_38160,UQLN,XLXE,2025/02/02 17:05:00,2025/02/02 18:55:00,320,Aft_10098,113
Flt_38161,EYCX,UQLN,2025/02/02 17:05:00,2025/02/02 19:20:00,320,Aft_10048,112
Flt_38162,XGOB,MVFV,2025/02/02 17:05:00,2025/02/02 20:35:00,321,Aft_10138,173
Flt_38163,ERHL,IAWP,2025/02/02 17:10:00,2025/02/02 19:15:00,320,Aft_10023,122
Flt_38164,VLBZ,XGOB,2025/02/02 17:10:00,2025/02/02 18:30:00,319,Aft_10096,88
Flt_38165,FRMU,XGOB,2025/02/02 17:10:00,2025/02/02 19:30:00,320,Aft_10029,132
Flt_38166,SNFR,MKHW,2025/02/02 17:15:00,2025/02/02 21:10:00,319,Aft_10108,247
Flt_38167,VORI,XGOB,2025/02/02 17:15:00,2025/02/02 19:30:00,320,Aft_10122,116
Flt_38168,VBKF,IDKG,2025/02/02 17:15:00,2025/02/02 20:10:00,320,Aft_10137,174
Flt_38169,XGOB,ZSVF,2025/02/02 17:20:00,2025/02/02 18:50:00,321,Aft_10127,86
Flt_38170,VBKF,CYBH,2025/02/02 17:20:00,2025/02/02 19:35:00,320,Aft_10083,137
Flt_38171,QHPU,DYXX,2025/02/02 17:20:00,2025/02/02 18:40:00,321,Aft_10156,64
Flt_38172,FIHQ,WZBQ,2025/02/02 17:25:00,2025/02/02 19:30:00,320,Aft_10074,120
Flt_38173,JFWS,UQLN,2025/02/02 17:25:00,2025/02/02 20:00:00,319,Aft_10058,152
Flt_38174,XGOB,WZBQ,2025/02/02 17:30:00,2025/02/02 20:15:00,321,Aft_10024,147
Flt_38175,CEUN,GRIG,2025/02/02 17:30:00,2025/02/02 20:45:00,320,Aft_10067,200
Flt_38176,PADI,XGOB,2025/02/02 17:30:00,2025/02/02 20:35:00,320,Aft_10087,185
Flt_38177,XGOB,HIYN,2025/02/02 17:35:00,2025/02/02 19:20:00,319,Aft_10110,86
Flt_38178,DDCZ,UQLN,2025/02/02 17:40:00,2025/02/02 20:00:00,320,Aft_10125,147
Flt_38179,WZBQ,XGOB,2025/02/02 17:40:00,2025/02/02 21:00:00,321,Aft_10140,186
Flt_38180,JDEH,XGOB,2025/02/02 17:45:00,2025/02/02 21:00:00,321,Aft_10004,179
Flt_38181,LXHP,VTIR,2025/02/02 17:45:00,2025/02/02 20:15:00,320,Aft_10039,130
Flt_38182,SNFR,FRMU,2025/02/02 17:50:00,2025/02/02 20:30:00,320,Aft_10124,145
Flt_38183,NQQU,UQLN,2025/02/02 17:50:00,2025/02/02 21:00:00,320,Aft_10020,163
Flt_38184,MVFV,FQEW,2025/02/02 17:55:00,2025/02/02 20:10:00,321,Aft_10002,134
Flt_38185,GRIG,FRMU,2025/02/02 17:55:00,2025/02/02 19:45:00,320,Aft_10018,123
Flt_38186,XGOB,FCHN,2025/02/02 17:55:00,2025/02/02 20:05:00,319,Aft_10129,103
Flt_38187,XGOB,VBRA,2025/02/02 18:00:00,2025/02/02 19:45:00,321,Aft_10095,99
Flt_38188,UQLN,PADI,2025/02/02 18:00:00,2025/02/02 20:15:00,321,Aft_10042,118
Flt_38189,HEYQ,UQLN,2025/02/02 18:00:00,2025/02/02 20:50:00,321,Aft_10035,171
Flt_38190,WVMU,XGOB,2025/02/02 18:00:00,2025/02/02 22:10:00,321,Aft_10025,234
Flt_38191,CXOJ,XGOB,2025/02/02 18:00:00,2025/02/02 21:45:00,320,Aft_10143,213
Flt_38192,XGOB,QFPG,2025/02/02 18:05:00,2025/02/02 20:35:00,320,Aft_10111,142
Flt_38193,XGOB,VORI,2025/02/02 18:05:00,2025/02/02 20:00:00,321,Aft_10145,99
Flt_38194,LXHP,MBMY,2025/02/02 18:05:00,2025/02/02 21:40:00,321,Aft_10046,231
Flt_38195,XGOB,SNFR,2025/02/02 18:05:00,2025/02/02 20:35:00,321,Aft_10041,146
Flt_38196,FCEO,XGOB,2025/02/02 18:05:00,2025/02/02 21:45:00,321,Aft_10065,221
Flt_38197,CZCU,XGOB,2025/02/02 18:05:00,2025/02/02 22:00:00,320,Aft_10152,209
Flt_38198,VBRA,VTIR,2025/02/02 18:05:00,2025/02/02 21:30:00,320,Aft_10049,189
Flt_38199,CLVM,CXOJ,2025/02/02 18:15:00,2025/02/02 21:55:00,320,Aft_10093,232
Flt_38200,XGOB,WAVK,2025/02/02 18:15:00,2025/02/02 20:20:00,320,Aft_10040,104
Flt_38201,VSBC,NQQU,2025/02/02 18:15:00,2025/02/02 20:25:00,320,Aft_10144,119
Flt_38202,TIMH,WIMM,2025/02/02 18:15:00,2025/02/02 21:15:00,319,Aft_10120,163
Flt_38203,VORI,XGOB,2025/02/02 18:20:00,2025/02/02 20:00:00,321,Aft_10119,115
Flt_38204,NMPZ,CXOJ,2025/02/02 18:20:00,2025/02/02 21:05:00,319,Aft_10136,171
Flt_38205,NMPZ,PIEK,2025/02/02 18:25:00,2025/02/02 20:10:00,320,Aft_10078,96
Flt_38206,XGOB,NRTE,2025/02/02 18:35:00,2025/02/02 23:20:00,321,Aft_10118,269
Flt_38207,CLVM,WZBQ,2025/02/02 18:35:00,2025/02/02 21:10:00,320,Aft_10088,145
Flt_38208,IDKG,SNFR,2025/02/02 18:35:00,2025/02/02 21:35:00,321,Aft_10080,189
Flt_38209,XGOB,XLXE,2025/02/02 18:35:00,2025/02/02 21:00:00,321,Aft_10059,117
Flt_38210,UIOI,XGOB,2025/02/02 18:40:00,2025/02/02 21:20:00,321,Aft_10114,163
Flt_38211,FFJA,XGOB,2025/02/02 18:40:00,2025/02/02 22:00:00,321,Aft_10043,193
Flt_38212,TIMH,BQKE,2025/02/02 18:45:00,2025/02/02 20:30:00,319,Aft_10100,92
Flt_38213,CYBH,UQLN,2025/02/02 18:45:00,2025/02/02 22:15:00,321,Aft_10057,170
Flt_38214,MVFV,XGOB,2025/02/02 18:45:00,2025/02/02 23:00:00,320,Aft_10075,266
Flt_38215,XLXE,XGOB,2025/02/02 18:45:00,2025/02/02 21:45:00,321,Aft_10038,176
Flt_38216,VBKF,GRIG,2025/02/02 18:50:00,2025/02/02 20:55:00,320,Aft_10015,141
Flt_38217,XGOB,HMAL,2025/02/02 18:50:00,2025/02/02 21:00:00,319,Aft_10009,105
Flt_38218,VBKF,GGQY,2025/02/02 18:50:00,2025/02/02 20:45:00,320,Aft_10102,115
Flt_38219,SNFR,UQLN,2025/02/02 18:50:00,2025/02/02 21:50:00,321,Aft_10017,172
Flt_38220,PSIL,XGOB,2025/02/02 18:50:00,2025/02/02 21:15:00,320,Aft_10139,130
Flt_38221,OEQY,ELBQ,2025/02/02 18:55:00,2025/02/02 20:10:00,320,Aft_10028,69
Flt_38222,UQLN,OMLA,2025/02/02 18:55:00,2025/02/02 21:05:00,320,Aft_10113,122
Flt_38223,XLXE,PIEK,2025/02/02 18:55:00,2025/02/02 21:40:00,320,Aft_10034,164
Flt_38224,SNFR,XGOB,2025/02/02 18:55:00,2025/02/02 22:20:00,321,Aft_10003,203
Flt_38225,XGOB,XNVE,2025/02/02 19:00:00,2025/02/02 21:05:00,320,Aft_10133,117
Flt_38226,DEPY,SNFR,2025/02/02 19:00:00,2025/02/02 21:45:00,320,Aft_10105,150
Flt_38227,XGOB,CEUN,2025/02/02 19:00:00,2025/02/02 21:15:00,320,Aft_10154,126
Flt_38228,NLWE,XGOB,2025/02/02 19:00:00,2025/02/02 21:45:00,320,Aft_10084,129
Flt_38229,DDCZ,XGOB,2025/02/02 19:00:00,2025/02/02 22:00:00,320,Aft_10104,162
Flt_38230,XGOB,CXOJ,2025/02/02 19:00:00,2025/02/02 22:45:00,320,Aft_10092,226
Flt_38231,XGOB,CILH,2025/02/02 19:05:00,2025/02/02 21:25:00,321,Aft_10016,128
Flt_38232,VORI,MBMY,2025/02/02 19:05:00,2025/02/02 21:15:00,321,Aft_10013,127
Flt_38233,XGOB,MKHW,2025/02/02 19:05:00,2025/02/02 21:10:00,319,Aft_10153,112
Flt_38234,EYCX,GRIG,2025/02/02 19:05:00,2025/02/02 21:55:00,320,Aft_10005,189
Flt_38235,FCEO,UQLN,2025/02/02 19:05:00,2025/02/02 22:30:00,321,Aft_10026,197
Flt_38236,VBKF,CLVM,2025/02/02 19:05:00,2025/02/02 20:45:00,320,Aft_10012,100
Flt_38237,VBKF,VTIR,2025/02/02 19:05:00,2025/02/02 22:15:00,320,Aft_10051,195
Flt_38238,XGOB,ENRV,2025/02/02 19:10:00,2025/02/02 21:10:00,319,Aft_10096,116
Flt_38239,XGOB,KNKY,2025/02/02 19:10:00,2025/02/02 20:50:00,319,Aft_10066,103
Flt_38240,EQTC,XGOB,2025/02/02 19:10:00,2025/02/02 22:20:00,320,Aft_10089,193
Flt_38241,XLXE,VTIR,2025/02/02 19:10:00,2025/02/02 22:00:00,321,Aft_10030,161
Flt_38242,XGOB,SNFR,2025/02/02 19:15:00,2025/02/02 21:50:00,320,Aft_10071,131
Flt_38243,XGOB,FFJA,2025/02/02 19:15:00,2025/02/02 21:30:00,321,Aft_10032,127
Flt_38244,XGOB,OEQY,2025/02/02 19:20:00,2025/02/02 21:40:00,321,Aft_10103,156
Flt_38245,UQLN,OEQY,2025/02/02 19:20:00,2025/02/02 21:25:00,321,Aft_10006,109
Flt_38246,UQLN,MBMY,2025/02/02 19:20:00,2025/02/02 21:30:00,321,Aft_10021,126
Flt_38247,XGOB,ERHL,2025/02/02 19:20:00,2025/02/02 21:10:00,319,Aft_10116,103
Flt_38248,XBQP,UQLN,2025/02/02 19:20:00,2025/02/02 22:25:00,319,Aft_10107,166
Flt_38249,NJTU,XGOB,2025/02/02 19:20:00,2025/02/02 22:00:00,321,Aft_10094,150
Flt_38250,CEUN,VTIR,2025/02/02 19:20:00,2025/02/02 22:00:00,321,Aft_10031,148
Flt_38251,XGOB,FWCS,2025/02/02 19:25:00,2025/02/02 23:30:00,321,Aft_10109,214
Flt_38252,XGOB,FRMU,2025/02/02 19:30:00,2025/02/02 21:45:00,321,Aft_10011,123
Flt_38253,JFWS,XGOB,2025/02/02 19:30:00,2025/02/02 21:25:00,319,Aft_10112,116
Flt_38254,UQLN,DEPY,2025/02/02 19:35:00,2025/02/02 21:15:00,320,Aft_10150,105
Flt_38255,ZSVF,XGOB,2025/02/02 19:35:00,2025/02/02 21:20:00,321,Aft_10127,100
Flt_38256,DYXX,XGOB,2025/02/02 19:35:00,2025/02/02 23:05:00,321,Aft_10156,208
Flt_38257,NQQU,XGOB,2025/02/02 19:35:00,2025/02/02 22:40:00,320,Aft_10068,203
Flt_38258,VTIR,UQLN,2025/02/02 19:40:00,2025/02/02 23:35:00,321,Aft_10053,261
Flt_38259,XGOB,VKRE,2025/02/02 19:40:00,2025/02/02 21:15:00,319,Aft_10091,77
Flt_38260,XLXE,XGOB,2025/02/02 19:40:00,2025/02/02 22:35:00,320,Aft_10086,171
Flt_38261,DKZJ,XGOB,2025/02/02 19:40:00,2025/02/02 23:30:00,320,Aft_10141,216
Flt_38262,WZBQ,XGOB,2025/02/02 19:40:00,2025/02/02 22:40:00,321,Aft_10033,189
Flt_38263,UQLN,WZBQ,2025/02/02 19:45:00,2025/02/02 22:15:00,321,Aft_10022,133
Flt_38264,HEYQ,JDEH,2025/02/02 19:45:00,2025/02/02 21:55:00,321,Aft_10036,157
Flt_38265,PIEK,FRMU,2025/02/02 19:45:00,2025/02/02 21:45:00,320,Aft_10146,112
Flt_38266,BQKE,HMAL,2025/02/02 19:45:00,2025/02/02 21:55:00,320,Aft_10027,136
Flt_38267,UUKJ,XGOB,2025/02/02 19:45:00,2025/02/02 22:50:00,321,Aft_10149,171
Flt_38268,GTVX,XGOB,2025/02/02 19:45:00,2025/02/03 00:10:00,320,Aft_10063,236
Flt_38269,SNFR,VTIR,2025/02/02 19:45:00,2025/02/02 22:55:00,320,Aft_10010,208
Flt_38270,VSBC,UQLN,2025/02/02 19:50:00,2025/02/02 22:15:00,320,Aft_10054,130
Flt_38271,OMLA,VTIR,2025/02/02 19:50:00,2025/02/02 22:30:00,320,Aft_10099,163
Flt_38272,LUKE,VBKF,2025/02/02 19:55:00,2025/02/02 21:40:00,320,Aft_10072,110
Flt_38273,FWCS,XGOB,2025/02/02 19:55:00,2025/02/02 23:30:00,321,Aft_10158,230
Flt_38274,CYBH,XGOB,2025/02/02 19:55:00,2025/02/02 23:25:00,321,Aft_10106,216
Flt_38275,OEQY,LUKE,2025/02/02 19:55:00,2025/02/02 22:25:00,320,Aft_10101,144
Flt_38276,CEUN,VTIR,2025/02/02 19:55:00,2025/02/02 22:25:00,320,Aft_10130,144
Flt_38277,IAWP,WZBQ,2025/02/02 20:00:00,2025/02/02 22:40:00,320,Aft_10023,144
Flt_38278,DDCZ,XGOB,2025/02/02 20:00:00,2025/02/02 22:55:00,321,Aft_10148,162
Flt_38279,XGOB,VTIR,2025/02/02 20:00:00,2025/02/02 23:30:00,321,Aft_10062,223
Flt_38280,LXHP,QFGG,2025/02/02 20:05:00,2025/02/02 22:20:00,320,Aft_10121,130
Flt_38281,HMAL,SNFR,2025/02/02 20:05:00,2025/02/02 22:35:00,320,Aft_10007,129
Flt_38282,HIYN,XGOB,2025/02/02 20:05:00,2025/02/02 21:55:00,319,Aft_10110,116
Flt_38283,EYCX,VTIR,2025/02/02 20:05:00,2025/02/02 22:55:00,320,Aft_10064,173
Flt_38284,XGOB,MBMY,2025/02/02 20:15:00,2025/02/02 22:35:00,321,Aft_10134,139
Flt_38285,JFWS,VBKF,2025/02/02 20:15:00,2025/02/02 22:50:00,319,Aft_10061,152
Flt_38286,VTIR,SNFR,2025/02/02 20:15:00,2025/02/02 23:30:00,320,Aft_10081,213
Flt_38287,VSBC,XGOB,2025/02/02 20:15:00,2025/02/02 22:40:00,321,Aft_10142,142
Flt_38288,XLXE,VTIR,2025/02/02 20:15:00,2025/02/02 23:10:00,320,Aft_10098,170
Flt_38289,XGOB,JDEH,2025/02/02 20:20:00,2025/02/02 22:55:00,320,Aft_10126,144
Flt_38290,XLXE,GRIG,2025/02/02 20:20:00,2025/02/02 23:25:00,320,Aft_10056,209
Flt_38291,UUKJ,UQLN,2025/02/02 20:20:00,2025/02/02 23:50:00,320,Aft_10123,184
Flt_38292,EQTC,XGOB,2025/02/02 20:20:00,2025/02/02 23:40:00,321,Aft_10151,203
Flt_38293,IAWP,SNFR,2025/02/02 20:25:00,2025/02/02 22:50:00,320,Aft_10076,135
Flt_38294,UQLN,FRMU,2025/02/02 20:25:00,2025/02/02 22:20:00,320,Aft_10048,119
Flt_38295,WZBQ,CXOJ,2025/02/02 20:30:00,2025/02/03 00:50:00,320,Aft_10055,252
Flt_38296,XGOB,WZBQ,2025/02/02 20:30:00,2025/02/02 23:15:00,320,Aft_10077,157
Flt_38297,ERHL,LXHP,2025/02/02 20:30:00,2025/02/02 23:50:00,320,Aft_10037,195
Flt_38298,XGOB,DSXP,2025/02/02 20:35:00,2025/02/03 00:15:00,321,Aft_10135,221
Flt_38299,XGOB,FRMU,2025/02/02 20:35:00,2025/02/02 22:50:00,320,Aft_10029,137
Flt_38300,HEYQ,GRIG,2025/02/02 20:35:00,2025/02/02 23:55:00,320,Aft_10128,204
Flt_38301,XGOB,CLKY,2025/02/02 20:40:00,2025/02/02 23:00:00,320,Aft_10122,125
Flt_38302,SRNH,GRIG,2025/02/02 20:40:00,2025/02/02 23:15:00,320,Aft_10052,163
Flt_38303,HEYQ,XGOB,2025/02/02 20:40:00,2025/02/02 23:40:00,321,Aft_10132,196
Flt_38304,CYBH,GRIG,2025/02/02 20:45:00,2025/02/03 00:35:00,320,Aft_10083,222
Flt_38305,FWCS,UQLN,2025/02/02 20:45:00,2025/02/03 00:40:00,320,Aft_10090,230
Flt_38306,UQLN,OSYY,2025/02/02 20:50:00,2025/02/02 22:50:00,321,Aft_10014,110
Flt_38307,CYBH,VBKF,2025/02/02 20:50:00,2025/02/02 23:30:00,320,Aft_10045,159
Flt_38308,MVFV,VBKF,2025/02/02 20:50:00,2025/02/03 00:15:00,319,Aft_10117,208
Flt_38309,FRMU,GRIG,2025/02/02 20:50:00,2025/02/02 23:30:00,320,Aft_10018,135
Flt_38310,XGOB,GRIG,2025/02/02 20:50:00,2025/02/02 22:30:00,320,Aft_10044,80
Flt_38311,EYCX,XGOB,2025/02/02 20:50:00,2025/02/02 23:00:00,320,Aft_10085,150
Flt_38312,FCHN,XGOB,2025/02/02 20:50:00,2025/02/02 22:45:00,319,Aft_10129,94
Flt_38313,VBRA,XGOB,2025/02/02 20:50:00,2025/02/02 22:55:00,321,Aft_10095,114
Flt_38314,PIEK,MBMY,2025/02/02 20:55:00,2025/02/02 23:05:00,320,Aft_10078,123
Flt_38315,ELBQ,GRIG,2025/02/02 20:55:00,2025/02/02 22:45:00,320,Aft_10028,90
Flt_38316,XGOB,HMAL,2025/02/02 21:00:00,2025/02/02 22:55:00,320,Aft_10070,101
Flt_38317,FQEW,MBMY,2025/02/02 21:00:00,2025/02/03 00:35:00,321,Aft_10002,201
Flt_38318,XGOB,DEPY,2025/02/02 21:00:00,2025/02/02 22:25:00,320,Aft_10073,87
Flt_38319,EQTC,UQLN,2025/02/02 21:00:00,2025/02/02 23:55:00,319,Aft_10131,189
Flt_38320,UQLN,FQEW,2025/02/02 21:05:00,2025/02/02 23:05:00,319,Aft_10058,102
Flt_38321,IDKG,VBKF,2025/02/02 21:05:00,2025/02/03 00:50:00,320,Aft_10137,212
Flt_38322,XGOB,VMTM,2025/02/02 21:05:00,2025/02/02 23:05:00,319,Aft_10069,106
Flt_38323,XGOB,LXHP,2025/02/02 21:05:00,2025/02/02 23:20:00,320,Aft_10060,124
Flt_38324,PADI,UQLN,2025/02/02 21:10:00,2025/02/02 23:55:00,321,Aft_10042,154
Flt_38325,XBQP,XGOB,2025/02/02 21:10:00,2025/02/03 00:35:00,321,Aft_10115,189
Flt_38326,WAVK,XGOB,2025/02/02 21:10:00,2025/02/02 23:40:00,320,Aft_10040,163
Flt_38327,VTIR,SNFR,2025/02/02 21:15:00,2025/02/03 00:40:00,320,Aft_10039,210
Flt_38328,VORI,XGOB,2025/02/02 21:15:00,2025/02/02 23:25:00,321,Aft_10145,113
Flt_38329,WZBQ,CLVM,2025/02/02 21:15:00,2025/02/03 00:25:00,320,Aft_10074,183
Flt_38330,BQKE,UQLN,2025/02/02 21:20:00,2025/02/02 23:20:00,319,Aft_10100,121
Flt_38331,CYBH,VTIR,2025/02/02 21:20:00,2025/02/03 00:25:00,321,Aft_10082,167
Flt_38332,UQLN,NMPZ,2025/02/02 21:25:00,2025/02/02 23:10:00,320,Aft_10125,121
Flt_38333,QFPG,XGOB,2025/02/02 21:25:00,2025/02/02 23:55:00,320,Aft_10111,158
Flt_38334,NQQU,VTIR,2025/02/02 21:30:00,2025/02/03 00:50:00,320,Aft_10144,214
Flt_38335,GGQY,VBKF,2025/02/02 21:35:00,2025/02/02 23:45:00,320,Aft_10102,143
Flt_38336,SNFR,GRIG,2025/02/02 21:35:00,2025/02/03 01:05:00,319,Aft_10097,212
Flt_38337,KNKY,XGOB,2025/02/02 21:35:00,2025/02/02 23:30:00,319,Aft_10066,99
Flt_38338,MVFV,XGOB,2025/02/02 21:35:00,2025/02/03 01:40:00,321,Aft_10138,255
Flt_38339,XGOB,GRIG,2025/02/02 21:40:00,2025/02/02 22:50:00,320,Aft_10087,84
Flt_38340,CLVM,MBMY,2025/02/02 21:45:00,2025/02/03 00:20:00,320,Aft_10012,126
Flt_38341,OMLA,UQLN,2025/02/02 21:50:00,2025/02/03 00:35:00,320,Aft_10113,149
Flt_38342,XNVE,XGOB,2025/02/02 21:50:00,2025/02/03 00:30:00,320,Aft_10133,148
Flt_38343,HMAL,XGOB,2025/02/02 21:50:00,2025/02/02 23:40:00,319,Aft_10009,111
Flt_38344,FRMU,SNFR,2025/02/02 21:55:00,2025/02/03 00:10:00,320,Aft_10124,102
Flt_38345,MKHW,SNFR,2025/02/02 21:55:00,2025/02/03 01:05:00,319,Aft_10108,181
Flt_38346,GRIG,SNFR,2025/02/02 21:55:00,2025/02/03 00:55:00,320,Aft_10067,143
Flt_38347,ENRV,XGOB,2025/02/02 21:55:00,2025/02/03 00:20:00,319,Aft_10096,138
Flt_38348,ERHL,XGOB,2025/02/02 21:55:00,2025/02/02 23:50:00,319,Aft_10116,100
Flt_38349,MKHW,XGOB,2025/02/02 21:55:00,2025/02/02 23:45:00,319,Aft_10153,98
Flt_38350,WIMM,XGOB,2025/02/02 22:00:00,2025/02/02 23:15:00,319,Aft_10120,58
Flt_38351,VKRE,XGOB,2025/02/02 22:00:00,2025/02/02 23:30:00,319,Aft_10091,79
Flt_38352,CEUN,XGOB,2025/02/02 22:00:00,2025/02/03 00:50:00,320,Aft_10154,173
Flt_38353,XGOB,LXHP,2025/02/02 22:05:00,2025/02/03 00:15:00,321,Aft_10119,131
Flt_38354,DEPY,UQLN,2025/02/02 22:05:00,2025/02/02 23:55:00,320,Aft_10150,87
Flt_38355,XGOB,JDEH,2025/02/02 22:10:00,2025/02/03 00:50:00,321,Aft_10004,154
Flt_38356,XLXE,XGOB,2025/02/02 22:10:00,2025/02/03 00:55:00,321,Aft_10059,174
Flt_38357,WZBQ,UQLN,2025/02/02 22:15:00,2025/02/03 00:55:00,321,Aft_10024,175
Flt_38358,CILH,XGOB,2025/02/02 22:15:00,2025/02/03 00:40:00,321,Aft_10016,151
Flt_38359,MBMY,WZBQ,2025/02/02 22:20:00,2025/02/03 01:55:00,321,Aft_10013,224
Flt_38360,PIEK,LUKE,2025/02/02 22:25:00,2025/02/02 23:35:00,320,Aft_10034,61
Flt_38361,FFJA,XGOB,2025/02/02 22:35:00,2025/02/03 01:45:00,321,Aft_10032,179
Flt_38362,MBMY,UQLN,2025/02/02 22:40:00,2025/02/03 00:55:00,321,Aft_10021,129
Flt_38363,OEQY,UQLN,2025/02/02 22:40:00,2025/02/03 00:55:00,321,Aft_10006,115
Flt_38364,HMAL,NHMN,2025/02/02 22:45:00,2025/02/03 03:25:00,320,Aft_10027,279
Flt_38365,VBKF,LUKE,2025/02/02 22:45:00,2025/02/03 00:50:00,320,Aft_10072,120
Flt_38366,XGOB,QNRH,2025/02/02 22:50:00,2025/02/03 01:50:00,321,Aft_10114,174
Flt_38367,LUKE,OEQY,2025/02/02 23:10:00,2025/02/03 01:20:00,320,Aft_10101,135
Flt_38368,XGOB,GRIG,2025/02/02 23:25:00,2025/02/03 01:05:00,320,Aft_10143,82
Flt_38369,OSYY,UQLN,2025/02/02 23:35:00,2025/02/03 01:30:00,321,Aft_10014,108
Flt_38370,GRIG,XGOB,2025/02/02 23:35:00,2025/02/03 00:55:00,320,Aft_10044,74
Flt_38371,DEPY,XGOB,2025/02/02 23:40:00,2025/02/03 01:30:00,320,Aft_10073,83
Flt_38372,VMTM,XGOB,2025/02/02 23:50:00,2025/02/03 01:40:00,319,Aft_10069,94
Flt_38373,FQEW,UQLN,2025/02/02 23:55:00,2025/02/03 01:50:00,319,Aft_10058,120
Flt_38374,NMPZ,UQLN,2025/02/02 23:55:00,2025/02/03 01:40:00,320,Aft_10125,104
Flt_38375,NRTE,XGOB,2025/02/03 00:20:00,2025/02/03 05:00:00,321,Aft_10118,258
Flt_38376,XGOB,JDTH,2025/02/03 01:30:00,2025/02/03 11:45:00,350,Aft_10159,619
Flt_38377,NRTE,HMAL,2025/02/03 06:40:00,2025/02/03 10:20:00,321,Aft_10160,194
Flt_38378,HMAL,NRTE,2025/02/03 01:50:00,2025/02/03 05:10:00,321,Aft_10160,240
Flt_38379,QNRH,XGOB,2025/02/03 02:20:00,2025/02/03 05:00:00,321,Aft_10114,141
Flt_38380,ZGPT,HMAL,2025/02/03 17:30:00,2025/02/03 19:35:00,321,Aft_10001,129
Flt_38381,NHMN,HMAL,2025/02/03 04:25:00,2025/02/03 08:50:00,320,Aft_10027,257
Flt_38382,HMAL,ZGPT,2025/02/03 13:30:00,2025/02/03 16:00:00,321,Aft_10001,133
Flt_38383,WZBQ,MBMY,2025/02/03 06:00:00,2025/02/03 09:35:00,321,Aft_10013,240
Flt_38384,XGOB,CYBH,2025/02/03 06:00:00,2025/02/03 08:40:00,321,Aft_10043,135
Flt_38385,XGOB,FFJA,2025/02/03 06:00:00,2025/02/03 08:15:00,321,Aft_10032,120
Flt_38386,GRIG,EYCX,2025/02/03 06:20:00,2025/02/03 09:05:00,320,Aft_10161,156
Flt_38387,UQLN,EVWP,2025/02/03 06:20:00,2025/02/03 08:20:00,321,Aft_10014,116
Flt_38388,SNFR,HMAL,2025/02/03 06:25:00,2025/02/03 09:30:00,319,Aft_10108,171
Flt_38389,XGOB,VSBC,2025/02/03 06:25:00,2025/02/03 09:05:00,321,Aft_10106,128
Flt_38390,XGOB,DEPY,2025/02/03 06:25:00,2025/02/03 07:50:00,319,Aft_10009,76
Flt_38391,SNFR,ZWIO,2025/02/03 06:25:00,2025/02/03 09:15:00,320,Aft_10039,169
Flt_38392,FRMU,XGOB,2025/02/03 06:25:00,2025/02/03 08:50:00,321,Aft_10011,136
Flt_38393,MBMY,CLVM,2025/02/03 06:25:00,2025/02/03 08:50:00,320,Aft_10012,136
Flt_38394,MBMY,VORI,2025/02/03 06:30:00,2025/02/03 08:30:00,321,Aft_10046,117
Flt_38395,UQLN,DDCZ,2025/02/03 06:30:00,2025/02/03 08:40:00,320,Aft_10123,113
Flt_38396,GRIG,VBKF,2025/02/03 06:30:00,2025/02/03 08:45:00,320,Aft_10143,114
Flt_38397,JDEH,XGOB,2025/02/03 06:30:00,2025/02/03 09:25:00,321,Aft_10004,179
Flt_38398,VTIR,XLXE,2025/02/03 06:35:00,2025/02/03 09:50:00,321,Aft_10062,170
Flt_38399,GRIG,UQLN,2025/02/03 06:35:00,2025/02/03 08:20:00,320,Aft_10015,83
Flt_38400,XGOB,AIZY,2025/02/03 06:40:00,2025/02/03 09:00:00,319,Aft_10129,129
Flt_38401,UQLN,LXHP,2025/02/03 06:45:00,2025/02/03 08:50:00,320,Aft_10054,114
Flt_38402,WZBQ,RSIH,2025/02/03 06:50:00,2025/02/03 09:30:00,320,Aft_10088,165
Flt_38403,UQLN,FRMU,2025/02/03 06:50:00,2025/02/03 09:05:00,321,Aft_10057,116
Flt_38404,UQLN,CILH,2025/02/03 06:50:00,2025/02/03 09:05:00,321,Aft_10042,110
Flt_38405,XGOB,IDKG,2025/02/03 06:50:00,2025/02/03 10:30:00,321,Aft_10140,219
Flt_38406,UQLN,WZBQ,2025/02/03 06:55:00,2025/02/03 09:10:00,321,Aft_10035,137
Flt_38407,UQLN,HMAL,2025/02/03 06:55:00,2025/02/03 08:45:00,320,Aft_10125,87
Flt_38408,GRIG,OEQY,2025/02/03 06:55:00,2025/02/03 08:45:00,320,Aft_10018,109
Flt_38409,XGOB,OMLA,2025/02/03 06:55:00,2025/02/03 09:10:00,320,Aft_10104,135
Flt_38410,VTIR,CYBH,2025/02/03 06:55:00,2025/02/03 09:50:00,321,Aft_10031,195
Flt_38411,OEQY,XGOB,2025/02/03 06:55:00,2025/02/03 09:30:00,321,Aft_10103,149
Flt_38412,CXOJ,XGOB,2025/02/03 06:55:00,2025/02/03 10:35:00,320,Aft_10055,200
Flt_38413,WZBQ,XGOB,2025/02/03 06:55:00,2025/02/03 10:00:00,321,Aft_10022,167
Flt_38414,LUKE,FRMU,2025/02/03 07:00:00,2025/02/03 09:15:00,320,Aft_10072,136
Flt_38415,JDEH,VSBC,2025/02/03 07:00:00,2025/02/03 10:40:00,321,Aft_10036,226
Flt_38416,UQLN,VSBC,2025/02/03 07:00:00,2025/02/03 09:10:00,321,Aft_10024,112
Flt_38417,LXHP,ERHL,2025/02/03 07:00:00,2025/02/03 11:00:00,320,Aft_10060,220
Flt_38418,XGOB,SNFR,2025/02/03 07:00:00,2025/02/03 09:35:00,321,Aft_10132,137
Flt_38419,GRIG,LXHP,2025/02/03 07:00:00,2025/02/03 09:50:00,320,Aft_10121,182
Flt_38420,VTIR,LXHP,2025/02/03 07:00:00,2025/02/03 09:35:00,320,Aft_10130,154
Flt_38421,VTIR,CEUN,2025/02/03 07:00:00,2025/02/03 09:45:00,320,Aft_10144,158
Flt_38422,XGOB,VTIR,2025/02/03 07:00:00,2025/02/03 10:40:00,321,Aft_10033,217
Flt_38423,UQLN,VTIR,2025/02/03 07:00:00,2025/02/03 10:25:00,321,Aft_10053,213
Flt_38424,XGOB,OEQY,2025/02/03 07:05:00,2025/02/03 09:35:00,321,Aft_10003,129
Flt_38425,UQLN,NMPZ,2025/02/03 07:05:00,2025/02/03 09:05:00,320,Aft_10113,115
Flt_38426,GRIG,XBQP,2025/02/03 07:05:00,2025/02/03 09:35:00,320,Aft_10052,135
Flt_38427,MBMY,LXHP,2025/02/03 07:05:00,2025/02/03 10:30:00,321,Aft_10134,206
Flt_38428,UQLN,OEQY,2025/02/03 07:10:00,2025/02/03 09:15:00,320,Aft_10090,105
Flt_38429,VTIR,VBRA,2025/02/03 07:10:00,2025/02/03 10:50:00,320,Aft_10098,208
Flt_38430,VTIR,MBMY,2025/02/03 07:10:00,2025/02/03 12:45:00,321,Aft_10050,312
Flt_38431,VTIR,VBKF,2025/02/03 07:10:00,2025/02/03 11:05:00,320,Aft_10051,217
Flt_38432,XGOB,GRIG,2025/02/03 07:10:00,2025/02/03 08:55:00,320,Aft_10044,88
Flt_38433,UQLN,SNFR,2025/02/03 07:10:00,2025/02/03 09:15:00,320,Aft_10020,117
Flt_38434,FRMU,UQLN,2025/02/03 07:10:00,2025/02/03 09:10:00,320,Aft_10029,126
Flt_38435,CXOJ,PIEK,2025/02/03 07:10:00,2025/02/03 10:35:00,320,Aft_10047,197
Flt_38436,GRIG,XGOB,2025/02/03 07:10:00,2025/02/03 08:40:00,320,Aft_10056,68
Flt_38437,GRIG,HEYQ,2025/02/03 07:15:00,2025/02/03 09:55:00,320,Aft_10083,148
Flt_38438,UQLN,CYBH,2025/02/03 07:15:00,2025/02/03 09:30:00,321,Aft_10006,133
Flt_38439,UQLN,JFWS,2025/02/03 07:15:00,2025/02/03 10:20:00,319,Aft_10058,185
Flt_38440,XGOB,MVFV,2025/02/03 07:15:00,2025/02/03 10:25:00,321,Aft_10095,187
Flt_38441,XGOB,VORI,2025/02/03 07:20:00,2025/02/03 09:25:00,320,Aft_10073,101
Flt_38442,VBKF,AIZY,2025/02/03 07:20:00,2025/02/03 10:15:00,319,Aft_10061,182
Flt_38443,JDEH,XGOB,2025/02/03 07:20:00,2025/02/03 10:35:00,320,Aft_10126,191
Flt_38444,XGOB,SHIS,2025/02/03 07:25:00,2025/02/03 09:40:00,320,Aft_10162,110
Flt_38445,VTIR,EYCX,2025/02/03 07:25:00,2025/02/03 10:40:00,320,Aft_10049,186
Flt_38446,XGOB,PKEY,2025/02/03 07:25:00,2025/02/03 09:15:00,321,Aft_10065,106
Flt_38447,XGOB,IZUZ,2025/02/03 07:25:00,2025/02/03 09:05:00,319,Aft_10066,84
Flt_38448,GRIG,CEUN,2025/02/03 07:25:00,2025/02/03 10:10:00,319,Aft_10097,144
Flt_38449,MBMY,PIEK,2025/02/03 07:25:00,2025/02/03 09:50:00,320,Aft_10078,139
Flt_38450,VTIR,XGOB,2025/02/03 07:25:00,2025/02/03 11:55:00,321,Aft_10030,268
Flt_38451,LUKE,XGOB,2025/02/03 07:30:00,2025/02/03 08:35:00,320,Aft_10034,62
Flt_38452,LXHP,XGOB,2025/02/03 07:35:00,2025/02/03 10:15:00,320,Aft_10037,157
Flt_38453,WZBQ,FIHQ,2025/02/03 07:40:00,2025/02/03 09:50:00,320,Aft_10077,117
Flt_38454,XGOB,ERHL,2025/02/03 07:40:00,2025/02/03 09:40:00,319,Aft_10091,106
Flt_38455,SNFR,IAWP,2025/02/03 07:40:00,2025/02/03 10:40:00,320,Aft_10071,185
Flt_38456,SNFR,XGOB,2025/02/03 07:40:00,2025/02/03 10:55:00,320,Aft_10124,200
Flt_38457,XGOB,URTH,2025/02/03 07:45:00,2025/02/03 09:45:00,320,Aft_10152,106
Flt_38458,XGOB,ELBQ,2025/02/03 07:45:00,2025/02/03 09:45:00,319,Aft_10079,112
Flt_38459,SNFR,FRMU,2025/02/03 07:50:00,2025/02/03 10:15:00,321,Aft_10080,152
Flt_38460,SNFR,IXQM,2025/02/03 07:50:00,2025/02/03 11:10:00,320,Aft_10081,200
Flt_38461,VTIR,CYBH,2025/02/03 07:50:00,2025/02/03 11:25:00,321,Aft_10082,186
Flt_38462,VBKF,EQTC,2025/02/03 07:50:00,2025/02/03 09:50:00,320,Aft_10137,106
Flt_38463,XGOB,ISAX,2025/02/03 07:50:00,2025/02/03 10:25:00,321,Aft_10025,129
Flt_38464,GRIG,XGOB,2025/02/03 07:50:00,2025/02/03 09:10:00,320,Aft_10128,71
Flt_38465,XGOB,SRNH,2025/02/03 07:55:00,2025/02/03 09:55:00,320,Aft_10139,103
Flt_38466,CLVM,VORI,2025/02/03 07:55:00,2025/02/03 09:25:00,320,Aft_10074,96
Flt_38467,XGOB,MKHW,2025/02/03 07:55:00,2025/02/03 10:00:00,320,Aft_10075,115
Flt_38468,XGOB,LXHP,2025/02/03 07:55:00,2025/02/03 10:20:00,320,Aft_10089,142
Flt_38469,UQLN,NQQU,2025/02/03 07:55:00,2025/02/03 10:05:00,320,Aft_10150,137
Flt_38470,XGOB,AIZY,2025/02/03 07:55:00,2025/02/03 10:10:00,319,Aft_10096,149
Flt_38471,HMAL,XGOB,2025/02/03 07:55:00,2025/02/03 09:55:00,320,Aft_10070,107
Flt_38472,XGOB,CYBH,2025/02/03 08:00:00,2025/02/03 10:40:00,321,Aft_10145,146
Flt_38473,CXOJ,CLVM,2025/02/03 08:00:00,2025/02/03 11:25:00,320,Aft_10093,210
Flt_38474,SNFR,CLVM,2025/02/03 08:00:00,2025/02/03 11:10:00,320,Aft_10076,197
Flt_38475,UQLN,MVFV,2025/02/03 08:00:00,2025/02/03 11:05:00,321,Aft_10026,182
Flt_38476,VTIR,OMLA,2025/02/03 08:05:00,2025/02/03 11:10:00,320,Aft_10099,170
Flt_38477,UQLN,WAVK,2025/02/03 08:05:00,2025/02/03 09:45:00,319,Aft_10107,100
Flt_38478,OEQY,XGOB,2025/02/03 08:05:00,2025/02/03 10:30:00,320,Aft_10101,146
Flt_38479,VBKF,PIEK,2025/02/03 08:10:00,2025/02/03 10:00:00,320,Aft_10102,107
Flt_38480,XGOB,VSBC,2025/02/03 08:15:00,2025/02/03 10:35:00,321,Aft_10038,127
Flt_38481,SNFR,DEPY,2025/02/03 08:15:00,2025/02/03 11:30:00,320,Aft_10105,209
Flt_38482,XGOB,XLXE,2025/02/03 08:15:00,2025/02/03 10:35:00,321,Aft_10148,135
Flt_38483,UQLN,JFWS,2025/02/03 08:15:00,2025/02/03 11:20:00,319,Aft_10100,177
Flt_38484,XGOB,CXOJ,2025/02/03 08:15:00,2025/02/03 11:40:00,320,Aft_10040,227
Flt_38485,SNFR,PIEK,2025/02/03 08:20:00,2025/02/03 11:25:00,320,Aft_10007,193
Flt_38486,LXHP,XGOB,2025/02/03 08:20:00,2025/02/03 11:00:00,321,Aft_10119,174
Flt_38487,XGOB,AGEE,2025/02/03 08:20:00,2025/02/03 11:35:00,319,Aft_10120,181
Flt_38488,XGOB,PADI,2025/02/03 08:25:00,2025/02/03 11:20:00,321,Aft_10016,161
Flt_38489,XGOB,JFWS,2025/02/03 08:30:00,2025/02/03 11:05:00,319,Aft_10112,159
Flt_38490,WZBQ,XGOB,2025/02/03 08:30:00,2025/02/03 11:35:00,320,Aft_10023,191
Flt_38491,XGOB,OSYY,2025/02/03 08:35:00,2025/02/03 10:40:00,321,Aft_10151,119
Flt_38492,XGOB,XBQP,2025/02/03 08:35:00,2025/02/03 11:20:00,321,Aft_10115,145
Flt_38493,XGOB,WQLS,2025/02/03 08:35:00,2025/02/03 10:00:00,319,Aft_10116,93
Flt_38494,VBKF,JFWS,2025/02/03 08:35:00,2025/02/03 12:10:00,319,Aft_10117,210
Flt_38495,XGOB,CZCU,2025/02/03 08:35:00,2025/02/03 12:40:00,320,Aft_10141,227
Flt_38496,XGOB,IDKG,2025/02/03 08:35:00,2025/02/03 12:20:00,321,Aft_10142,219
Flt_38497,XGOB,EYCX,2025/02/03 08:40:00,2025/02/03 10:40:00,321,Aft_10127,109
Flt_38498,XGOB,GUZT,2025/02/03 08:40:00,2025/02/03 10:10:00,319,Aft_10153,64
Flt_38499,DEPY,XGOB,2025/02/03 08:40:00,2025/02/03 10:15:00,319,Aft_10009,98
Flt_38500,GRIG,NJCK,2025/02/03 08:45:00,2025/02/03 10:25:00,320,Aft_10005,97
Flt_38501,XGOB,VORI,2025/02/03 08:45:00,2025/02/03 10:40:00,320,Aft_10068,107
Flt_38502,UQLN,FFJA,2025/02/03 08:45:00,2025/02/03 10:55:00,321,Aft_10017,109
Flt_38503,SNFR,GRIG,2025/02/03 08:50:00,2025/02/03 12:15:00,320,Aft_10067,219
Flt_38504,UQLN,OSYY,2025/02/03 08:55:00,2025/02/03 10:55:00,321,Aft_10021,99
Flt_38505,XGOB,UUKJ,2025/02/03 09:00:00,2025/02/03 12:10:00,321,Aft_10114,187
Flt_38506,XGOB,ZCUA,2025/02/03 09:00:00,2025/02/03 11:15:00,320,Aft_10086,122
Flt_38507,GRIG,LXHP,2025/02/03 09:00:00,2025/02/03 11:50:00,320,Aft_10028,180
Flt_38508,XGOB,NQQU,2025/02/03 09:00:00,2025/02/03 11:35:00,319,Aft_10069,152
Flt_38509,VTIR,CEUN,2025/02/03 09:00:00,2025/02/03 11:55:00,320,Aft_10010,166
Flt_38510,UQLN,AIZY,2025/02/03 09:00:00,2025/02/03 11:35:00,319,Aft_10131,147
Flt_38511,XGOB,HEYQ,2025/02/03 09:05:00,2025/02/03 11:45:00,321,Aft_10138,140
Flt_38512,XGOB,CEUN,2025/02/03 09:05:00,2025/02/03 11:20:00,320,Aft_10085,126
Flt_38513,EVWP,UQLN,2025/02/03 09:05:00,2025/02/03 11:40:00,321,Aft_10014,153
Flt_38514,MBMY,XGOB,2025/02/03 09:05:00,2025/02/03 11:45:00,321,Aft_10002,158
Flt_38515,FFJA,XGOB,2025/02/03 09:05:00,2025/02/03 11:55:00,321,Aft_10032,190
Flt_38516,XGOB,GTVX,2025/02/03 09:05:00,2025/02/03 13:55:00,321,Aft_10147,304
Flt_38517,VBKF,OEQY,2025/02/03 09:10:00,2025/02/03 11:55:00,320,Aft_10045,160
Flt_38518,XGOB,FRMU,2025/02/03 09:15:00,2025/02/03 11:40:00,321,Aft_10008,133
Flt_38519,XGOB,ERHL,2025/02/03 09:15:00,2025/02/03 11:05:00,320,Aft_10133,106
Flt_38520,SNFR,XGOB,2025/02/03 09:15:00,2025/02/03 12:25:00,321,Aft_10041,214
Flt_38521,XGOB,CXOJ,2025/02/03 09:15:00,2025/02/03 13:00:00,320,Aft_10154,242
Flt_38522,XGOB,GRIG,2025/02/03 09:20:00,2025/02/03 10:45:00,320,Aft_10084,84
Flt_38523,XGOB,NQQU,2025/02/03 09:20:00,2025/02/03 11:50:00,321,Aft_10118,143
Flt_38524,FRMU,XGOB,2025/02/03 09:20:00,2025/02/03 11:40:00,320,Aft_10048,157
Flt_38525,UQLN,PKEY,2025/02/03 09:25:00,2025/02/03 11:15:00,320,Aft_10015,116
Flt_38526,VTIR,NQQU,2025/02/03 09:25:00,2025/02/03 13:20:00,320,Aft_10064,230
Flt_38527,DDCZ,UQLN,2025/02/03 09:25:00,2025/02/03 11:55:00,320,Aft_10123,143
Flt_38528,FWCS,XGOB,2025/02/03 09:25:00,2025/02/03 14:00:00,321,Aft_10109,217
Flt_38529,XGOB,WZBQ,2025/02/03 09:30:00,2025/02/03 12:15:00,321,Aft_10059,150
Flt_38530,GRIG,QFGG,2025/02/03 09:30:00,2025/02/03 11:00:00,320,Aft_10087,100
Flt_38531,FRMU,CLVM,2025/02/03 09:30:00,2025/02/03 11:50:00,320,Aft_10146,131
Flt_38532,VORI,VTIR,2025/02/03 09:30:00,2025/02/03 13:15:00,321,Aft_10046,228
Flt_38533,XGOB,YLTL,2025/02/03 09:35:00,2025/02/03 13:35:00,321,Aft_10156,233
Flt_38534,CLVM,VBKF,2025/02/03 09:35:00,2025/02/03 11:05:00,320,Aft_10012,93
Flt_38535,XGOB,MGVJ,2025/02/03 09:35:00,2025/02/03 11:50:00,321,Aft_10149,127
Flt_38536,XGOB,VSBC,2025/02/03 09:45:00,2025/02/03 12:00:00,320,Aft_10034,129
Flt_38537,LXHP,UQLN,2025/02/03 09:45:00,2025/02/03 12:25:00,320,Aft_10054,155
Flt_38538,NMPZ,UQLN,2025/02/03 09:50:00,2025/02/03 11:45:00,320,Aft_10113,101
Flt_38539,HMAL,UQLN,2025/02/03 09:50:00,2025/02/03 11:35:00,320,Aft_10027,92
Flt_38540,IZUZ,XGOB,2025/02/03 09:50:00,2025/02/03 11:25:00,319,Aft_10066,88
Flt_38541,VBKF,CXOJ,2025/02/03 09:50:00,2025/02/03 13:30:00,320,Aft_10143,219
Flt_38542,OEQY,GRIG,2025/02/03 09:55:00,2025/02/03 12:30:00,320,Aft_10018,148
Flt_38543,CILH,UQLN,2025/02/03 09:55:00,2025/02/03 12:15:00,321,Aft_10042,133
Flt_38544,CYBH,XGOB,2025/02/03 09:55:00,2025/02/03 13:30:00,321,Aft_10043,215
Flt_38545,OMLA,XGOB,2025/02/03 09:55:00,2025/02/03 12:40:00,320,Aft_10104,171
Flt_38546,GRIG,SRNH,2025/02/03 10:00:00,2025/02/03 12:25:00,320,Aft_10044,144
Flt_38547,XGOB,DDCZ,2025/02/03 10:00:00,2025/02/03 12:25:00,320,Aft_10111,144
Flt_38548,CXOJ,NMPZ,2025/02/03 10:00:00,2025/02/03 12:30:00,319,Aft_10136,137
Flt_38549,DSXP,XGOB,2025/02/03 10:00:00,2025/02/03 13:35:00,321,Aft_10135,212
Flt_38550,CLKY,XGOB,2025/02/03 10:00:00,2025/02/03 12:10:00,320,Aft_10122,133
Flt_38551,PKEY,XGOB,2025/02/03 10:05:00,2025/02/03 12:15:00,321,Aft_10065,126
Flt_38552,EYCX,VTIR,2025/02/03 10:05:00,2025/02/03 12:40:00,320,Aft_10161,184
Flt_38553,XGOB,QHPU,2025/02/03 10:05:00,2025/02/03 13:15:00,321,Aft_10011,165
Flt_38554,XGOB,KAIG,2025/02/03 10:10:00,2025/02/03 13:35:00,319,Aft_10110,235
Flt_38555,VSBC,UQLN,2025/02/03 10:10:00,2025/02/03 12:30:00,321,Aft_10024,139
Flt_38556,RSIH,GRIG,2025/02/03 10:15:00,2025/02/03 12:15:00,320,Aft_10088,102
Flt_38557,ZWIO,ERHL,2025/02/03 10:15:00,2025/02/03 12:10:00,320,Aft_10039,96
Flt_38558,XGOB,XLXE,2025/02/03 10:15:00,2025/02/03 12:35:00,321,Aft_10094,120
Flt_38559,UQLN,MGVJ,2025/02/03 10:15:00,2025/02/03 12:20:00,320,Aft_10029,110
Flt_38560,AIZY,XGOB,2025/02/03 10:15:00,2025/02/03 12:10:00,319,Aft_10129,96
Flt_38561,XGOB,PZRI,2025/02/03 10:20:00,2025/02/03 15:35:00,321,Aft_10155,290
Flt_38562,HMAL,BQKE,2025/02/03 10:20:00,2025/02/03 12:10:00,320,Aft_10125,100
Flt_38563,FRMU,UQLN,2025/02/03 10:20:00,2025/02/03 12:35:00,321,Aft_10057,129
Flt_38564,LXHP,DDCZ,2025/02/03 10:25:00,2025/02/03 13:10:00,320,Aft_10130,162
Flt_38565,XGOB,EYCX,2025/02/03 10:25:00,2025/02/03 12:25:00,320,Aft_10128,109
Flt_38566,VORI,ISAX,2025/02/03 10:25:00,2025/02/03 12:10:00,320,Aft_10074,93
Flt_38567,VSBC,XGOB,2025/02/03 10:25:00,2025/02/03 13:10:00,321,Aft_10106,149
Flt_38568,SHIS,XGOB,2025/02/03 10:25:00,2025/02/03 12:40:00,320,Aft_10162,140
Flt_38569,VORI,XGOB,2025/02/03 10:25:00,2025/02/03 12:20:00,320,Aft_10073,119
Flt_38570,FRMU,LUKE,2025/02/03 10:25:00,2025/02/03 12:50:00,320,Aft_10072,157
Flt_38571,XGOB,CXOJ,2025/02/03 10:25:00,2025/02/03 14:10:00,321,Aft_10158,223
Flt_38572,MBMY,FQEW,2025/02/03 10:30:00,2025/02/03 14:05:00,321,Aft_10013,210
Flt_38573,WZBQ,UQLN,2025/02/03 10:30:00,2025/02/03 13:30:00,321,Aft_10035,163
Flt_38574,SNFR,UQLN,2025/02/03 10:30:00,2025/02/03 13:40:00,320,Aft_10020,179
Flt_38575,ELBQ,XGOB,2025/02/03 10:30:00,2025/02/03 12:45:00,319,Aft_10079,125
Flt_38576,URTH,XGOB,2025/02/03 10:30:00,2025/02/03 12:45:00,320,Aft_10152,130
Flt_38577,XGOB,OEQY,2025/02/03 10:35:00,2025/02/03 12:50:00,321,Aft_10103,122
Flt_38578,PIEK,NMPZ,2025/02/03 10:35:00,2025/02/03 12:25:00,320,Aft_10078,111
Flt_38579,LXHP,GRIG,2025/02/03 10:40:00,2025/02/03 14:00:00,320,Aft_10121,202
Flt_38580,FIHQ,GRIG,2025/02/03 10:40:00,2025/02/03 13:10:00,320,Aft_10077,135
Flt_38581,OEQY,UQLN,2025/02/03 10:40:00,2025/02/03 13:15:00,320,Aft_10090,147
Flt_38582,SRNH,XGOB,2025/02/03 10:40:00,2025/02/03 12:55:00,320,Aft_10139,124
Flt_38583,XBQP,GRIG,2025/02/03 10:45:00,2025/02/03 14:00:00,320,Aft_10052,186
Flt_38584,HEYQ,GRIG,2025/02/03 10:45:00,2025/02/03 14:10:00,320,Aft_10083,199
Flt_38585,WQLS,XGOB,2025/02/03 10:45:00,2025/02/03 12:10:00,319,Aft_10116,67
Flt_38586,SNFR,XGOB,2025/02/03 10:45:00,2025/02/03 13:50:00,321,Aft_10132,201
Flt_38587,CYBH,VTIR,2025/02/03 10:45:00,2025/02/03 13:30:00,321,Aft_10006,177
Flt_38588,PIEK,ERHL,2025/02/03 10:50:00,2025/02/03 12:40:00,320,Aft_10102,104
Flt_38589,WAVK,UQLN,2025/02/03 10:50:00,2025/02/03 13:05:00,319,Aft_10107,130
Flt_38590,XLXE,UQLN,2025/02/03 10:50:00,2025/02/03 13:30:00,321,Aft_10062,144
Flt_38591,OEQY,XGOB,2025/02/03 10:50:00,2025/02/03 13:45:00,321,Aft_10003,173
Flt_38592,EQTC,VBKF,2025/02/03 10:55:00,2025/02/03 13:25:00,320,Aft_10137,139
Flt_38593,CEUN,GRIG,2025/02/03 10:55:00,2025/02/03 14:10:00,320,Aft_10144,195
Flt_38594,AIZY,XGOB,2025/02/03 10:55:00,2025/02/03 13:00:00,319,Aft_10096,100
Flt_38595,GUZT,XGOB,2025/02/03 10:55:00,2025/02/03 12:15:00,319,Aft_10153,62
Flt_38596,CYBH,VTIR,2025/02/03 10:55:00,2025/02/03 13:55:00,321,Aft_10031,176
Flt_38597,AIZY,VBKF,2025/02/03 11:00:00,2025/02/03 13:35:00,319,Aft_10061,153
Flt_38598,XGOB,XLXE,2025/02/03 11:00:00,2025/02/03 13:35:00,321,Aft_10004,122
Flt_38599,NQQU,UQLN,2025/02/03 11:00:00,2025/02/03 14:00:00,320,Aft_10150,173
Flt_38600,XGOB,MQNB,2025/02/03 11:05:00,2025/02/03 13:25:00,320,Aft_10157,129
Flt_38601,JFWS,IAWP,2025/02/03 11:05:00,2025/02/03 13:05:00,319,Aft_10058,116
Flt_38602,XGOB,LUKE,2025/02/03 11:05:00,2025/02/03 12:25:00,321,Aft_10022,65
Flt_38603,CEUN,MVFV,2025/02/03 11:05:00,2025/02/03 13:15:00,319,Aft_10097,119
Flt_38604,ISAX,XGOB,2025/02/03 11:10:00,2025/02/03 14:20:00,321,Aft_10025,190
Flt_38605,LXHP,XGOB,2025/02/03 11:10:00,2025/02/03 13:50:00,320,Aft_10089,162
Flt_38606,PIEK,HMAL,2025/02/03 11:20:00,2025/02/03 12:55:00,320,Aft_10047,84
Flt_38607,IAWP,CXOJ,2025/02/03 11:25:00,2025/02/03 14:50:00,320,Aft_10071,218
Flt_38608,NJCK,GRIG,2025/02/03 11:25:00,2025/02/03 13:05:00,320,Aft_10005,82
Flt_38609,ERHL,XGOB,2025/02/03 11:25:00,2025/02/03 13:20:00,319,Aft_10091,105
Flt_38610,OSYY,XGOB,2025/02/03 11:25:00,2025/02/03 13:40:00,321,Aft_10151,121
Flt_38611,XGOB,ERHL,2025/02/03 11:35:00,2025/02/03 13:25:00,320,Aft_10101,114
Flt_38612,FRMU,SNFR,2025/02/03 11:35:00,2025/02/03 13:35:00,321,Aft_10080,110
Flt_38613,MKHW,XGOB,2025/02/03 11:35:00,2025/02/03 13:25:00,320,Aft_10075,96
Flt_38614,MVFV,XGOB,2025/02/03 11:35:00,2025/02/03 16:15:00,321,Aft_10095,257
Flt_38615,XGOB,FQEW,2025/02/03 11:40:00,2025/02/03 13:45:00,319,Aft_10009,114
Flt_38616,XGOB,CILH,2025/02/03 11:40:00,2025/02/03 13:50:00,320,Aft_10126,124
Flt_38617,VORI,HBNQ,2025/02/03 11:40:00,2025/02/03 13:25:00,320,Aft_10068,99
Flt_38618,IDKG,XGOB,2025/02/03 11:40:00,2025/02/03 16:25:00,321,Aft_10140,259
Flt_38619,LXHP,IDKG,2025/02/03 11:40:00,2025/02/03 13:40:00,321,Aft_10134,125
Flt_38620,VSBC,JDEH,2025/02/03 11:45:00,2025/02/03 15:30:00,321,Aft_10036,228
Flt_38621,EYCX,ERHL,2025/02/03 11:45:00,2025/02/03 15:15:00,320,Aft_10049,193
Flt_38622,ERHL,HEYQ,2025/02/03 11:45:00,2025/02/03 14:55:00,320,Aft_10060,182
Flt_38623,XGOB,DYXX,2025/02/03 11:45:00,2025/02/03 14:25:00,320,Aft_10056,157
Flt_38624,EYCX,XGOB,2025/02/03 11:45:00,2025/02/03 14:10:00,321,Aft_10127,138
Flt_38625,VBRA,HMAL,2025/02/03 11:50:00,2025/02/03 13:55:00,320,Aft_10098,124
Flt_38626,QFGG,GRIG,2025/02/03 11:50:00,2025/02/03 13:20:00,320,Aft_10087,95
Flt_38627,VTIR,UQLN,2025/02/03 11:50:00,2025/02/03 16:20:00,321,Aft_10053,237
Flt_38628,GRIG,XGOB,2025/02/03 11:50:00,2025/02/03 13:30:00,320,Aft_10084,74
Flt_38629,VTIR,XGOB,2025/02/03 11:50:00,2025/02/03 17:00:00,321,Aft_10033,259
Flt_38630,XLXE,XGOB,2025/02/03 11:50:00,2025/02/03 14:40:00,321,Aft_10148,181
Flt_38631,OSYY,UQLN,2025/02/03 11:55:00,2025/02/03 14:00:00,321,Aft_10021,107
Flt_38632,CYBH,XGOB,2025/02/03 11:55:00,2025/02/03 15:35:00,321,Aft_10145,214
Flt_38633,VSBC,XGOB,2025/02/03 11:55:00,2025/02/03 14:25:00,321,Aft_10038,154
Flt_38634,XGOB,SXJJ,2025/02/03 11:55:00,2025/02/03 16:00:00,319,Aft_10019,270
Flt_38635,OMLA,VSBC,2025/02/03 12:00:00,2025/02/03 14:55:00,320,Aft_10099,180
Flt_38636,CLVM,ERHL,2025/02/03 12:00:00,2025/02/03 13:40:00,320,Aft_10076,90
Flt_38637,ZCUA,XGOB,2025/02/03 12:00:00,2025/02/03 14:40:00,320,Aft_10086,149
Flt_38638,ERHL,XGOB,2025/02/03 12:00:00,2025/02/03 13:45:00,320,Aft_10133,106
Flt_38639,MVFV,UQLN,2025/02/03 12:05:00,2025/02/03 16:00:00,321,Aft_10026,223
Flt_38640,PKEY,UQLN,2025/02/03 12:05:00,2025/02/03 14:05:00,320,Aft_10015,101
Flt_38641,CEUN,XGOB,2025/02/03 12:05:00,2025/02/03 15:00:00,320,Aft_10085,159
Flt_38642,VBKF,OSYY,2025/02/03 12:10:00,2025/02/03 14:40:00,320,Aft_10051,138
Flt_38643,CLVM,DDCZ,2025/02/03 12:10:00,2025/02/03 14:20:00,320,Aft_10093,122
Flt_38644,IXQM,SNFR,2025/02/03 12:10:00,2025/02/03 14:30:00,320,Aft_10081,144
Flt_38645,XGOB,LXHP,2025/02/03 12:10:00,2025/02/03 14:35:00,320,Aft_10063,126
Flt_38646,FFJA,UQLN,2025/02/03 12:10:00,2025/02/03 14:50:00,321,Aft_10017,163
Flt_38647,PADI,XGOB,2025/02/03 12:10:00,2025/02/03 15:45:00,321,Aft_10016,182
Flt_38648,XGOB,WAVK,2025/02/03 12:15:00,2025/02/03 14:20:00,321,Aft_10119,109
Flt_38649,AGEE,XGOB,2025/02/03 12:20:00,2025/02/03 16:30:00,319,Aft_10120,235
Flt_38650,VBKF,XGOB,2025/02/03 12:20:00,2025/02/03 14:20:00,320,Aft_10012,99
Flt_38651,JFWS,XGOB,2025/02/03 12:20:00,2025/02/03 14:15:00,319,Aft_10112,112
Flt_38652,PIEK,SNFR,2025/02/03 12:25:00,2025/02/03 15:05:00,320,Aft_10007,136
Flt_38653,AIZY,UQLN,2025/02/03 12:25:00,2025/02/03 14:40:00,319,Aft_10131,115
Flt_38654,JFWS,UQLN,2025/02/03 12:25:00,2025/02/03 15:05:00,319,Aft_10100,146
Flt_38655,XGOB,JFWS,2025/02/03 12:30:00,2025/02/03 15:15:00,319,Aft_10066,163
Flt_38656,XBQP,XGOB,2025/02/03 12:30:00,2025/02/03 15:50:00,321,Aft_10115,192
Flt_38657,XGOB,OSYY,2025/02/03 12:35:00,2025/02/03 14:40:00,320,Aft_10124,118
Flt_38658,MGVJ,XGOB,2025/02/03 12:35:00,2025/02/03 15:25:00,321,Aft_10149,173
Flt_38659,HEYQ,XGOB,2025/02/03 12:35:00,2025/02/03 15:55:00,321,Aft_10138,201
Flt_38660,NQQU,XGOB,2025/02/03 12:40:00,2025/02/03 15:45:00,321,Aft_10118,170
Flt_38661,XGOB,WVMU,2025/02/03 12:45:00,2025/02/03 17:15:00,320,Aft_10055,284
Flt_38662,UQLN,XLXE,2025/02/03 12:50:00,2025/02/03 14:45:00,321,Aft_10014,112
Flt_38663,XGOB,CYBH,2025/02/03 12:50:00,2025/02/03 15:15:00,321,Aft_10030,140
Flt_38664,NQQU,XGOB,2025/02/03 12:50:00,2025/02/03 16:15:00,319,Aft_10069,193
Flt_38665,XGOB,CXOJ,2025/02/03 12:50:00,2025/02/03 16:50:00,320,Aft_10048,227
Flt_38666,ISAX,VORI,2025/02/03 12:55:00,2025/02/03 14:50:00,320,Aft_10074,115
Flt_38667,JFWS,VBKF,2025/02/03 12:55:00,2025/02/03 15:40:00,319,Aft_10117,160
Flt_38668,LXHP,GRIG,2025/02/03 12:55:00,2025/02/03 16:25:00,320,Aft_10028,194
Flt_38669,CEUN,ZWIO,2025/02/03 12:55:00,2025/02/03 15:40:00,320,Aft_10010,158
Flt_38670,CXOJ,XGOB,2025/02/03 12:55:00,2025/02/03 16:40:00,320,Aft_10040,181
Flt_38671,FRMU,XGOB,2025/02/03 12:55:00,2025/02/03 15:30:00,321,Aft_10008,150
Flt_38672,UQLN,OEQY,2025/02/03 13:00:00,2025/02/03 15:00:00,320,Aft_10027,110
Flt_38673,UQLN,WZBQ,2025/02/03 13:00:00,2025/02/03 15:35:00,320,Aft_10123,131
Flt_38674,XGOB,FRMU,2025/02/03 13:00:00,2025/02/03 15:25:00,321,Aft_10002,132
Flt_38675,UQLN,VBRA,2025/02/03 13:00:00,2025/02/03 14:35:00,320,Aft_10113,79
Flt_38676,CYBH,VTIR,2025/02/03 13:00:00,2025/02/03 15:50:00,321,Aft_10082,179
Flt_38677,MGVJ,UQLN,2025/02/03 13:05:00,2025/02/03 15:35:00,320,Aft_10029,141
Flt_38678,DEPY,UQLN,2025/02/03 13:05:00,2025/02/03 15:00:00,320,Aft_10105,108
Flt_38679,VSBC,XGOB,2025/02/03 13:05:00,2025/02/03 15:25:00,320,Aft_10034,148
Flt_38680,BQKE,JDEH,2025/02/03 13:10:00,2025/02/03 15:30:00,320,Aft_10125,129
Flt_38681,CLVM,FRMU,2025/02/03 13:10:00,2025/02/03 15:30:00,320,Aft_10146,116
Flt_38682,OEQY,VBKF,2025/02/03 13:10:00,2025/02/03 16:05:00,320,Aft_10045,177
Flt_38683,DDCZ,XGOB,2025/02/03 13:10:00,2025/02/03 15:45:00,320,Aft_10111,173
Flt_38684,NMPZ,XGOB,2025/02/03 13:10:00,2025/02/03 14:55:00,320,Aft_10078,99
Flt_38685,UUKJ,XGOB,2025/02/03 13:10:00,2025/02/03 16:15:00,321,Aft_10114,174
Flt_38686,LUKE,XGOB,2025/02/03 13:10:00,2025/02/03 14:25:00,321,Aft_10022,61
Flt_38687,SRNH,IDKG,2025/02/03 13:10:00,2025/02/03 15:45:00,320,Aft_10044,162
Flt_38688,XGOB,ENRV,2025/02/03 13:15:00,2025/02/03 15:15:00,319,Aft_10116,117
Flt_38689,XGOB,PKEY,2025/02/03 13:15:00,2025/02/03 15:00:00,320,Aft_10122,104
Flt_38690,NMPZ,JFWS,2025/02/03 13:15:00,2025/02/03 15:50:00,319,Aft_10136,140
Flt_38691,XGOB,VBRA,2025/02/03 13:20:00,2025/02/03 15:05:00,320,Aft_10023,110
Flt_38692,XGOB,ERHL,2025/02/03 13:20:00,2025/02/03 15:25:00,319,Aft_10129,110
Flt_38693,XGOB,CEUN,2025/02/03 13:20:00,2025/02/03 15:40:00,320,Aft_10070,127
Flt_38694,XGOB,CZCU,2025/02/03 13:20:00,2025/02/03 17:20:00,319,Aft_10153,239
Flt_38695,XGOB,OEQY,2025/02/03 13:25:00,2025/02/03 15:40:00,320,Aft_10073,137
Flt_38696,CZCU,XGOB,2025/02/03 13:25:00,2025/02/03 17:10:00,320,Aft_10141,188
Flt_38697,EYCX,IDKG,2025/02/03 13:25:00,2025/02/03 16:10:00,320,Aft_10128,165
Flt_38698,XGOB,FCEO,2025/02/03 13:30:00,2025/02/03 16:45:00,321,Aft_10065,178
Flt_38699,XGOB,WZBQ,2025/02/03 13:30:00,2025/02/03 16:15:00,321,Aft_10041,162
Flt_38700,ERHL,PIEK,2025/02/03 13:30:00,2025/02/03 15:15:00,320,Aft_10102,100
Flt_38701,IDKG,XGOB,2025/02/03 13:30:00,2025/02/03 17:50:00,321,Aft_10142,271
Flt_38702,UQLN,FRMU,2025/02/03 13:35:00,2025/02/03 15:30:00,320,Aft_10054,117
Flt_38703,ERHL,ZWIO,2025/02/03 13:35:00,2025/02/03 15:20:00,320,Aft_10039,90
Flt_38704,XGOB,FRMU,2025/02/03 13:40:00,2025/02/03 16:05:00,320,Aft_10104,125
Flt_38705,XGOB,DEPY,2025/02/03 13:40:00,2025/02/03 15:10:00,319,Aft_10079,87
Flt_38706,WZBQ,XGOB,2025/02/03 13:40:00,2025/02/03 17:00:00,321,Aft_10059,173
Flt_38707,LUKE,PIEK,2025/02/03 13:45:00,2025/02/03 14:45:00,320,Aft_10072,49
Flt_38708,GRIG,SNFR,2025/02/03 13:50:00,2025/02/03 16:35:00,320,Aft_10067,150
Flt_38709,IAWP,JFWS,2025/02/03 13:50:00,2025/02/03 16:15:00,319,Aft_10058,156
Flt_38710,XLXE,XGOB,2025/02/03 13:50:00,2025/02/03 16:40:00,321,Aft_10094,167
Flt_38711,XGOB,JDEH,2025/02/03 13:55:00,2025/02/03 16:40:00,321,Aft_10032,169
Flt_38712,HMAL,PIEK,2025/02/03 13:55:00,2025/02/03 15:45:00,320,Aft_10047,97
Flt_38713,UQLN,VORI,2025/02/03 14:00:00,2025/02/03 15:25:00,321,Aft_10057,85
Flt_38714,GRIG,ELBQ,2025/02/03 14:00:00,2025/02/03 15:25:00,320,Aft_10018,92
Flt_38715,XGOB,GTVX,2025/02/03 14:00:00,2025/02/03 19:00:00,320,Aft_10162,300
Flt_38716,HBNQ,VORI,2025/02/03 14:10:00,2025/02/03 16:10:00,320,Aft_10068,114
Flt_38717,XGOB,FCHN,2025/02/03 14:10:00,2025/02/03 16:05:00,319,Aft_10096,107
Flt_38718,UQLN,BQKE,2025/02/03 14:10:00,2025/02/03 15:50:00,319,Aft_10107,93
Flt_38719,XGOB,PADI,2025/02/03 14:10:00,2025/02/03 16:40:00,320,Aft_10139,133
Flt_38720,GRIG,QFGG,2025/02/03 14:10:00,2025/02/03 16:05:00,320,Aft_10088,106
Flt_38721,CXOJ,XGOB,2025/02/03 14:10:00,2025/02/03 17:50:00,320,Aft_10154,202
Flt_38722,ERHL,XGOB,2025/02/03 14:10:00,2025/02/03 15:40:00,320,Aft_10101,103
Flt_38723,VTIR,VORI,2025/02/03 14:15:00,2025/02/03 18:10:00,321,Aft_10046,255
Flt_38724,MQNB,XGOB,2025/02/03 14:15:00,2025/02/03 17:05:00,320,Aft_10157,161
Flt_38725,QHPU,XGOB,2025/02/03 14:15:00,2025/02/03 17:50:00,321,Aft_10011,219
Flt_38726,UQLN,EYCX,2025/02/03 14:20:00,2025/02/03 16:05:00,321,Aft_10042,102
Flt_38727,NQQU,VSBC,2025/02/03 14:20:00,2025/02/03 17:10:00,320,Aft_10064,161
Flt_38728,GRIG,FIHQ,2025/02/03 14:20:00,2025/02/03 16:40:00,320,Aft_10077,156
Flt_38729,DDCZ,LXHP,2025/02/03 14:20:00,2025/02/03 16:45:00,320,Aft_10130,157
Flt_38730,MVFV,CEUN,2025/02/03 14:20:00,2025/02/03 16:30:00,319,Aft_10097,119
Flt_38731,CXOJ,VBKF,2025/02/03 14:30:00,2025/02/03 17:45:00,320,Aft_10143,174
Flt_38732,XGOB,MVFV,2025/02/03 14:30:00,2025/02/03 17:40:00,320,Aft_10075,189
Flt_38733,UQLN,HEYQ,2025/02/03 14:35:00,2025/02/03 16:50:00,321,Aft_10024,136
Flt_38734,KAIG,XGOB,2025/02/03 14:35:00,2025/02/03 17:35:00,319,Aft_10110,152
Flt_38735,FQEW,XGOB,2025/02/03 14:35:00,2025/02/03 17:15:00,319,Aft_10009,140
Flt_38736,XGOB,FWCS,2025/02/03 14:40:00,2025/02/03 18:40:00,321,Aft_10135,220
Flt_38737,VTIR,CYBH,2025/02/03 14:40:00,2025/02/03 17:40:00,321,Aft_10006,172
Flt_38738,UQLN,NQQU,2025/02/03 14:40:00,2025/02/03 16:50:00,320,Aft_10090,138
Flt_38739,GTVX,XGOB,2025/02/03 14:40:00,2025/02/03 19:10:00,321,Aft_10147,232
Flt_38740,UQLN,DDCZ,2025/02/03 14:45:00,2025/02/03 16:55:00,321,Aft_10062,132
Flt_38741,ERHL,CLVM,2025/02/03 14:45:00,2025/02/03 16:20:00,320,Aft_10076,98
Flt_38742,SNFR,IDKG,2025/02/03 14:45:00,2025/02/03 17:45:00,321,Aft_10080,182
Flt_38743,VTIR,EYCX,2025/02/03 14:50:00,2025/02/03 18:00:00,320,Aft_10161,179
Flt_38744,IDKG,LXHP,2025/02/03 14:50:00,2025/02/03 16:55:00,321,Aft_10134,125
Flt_38745,XGOB,DKZJ,2025/02/03 14:50:00,2025/02/03 18:55:00,320,Aft_10133,250
Flt_38746,FQEW,MVFV,2025/02/03 14:55:00,2025/02/03 16:55:00,321,Aft_10013,126
Flt_38747,XGOB,UIOI,2025/02/03 14:55:00,2025/02/03 17:35:00,321,Aft_10151,146
Flt_38748,XGOB,EQTC,2025/02/03 14:55:00,2025/02/03 17:40:00,320,Aft_10089,144
Flt_38749,VTIR,GGQY,2025/02/03 14:55:00,2025/02/03 17:05:00,321,Aft_10031,110
Flt_38750,XLXE,XGOB,2025/02/03 14:55:00,2025/02/03 17:45:00,321,Aft_10004,172
Flt_38751,XGOB,FRMU,2025/02/03 15:00:00,2025/02/03 17:25:00,320,Aft_10084,127
Flt_38752,XGOB,SNFR,2025/02/03 15:00:00,2025/02/03 17:40:00,321,Aft_10043,130
Flt_38753,XGOB,XLXE,2025/02/03 15:00:00,2025/02/03 17:30:00,321,Aft_10132,124
Flt_38754,XGOB,FFJA,2025/02/03 15:00:00,2025/02/03 17:30:00,321,Aft_10003,126
Flt_38755,CILH,XGOB,2025/02/03 15:00:00,2025/02/03 17:40:00,320,Aft_10126,151
Flt_38756,UQLN,SNFR,2025/02/03 15:05:00,2025/02/03 17:00:00,321,Aft_10021,118
Flt_38757,DDCZ,CLVM,2025/02/03 15:05:00,2025/02/03 17:30:00,320,Aft_10093,157
Flt_38758,UQLN,VTIR,2025/02/03 15:05:00,2025/02/03 18:30:00,321,Aft_10035,216
Flt_38759,MBMY,VTIR,2025/02/03 15:05:00,2025/02/03 20:05:00,321,Aft_10050,313
Flt_38760,CXOJ,WZBQ,2025/02/03 15:10:00,2025/02/03 19:15:00,321,Aft_10158,224
Flt_38761,HMAL,VBRA,2025/02/03 15:10:00,2025/02/03 17:05:00,320,Aft_10098,112
Flt_38762,XGOB,VLBZ,2025/02/03 15:10:00,2025/02/03 16:25:00,319,Aft_10091,73
Flt_38763,YLTL,XGOB,2025/02/03 15:10:00,2025/02/03 20:35:00,321,Aft_10156,354
Flt_38764,DYXX,QHPU,2025/02/03 15:10:00,2025/02/03 16:15:00,320,Aft_10056,69
Flt_38765,UQLN,GRIG,2025/02/03 15:15:00,2025/02/03 16:50:00,320,Aft_10015,88
Flt_38766,WAVK,XGOB,2025/02/03 15:20:00,2025/02/03 17:50:00,321,Aft_10119,169
Flt_38767,XGOB,UUKJ,2025/02/03 15:25:00,2025/02/03 18:45:00,321,Aft_10109,179
Flt_38768,OSYY,VBKF,2025/02/03 15:25:00,2025/02/03 17:55:00,320,Aft_10051,162
Flt_38769,OSYY,XGOB,2025/02/03 15:25:00,2025/02/03 17:40:00,320,Aft_10124,126
Flt_38770,OEQY,XGOB,2025/02/03 15:25:00,2025/02/03 18:00:00,321,Aft_10103,169
Flt_38771,XGOB,WZBQ,2025/02/03 15:30:00,2025/02/03 18:15:00,321,Aft_10022,135
Flt_38772,XGOB,VORI,2025/02/03 15:30:00,2025/02/03 17:20:00,321,Aft_10127,94
Flt_38773,PIEK,XLXE,2025/02/03 15:30:00,2025/02/03 17:45:00,320,Aft_10072,122
Flt_38774,XGOB,JFWS,2025/02/03 15:30:00,2025/02/03 18:25:00,319,Aft_10112,157
Flt_38775,XGOB,DDCZ,2025/02/03 15:35:00,2025/02/03 18:10:00,321,Aft_10038,132
Flt_38776,XGOB,VBKF,2025/02/03 15:35:00,2025/02/03 17:20:00,320,Aft_10012,85
Flt_38777,GRIG,CEUN,2025/02/03 15:35:00,2025/02/03 18:20:00,320,Aft_10005,148
Flt_38778,GRIG,XGOB,2025/02/03 15:35:00,2025/02/03 17:15:00,320,Aft_10121,83
Flt_38779,UQLN,FWCS,2025/02/03 15:40:00,2025/02/03 19:50:00,320,Aft_10020,225
Flt_38780,XGOB,NLWE,2025/02/03 15:40:00,2025/02/03 18:15:00,320,Aft_10086,155
Flt_38781,LXHP,XGOB,2025/02/03 15:40:00,2025/02/03 18:30:00,320,Aft_10063,161
Flt_38782,SNFR,VTIR,2025/02/03 15:40:00,2025/02/03 19:15:00,320,Aft_10081,193
Flt_38783,HEYQ,ERHL,2025/02/03 15:45:00,2025/02/03 19:45:00,320,Aft_10060,236
Flt_38784,XLXE,UQLN,2025/02/03 15:50:00,2025/02/03 18:20:00,321,Aft_10014,134
Flt_38785,PKEY,XGOB,2025/02/03 15:50:00,2025/02/03 17:55:00,320,Aft_10122,125
Flt_38786,VORI,CLVM,2025/02/03 15:50:00,2025/02/03 17:50:00,320,Aft_10074,110
Flt_38787,XGOB,PSIL,2025/02/03 15:55:00,2025/02/03 18:05:00,320,Aft_10152,120
Flt_38788,VSBC,OMLA,2025/02/03 15:55:00,2025/02/03 18:50:00,320,Aft_10099,149
Flt_38789,DEPY,XGOB,2025/02/03 15:55:00,2025/02/03 18:00:00,319,Aft_10079,96
Flt_38790,ERHL,EYCX,2025/02/03 16:00:00,2025/02/03 19:05:00,320,Aft_10049,186
Flt_38791,XGOB,NJTU,2025/02/03 16:00:00,2025/02/03 18:35:00,321,Aft_10025,128
Flt_38792,PIEK,VBKF,2025/02/03 16:00:00,2025/02/03 17:40:00,320,Aft_10102,107
Flt_38793,XGOB,CYBH,2025/02/03 16:00:00,2025/02/03 18:40:00,321,Aft_10148,146
Flt_38794,ENRV,XGOB,2025/02/03 16:00:00,2025/02/03 18:25:00,319,Aft_10116,142
Flt_38795,UQLN,UUKJ,2025/02/03 16:05:00,2025/02/03 19:20:00,320,Aft_10105,201
Flt_38796,UQLN,DEPY,2025/02/03 16:05:00,2025/02/03 18:00:00,320,Aft_10150,121
Flt_38797,XGOB,NMPZ,2025/02/03 16:05:00,2025/02/03 17:40:00,320,Aft_10085,100
Flt_38798,UQLN,XBQP,2025/02/03 16:05:00,2025/02/03 18:20:00,321,Aft_10017,125
Flt_38799,XGOB,NQQU,2025/02/03 16:05:00,2025/02/03 18:45:00,320,Aft_10078,129
Flt_38800,VBRA,UQLN,2025/02/03 16:05:00,2025/02/03 17:45:00,320,Aft_10023,94
Flt_38801,XGOB,XLXE,2025/02/03 16:10:00,2025/02/03 18:25:00,320,Aft_10111,128
Flt_38802,ELBQ,OEQY,2025/02/03 16:10:00,2025/02/03 17:10:00,320,Aft_10018,63
Flt_38803,VBKF,JFWS,2025/02/03 16:10:00,2025/02/03 19:35:00,319,Aft_10061,198
Flt_38804,VBRA,XGOB,2025/02/03 16:10:00,2025/02/03 18:10:00,320,Aft_10113,130
Flt_38805,ERHL,XGOB,2025/02/03 16:10:00,2025/02/03 18:15:00,319,Aft_10129,107
Flt_38806,GRIG,CYBH,2025/02/03 16:15:00,2025/02/03 19:20:00,320,Aft_10144,177
Flt_38807,OEQY,UQLN,2025/02/03 16:15:00,2025/02/03 18:30:00,320,Aft_10027,143
Flt_38808,ZWIO,SNFR,2025/02/03 16:20:00,2025/02/03 18:30:00,320,Aft_10039,124
Flt_38809,CXOJ,IAWP,2025/02/03 16:20:00,2025/02/03 19:40:00,320,Aft_10071,166
Flt_38810,JFWS,XGOB,2025/02/03 16:20:00,2025/02/03 18:15:00,319,Aft_10066,126
Flt_38811,VORI,UQLN,2025/02/03 16:25:00,2025/02/03 18:10:00,321,Aft_10057,87
Flt_38812,CEUN,XGOB,2025/02/03 16:25:00,2025/02/03 19:10:00,320,Aft_10070,179
Flt_38813,JDEH,BQKE,2025/02/03 16:30:00,2025/02/03 18:45:00,320,Aft_10125,125
Flt_38814,CYBH,XGOB,2025/02/03 16:30:00,2025/02/03 19:55:00,321,Aft_10030,225
Flt_38815,XGOB,LUKE,2025/02/03 16:30:00,2025/02/03 17:30:00,320,Aft_10034,66
Flt_38816,PIEK,CXOJ,2025/02/03 16:30:00,2025/02/03 20:35:00,320,Aft_10047,254
Flt_38817,GRIG,XLXE,2025/02/03 16:35:00,2025/02/03 19:10:00,320,Aft_10052,140
Flt_38818,IDKG,SRNH,2025/02/03 16:40:00,2025/02/03 19:55:00,320,Aft_10044,161
Flt_38819,UQLN,VSBC,2025/02/03 16:40:00,2025/02/03 18:40:00,320,Aft_10029,113
Flt_38820,JFWS,NMPZ,2025/02/03 16:40:00,2025/02/03 18:40:00,319,Aft_10136,117
Flt_38821,ZWIO,CEUN,2025/02/03 16:40:00,2025/02/03 18:55:00,320,Aft_10010,127
Flt_38822,BQKE,TIMH,2025/02/03 16:40:00,2025/02/03 18:00:00,319,Aft_10107,78
Flt_38823,FRMU,XGOB,2025/02/03 16:40:00,2025/02/03 18:55:00,321,Aft_10002,151
Flt_38824,XGOB,OEQY,2025/02/03 16:45:00,2025/02/03 19:00:00,320,Aft_10101,125
Flt_38825,FRMU,UQLN,2025/02/03 16:45:00,2025/02/03 18:55:00,320,Aft_10054,130
Flt_38826,FRMU,PIEK,2025/02/03 16:45:00,2025/02/03 18:55:00,320,Aft_10146,125
Flt_38827,XGOB,DDCZ,2025/02/03 16:50:00,2025/02/03 19:15:00,321,Aft_10118,132
Flt_38828,QFGG,LXHP,2025/02/03 16:50:00,2025/02/03 19:00:00,320,Aft_10088,120
Flt_38829,JDEH,HEYQ,2025/02/03 16:50:00,2025/02/03 18:55:00,321,Aft_10036,118
Flt_38830,VTIR,CYBH,2025/02/03 16:50:00,2025/02/03 20:10:00,321,Aft_10082,170
Flt_38831,WZBQ,UQLN,2025/02/03 16:50:00,2025/02/03 19:50:00,320,Aft_10123,169
Flt_38832,FCHN,XGOB,2025/02/03 16:50:00,2025/02/03 18:35:00,319,Aft_10096,94
Flt_38833,GRIG,HEYQ,2025/02/03 16:55:00,2025/02/03 19:35:00,320,Aft_10083,151
Flt_38834,OEQY,XGOB,2025/02/03 16:55:00,2025/02/03 20:00:00,320,Aft_10073,159
Flt_38835,VBKF,MVFV,2025/02/03 16:55:00,2025/02/03 19:35:00,319,Aft_10117,149
Flt_38836,IDKG,EYCX,2025/02/03 17:00:00,2025/02/03 19:50:00,320,Aft_10128,162
Flt_38837,XGOB,VSBC,2025/02/03 17:00:00,2025/02/03 19:05:00,321,Aft_10149,119
Flt_38838,XGOB,HEYQ,2025/02/03 17:00:00,2025/02/03 19:40:00,321,Aft_10138,142
Flt_38839,UQLN,EQTC,2025/02/03 17:00:00,2025/02/03 19:35:00,319,Aft_10131,140
Flt_38840,PZRI,XGOB,2025/02/03 17:00:00,2025/02/03 21:30:00,321,Aft_10155,273
Flt_38841,SXJJ,XGOB,2025/02/03 17:00:00,2025/02/03 21:00:00,319,Aft_10019,210
Flt_38842,XGOB,XBQP,2025/02/03 17:05:00,2025/02/03 20:00:00,321,Aft_10106,147
Flt_38843,CLVM,SNFR,2025/02/03 17:05:00,2025/02/03 19:40:00,320,Aft_10076,138
Flt_38844,UQLN,XLXE,2025/02/03 17:05:00,2025/02/03 18:55:00,321,Aft_10026,106
Flt_38845,EYCX,UQLN,2025/02/03 17:05:00,2025/02/03 19:20:00,321,Aft_10042,106
Flt_38846,XGOB,MVFV,2025/02/03 17:05:00,2025/02/03 20:35:00,321,Aft_10145,189
Flt_38847,VLBZ,XGOB,2025/02/03 17:10:00,2025/02/03 18:30:00,319,Aft_10091,86
Flt_38848,FRMU,XGOB,2025/02/03 17:10:00,2025/02/03 19:30:00,320,Aft_10104,144
Flt_38849,GRIG,FRMU,2025/02/03 17:15:00,2025/02/03 19:15:00,320,Aft_10028,112
Flt_38850,SNFR,MKHW,2025/02/03 17:15:00,2025/02/03 21:10:00,320,Aft_10007,259
Flt_38851,VORI,XGOB,2025/02/03 17:15:00,2025/02/03 19:30:00,320,Aft_10068,120
Flt_38852,VBKF,IDKG,2025/02/03 17:15:00,2025/02/03 20:10:00,320,Aft_10137,176
Flt_38853,VBKF,CYBH,2025/02/03 17:20:00,2025/02/03 19:35:00,320,Aft_10045,121
Flt_38854,QHPU,DYXX,2025/02/03 17:20:00,2025/02/03 18:40:00,320,Aft_10056,72
Flt_38855,XGOB,CEUN,2025/02/03 17:20:00,2025/02/03 19:45:00,321,Aft_10114,128
Flt_38856,FIHQ,WZBQ,2025/02/03 17:25:00,2025/02/03 19:30:00,320,Aft_10077,110
Flt_38857,JFWS,UQLN,2025/02/03 17:25:00,2025/02/03 20:00:00,319,Aft_10058,145
Flt_38858,XGOB,WZBQ,2025/02/03 17:30:00,2025/02/03 20:15:00,321,Aft_10008,152
Flt_38859,CEUN,GRIG,2025/02/03 17:30:00,2025/02/03 20:45:00,319,Aft_10097,194
Flt_38860,PADI,XGOB,2025/02/03 17:30:00,2025/02/03 20:35:00,320,Aft_10139,194
Flt_38861,XGOB,HIYN,2025/02/03 17:35:00,2025/02/03 19:20:00,319,Aft_10120,91
Flt_38862,DDCZ,UQLN,2025/02/03 17:40:00,2025/02/03 20:00:00,321,Aft_10062,155
Flt_38863,WZBQ,XGOB,2025/02/03 17:40:00,2025/02/03 21:00:00,321,Aft_10041,177
Flt_38864,JDEH,XGOB,2025/02/03 17:45:00,2025/02/03 21:00:00,321,Aft_10032,191
Flt_38865,LXHP,VTIR,2025/02/03 17:45:00,2025/02/03 20:15:00,320,Aft_10130,128
Flt_38866,SNFR,FRMU,2025/02/03 17:50:00,2025/02/03 20:30:00,320,Aft_10067,147
Flt_38867,NQQU,UQLN,2025/02/03 17:50:00,2025/02/03 20:55:00,320,Aft_10090,167
Flt_38868,MVFV,FQEW,2025/02/03 17:55:00,2025/02/03 20:10:00,321,Aft_10013,120
Flt_38869,XGOB,FCHN,2025/02/03 17:55:00,2025/02/03 20:05:00,319,Aft_10069,100
Flt_38870,XGOB,VBRA,2025/02/03 18:00:00,2025/02/03 19:45:00,321,Aft_10095,103
Flt_38871,UQLN,PADI,2025/02/03 18:00:00,2025/02/03 20:15:00,319,Aft_10100,122
Flt_38872,WVMU,XGOB,2025/02/03 18:00:00,2025/02/03 22:10:00,320,Aft_10055,210
Flt_38873,CXOJ,XGOB,2025/02/03 18:00:00,2025/02/03 21:45:00,320,Aft_10048,192
Flt_38874,XGOB,QFPG,2025/02/03 18:05:00,2025/02/03 20:35:00,321,Aft_10140,138
Flt_38875,XGOB,VORI,2025/02/03 18:05:00,2025/02/03 20:00:00,321,Aft_10115,96
Flt_38876,LXHP,MBMY,2025/02/03 18:05:00,2025/02/03 21:40:00,321,Aft_10134,219
Flt_38877,XGOB,SNFR,2025/02/03 18:05:00,2025/02/03 20:35:00,321,Aft_10033,134
Flt_38878,FCEO,XGOB,2025/02/03 18:05:00,2025/02/03 21:45:00,321,Aft_10065,228
Flt_38879,CZCU,XGOB,2025/02/03 18:05:00,2025/02/03 21:55:00,319,Aft_10153,192
Flt_38880,GRIG,RSIH,2025/02/03 18:05:00,2025/02/03 19:50:00,320,Aft_10015,106
Flt_38881,VBRA,VTIR,2025/02/03 18:05:00,2025/02/03 21:30:00,320,Aft_10098,195
Flt_38882,HEYQ,UQLN,2025/02/03 18:10:00,2025/02/03 21:05:00,321,Aft_10024,167
Flt_38883,XGOB,WAVK,2025/02/03 18:15:00,2025/02/03 20:20:00,321,Aft_10059,107
Flt_38884,VSBC,NQQU,2025/02/03 18:15:00,2025/02/03 20:25:00,320,Aft_10064,122
Flt_38885,CLVM,CXOJ,2025/02/03 18:15:00,2025/02/03 21:55:00,320,Aft_10093,251
Flt_38886,VORI,XGOB,2025/02/03 18:20:00,2025/02/03 20:00:00,321,Aft_10127,118
Flt_38887,NMPZ,PIEK,2025/02/03 18:25:00,2025/02/03 20:10:00,320,Aft_10085,101
Flt_38888,XGOB,NRTE,2025/02/03 18:35:00,2025/02/03 23:20:00,321,Aft_10094,273
Flt_38889,CLVM,WZBQ,2025/02/03 18:35:00,2025/02/03 21:10:00,320,Aft_10074,160
Flt_38890,IDKG,SNFR,2025/02/03 18:35:00,2025/02/03 21:35:00,321,Aft_10080,200
Flt_38891,XGOB,XLXE,2025/02/03 18:35:00,2025/02/03 21:00:00,320,Aft_10121,124
Flt_38892,UIOI,XGOB,2025/02/03 18:40:00,2025/02/03 21:20:00,321,Aft_10151,158
Flt_38893,FFJA,XGOB,2025/02/03 18:40:00,2025/02/03 22:00:00,321,Aft_10003,208
Flt_38894,TIMH,BQKE,2025/02/03 18:45:00,2025/02/03 20:30:00,319,Aft_10107,94
Flt_38895,CYBH,UQLN,2025/02/03 18:45:00,2025/02/03 22:05:00,321,Aft_10006,185
Flt_38896,MVFV,XGOB,2025/02/03 18:45:00,2025/02/03 23:00:00,320,Aft_10075,249
Flt_38897,XLXE,XGOB,2025/02/03 18:45:00,2025/02/03 21:45:00,321,Aft_10132,176
Flt_38898,XGOB,HMAL,2025/02/03 18:50:00,2025/02/03 21:00:00,319,Aft_10009,102
Flt_38899,VBKF,GRIG,2025/02/03 18:50:00,2025/02/03 20:55:00,320,Aft_10143,133
Flt_38900,VBKF,GGQY,2025/02/03 18:50:00,2025/02/03 20:45:00,320,Aft_10102,119
Flt_38901,SNFR,UQLN,2025/02/03 18:50:00,2025/02/03 21:50:00,321,Aft_10021,182
Flt_38902,PSIL,XGOB,2025/02/03 18:50:00,2025/02/03 21:15:00,320,Aft_10152,129
Flt_38903,OEQY,ELBQ,2025/02/03 18:55:00,2025/02/03 20:10:00,320,Aft_10018,69
Flt_38904,UQLN,OMLA,2025/02/03 18:55:00,2025/02/03 21:05:00,320,Aft_10023,119
Flt_38905,XLXE,PIEK,2025/02/03 18:55:00,2025/02/03 21:40:00,320,Aft_10072,176
Flt_38906,SNFR,XGOB,2025/02/03 18:55:00,2025/02/03 22:20:00,321,Aft_10043,208
Flt_38907,XGOB,XNVE,2025/02/03 19:00:00,2025/02/03 21:05:00,320,Aft_10126,116
Flt_38908,DEPY,SNFR,2025/02/03 19:00:00,2025/02/03 21:45:00,320,Aft_10150,160
Flt_38909,XGOB,CBGX,2025/02/03 19:00:00,2025/02/03 20:10:00,319,Aft_10079,55
Flt_38910,NLWE,XGOB,2025/02/03 19:00:00,2025/02/03 21:45:00,320,Aft_10086,137
Flt_38911,DDCZ,XGOB,2025/02/03 19:00:00,2025/02/03 22:00:00,321,Aft_10038,183
Flt_38912,VORI,MBMY,2025/02/03 19:05:00,2025/02/03 21:15:00,321,Aft_10046,135
Flt_38913,XGOB,CILH,2025/02/03 19:05:00,2025/02/03 21:25:00,321,Aft_10016,124
Flt_38914,UQLN,MBMY,2025/02/03 19:05:00,2025/02/03 21:30:00,321,Aft_10053,126
Flt_38915,XGOB,MKHW,2025/02/03 19:05:00,2025/02/03 21:10:00,320,Aft_10154,104
Flt_38916,EYCX,GRIG,2025/02/03 19:05:00,2025/02/03 21:55:00,320,Aft_10161,171
Flt_38917,VBKF,CLVM,2025/02/03 19:05:00,2025/02/03 20:45:00,320,Aft_10012,99
Flt_38918,VBKF,VTIR,2025/02/03 19:05:00,2025/02/03 22:15:00,320,Aft_10051,178
Flt_38919,XGOB,ENRV,2025/02/03 19:10:00,2025/02/03 21:10:00,319,Aft_10110,121
Flt_38920,XGOB,KNKY,2025/02/03 19:10:00,2025/02/03 20:50:00,319,Aft_10066,84
Flt_38921,FRMU,XGOB,2025/02/03 19:10:00,2025/02/03 21:45:00,320,Aft_10084,138
Flt_38922,EQTC,XGOB,2025/02/03 19:10:00,2025/02/03 22:20:00,320,Aft_10089,194
Flt_38923,XGOB,SNFR,2025/02/03 19:15:00,2025/02/03 21:50:00,320,Aft_10122,124
Flt_38924,XGOB,FFJA,2025/02/03 19:15:00,2025/02/03 21:30:00,321,Aft_10103,132
Flt_38925,XGOB,OEQY,2025/02/03 19:20:00,2025/02/03 21:40:00,321,Aft_10004,135
Flt_38926,UQLN,OEQY,2025/02/03 19:20:00,2025/02/03 21:25:00,321,Aft_10057,116
Flt_38927,XGOB,ERHL,2025/02/03 19:20:00,2025/02/03 21:10:00,319,Aft_10116,103
Flt_38928,XBQP,UQLN,2025/02/03 19:20:00,2025/02/03 22:30:00,321,Aft_10017,181
Flt_38929,NJTU,XGOB,2025/02/03 19:20:00,2025/02/03 21:55:00,321,Aft_10025,148
Flt_38930,CEUN,VTIR,2025/02/03 19:20:00,2025/02/03 22:00:00,320,Aft_10005,152
Flt_38931,NMPZ,CXOJ,2025/02/03 19:25:00,2025/02/03 22:20:00,319,Aft_10136,173
Flt_38932,XGOB,FRMU,2025/02/03 19:30:00,2025/02/03 21:45:00,321,Aft_10011,125
Flt_38933,JFWS,XGOB,2025/02/03 19:30:00,2025/02/03 21:25:00,319,Aft_10112,116
Flt_38934,UQLN,DEPY,2025/02/03 19:35:00,2025/02/03 21:15:00,320,Aft_10027,107
Flt_38935,DYXX,XGOB,2025/02/03 19:35:00,2025/02/03 23:05:00,320,Aft_10056,210
Flt_38936,NQQU,XGOB,2025/02/03 19:35:00,2025/02/03 22:40:00,320,Aft_10078,189
Flt_38937,XGOB,VKRE,2025/02/03 19:40:00,2025/02/03 21:15:00,319,Aft_10096,83
Flt_38938,VTIR,UQLN,2025/02/03 19:40:00,2025/02/03 23:45:00,321,Aft_10035,267
Flt_38939,XLXE,XGOB,2025/02/03 19:40:00,2025/02/03 22:35:00,320,Aft_10111,171
Flt_38940,DKZJ,XGOB,2025/02/03 19:40:00,2025/02/03 23:30:00,320,Aft_10133,193
Flt_38941,WZBQ,XGOB,2025/02/03 19:40:00,2025/02/03 22:40:00,321,Aft_10022,163
Flt_38942,UQLN,WZBQ,2025/02/03 19:45:00,2025/02/03 22:15:00,321,Aft_10014,152
Flt_38943,HEYQ,JDEH,2025/02/03 19:45:00,2025/02/03 21:55:00,321,Aft_10036,132
Flt_38944,PIEK,FRMU,2025/02/03 19:45:00,2025/02/03 21:45:00,320,Aft_10146,117
Flt_38945,BQKE,HMAL,2025/02/03 19:45:00,2025/02/03 21:55:00,320,Aft_10125,121
Flt_38946,GTVX,XGOB,2025/02/03 19:45:00,2025/02/04 00:10:00,320,Aft_10162,224
Flt_38947,SNFR,VTIR,2025/02/03 19:45:00,2025/02/03 22:55:00,320,Aft_10039,184
Flt_38948,VSBC,UQLN,2025/02/03 19:50:00,2025/02/03 22:15:00,320,Aft_10029,125
Flt_38949,UUKJ,XGOB,2025/02/03 19:50:00,2025/02/03 22:50:00,321,Aft_10109,181
Flt_38950,GGQY,VTIR,2025/02/03 19:50:00,2025/02/03 22:00:00,321,Aft_10031,110
Flt_38951,OMLA,VTIR,2025/02/03 19:50:00,2025/02/03 22:30:00,320,Aft_10099,154
Flt_38952,XGOB,FWCS,2025/02/03 19:55:00,2025/02/04 00:25:00,321,Aft_10119,215
Flt_38953,LUKE,VBKF,2025/02/03 19:55:00,2025/02/03 21:40:00,320,Aft_10034,111
Flt_38954,FWCS,XGOB,2025/02/03 19:55:00,2025/02/03 23:30:00,321,Aft_10135,226
Flt_38955,CYBH,XGOB,2025/02/03 19:55:00,2025/02/03 23:25:00,321,Aft_10148,220
Flt_38956,OEQY,LUKE,2025/02/03 19:55:00,2025/02/03 22:25:00,320,Aft_10101,155
Flt_38957,CEUN,VTIR,2025/02/03 19:55:00,2025/02/03 22:25:00,320,Aft_10010,145
Flt_38958,XGOB,VTIR,2025/02/03 19:55:00,2025/02/03 23:30:00,321,Aft_10142,231
Flt_38959,DDCZ,XGOB,2025/02/03 20:00:00,2025/02/03 22:55:00,321,Aft_10118,165
Flt_38960,UQLN,FQEW,2025/02/03 20:05:00,2025/02/03 21:50:00,320,Aft_10054,106
Flt_38961,HMAL,SNFR,2025/02/03 20:05:00,2025/02/03 22:35:00,319,Aft_10108,133
Flt_38962,LXHP,QFGG,2025/02/03 20:05:00,2025/02/03 22:20:00,320,Aft_10088,126
Flt_38963,HIYN,XGOB,2025/02/03 20:05:00,2025/02/03 21:55:00,319,Aft_10120,112
Flt_38964,EYCX,VTIR,2025/02/03 20:05:00,2025/02/03 22:55:00,320,Aft_10049,161
Flt_38965,XGOB,MBMY,2025/02/03 20:15:00,2025/02/03 22:35:00,321,Aft_10002,138
Flt_38966,JFWS,VBKF,2025/02/03 20:15:00,2025/02/03 22:50:00,319,Aft_10061,153
Flt_38967,VTIR,SNFR,2025/02/03 20:15:00,2025/02/03 23:30:00,320,Aft_10081,199
Flt_38968,VSBC,XGOB,2025/02/03 20:15:00,2025/02/03 22:40:00,321,Aft_10149,136
Flt_38969,XLXE,VTIR,2025/02/03 20:15:00,2025/02/03 23:10:00,321,Aft_10026,161
Flt_38970,XGOB,JDEH,2025/02/03 20:20:00,2025/02/03 22:55:00,320,Aft_10157,158
Flt_38971,XLXE,GRIG,2025/02/03 20:20:00,2025/02/03 23:25:00,320,Aft_10052,197
Flt_38972,FRMU,GRIG,2025/02/03 20:20:00,2025/02/03 23:00:00,320,Aft_10028,136
Flt_38973,UUKJ,UQLN,2025/02/03 20:20:00,2025/02/03 23:40:00,320,Aft_10105,197
Flt_38974,UQLN,FRMU,2025/02/03 20:25:00,2025/02/03 22:20:00,321,Aft_10042,112
Flt_38975,IAWP,SNFR,2025/02/03 20:25:00,2025/02/03 22:50:00,320,Aft_10071,127
Flt_38976,XGOB,WZBQ,2025/02/03 20:30:00,2025/02/03 23:15:00,320,Aft_10124,177
Flt_38977,ERHL,LXHP,2025/02/03 20:30:00,2025/02/03 23:50:00,320,Aft_10060,189
Flt_38978,CEUN,XGOB,2025/02/03 20:30:00,2025/02/03 23:25:00,321,Aft_10114,170
Flt_38979,WZBQ,CXOJ,2025/02/03 20:30:00,2025/02/04 00:50:00,321,Aft_10158,262
Flt_38980,XGOB,DSXP,2025/02/03 20:35:00,2025/02/04 00:15:00,321,Aft_10147,233
Flt_38981,RSIH,WZBQ,2025/02/03 20:35:00,2025/02/03 22:40:00,320,Aft_10015,145
Flt_38982,XGOB,FRMU,2025/02/03 20:35:00,2025/02/03 22:50:00,320,Aft_10104,131
Flt_38983,HEYQ,GRIG,2025/02/03 20:35:00,2025/02/03 23:55:00,320,Aft_10083,215
Flt_38984,XGOB,CLKY,2025/02/03 20:40:00,2025/02/03 23:00:00,320,Aft_10068,128
Flt_38985,SRNH,GRIG,2025/02/03 20:40:00,2025/02/03 23:15:00,320,Aft_10044,152
Flt_38986,HEYQ,XGOB,2025/02/03 20:40:00,2025/02/03 23:40:00,321,Aft_10138,201
Flt_38987,CYBH,GRIG,2025/02/03 20:45:00,2025/02/04 00:35:00,320,Aft_10144,230
Flt_38988,FWCS,UQLN,2025/02/03 20:45:00,2025/02/04 00:40:00,320,Aft_10020,246
Flt_38989,UQLN,OSYY,2025/02/03 20:50:00,2025/02/03 22:50:00,321,Aft_10062,99
Flt_38990,CYBH,VBKF,2025/02/03 20:50:00,2025/02/03 23:30:00,320,Aft_10045,158
Flt_38991,MVFV,VBKF,2025/02/03 20:50:00,2025/02/04 00:15:00,319,Aft_10117,181
Flt_38992,XGOB,GRIG,2025/02/03 20:50:00,2025/02/03 22:30:00,320,Aft_10070,81
Flt_38993,EYCX,XGOB,2025/02/03 20:50:00,2025/02/03 23:00:00,320,Aft_10128,145
Flt_38994,FCHN,XGOB,2025/02/03 20:50:00,2025/02/03 22:45:00,319,Aft_10069,91
Flt_38995,VBRA,XGOB,2025/02/03 20:50:00,2025/02/03 22:55:00,321,Aft_10095,129
Flt_38996,PIEK,MBMY,2025/02/03 20:55:00,2025/02/03 23:05:00,320,Aft_10085,118
Flt_38997,ELBQ,GRIG,2025/02/03 20:55:00,2025/02/03 22:45:00,320,Aft_10018,93
Flt_38998,XGOB,HMAL,2025/02/03 21:00:00,2025/02/03 22:55:00,321,Aft_10127,96
Flt_38999,FQEW,MBMY,2025/02/03 21:00:00,2025/02/04 00:35:00,321,Aft_10013,193
Flt_39000,XGOB,DEPY,2025/02/03 21:00:00,2025/02/03 22:25:00,320,Aft_10063,84
Flt_39001,EQTC,UQLN,2025/02/03 21:00:00,2025/02/03 23:55:00,319,Aft_10131,178
Flt_39002,CBGX,XGOB,2025/02/03 21:00:00,2025/02/03 22:20:00,319,Aft_10079,62
Flt_39003,IDKG,VBKF,2025/02/03 21:05:00,2025/02/04 00:50:00,320,Aft_10137,190
Flt_39004,XGOB,VMTM,2025/02/03 21:05:00,2025/02/03 23:05:00,319,Aft_10129,100
Flt_39005,XGOB,LXHP,2025/02/03 21:05:00,2025/02/03 23:20:00,320,Aft_10073,133
Flt_39006,PADI,UQLN,2025/02/03 21:10:00,2025/02/03 23:50:00,319,Aft_10100,167
Flt_39007,XBQP,XGOB,2025/02/03 21:10:00,2025/02/04 00:35:00,321,Aft_10106,199
Flt_39008,WAVK,XGOB,2025/02/03 21:10:00,2025/02/03 23:40:00,321,Aft_10059,166
Flt_39009,VTIR,SNFR,2025/02/03 21:15:00,2025/02/04 00:40:00,320,Aft_10130,188
Flt_39010,VORI,XGOB,2025/02/03 21:15:00,2025/02/03 23:25:00,321,Aft_10115,121
Flt_39011,WZBQ,CLVM,2025/02/03 21:15:00,2025/02/04 00:25:00,320,Aft_10077,176
Flt_39012,BQKE,UQLN,2025/02/03 21:20:00,2025/02/03 23:20:00,319,Aft_10107,120
Flt_39013,CYBH,VTIR,2025/02/03 21:20:00,2025/02/04 00:25:00,321,Aft_10082,168
Flt_39014,UQLN,NMPZ,2025/02/03 21:25:00,2025/02/03 23:10:00,320,Aft_10123,137
Flt_39015,QFPG,XGOB,2025/02/03 21:25:00,2025/02/03 23:55:00,321,Aft_10140,144
Flt_39016,NQQU,VTIR,2025/02/03 21:30:00,2025/02/04 00:50:00,320,Aft_10064,213
Flt_39017,GGQY,VBKF,2025/02/03 21:35:00,2025/02/03 23:45:00,320,Aft_10102,134
Flt_39018,SNFR,GRIG,2025/02/03 21:35:00,2025/02/04 01:05:00,320,Aft_10076,218
Flt_39019,KNKY,XGOB,2025/02/03 21:35:00,2025/02/03 23:30:00,319,Aft_10066,109
Flt_39020,MVFV,XGOB,2025/02/03 21:35:00,2025/02/04 01:40:00,321,Aft_10145,253
Flt_39021,XGOB,GRIG,2025/02/03 21:40:00,2025/02/03 22:50:00,320,Aft_10139,78
Flt_39022,CLVM,MBMY,2025/02/03 21:45:00,2025/02/04 00:20:00,320,Aft_10012,127
Flt_39023,OMLA,UQLN,2025/02/03 21:50:00,2025/02/04 00:35:00,320,Aft_10023,153
Flt_39024,XNVE,XGOB,2025/02/03 21:50:00,2025/02/04 00:30:00,320,Aft_10126,163
Flt_39025,HMAL,XGOB,2025/02/03 21:50:00,2025/02/03 23:40:00,319,Aft_10009,112
Flt_39026,FRMU,SNFR,2025/02/03 21:55:00,2025/02/04 00:10:00,320,Aft_10067,110
Flt_39027,GRIG,SNFR,2025/02/03 21:55:00,2025/02/04 00:55:00,319,Aft_10097,165
Flt_39028,MKHW,SNFR,2025/02/03 21:55:00,2025/02/04 01:05:00,320,Aft_10007,163
Flt_39029,ENRV,XGOB,2025/02/03 21:55:00,2025/02/04 00:20:00,319,Aft_10110,134
Flt_39030,ERHL,XGOB,2025/02/03 21:55:00,2025/02/03 23:50:00,319,Aft_10116,102
Flt_39031,MKHW,XGOB,2025/02/03 21:55:00,2025/02/03 23:45:00,320,Aft_10154,108
Flt_39032,VKRE,XGOB,2025/02/03 22:00:00,2025/02/03 23:30:00,319,Aft_10096,77
Flt_39033,XGOB,LXHP,2025/02/03 22:05:00,2025/02/04 00:15:00,320,Aft_10113,134
Flt_39034,DEPY,UQLN,2025/02/03 22:05:00,2025/02/03 23:50:00,320,Aft_10027,105
Flt_39035,XGOB,JDEH,2025/02/03 22:10:00,2025/02/04 00:50:00,321,Aft_10041,158
Flt_39036,XLXE,XGOB,2025/02/03 22:10:00,2025/02/04 00:55:00,320,Aft_10121,177
Flt_39037,WZBQ,UQLN,2025/02/03 22:15:00,2025/02/04 00:55:00,321,Aft_10008,167
Flt_39038,CILH,XGOB,2025/02/03 22:15:00,2025/02/04 00:40:00,321,Aft_10016,147
Flt_39039,MBMY,WZBQ,2025/02/03 22:20:00,2025/02/04 01:55:00,321,Aft_10046,231
Flt_39040,PIEK,LUKE,2025/02/03 22:25:00,2025/02/03 23:35:00,320,Aft_10072,56
Flt_39041,FFJA,XGOB,2025/02/03 22:35:00,2025/02/04 01:45:00,321,Aft_10103,189
Flt_39042,MBMY,UQLN,2025/02/03 22:40:00,2025/02/04 00:55:00,321,Aft_10053,149
Flt_39043,FQEW,UQLN,2025/02/03 22:40:00,2025/02/04 00:55:00,320,Aft_10054,110
Flt_39044,OEQY,UQLN,2025/02/03 22:40:00,2025/02/04 00:55:00,321,Aft_10057,148
Flt_39045,VBKF,LUKE,2025/02/03 22:45:00,2025/02/04 00:50:00,320,Aft_10034,119
Flt_39046,QFGG,GRIG,2025/02/03 23:05:00,2025/02/04 00:55:00,320,Aft_10088,98
Flt_39047,LUKE,OEQY,2025/02/03 23:10:00,2025/02/04 01:20:00,320,Aft_10101,129
Flt_39048,XGOB,GRIG,2025/02/03 23:25:00,2025/02/04 01:05:00,320,Aft_10048,88
Flt_39049,OSYY,UQLN,2025/02/03 23:35:00,2025/02/04 01:30:00,321,Aft_10062,119
Flt_39050,GRIG,XGOB,2025/02/03 23:35:00,2025/02/04 00:55:00,320,Aft_10143,77
Flt_39051,DEPY,XGOB,2025/02/03 23:40:00,2025/02/04 01:30:00,320,Aft_10063,85
Flt_39052,VMTM,XGOB,2025/02/03 23:50:00,2025/02/04 01:40:00,319,Aft_10129,93
Flt_39053,NMPZ,UQLN,2025/02/03 23:55:00,2025/02/04 01:40:00,320,Aft_10123,90
Flt_39054,WIGY,XGOB,2025/02/03 07:00:00,2025/02/03 20:25:00,350,Aft_10163,730
Flt_39055,NRTE,XGOB,2025/02/04 00:20:00,2025/02/04 05:00:00,321,Aft_10094,249
Flt_39056,NRTE,HMAL,2025/02/04 06:40:00,2025/02/04 10:20:00,321,Aft_10160,188
Flt_39057,HMAL,NRTE,2025/02/04 01:50:00,2025/02/04 05:10:00,321,Aft_10160,207
Flt_39058,ZGPT,HMAL,2025/02/04 17:30:00,2025/02/04 19:35:00,321,Aft_10001,125
Flt_39059,HMAL,ZGPT,2025/02/04 13:30:00,2025/02/04 16:00:00,321,Aft_10001,122
Flt_39060,WZBQ,MBMY,2025/02/04 06:00:00,2025/02/04 09:35:00,321,Aft_10014,227
Flt_39061,XGOB,FFJA,2025/02/04 06:00:00,2025/02/04 08:15:00,321,Aft_10032,128
Flt_39062,MBMY,ZWIO,2025/02/04 06:00:00,2025/02/04 07:55:00,321,Aft_10134,109
Flt_39063,VTIR,MBMY,2025/02/04 06:15:00,2025/02/04 11:45:00,321,Aft_10142,294
Flt_39064,GRIG,EYCX,2025/02/04 06:20:00,2025/02/04 09:05:00,320,Aft_10161,147
Flt_39065,XGOB,JDEH,2025/02/04 06:25:00,2025/02/04 09:05:00,321,Aft_10115,147
Flt_39066,SNFR,HMAL,2025/02/04 06:25:00,2025/02/04 09:40:00,320,Aft_10122,166
Flt_39067,XGOB,DEPY,2025/02/04 06:25:00,2025/02/04 07:50:00,319,Aft_10009,82
Flt_39068,UQLN,EVWP,2025/02/04 06:25:00,2025/02/04 08:20:00,320,Aft_10123,120
Flt_39069,MBMY,IAWP,2025/02/04 06:25:00,2025/02/04 09:25:00,320,Aft_10085,166
Flt_39070,FRMU,XGOB,2025/02/04 06:25:00,2025/02/04 08:50:00,321,Aft_10042,138
Flt_39071,UQLN,DDCZ,2025/02/04 06:30:00,2025/02/04 08:40:00,320,Aft_10105,125
Flt_39072,JDEH,XGOB,2025/02/04 06:30:00,2025/02/04 09:25:00,321,Aft_10041,173
Flt_39073,VTIR,XLXE,2025/02/04 06:35:00,2025/02/04 09:50:00,321,Aft_10026,164
Flt_39074,XGOB,IZUZ,2025/02/04 06:40:00,2025/02/04 08:20:00,319,Aft_10019,97
Flt_39075,XGOB,OMLA,2025/02/04 06:40:00,2025/02/04 09:10:00,321,Aft_10095,128
Flt_39076,GRIG,UQLN,2025/02/04 06:40:00,2025/02/04 08:20:00,320,Aft_10028,87
Flt_39077,MBMY,ZHRG,2025/02/04 06:45:00,2025/02/04 08:45:00,320,Aft_10012,91
Flt_39078,LUKE,VBKF,2025/02/04 06:45:00,2025/02/04 08:35:00,320,Aft_10034,104
Flt_39079,UQLN,FRMU,2025/02/04 06:50:00,2025/02/04 09:05:00,321,Aft_10008,110
Flt_39080,FRMU,UQLN,2025/02/04 06:50:00,2025/02/04 09:10:00,321,Aft_10011,134
Flt_39081,OEQY,XGOB,2025/02/04 06:50:00,2025/02/04 09:30:00,321,Aft_10004,155
Flt_39082,XGOB,IDKG,2025/02/04 06:50:00,2025/02/04 10:30:00,321,Aft_10140,218
Flt_39083,UQLN,WZBQ,2025/02/04 06:55:00,2025/02/04 09:10:00,321,Aft_10024,140
Flt_39084,UQLN,JDEH,2025/02/04 06:55:00,2025/02/04 09:20:00,320,Aft_10054,149
Flt_39085,UQLN,HMAL,2025/02/04 06:55:00,2025/02/04 08:45:00,320,Aft_10029,94
Flt_39086,SNFR,DEPY,2025/02/04 06:55:00,2025/02/04 09:55:00,320,Aft_10130,219
Flt_39087,GRIG,OMLA,2025/02/04 06:55:00,2025/02/04 09:50:00,320,Aft_10052,149
Flt_39088,XGOB,AIZY,2025/02/04 06:55:00,2025/02/04 09:10:00,319,Aft_10069,121
Flt_39089,CXOJ,XGOB,2025/02/04 06:55:00,2025/02/04 10:35:00,321,Aft_10158,197
Flt_39090,WZBQ,XGOB,2025/02/04 06:55:00,2025/02/04 09:55:00,321,Aft_10046,174
Flt_39091,UQLN,VSBC,2025/02/04 07:00:00,2025/02/04 08:55:00,320,Aft_10023,119
Flt_39092,JDEH,VSBC,2025/02/04 07:00:00,2025/02/04 10:40:00,321,Aft_10036,210
Flt_39093,CXOJ,VBKF,2025/02/04 07:00:00,2025/02/04 10:20:00,320,Aft_10047,175
Flt_39094,LXHP,ERHL,2025/02/04 07:00:00,2025/02/04 11:00:00,320,Aft_10073,225
Flt_39095,XGOB,SNFR,2025/02/04 07:00:00,2025/02/04 09:35:00,321,Aft_10118,136
Flt_39096,VTIR,LXHP,2025/02/04 07:00:00,2025/02/04 09:35:00,320,Aft_10010,141
Flt_39097,UQLN,VTIR,2025/02/04 07:00:00,2025/02/04 10:40:00,321,Aft_10035,222
Flt_39098,XGOB,VTIR,2025/02/04 07:00:00,2025/02/04 10:45:00,321,Aft_10106,226
Flt_39099,XGOB,OEQY,2025/02/04 07:05:00,2025/02/04 09:35:00,321,Aft_10043,129
Flt_39100,UQLN,NMPZ,2025/02/04 07:05:00,2025/02/04 09:05:00,320,Aft_10020,128
Flt_39101,GRIG,XBQP,2025/02/04 07:05:00,2025/02/04 09:35:00,320,Aft_10139,136
Flt_39102,MBMY,LXHP,2025/02/04 07:05:00,2025/02/04 10:30:00,321,Aft_10002,208
Flt_39103,SNFR,ZWIO,2025/02/04 07:05:00,2025/02/04 09:45:00,320,Aft_10067,161
Flt_39104,UQLN,OEQY,2025/02/04 07:10:00,2025/02/04 09:15:00,319,Aft_10107,104
Flt_39105,VTIR,VBRA,2025/02/04 07:10:00,2025/02/04 10:50:00,320,Aft_10064,203
Flt_39106,VTIR,VBKF,2025/02/04 07:10:00,2025/02/04 11:05:00,320,Aft_10005,216
Flt_39107,UQLN,SNFR,2025/02/04 07:10:00,2025/02/04 09:15:00,321,Aft_10062,113
Flt_39108,GRIG,XGOB,2025/02/04 07:10:00,2025/02/04 08:40:00,320,Aft_10144,70
Flt_39109,XGOB,GRIG,2025/02/04 07:15:00,2025/02/04 08:55:00,320,Aft_10121,72
Flt_39110,GRIG,HEYQ,2025/02/04 07:15:00,2025/02/04 09:55:00,320,Aft_10044,164
Flt_39111,UQLN,CYBH,2025/02/04 07:15:00,2025/02/04 09:30:00,321,Aft_10006,141
Flt_39112,UQLN,JFWS,2025/02/04 07:15:00,2025/02/04 10:20:00,319,Aft_10058,184
Flt_39113,WZBQ,IAWP,2025/02/04 07:15:00,2025/02/04 10:05:00,320,Aft_10074,148
Flt_39114,XGOB,MVFV,2025/02/04 07:15:00,2025/02/04 10:25:00,321,Aft_10016,189
Flt_39115,GRIG,FRMU,2025/02/04 07:20:00,2025/02/04 09:20:00,320,Aft_10088,112
Flt_39116,XGOB,VORI,2025/02/04 07:20:00,2025/02/04 09:25:00,321,Aft_10022,157
Flt_39117,JDEH,XGOB,2025/02/04 07:20:00,2025/02/04 10:35:00,320,Aft_10157,179
Flt_39118,XGOB,SHIS,2025/02/04 07:25:00,2025/02/04 09:40:00,320,Aft_10089,111
Flt_39119,VTIR,EYCX,2025/02/04 07:25:00,2025/02/04 10:50:00,320,Aft_10099,172
Flt_39120,UQLN,VSBC,2025/02/04 07:25:00,2025/02/04 09:35:00,321,Aft_10021,107
Flt_39121,XGOB,PKEY,2025/02/04 07:25:00,2025/02/04 09:15:00,321,Aft_10109,108
Flt_39122,XGOB,IZUZ,2025/02/04 07:25:00,2025/02/04 09:05:00,319,Aft_10066,94
Flt_39123,GRIG,CEUN,2025/02/04 07:25:00,2025/02/04 10:10:00,320,Aft_10048,158
Flt_39124,VTIR,XGOB,2025/02/04 07:25:00,2025/02/04 11:55:00,321,Aft_10050,272
Flt_39125,CXOJ,XGOB,2025/02/04 07:25:00,2025/02/04 11:20:00,320,Aft_10092,192
Flt_39126,LUKE,XGOB,2025/02/04 07:30:00,2025/02/04 08:35:00,320,Aft_10072,62
Flt_39127,WZBQ,GRIG,2025/02/04 07:35:00,2025/02/04 11:30:00,320,Aft_10015,206
Flt_39128,LXHP,XGOB,2025/02/04 07:35:00,2025/02/04 10:15:00,320,Aft_10060,155
Flt_39129,XGOB,URTH,2025/02/04 07:40:00,2025/02/04 09:45:00,320,Aft_10111,103
Flt_39130,XGOB,ERHL,2025/02/04 07:40:00,2025/02/04 09:40:00,320,Aft_10055,105
Flt_39131,SNFR,IAWP,2025/02/04 07:40:00,2025/02/04 10:40:00,320,Aft_10071,199
Flt_39132,SNFR,XGOB,2025/02/04 07:40:00,2025/02/04 10:55:00,321,Aft_10080,209
Flt_39133,XGOB,MKHW,2025/02/04 07:45:00,2025/02/04 09:45:00,320,Aft_10084,104
Flt_39134,SNFR,FRMU,2025/02/04 07:50:00,2025/02/04 10:15:00,321,Aft_10033,137
Flt_39135,VTIR,CYBH,2025/02/04 07:50:00,2025/02/04 11:25:00,321,Aft_10031,164
Flt_39136,VBKF,EQTC,2025/02/04 07:50:00,2025/02/04 09:50:00,320,Aft_10045,119
Flt_39137,XGOB,ISAX,2025/02/04 07:50:00,2025/02/04 10:25:00,321,Aft_10135,132
Flt_39138,GRIG,XGOB,2025/02/04 07:50:00,2025/02/04 09:10:00,320,Aft_10070,74
Flt_39139,CLVM,VORI,2025/02/04 07:55:00,2025/02/04 09:25:00,320,Aft_10077,100
Flt_39140,XGOB,SRNH,2025/02/04 07:55:00,2025/02/04 09:55:00,320,Aft_10056,101
Flt_39141,XGOB,BQKE,2025/02/04 07:55:00,2025/02/04 10:10:00,321,Aft_10065,118
Flt_39142,XGOB,LXHP,2025/02/04 07:55:00,2025/02/04 10:20:00,320,Aft_10063,124
Flt_39143,GRIG,SXIU,2025/02/04 07:55:00,2025/02/04 09:50:00,320,Aft_10076,90
Flt_39144,XGOB,AIZY,2025/02/04 07:55:00,2025/02/04 10:10:00,319,Aft_10091,128
Flt_39145,HMAL,XGOB,2025/02/04 07:55:00,2025/02/04 09:55:00,321,Aft_10127,106
Flt_39146,XGOB,CYBH,2025/02/04 08:00:00,2025/02/04 10:40:00,320,Aft_10143,148
Flt_39147,UQLN,NQQU,2025/02/04 08:00:00,2025/02/04 10:05:00,320,Aft_10027,123
Flt_39148,XGOB,JFWS,2025/02/04 08:00:00,2025/02/04 10:45:00,319,Aft_10116,168
Flt_39149,UQLN,MVFV,2025/02/04 08:00:00,2025/02/04 11:05:00,321,Aft_10053,191
Flt_39150,VTIR,OMLA,2025/02/04 08:05:00,2025/02/04 11:10:00,320,Aft_10051,168
Flt_39151,UQLN,WAVK,2025/02/04 08:05:00,2025/02/04 09:45:00,320,Aft_10090,105
Flt_39152,OEQY,XGOB,2025/02/04 08:05:00,2025/02/04 10:30:00,320,Aft_10101,160
Flt_39153,XGOB,YLXQ,2025/02/04 08:10:00,2025/02/04 10:00:00,319,Aft_10096,83
Flt_39154,XGOB,CXOJ,2025/02/04 08:10:00,2025/02/04 11:45:00,321,Aft_10025,242
Flt_39155,XGOB,VSBC,2025/02/04 08:15:00,2025/02/04 10:35:00,321,Aft_10138,119
Flt_39156,XGOB,XLXE,2025/02/04 08:15:00,2025/02/04 10:35:00,321,Aft_10038,127
Flt_39157,UQLN,JFWS,2025/02/04 08:15:00,2025/02/04 11:20:00,319,Aft_10100,194
Flt_39158,SNFR,CLVM,2025/02/04 08:15:00,2025/02/04 11:15:00,319,Aft_10108,192
Flt_39159,XGOB,CXOJ,2025/02/04 08:15:00,2025/02/04 11:40:00,321,Aft_10003,249
Flt_39160,SNFR,IXQM,2025/02/04 08:20:00,2025/02/04 11:30:00,320,Aft_10007,187
Flt_39161,CXOJ,QFGG,2025/02/04 08:20:00,2025/02/04 11:40:00,320,Aft_10093,171
Flt_39162,LXHP,XGOB,2025/02/04 08:20:00,2025/02/04 11:00:00,320,Aft_10113,164
Flt_39163,XGOB,ZCUA,2025/02/04 08:25:00,2025/02/04 10:45:00,320,Aft_10075,117
Flt_39164,XGOB,PADI,2025/02/04 08:25:00,2025/02/04 11:20:00,320,Aft_10037,152
Flt_39165,VBKF,PIEK,2025/02/04 08:25:00,2025/02/04 10:15:00,320,Aft_10137,94
Flt_39166,XGOB,JFWS,2025/02/04 08:30:00,2025/02/04 11:05:00,319,Aft_10112,161
Flt_39167,WZBQ,XGOB,2025/02/04 08:30:00,2025/02/04 11:35:00,320,Aft_10124,175
Flt_39168,XGOB,OSYY,2025/02/04 08:35:00,2025/02/04 10:40:00,321,Aft_10030,106
Flt_39169,XGOB,XBQP,2025/02/04 08:35:00,2025/02/04 11:20:00,321,Aft_10145,136
Flt_39170,XGOB,GGQY,2025/02/04 08:35:00,2025/02/04 11:15:00,320,Aft_10152,160
Flt_39171,XGOB,WQLS,2025/02/04 08:35:00,2025/02/04 10:00:00,319,Aft_10110,73
Flt_39172,VBKF,CLVM,2025/02/04 08:35:00,2025/02/04 10:15:00,319,Aft_10061,93
Flt_39173,XGOB,EYCX,2025/02/04 08:40:00,2025/02/04 10:45:00,320,Aft_10126,114
Flt_39174,MBMY,XNVE,2025/02/04 08:40:00,2025/02/04 10:50:00,321,Aft_10013,120
Flt_39175,DEPY,XGOB,2025/02/04 08:40:00,2025/02/04 10:15:00,319,Aft_10009,81
Flt_39176,GRIG,NJCK,2025/02/04 08:45:00,2025/02/04 10:25:00,320,Aft_10018,90
Flt_39177,XGOB,VORI,2025/02/04 08:45:00,2025/02/04 10:40:00,319,Aft_10153,134
Flt_39178,UQLN,FFJA,2025/02/04 08:45:00,2025/02/04 10:55:00,321,Aft_10017,115
Flt_39179,SNFR,GRIG,2025/02/04 08:50:00,2025/02/04 12:15:00,320,Aft_10081,202
Flt_39180,UQLN,OSYY,2025/02/04 08:55:00,2025/02/04 10:55:00,321,Aft_10057,100
Flt_39181,ZWIO,DEPY,2025/02/04 08:55:00,2025/02/04 11:05:00,321,Aft_10134,137
Flt_39182,XGOB,UUKJ,2025/02/04 09:00:00,2025/02/04 12:10:00,321,Aft_10151,185
Flt_39183,GRIG,LXHP,2025/02/04 09:00:00,2025/02/04 11:50:00,320,Aft_10083,186
Flt_39184,XGOB,NQQU,2025/02/04 09:00:00,2025/02/04 11:35:00,319,Aft_10129,158
Flt_39185,VTIR,CEUN,2025/02/04 09:00:00,2025/02/04 11:55:00,320,Aft_10039,150
Flt_39186,UQLN,AIZY,2025/02/04 09:00:00,2025/02/04 11:35:00,319,Aft_10131,157
Flt_39187,CXOJ,NMPZ,2025/02/04 09:05:00,2025/02/04 11:40:00,319,Aft_10136,142
Flt_39188,XGOB,HEYQ,2025/02/04 09:05:00,2025/02/04 11:45:00,321,Aft_10132,140
Flt_39189,XGOB,CEUN,2025/02/04 09:05:00,2025/02/04 11:20:00,321,Aft_10114,126
Flt_39190,XGOB,BVWV,2025/02/04 09:05:00,2025/02/04 11:00:00,319,Aft_10120,101
Flt_39191,EVWP,UQLN,2025/02/04 09:05:00,2025/02/04 11:40:00,320,Aft_10123,157
Flt_39192,IZUZ,XGOB,2025/02/04 09:05:00,2025/02/04 10:35:00,319,Aft_10019,86
Flt_39193,FFJA,XGOB,2025/02/04 09:05:00,2025/02/04 11:55:00,321,Aft_10032,189
Flt_39194,XGOB,CKRF,2025/02/04 09:05:00,2025/02/04 13:15:00,320,Aft_10078,294
Flt_39195,VBKF,OEQY,2025/02/04 09:10:00,2025/02/04 11:55:00,320,Aft_10102,165
Flt_39196,SNFR,XGOB,2025/02/04 09:15:00,2025/02/04 12:25:00,320,Aft_10150,227
Flt_39197,XGOB,CKHG,2025/02/04 09:15:00,2025/02/04 12:30:00,320,Aft_10154,209
Flt_39198,XGOB,FRMU,2025/02/04 09:15:00,2025/02/04 11:40:00,321,Aft_10059,133
Flt_39199,XGOB,ERHL,2025/02/04 09:15:00,2025/02/04 11:05:00,320,Aft_10133,103
Flt_39200,XGOB,NQQU,2025/02/04 09:15:00,2025/02/04 11:50:00,321,Aft_10094,142
Flt_39201,FRMU,XGOB,2025/02/04 09:20:00,2025/02/04 11:40:00,320,Aft_10104,146
Flt_39202,DDCZ,UQLN,2025/02/04 09:25:00,2025/02/04 11:55:00,320,Aft_10105,165
Flt_39203,UQLN,PKEY,2025/02/04 09:25:00,2025/02/04 11:15:00,320,Aft_10028,127
Flt_39204,XGOB,GRIG,2025/02/04 09:25:00,2025/02/04 10:55:00,320,Aft_10141,81
Flt_39205,VTIR,NQQU,2025/02/04 09:25:00,2025/02/04 13:20:00,320,Aft_10049,198
Flt_39206,SNFR,PIEK,2025/02/04 09:25:00,2025/02/04 12:30:00,319,Aft_10097,183
Flt_39207,XGOB,WZBQ,2025/02/04 09:30:00,2025/02/04 12:15:00,321,Aft_10148,153
Flt_39208,XGOB,MGVJ,2025/02/04 09:30:00,2025/02/04 11:50:00,321,Aft_10149,131
Flt_39209,FRMU,CLVM,2025/02/04 09:30:00,2025/02/04 11:50:00,320,Aft_10146,137
Flt_39210,XGOB,YLTL,2025/02/04 09:35:00,2025/02/04 13:35:00,321,Aft_10156,232
Flt_39211,FWCS,XGOB,2025/02/04 09:35:00,2025/02/04 14:00:00,321,Aft_10119,214
Flt_39212,VBKF,EEEG,2025/02/04 09:40:00,2025/02/04 12:00:00,319,Aft_10117,125
Flt_39213,XGOB,VSBC,2025/02/04 09:45:00,2025/02/04 12:00:00,320,Aft_10072,133
Flt_39214,ZHRG,PKEY,2025/02/04 09:50:00,2025/02/04 12:30:00,320,Aft_10012,171
Flt_39215,HMAL,UQLN,2025/02/04 09:50:00,2025/02/04 11:35:00,320,Aft_10029,113
Flt_39216,NMPZ,UQLN,2025/02/04 09:50:00,2025/02/04 11:45:00,320,Aft_10020,103
Flt_39217,IZUZ,XGOB,2025/02/04 09:50:00,2025/02/04 11:25:00,319,Aft_10066,85
Flt_39218,VBKF,LUKE,2025/02/04 09:50:00,2025/02/04 12:00:00,320,Aft_10034,126
Flt_39219,VSBC,UUKJ,2025/02/04 09:55:00,2025/02/04 12:35:00,320,Aft_10023,132
Flt_39220,XGOB,QHPU,2025/02/04 09:55:00,2025/02/04 13:15:00,321,Aft_10042,172
Flt_39221,GRIG,SRNH,2025/02/04 10:00:00,2025/02/04 12:25:00,320,Aft_10121,155
Flt_39222,DSXP,XGOB,2025/02/04 10:00:00,2025/02/04 13:35:00,321,Aft_10147,224
Flt_39223,CLKY,XGOB,2025/02/04 10:00:00,2025/02/04 12:10:00,320,Aft_10068,122
Flt_39224,OMLA,XGOB,2025/02/04 10:00:00,2025/02/04 12:40:00,321,Aft_10095,178
Flt_39225,PKEY,XGOB,2025/02/04 10:05:00,2025/02/04 12:15:00,321,Aft_10109,120
Flt_39226,JDEH,XGOB,2025/02/04 10:05:00,2025/02/04 13:05:00,321,Aft_10115,184
Flt_39227,AIZY,XGOB,2025/02/04 10:05:00,2025/02/04 12:10:00,319,Aft_10069,96
Flt_39228,EYCX,VTIR,2025/02/04 10:05:00,2025/02/04 12:40:00,320,Aft_10161,170
Flt_39229,XGOB,KAIG,2025/02/04 10:10:00,2025/02/04 13:35:00,319,Aft_10079,218
Flt_39230,IAWP,MBMY,2025/02/04 10:10:00,2025/02/04 12:45:00,320,Aft_10085,141
Flt_39231,XGOB,DDCZ,2025/02/04 10:15:00,2025/02/04 12:25:00,321,Aft_10103,138
Flt_39232,UQLN,MGVJ,2025/02/04 10:15:00,2025/02/04 12:20:00,321,Aft_10011,115
Flt_39233,XGOB,PZRI,2025/02/04 10:20:00,2025/02/04 15:35:00,321,Aft_10155,294
Flt_39234,HMAL,BQKE,2025/02/04 10:20:00,2025/02/04 12:10:00,320,Aft_10125,103
Flt_39235,FRMU,UQLN,2025/02/04 10:20:00,2025/02/04 12:35:00,321,Aft_10008,130
Flt_39236,VORI,XGOB,2025/02/04 10:25:00,2025/02/04 12:20:00,321,Aft_10022,127
Flt_39237,VORI,ISAX,2025/02/04 10:25:00,2025/02/04 12:10:00,320,Aft_10077,97
Flt_39238,LXHP,DDCZ,2025/02/04 10:25:00,2025/02/04 13:10:00,320,Aft_10010,149
Flt_39239,XGOB,EYCX,2025/02/04 10:25:00,2025/02/04 12:25:00,320,Aft_10128,122
Flt_39240,FRMU,GRIG,2025/02/04 10:25:00,2025/02/04 13:00:00,320,Aft_10088,162
Flt_39241,JDEH,UQLN,2025/02/04 10:25:00,2025/02/04 13:20:00,320,Aft_10054,161
Flt_39242,SHIS,XGOB,2025/02/04 10:25:00,2025/02/04 12:40:00,320,Aft_10089,144
Flt_39243,XGOB,CXOJ,2025/02/04 10:25:00,2025/02/04 14:10:00,320,Aft_10070,264
Flt_39244,MBMY,FQEW,2025/02/04 10:30:00,2025/02/04 14:05:00,321,Aft_10014,222
Flt_39245,VTIR,CYBH,2025/02/04 10:30:00,2025/02/04 13:45:00,321,Aft_10082,165
Flt_39246,WZBQ,UQLN,2025/02/04 10:30:00,2025/02/04 13:30:00,321,Aft_10024,161
Flt_39247,SNFR,UQLN,2025/02/04 10:30:00,2025/02/04 13:40:00,321,Aft_10062,176
Flt_39248,URTH,XGOB,2025/02/04 10:30:00,2025/02/04 12:45:00,320,Aft_10111,134
Flt_39249,MKHW,XGOB,2025/02/04 10:30:00,2025/02/04 12:15:00,320,Aft_10084,100
Flt_39250,XGOB,OEQY,2025/02/04 10:35:00,2025/02/04 12:50:00,321,Aft_10004,121
Flt_39251,SXIU,LXHP,2025/02/04 10:35:00,2025/02/04 12:25:00,320,Aft_10076,109
Flt_39252,OMLA,GRIG,2025/02/04 10:40:00,2025/02/04 14:10:00,320,Aft_10052,193
Flt_39253,OEQY,UQLN,2025/02/04 10:40:00,2025/02/04 13:00:00,319,Aft_10107,147
Flt_39254,VSBC,UQLN,2025/02/04 10:40:00,2025/02/04 12:55:00,321,Aft_10021,127
Flt_39255,SRNH,XGOB,2025/02/04 10:40:00,2025/02/04 13:00:00,320,Aft_10056,127
Flt_39256,DEPY,TYUQ,2025/02/04 10:45:00,2025/02/04 12:30:00,320,Aft_10130,100
Flt_39257,ZWIO,ERHL,2025/02/04 10:45:00,2025/02/04 12:25:00,320,Aft_10067,102
Flt_39258,XBQP,GRIG,2025/02/04 10:45:00,2025/02/04 14:00:00,320,Aft_10139,183
Flt_39259,WQLS,XGOB,2025/02/04 10:45:00,2025/02/04 12:10:00,319,Aft_10110,68
Flt_39260,YLXQ,XGOB,2025/02/04 10:45:00,2025/02/04 12:10:00,319,Aft_10096,67
Flt_39261,SNFR,XGOB,2025/02/04 10:45:00,2025/02/04 13:50:00,321,Aft_10118,190
Flt_39262,CYBH,VTIR,2025/02/04 10:45:00,2025/02/04 13:30:00,321,Aft_10006,176
Flt_39263,EQTC,VBKF,2025/02/04 10:50:00,2025/02/04 13:25:00,320,Aft_10045,147
Flt_39264,IAWP,ERHL,2025/02/04 10:50:00,2025/02/04 12:55:00,320,Aft_10074,124
Flt_39265,WAVK,UQLN,2025/02/04 10:50:00,2025/02/04 13:05:00,320,Aft_10090,143
Flt_39266,XLXE,UQLN,2025/02/04 10:50:00,2025/02/04 13:15:00,321,Aft_10026,140
Flt_39267,OEQY,XGOB,2025/02/04 10:50:00,2025/02/04 13:45:00,321,Aft_10043,146
Flt_39268,HMAL,LXHP,2025/02/04 10:55:00,2025/02/04 13:45:00,320,Aft_10122,174
Flt_39269,AIZY,XGOB,2025/02/04 10:55:00,2025/02/04 13:00:00,319,Aft_10091,107
Flt_39270,PIEK,ERHL,2025/02/04 11:00:00,2025/02/04 12:45:00,320,Aft_10137,106
Flt_39271,XGOB,XLXE,2025/02/04 11:00:00,2025/02/04 13:35:00,321,Aft_10041,133
Flt_39272,NQQU,UQLN,2025/02/04 11:00:00,2025/02/04 13:55:00,320,Aft_10027,165
Flt_39273,BQKE,XGOB,2025/02/04 11:00:00,2025/02/04 13:25:00,321,Aft_10065,151
Flt_39274,XGOB,MQNB,2025/02/04 11:05:00,2025/02/04 13:25:00,321,Aft_10127,135
Flt_39275,CLVM,VKRE,2025/02/04 11:05:00,2025/02/04 12:15:00,319,Aft_10061,59
Flt_39276,JFWS,IAWP,2025/02/04 11:05:00,2025/02/04 13:05:00,319,Aft_10058,110
Flt_39277,XGOB,LUKE,2025/02/04 11:05:00,2025/02/04 12:25:00,321,Aft_10046,72
Flt_39278,CEUN,MVFV,2025/02/04 11:05:00,2025/02/04 13:10:00,320,Aft_10048,125
Flt_39279,ISAX,XGOB,2025/02/04 11:10:00,2025/02/04 14:20:00,321,Aft_10135,186
Flt_39280,LXHP,XGOB,2025/02/04 11:10:00,2025/02/04 13:50:00,320,Aft_10063,167
Flt_39281,IAWP,CXOJ,2025/02/04 11:25:00,2025/02/04 14:50:00,320,Aft_10071,224
Flt_39282,NJCK,GRIG,2025/02/04 11:25:00,2025/02/04 12:55:00,320,Aft_10018,93
Flt_39283,HEYQ,GRIG,2025/02/04 11:25:00,2025/02/04 14:45:00,320,Aft_10044,210
Flt_39284,ERHL,XGOB,2025/02/04 11:25:00,2025/02/04 13:20:00,320,Aft_10055,99
Flt_39285,OSYY,XGOB,2025/02/04 11:25:00,2025/02/04 13:40:00,321,Aft_10030,127
Flt_39286,VBKF,GRIG,2025/02/04 11:30:00,2025/02/04 14:00:00,320,Aft_10047,123
Flt_39287,ZCUA,XGOB,2025/02/04 11:30:00,2025/02/04 14:15:00,320,Aft_10075,134
Flt_39288,XGOB,ERHL,2025/02/04 11:35:00,2025/02/04 13:25:00,320,Aft_10101,114
Flt_39289,FRMU,SNFR,2025/02/04 11:35:00,2025/02/04 13:35:00,321,Aft_10033,107
Flt_39290,MVFV,XGOB,2025/02/04 11:35:00,2025/02/04 16:15:00,321,Aft_10016,251
Flt_39291,XGOB,FQEW,2025/02/04 11:40:00,2025/02/04 13:45:00,319,Aft_10009,109
Flt_39292,XGOB,CILH,2025/02/04 11:40:00,2025/02/04 13:50:00,320,Aft_10157,126
Flt_39293,IDKG,XGOB,2025/02/04 11:40:00,2025/02/04 16:25:00,321,Aft_10140,251
Flt_39294,LXHP,IDKG,2025/02/04 11:40:00,2025/02/04 13:40:00,321,Aft_10002,138
Flt_39295,VSBC,JDEH,2025/02/04 11:45:00,2025/02/04 15:30:00,321,Aft_10036,233
Flt_39296,BVWV,XBQP,2025/02/04 11:45:00,2025/02/04 13:10:00,319,Aft_10120,80
Flt_39297,XGOB,DYXX,2025/02/04 11:45:00,2025/02/04 14:25:00,321,Aft_10158,147
Flt_39298,EYCX,XGOB,2025/02/04 11:45:00,2025/02/04 14:10:00,320,Aft_10126,143
Flt_39299,XNVE,FQEW,2025/02/04 11:50:00,2025/02/04 14:50:00,321,Aft_10013,150
Flt_39300,VBRA,HMAL,2025/02/04 11:50:00,2025/02/04 13:55:00,320,Aft_10064,115
Flt_39301,EYCX,ERHL,2025/02/04 11:50:00,2025/02/04 15:15:00,320,Aft_10099,205
Flt_39302,VTIR,UQLN,2025/02/04 11:50:00,2025/02/04 16:20:00,321,Aft_10035,241
Flt_39303,JFWS,XGOB,2025/02/04 11:50:00,2025/02/04 14:05:00,319,Aft_10116,115
Flt_39304,XLXE,XGOB,2025/02/04 11:50:00,2025/02/04 14:40:00,321,Aft_10038,165
Flt_39305,OSYY,UQLN,2025/02/04 11:55:00,2025/02/04 14:00:00,321,Aft_10057,110
Flt_39306,DEPY,XGOB,2025/02/04 11:55:00,2025/02/04 14:05:00,321,Aft_10134,100
Flt_39307,CYBH,XGOB,2025/02/04 11:55:00,2025/02/04 15:35:00,320,Aft_10143,216
Flt_39308,VTIR,XGOB,2025/02/04 11:55:00,2025/02/04 16:45:00,321,Aft_10106,275
Flt_39309,VSBC,XGOB,2025/02/04 11:55:00,2025/02/04 14:25:00,321,Aft_10138,145
Flt_39310,XGOB,SXJJ,2025/02/04 11:55:00,2025/02/04 16:00:00,320,Aft_10040,292
Flt_39311,VORI,HBNQ,2025/02/04 12:00:00,2025/02/04 13:35:00,319,Aft_10153,110
Flt_39312,OMLA,VSBC,2025/02/04 12:00:00,2025/02/04 14:55:00,320,Aft_10051,178
Flt_39313,ERHL,XGOB,2025/02/04 12:00:00,2025/02/04 13:45:00,320,Aft_10133,112
Flt_39314,GRIG,XGOB,2025/02/04 12:00:00,2025/02/04 13:30:00,320,Aft_10141,72
Flt_39315,MVFV,UQLN,2025/02/04 12:05:00,2025/02/04 16:00:00,321,Aft_10053,234
Flt_39316,ERHL,UQLN,2025/02/04 12:05:00,2025/02/04 14:05:00,320,Aft_10073,124
Flt_39317,PKEY,UQLN,2025/02/04 12:05:00,2025/02/04 14:05:00,320,Aft_10028,99
Flt_39318,CEUN,XGOB,2025/02/04 12:05:00,2025/02/04 15:00:00,321,Aft_10114,184
Flt_39319,GGQY,NZZO,2025/02/04 12:05:00,2025/02/04 13:20:00,320,Aft_10152,79
Flt_39320,VBKF,OSYY,2025/02/04 12:10:00,2025/02/04 14:40:00,320,Aft_10005,136
Flt_39321,CLVM,ERHL,2025/02/04 12:10:00,2025/02/04 14:00:00,319,Aft_10108,98
Flt_39322,XGOB,LXHP,2025/02/04 12:10:00,2025/02/04 14:35:00,320,Aft_10060,124
Flt_39323,FFJA,UQLN,2025/02/04 12:10:00,2025/02/04 14:50:00,321,Aft_10017,157
Flt_39324,PADI,XGOB,2025/02/04 12:10:00,2025/02/04 15:35:00,320,Aft_10037,207
Flt_39325,IXQM,SNFR,2025/02/04 12:15:00,2025/02/04 14:30:00,320,Aft_10007,153
Flt_39326,XGOB,WAVK,2025/02/04 12:15:00,2025/02/04 14:20:00,321,Aft_10080,111
Flt_39327,JFWS,XGOB,2025/02/04 12:20:00,2025/02/04 14:15:00,319,Aft_10112,105
Flt_39328,QFGG,HMAL,2025/02/04 12:25:00,2025/02/04 14:30:00,320,Aft_10093,117
Flt_39329,AIZY,UQLN,2025/02/04 12:25:00,2025/02/04 15:00:00,319,Aft_10131,111
Flt_39330,JFWS,UQLN,2025/02/04 12:25:00,2025/02/04 15:05:00,319,Aft_10100,134
Flt_39331,NMPZ,JFWS,2025/02/04 12:25:00,2025/02/04 14:55:00,319,Aft_10136,136
Flt_39332,XGOB,JFWS,2025/02/04 12:30:00,2025/02/04 15:15:00,319,Aft_10066,160
Flt_39333,XBQP,XGOB,2025/02/04 12:30:00,2025/02/04 15:50:00,321,Aft_10145,194
Flt_39334,XGOB,OSYY,2025/02/04 12:35:00,2025/02/04 14:40:00,321,Aft_10050,104
Flt_39335,HEYQ,XGOB,2025/02/04 12:35:00,2025/02/04 15:55:00,321,Aft_10132,199
Flt_39336,MGVJ,XGOB,2025/02/04 12:35:00,2025/02/04 15:25:00,321,Aft_10149,169
Flt_39337,GRIG,RSIH,2025/02/04 12:35:00,2025/02/04 14:20:00,320,Aft_10015,97
Flt_39338,NQQU,XGOB,2025/02/04 12:40:00,2025/02/04 15:45:00,321,Aft_10094,206
Flt_39339,XGOB,WVMU,2025/02/04 12:45:00,2025/02/04 17:15:00,320,Aft_10144,292
Flt_39340,UQLN,XLXE,2025/02/04 12:50:00,2025/02/04 14:45:00,320,Aft_10123,132
Flt_39341,XGOB,CYBH,2025/02/04 12:50:00,2025/02/04 15:15:00,320,Aft_10124,135
Flt_39342,LUKE,PIEK,2025/02/04 12:50:00,2025/02/04 13:45:00,320,Aft_10034,51
Flt_39343,NQQU,XGOB,2025/02/04 12:50:00,2025/02/04 16:15:00,319,Aft_10129,208
Flt_39344,XGOB,CXOJ,2025/02/04 12:50:00,2025/02/04 16:50:00,320,Aft_10162,251
Flt_39345,ISAX,VORI,2025/02/04 12:55:00,2025/02/04 14:50:00,320,Aft_10077,119
Flt_39346,UQLN,OEQY,2025/02/04 12:55:00,2025/02/04 15:00:00,320,Aft_10029,116
Flt_39347,UQLN,VBRA,2025/02/04 12:55:00,2025/02/04 14:35:00,320,Aft_10020,89
Flt_39348,CEUN,ZWIO,2025/02/04 12:55:00,2025/02/04 15:40:00,320,Aft_10039,158
Flt_39349,CXOJ,XGOB,2025/02/04 12:55:00,2025/02/04 17:00:00,321,Aft_10025,176
Flt_39350,FRMU,XGOB,2025/02/04 12:55:00,2025/02/04 15:30:00,321,Aft_10059,141
Flt_39351,MBMY,VTIR,2025/02/04 12:55:00,2025/02/04 17:55:00,321,Aft_10142,335
Flt_39352,UQLN,WZBQ,2025/02/04 13:00:00,2025/02/04 15:35:00,320,Aft_10105,154
Flt_39353,EEEG,VBKF,2025/02/04 13:00:00,2025/02/04 15:00:00,319,Aft_10117,121
Flt_39354,CYBH,VTIR,2025/02/04 13:00:00,2025/02/04 15:50:00,321,Aft_10031,165
Flt_39355,XGOB,NMPZ,2025/02/04 13:05:00,2025/02/04 14:50:00,319,Aft_10096,94
Flt_39356,MGVJ,UQLN,2025/02/04 13:05:00,2025/02/04 15:35:00,321,Aft_10011,133
Flt_39357,CXOJ,XGOB,2025/02/04 13:05:00,2025/02/04 17:00:00,321,Aft_10003,173
Flt_39358,VSBC,XGOB,2025/02/04 13:05:00,2025/02/04 15:25:00,320,Aft_10072,144
Flt_39359,BQKE,JDEH,2025/02/04 13:10:00,2025/02/04 15:30:00,320,Aft_10125,133
Flt_39360,CLVM,FRMU,2025/02/04 13:10:00,2025/02/04 15:30:00,320,Aft_10146,125
Flt_39361,OEQY,VBKF,2025/02/04 13:10:00,2025/02/04 16:05:00,320,Aft_10102,162
Flt_39362,LXHP,GRIG,2025/02/04 13:10:00,2025/02/04 16:25:00,320,Aft_10083,198
Flt_39363,ERHL,ZWIO,2025/02/04 13:10:00,2025/02/04 14:45:00,320,Aft_10067,104
Flt_39364,DDCZ,XGOB,2025/02/04 13:10:00,2025/02/04 15:45:00,321,Aft_10103,177
Flt_39365,UUKJ,XGOB,2025/02/04 13:10:00,2025/02/04 16:15:00,321,Aft_10151,172
Flt_39366,LUKE,XGOB,2025/02/04 13:10:00,2025/02/04 14:25:00,321,Aft_10046,50
Flt_39367,SRNH,IDKG,2025/02/04 13:10:00,2025/02/04 15:45:00,320,Aft_10121,167
Flt_39368,XGOB,ENRV,2025/02/04 13:15:00,2025/02/04 15:15:00,320,Aft_10086,121
Flt_39369,XGOB,PKEY,2025/02/04 13:15:00,2025/02/04 15:00:00,320,Aft_10068,116
Flt_39370,TYUQ,DEPY,2025/02/04 13:15:00,2025/02/04 14:45:00,320,Aft_10130,82
Flt_39371,LXHP,SXIU,2025/02/04 13:15:00,2025/02/04 15:30:00,320,Aft_10076,133
Flt_39372,XGOB,VBRA,2025/02/04 13:20:00,2025/02/04 15:05:00,320,Aft_10113,98
Flt_39373,XGOB,ERHL,2025/02/04 13:20:00,2025/02/04 15:25:00,319,Aft_10069,109
Flt_39374,PIEK,SNFR,2025/02/04 13:20:00,2025/02/04 15:55:00,319,Aft_10097,141
Flt_39375,XGOB,CEUN,2025/02/04 13:20:00,2025/02/04 15:40:00,321,Aft_10109,128
Flt_39376,XGOB,WIMM,2025/02/04 13:20:00,2025/02/04 14:20:00,319,Aft_10110,51
Flt_39377,XGOB,CZCU,2025/02/04 13:20:00,2025/02/04 17:20:00,320,Aft_10092,260
Flt_39378,XGOB,OEQY,2025/02/04 13:25:00,2025/02/04 15:40:00,321,Aft_10032,131
Flt_39379,EYCX,IDKG,2025/02/04 13:25:00,2025/02/04 16:10:00,320,Aft_10128,164
Flt_39380,XGOB,WZBQ,2025/02/04 13:30:00,2025/02/04 16:15:00,320,Aft_10104,147
Flt_39381,ERHL,PIEK,2025/02/04 13:30:00,2025/02/04 15:15:00,320,Aft_10137,103
Flt_39382,CKHG,XGOB,2025/02/04 13:30:00,2025/02/04 17:30:00,320,Aft_10154,240
Flt_39383,UQLN,FRMU,2025/02/04 13:35:00,2025/02/04 15:30:00,321,Aft_10008,122
Flt_39384,PKEY,ZHRG,2025/02/04 13:35:00,2025/02/04 16:15:00,320,Aft_10012,141
Flt_39385,UUKJ,VSBC,2025/02/04 13:35:00,2025/02/04 16:20:00,320,Aft_10023,147
Flt_39386,XGOB,FRMU,2025/02/04 13:40:00,2025/02/04 16:05:00,320,Aft_10150,128
Flt_39387,WZBQ,XGOB,2025/02/04 13:40:00,2025/02/04 17:00:00,321,Aft_10148,176
Flt_39388,VKRE,CLVM,2025/02/04 13:40:00,2025/02/04 14:50:00,319,Aft_10061,67
Flt_39389,GRIG,SNFR,2025/02/04 13:50:00,2025/02/04 16:35:00,320,Aft_10081,178
Flt_39390,IAWP,JFWS,2025/02/04 13:50:00,2025/02/04 16:15:00,319,Aft_10058,150
Flt_39391,XGOB,JDEH,2025/02/04 13:55:00,2025/02/04 16:40:00,321,Aft_10022,154
Flt_39392,XGOB,GTVX,2025/02/04 13:55:00,2025/02/04 19:00:00,320,Aft_10089,323
Flt_39393,UQLN,VORI,2025/02/04 14:00:00,2025/02/04 15:25:00,321,Aft_10021,83
Flt_39394,CKRF,XGOB,2025/02/04 14:00:00,2025/02/04 17:55:00,320,Aft_10078,193
Flt_39395,NZZO,GGQY,2025/02/04 14:05:00,2025/02/04 15:25:00,320,Aft_10152,68
Flt_39396,GRIG,QFGG,2025/02/04 14:05:00,2025/02/04 16:05:00,320,Aft_10088,110
Flt_39397,ERHL,XGOB,2025/02/04 14:10:00,2025/02/04 15:40:00,320,Aft_10101,101
Flt_39398,XGOB,FCHN,2025/02/04 14:10:00,2025/02/04 16:05:00,319,Aft_10091,99
Flt_39399,UQLN,BQKE,2025/02/04 14:10:00,2025/02/04 15:50:00,319,Aft_10107,98
Flt_39400,XGOB,PADI,2025/02/04 14:10:00,2025/02/04 16:40:00,320,Aft_10056,129
Flt_39401,XBQP,BVWV,2025/02/04 14:10:00,2025/02/04 15:50:00,319,Aft_10120,100
Flt_39402,MQNB,XGOB,2025/02/04 14:15:00,2025/02/04 17:05:00,321,Aft_10127,166
Flt_39403,QHPU,XGOB,2025/02/04 14:15:00,2025/02/04 17:50:00,321,Aft_10042,228
Flt_39404,HBNQ,VORI,2025/02/04 14:20:00,2025/02/04 16:10:00,319,Aft_10153,113
Flt_39405,UQLN,EYCX,2025/02/04 14:20:00,2025/02/04 16:00:00,320,Aft_10090,102
Flt_39406,NQQU,VSBC,2025/02/04 14:20:00,2025/02/04 17:10:00,320,Aft_10049,148
Flt_39407,DDCZ,LXHP,2025/02/04 14:20:00,2025/02/04 16:45:00,320,Aft_10010,154
Flt_39408,MVFV,CEUN,2025/02/04 14:20:00,2025/02/04 16:30:00,320,Aft_10048,117
Flt_39409,ERHL,IAWP,2025/02/04 14:25:00,2025/02/04 16:30:00,320,Aft_10074,111
Flt_39410,PIEK,HEYQ,2025/02/04 14:30:00,2025/02/04 16:55:00,320,Aft_10034,149
Flt_39411,XGOB,MVFV,2025/02/04 14:30:00,2025/02/04 17:40:00,321,Aft_10065,189
Flt_39412,LXHP,HMAL,2025/02/04 14:35:00,2025/02/04 17:50:00,320,Aft_10122,179
Flt_39413,KAIG,XGOB,2025/02/04 14:35:00,2025/02/04 17:35:00,319,Aft_10079,146
Flt_39414,FQEW,XGOB,2025/02/04 14:35:00,2025/02/04 17:15:00,319,Aft_10009,136
Flt_39415,XGOB,VTIR,2025/02/04 14:35:00,2025/02/04 18:20:00,320,Aft_10141,229
Flt_39416,XGOB,OTPS,2025/02/04 14:40:00,2025/02/04 18:15:00,321,Aft_10147,200
Flt_39417,XGOB,OEQY,2025/02/04 14:40:00,2025/02/04 17:10:00,320,Aft_10111,124
Flt_39418,VTIR,CYBH,2025/02/04 14:40:00,2025/02/04 17:40:00,320,Aft_10098,178
Flt_39419,UQLN,DDCZ,2025/02/04 14:45:00,2025/02/04 16:55:00,321,Aft_10062,121
Flt_39420,UQLN,SNFR,2025/02/04 14:45:00,2025/02/04 17:00:00,321,Aft_10024,138
Flt_39421,ERHL,CLVM,2025/02/04 14:45:00,2025/02/04 16:20:00,319,Aft_10108,94
Flt_39422,SNFR,IDKG,2025/02/04 14:45:00,2025/02/04 17:45:00,321,Aft_10033,181
Flt_39423,VTIR,EYCX,2025/02/04 14:50:00,2025/02/04 18:00:00,320,Aft_10161,181
Flt_39424,IDKG,LXHP,2025/02/04 14:50:00,2025/02/04 16:55:00,321,Aft_10002,141
Flt_39425,XGOB,DKZJ,2025/02/04 14:50:00,2025/02/04 18:55:00,320,Aft_10133,265
Flt_39426,XGOB,UIOI,2025/02/04 14:55:00,2025/02/04 17:35:00,321,Aft_10030,139
Flt_39427,VTIR,XLXE,2025/02/04 14:55:00,2025/02/04 18:05:00,321,Aft_10006,156
Flt_39428,XGOB,EQTC,2025/02/04 14:55:00,2025/02/04 17:40:00,320,Aft_10063,140
Flt_39429,GRIG,XGOB,2025/02/04 14:55:00,2025/02/04 16:45:00,320,Aft_10052,82
Flt_39430,XLXE,XGOB,2025/02/04 14:55:00,2025/02/04 17:45:00,321,Aft_10041,183
Flt_39431,CYBH,VTIR,2025/02/04 14:55:00,2025/02/04 18:00:00,321,Aft_10082,170
Flt_39432,FQEW,MVFV,2025/02/04 14:55:00,2025/02/04 16:55:00,321,Aft_10014,102
Flt_39433,XGOB,VMTM,2025/02/04 15:00:00,2025/02/04 16:50:00,319,Aft_10116,96
Flt_39434,XGOB,SNFR,2025/02/04 15:00:00,2025/02/04 17:40:00,321,Aft_10095,133
Flt_39435,XGOB,XLXE,2025/02/04 15:00:00,2025/02/04 17:30:00,321,Aft_10118,128
Flt_39436,XGOB,FFJA,2025/02/04 15:00:00,2025/02/04 17:30:00,321,Aft_10043,133
Flt_39437,CILH,XGOB,2025/02/04 15:00:00,2025/02/04 17:40:00,320,Aft_10157,152
Flt_39438,GRIG,VBKF,2025/02/04 15:05:00,2025/02/04 17:05:00,320,Aft_10018,137
Flt_39439,RSIH,XLXE,2025/02/04 15:05:00,2025/02/04 16:45:00,320,Aft_10015,96
Flt_39440,WIMM,ASBZ,2025/02/04 15:05:00,2025/02/04 17:30:00,319,Aft_10110,142
Flt_39441,UQLN,VTIR,2025/02/04 15:05:00,2025/02/04 18:30:00,321,Aft_10026,222
Flt_39442,CXOJ,WZBQ,2025/02/04 15:10:00,2025/02/04 19:15:00,320,Aft_10070,208
Flt_39443,HMAL,VBRA,2025/02/04 15:10:00,2025/02/04 17:05:00,320,Aft_10064,109
Flt_39444,YLTL,XGOB,2025/02/04 15:10:00,2025/02/04 20:35:00,321,Aft_10156,332
Flt_39445,DYXX,QHPU,2025/02/04 15:10:00,2025/02/04 16:15:00,321,Aft_10158,60
Flt_39446,UQLN,ERHL,2025/02/04 15:15:00,2025/02/04 17:20:00,320,Aft_10073,120
Flt_39447,UQLN,GRIG,2025/02/04 15:15:00,2025/02/04 16:50:00,320,Aft_10028,77
Flt_39448,WAVK,XGOB,2025/02/04 15:20:00,2025/02/04 17:50:00,321,Aft_10080,160
Flt_39449,XGOB,UUKJ,2025/02/04 15:25:00,2025/02/04 18:45:00,321,Aft_10119,177
Flt_39450,OSYY,VBKF,2025/02/04 15:25:00,2025/02/04 17:55:00,320,Aft_10005,152
Flt_39451,OSYY,XGOB,2025/02/04 15:25:00,2025/02/04 17:40:00,321,Aft_10050,120
Flt_39452,OEQY,XGOB,2025/02/04 15:25:00,2025/02/04 18:00:00,321,Aft_10004,163
Flt_39453,XGOB,WZBQ,2025/02/04 15:30:00,2025/02/04 18:15:00,321,Aft_10046,145
Flt_39454,XGOB,VORI,2025/02/04 15:30:00,2025/02/04 17:20:00,320,Aft_10126,94
Flt_39455,XGOB,DEPY,2025/02/04 15:30:00,2025/02/04 17:05:00,321,Aft_10134,91
Flt_39456,HMAL,QFGG,2025/02/04 15:30:00,2025/02/04 17:35:00,320,Aft_10093,127
Flt_39457,XGOB,JFWS,2025/02/04 15:30:00,2025/02/04 18:25:00,319,Aft_10112,152
Flt_39458,UQLN,QHPU,2025/02/04 15:30:00,2025/02/04 18:15:00,321,Aft_10057,178
Flt_39459,XGOB,DDCZ,2025/02/04 15:35:00,2025/02/04 18:10:00,321,Aft_10115,146
Flt_39460,JFWS,NMPZ,2025/02/04 15:35:00,2025/02/04 17:35:00,319,Aft_10136,108
Flt_39461,ZWIO,SNFR,2025/02/04 15:35:00,2025/02/04 17:35:00,320,Aft_10067,141
Flt_39462,DEPY,SNFR,2025/02/04 15:35:00,2025/02/04 18:25:00,320,Aft_10130,164
Flt_39463,XGOB,YPAM,2025/02/04 15:40:00,2025/02/04 22:30:00,321,Aft_10135,396
Flt_39464,UQLN,FWCS,2025/02/04 15:40:00,2025/02/04 19:50:00,320,Aft_10027,237
Flt_39465,FQEW,XNVE,2025/02/04 15:40:00,2025/02/04 18:25:00,321,Aft_10013,134
Flt_39466,NMPZ,XGOB,2025/02/04 15:40:00,2025/02/04 17:35:00,319,Aft_10096,97
Flt_39467,LXHP,XGOB,2025/02/04 15:40:00,2025/02/04 18:30:00,320,Aft_10060,175
Flt_39468,SNFR,VTIR,2025/02/04 15:40:00,2025/02/04 19:15:00,320,Aft_10007,194
Flt_39469,VORI,CLVM,2025/02/04 15:50:00,2025/02/04 17:50:00,320,Aft_10077,110
Flt_39470,CLVM,VBKF,2025/02/04 15:50:00,2025/02/04 17:20:00,319,Aft_10061,96
Flt_39471,XLXE,UQLN,2025/02/04 15:50:00,2025/02/04 18:20:00,320,Aft_10123,155
Flt_39472,PKEY,XGOB,2025/02/04 15:50:00,2025/02/04 17:55:00,320,Aft_10068,129
Flt_39473,ERHL,EYCX,2025/02/04 16:00:00,2025/02/04 18:55:00,320,Aft_10099,175
Flt_39474,XGOB,NJTU,2025/02/04 16:00:00,2025/02/04 18:35:00,320,Aft_10075,140
Flt_39475,PIEK,VBKF,2025/02/04 16:00:00,2025/02/04 17:40:00,320,Aft_10137,108
Flt_39476,GRIG,HEYQ,2025/02/04 16:00:00,2025/02/04 18:40:00,320,Aft_10047,151
Flt_39477,XGOB,CYBH,2025/02/04 16:00:00,2025/02/04 18:40:00,321,Aft_10038,152
Flt_39478,ENRV,XGOB,2025/02/04 16:00:00,2025/02/04 18:25:00,320,Aft_10086,132
Flt_39479,UQLN,UUKJ,2025/02/04 16:05:00,2025/02/04 19:20:00,320,Aft_10054,216
Flt_39480,UQLN,XBQP,2025/02/04 16:05:00,2025/02/04 18:20:00,319,Aft_10100,127
Flt_39481,VSBC,OMLA,2025/02/04 16:05:00,2025/02/04 18:50:00,320,Aft_10051,162
Flt_39482,XGOB,NQQU,2025/02/04 16:05:00,2025/02/04 18:45:00,320,Aft_10055,139
Flt_39483,VBRA,UQLN,2025/02/04 16:05:00,2025/02/04 17:45:00,320,Aft_10113,99
Flt_39484,XGOB,XLXE,2025/02/04 16:10:00,2025/02/04 18:25:00,321,Aft_10114,137
Flt_39485,VBKF,JFWS,2025/02/04 16:10:00,2025/02/04 19:35:00,319,Aft_10117,201
Flt_39486,VBRA,XGOB,2025/02/04 16:10:00,2025/02/04 18:10:00,320,Aft_10020,131
Flt_39487,ERHL,XGOB,2025/02/04 16:10:00,2025/02/04 18:05:00,319,Aft_10069,111
Flt_39488,SXIU,GRIG,2025/02/04 16:15:00,2025/02/04 18:05:00,320,Aft_10076,102
Flt_39489,OEQY,UQLN,2025/02/04 16:15:00,2025/02/04 18:30:00,320,Aft_10029,144
Flt_39490,GGQY,XGOB,2025/02/04 16:15:00,2025/02/04 19:35:00,320,Aft_10152,198
Flt_39491,CXOJ,IAWP,2025/02/04 16:20:00,2025/02/04 19:40:00,320,Aft_10071,158
Flt_39492,JFWS,XGOB,2025/02/04 16:20:00,2025/02/04 18:15:00,319,Aft_10066,129
Flt_39493,VORI,UQLN,2025/02/04 16:25:00,2025/02/04 18:10:00,321,Aft_10021,93
Flt_39494,CEUN,XGOB,2025/02/04 16:25:00,2025/02/04 19:10:00,321,Aft_10109,175
Flt_39495,JDEH,BQKE,2025/02/04 16:30:00,2025/02/04 18:45:00,320,Aft_10125,118
Flt_39496,CYBH,XGOB,2025/02/04 16:30:00,2025/02/04 19:55:00,320,Aft_10124,225
Flt_39497,XGOB,LUKE,2025/02/04 16:30:00,2025/02/04 17:30:00,320,Aft_10072,62
Flt_39498,GRIG,XLXE,2025/02/04 16:35:00,2025/02/04 19:10:00,320,Aft_10139,156
Flt_39499,BVWV,XGOB,2025/02/04 16:35:00,2025/02/04 18:45:00,319,Aft_10120,125
Flt_39500,XGOB,MVFV,2025/02/04 16:35:00,2025/02/04 19:50:00,321,Aft_10149,201
Flt_39501,MBMY,WZBQ,2025/02/04 16:40:00,2025/02/04 20:40:00,320,Aft_10085,232
Flt_39502,IDKG,SRNH,2025/02/04 16:40:00,2025/02/04 19:35:00,320,Aft_10121,182
Flt_39503,UQLN,VSBC,2025/02/04 16:40:00,2025/02/04 18:40:00,321,Aft_10011,133
Flt_39504,ZWIO,CEUN,2025/02/04 16:40:00,2025/02/04 18:55:00,320,Aft_10039,126
Flt_39505,BQKE,TIMH,2025/02/04 16:40:00,2025/02/04 18:00:00,319,Aft_10107,72
Flt_39506,XGOB,OEQY,2025/02/04 16:45:00,2025/02/04 19:00:00,320,Aft_10037,131
Flt_39507,FRMU,UQLN,2025/02/04 16:45:00,2025/02/04 18:55:00,321,Aft_10008,119
Flt_39508,FRMU,PIEK,2025/02/04 16:45:00,2025/02/04 18:55:00,320,Aft_10146,119
Flt_39509,VBKF,OSYY,2025/02/04 16:50:00,2025/02/04 19:40:00,320,Aft_10045,153
Flt_39510,XGOB,DDCZ,2025/02/04 16:50:00,2025/02/04 19:15:00,320,Aft_10084,139
Flt_39511,QFGG,LXHP,2025/02/04 16:50:00,2025/02/04 19:00:00,320,Aft_10088,117
Flt_39512,JDEH,HEYQ,2025/02/04 16:50:00,2025/02/04 19:00:00,321,Aft_10036,119
Flt_39513,VTIR,CYBH,2025/02/04 16:50:00,2025/02/04 20:05:00,321,Aft_10031,180
Flt_39514,WZBQ,UQLN,2025/02/04 16:50:00,2025/02/04 20:05:00,320,Aft_10105,157
Flt_39515,FCHN,XGOB,2025/02/04 16:50:00,2025/02/04 18:35:00,319,Aft_10091,99
Flt_39516,XGOB,XBQP,2025/02/04 16:55:00,2025/02/04 19:35:00,321,Aft_10138,145
Flt_39517,UQLN,HEYQ,2025/02/04 16:55:00,2025/02/04 19:10:00,319,Aft_10131,150
Flt_39518,GRIG,HEYQ,2025/02/04 16:55:00,2025/02/04 19:35:00,320,Aft_10044,161
Flt_39519,OEQY,XGOB,2025/02/04 16:55:00,2025/02/04 20:00:00,321,Aft_10032,167
Flt_39520,IDKG,EYCX,2025/02/04 17:00:00,2025/02/04 19:50:00,320,Aft_10128,178
Flt_39521,XGOB,VSBC,2025/02/04 17:00:00,2025/02/04 19:05:00,321,Aft_10094,128
Flt_39522,PZRI,XGOB,2025/02/04 17:00:00,2025/02/04 21:30:00,321,Aft_10155,265
Flt_39523,SXJJ,XGOB,2025/02/04 17:00:00,2025/02/04 21:00:00,320,Aft_10040,211
Flt_39524,CLVM,SNFR,2025/02/04 17:05:00,2025/02/04 19:35:00,319,Aft_10108,157
Flt_39525,UQLN,XLXE,2025/02/04 17:05:00,2025/02/04 18:55:00,321,Aft_10017,113
Flt_39526,EYCX,UQLN,2025/02/04 17:05:00,2025/02/04 19:20:00,320,Aft_10090,126
Flt_39527,XGOB,MVFV,2025/02/04 17:05:00,2025/02/04 20:35:00,321,Aft_10145,188
Flt_39528,FRMU,XGOB,2025/02/04 17:10:00,2025/02/04 19:30:00,320,Aft_10150,144
Flt_39529,IAWP,WZBQ,2025/02/04 17:15:00,2025/02/04 19:55:00,320,Aft_10074,144
Flt_39530,XGOB,EYCX,2025/02/04 17:15:00,2025/02/04 19:15:00,321,Aft_10059,105
Flt_39531,SNFR,MKHW,2025/02/04 17:15:00,2025/02/04 21:10:00,319,Aft_10097,223
Flt_39532,XGOB,HEYQ,2025/02/04 17:15:00,2025/02/04 20:00:00,321,Aft_10132,138
Flt_39533,VORI,XGOB,2025/02/04 17:15:00,2025/02/04 19:30:00,319,Aft_10153,118
Flt_39534,XGOB,ZSVF,2025/02/04 17:20:00,2025/02/04 18:50:00,321,Aft_10151,84
Flt_39535,GRIG,GZHS,2025/02/04 17:20:00,2025/02/04 20:15:00,320,Aft_10083,165
Flt_39536,QHPU,DYXX,2025/02/04 17:20:00,2025/02/04 18:40:00,321,Aft_10158,79
Flt_39537,VBKF,GGQY,2025/02/04 17:20:00,2025/02/04 19:25:00,320,Aft_10102,132
Flt_39538,ZHRG,MBMY,2025/02/04 17:25:00,2025/02/04 19:10:00,320,Aft_10012,94
Flt_39539,XGOB,WZBQ,2025/02/04 17:30:00,2025/02/04 20:15:00,321,Aft_10140,155
Flt_39540,CEUN,GRIG,2025/02/04 17:30:00,2025/02/04 20:45:00,320,Aft_10048,187
Flt_39541,JFWS,UQLN,2025/02/04 17:30:00,2025/02/04 19:45:00,319,Aft_10058,138
Flt_39542,PADI,XGOB,2025/02/04 17:30:00,2025/02/04 20:35:00,320,Aft_10056,212
Flt_39543,VMTM,XGOB,2025/02/04 17:35:00,2025/02/04 19:15:00,319,Aft_10116,98
Flt_39544,DDCZ,UQLN,2025/02/04 17:40:00,2025/02/04 20:00:00,321,Aft_10062,149
Flt_39545,WZBQ,XGOB,2025/02/04 17:40:00,2025/02/04 21:00:00,320,Aft_10104,170
Flt_39546,JDEH,XGOB,2025/02/04 17:45:00,2025/02/04 21:00:00,321,Aft_10022,176
Flt_39547,LXHP,VTIR,2025/02/04 17:45:00,2025/02/04 20:15:00,320,Aft_10010,129
Flt_39548,SNFR,FRMU,2025/02/04 17:50:00,2025/02/04 20:30:00,320,Aft_10081,152
Flt_39549,MVFV,FQEW,2025/02/04 17:55:00,2025/02/04 20:10:00,321,Aft_10014,121
Flt_39550,XGOB,FCHN,2025/02/04 17:55:00,2025/02/04 20:05:00,319,Aft_10129,106
Flt_39551,DEPY,ZWIO,2025/02/04 17:55:00,2025/02/04 20:10:00,321,Aft_10134,118
Flt_39552,HEYQ,PIEK,2025/02/04 17:55:00,2025/02/04 21:10:00,320,Aft_10034,191
Flt_39553,XLXE,RSIH,2025/02/04 17:55:00,2025/02/04 20:00:00,320,Aft_10015,134
Flt_39554,UQLN,PADI,2025/02/04 18:00:00,2025/02/04 20:15:00,321,Aft_10053,120
Flt_39555,VSBC,UQLN,2025/02/04 18:00:00,2025/02/04 20:05:00,320,Aft_10023,123
Flt_39556,WVMU,XGOB,2025/02/04 18:00:00,2025/02/04 22:10:00,320,Aft_10144,213
Flt_39557,CXOJ,XGOB,2025/02/04 18:00:00,2025/02/04 21:45:00,320,Aft_10162,181
Flt_39558,XGOB,QFPG,2025/02/04 18:05:00,2025/02/04 20:20:00,321,Aft_10106,145
Flt_39559,LXHP,MBMY,2025/02/04 18:05:00,2025/02/04 21:40:00,321,Aft_10002,211
Flt_39560,XGOB,SNFR,2025/02/04 18:05:00,2025/02/04 20:35:00,320,Aft_10143,131
Flt_39561,ERHL,LXHP,2025/02/04 18:05:00,2025/02/04 21:35:00,320,Aft_10073,205
Flt_39562,GRIG,CYBH,2025/02/04 18:05:00,2025/02/04 21:00:00,320,Aft_10028,171
Flt_39563,XGOB,EVWP,2025/02/04 18:05:00,2025/02/04 20:20:00,321,Aft_10148,130
Flt_39564,CZCU,XGOB,2025/02/04 18:05:00,2025/02/04 22:00:00,320,Aft_10092,198
Flt_39565,VBRA,VTIR,2025/02/04 18:05:00,2025/02/04 21:30:00,320,Aft_10064,197
Flt_39566,XGOB,VORI,2025/02/04 18:15:00,2025/02/04 20:10:00,320,Aft_10101,96
Flt_39567,VSBC,NQQU,2025/02/04 18:15:00,2025/02/04 20:25:00,320,Aft_10049,131
Flt_39568,ASBZ,WIMM,2025/02/04 18:15:00,2025/02/04 21:00:00,319,Aft_10110,168
Flt_39569,VBKF,CXOJ,2025/02/04 18:15:00,2025/02/04 21:55:00,320,Aft_10018,231
Flt_39570,VORI,XGOB,2025/02/04 18:20:00,2025/02/04 20:00:00,320,Aft_10126,117
Flt_39571,NMPZ,CXOJ,2025/02/04 18:20:00,2025/02/04 20:55:00,319,Aft_10136,174
Flt_39572,QFGG,CXOJ,2025/02/04 18:20:00,2025/02/04 21:50:00,320,Aft_10093,229
Flt_39573,JDTH,XGOB,2025/02/04 18:30:00,2025/02/05 05:10:00,350,Aft_10164,641
Flt_39574,CLVM,WZBQ,2025/02/04 18:35:00,2025/02/04 21:10:00,320,Aft_10077,153
Flt_39575,XGOB,NRTE,2025/02/04 18:35:00,2025/02/04 23:20:00,321,Aft_10127,255
Flt_39576,IDKG,SNFR,2025/02/04 18:35:00,2025/02/04 21:35:00,321,Aft_10033,166
Flt_39577,XGOB,XLXE,2025/02/04 18:35:00,2025/02/04 21:00:00,321,Aft_10016,123
Flt_39578,SNFR,GRIG,2025/02/04 18:40:00,2025/02/04 21:55:00,320,Aft_10067,193
Flt_39579,UIOI,XGOB,2025/02/04 18:40:00,2025/02/04 21:20:00,321,Aft_10030,159
Flt_39580,FFJA,XGOB,2025/02/04 18:40:00,2025/02/04 22:00:00,321,Aft_10043,198
Flt_39581,XGOB,VSBC,2025/02/04 18:45:00,2025/02/04 21:15:00,320,Aft_10052,121
Flt_39582,TIMH,BQKE,2025/02/04 18:45:00,2025/02/04 20:30:00,319,Aft_10107,88
Flt_39583,XGOB,XNVE,2025/02/04 18:45:00,2025/02/04 21:00:00,319,Aft_10096,119
Flt_39584,CYBH,UQLN,2025/02/04 18:45:00,2025/02/04 21:55:00,320,Aft_10098,193
Flt_39585,MVFV,XGOB,2025/02/04 18:45:00,2025/02/04 23:00:00,321,Aft_10065,255
Flt_39586,XLXE,XGOB,2025/02/04 18:45:00,2025/02/04 21:45:00,321,Aft_10118,186
Flt_39587,SNFR,UQLN,2025/02/04 18:50:00,2025/02/04 21:55:00,321,Aft_10024,174
Flt_39588,UQLN,OMLA,2025/02/04 18:55:00,2025/02/04 21:05:00,320,Aft_10113,111
Flt_39589,VBKF,XGOB,2025/02/04 18:55:00,2025/02/04 20:40:00,319,Aft_10061,94
Flt_39590,SNFR,XGOB,2025/02/04 18:55:00,2025/02/04 22:20:00,321,Aft_10095,207
Flt_39591,XGOB,HMAL,2025/02/04 19:00:00,2025/02/04 21:00:00,319,Aft_10009,102
Flt_39592,XGOB,CILH,2025/02/04 19:00:00,2025/02/04 21:25:00,321,Aft_10041,128
Flt_39593,XGOB,CEUN,2025/02/04 19:00:00,2025/02/04 21:15:00,321,Aft_10025,126
Flt_39594,OEQY,XGOB,2025/02/04 19:00:00,2025/02/04 21:40:00,320,Aft_10111,151
Flt_39595,DDCZ,XGOB,2025/02/04 19:00:00,2025/02/04 22:00:00,321,Aft_10115,172
Flt_39596,XGOB,CXOJ,2025/02/04 19:00:00,2025/02/04 22:45:00,320,Aft_10157,246
Flt_39597,UQLN,MBMY,2025/02/04 19:05:00,2025/02/04 21:30:00,321,Aft_10035,135
Flt_39598,XGOB,MKHW,2025/02/04 19:05:00,2025/02/04 21:10:00,319,Aft_10079,110
Flt_39599,EYCX,GRIG,2025/02/04 19:05:00,2025/02/04 21:55:00,320,Aft_10161,167
Flt_39600,VBKF,VTIR,2025/02/04 19:05:00,2025/02/04 22:15:00,320,Aft_10005,186
Flt_39601,XGOB,ENRV,2025/02/04 19:10:00,2025/02/04 21:10:00,320,Aft_10068,120
Flt_39602,XGOB,KNKY,2025/02/04 19:10:00,2025/02/04 20:50:00,319,Aft_10066,93
Flt_39603,XNVE,MBMY,2025/02/04 19:10:00,2025/02/04 21:00:00,321,Aft_10013,109
Flt_39604,EQTC,XGOB,2025/02/04 19:10:00,2025/02/04 22:20:00,320,Aft_10063,199
Flt_39605,XLXE,VTIR,2025/02/04 19:10:00,2025/02/04 22:00:00,321,Aft_10006,168
Flt_39606,XGOB,SNFR,2025/02/04 19:15:00,2025/02/04 21:50:00,321,Aft_10080,145
Flt_39607,XGOB,FFJA,2025/02/04 19:15:00,2025/02/04 21:30:00,321,Aft_10003,124
Flt_39608,OTPS,XGOB,2025/02/04 19:15:00,2025/02/04 22:50:00,321,Aft_10147,205
Flt_39609,XGOB,OEQY,2025/02/04 19:20:00,2025/02/04 21:40:00,321,Aft_10004,127
Flt_39610,UQLN,OEQY,2025/02/04 19:20:00,2025/02/04 21:25:00,321,Aft_10021,119
Flt_39611,XGOB,ERHL,2025/02/04 19:20:00,2025/02/04 21:10:00,320,Aft_10078,109
Flt_39612,XBQP,UQLN,2025/02/04 19:20:00,2025/02/04 22:30:00,319,Aft_10100,172
Flt_39613,QHPU,UQLN,2025/02/04 19:20:00,2025/02/04 22:40:00,321,Aft_10057,206
Flt_39614,VTIR,XGOB,2025/02/04 19:20:00,2025/02/04 23:55:00,320,Aft_10141,264
Flt_39615,NJTU,XGOB,2025/02/04 19:20:00,2025/02/04 21:55:00,320,Aft_10075,144
Flt_39616,UQLN,PKEY,2025/02/04 19:25:00,2025/02/04 21:20:00,320,Aft_10123,128
Flt_39617,XGOB,FRMU,2025/02/04 19:30:00,2025/02/04 21:45:00,321,Aft_10042,129
Flt_39618,VTIR,UQLN,2025/02/04 19:30:00,2025/02/04 23:35:00,321,Aft_10026,248
Flt_39619,JFWS,XGOB,2025/02/04 19:30:00,2025/02/04 21:25:00,319,Aft_10112,101
Flt_39620,UQLN,DEPY,2025/02/04 19:35:00,2025/02/04 21:15:00,320,Aft_10029,104
Flt_39621,DYXX,XGOB,2025/02/04 19:35:00,2025/02/04 23:05:00,321,Aft_10158,205
Flt_39622,NQQU,XGOB,2025/02/04 19:35:00,2025/02/04 22:40:00,320,Aft_10055,205
Flt_39623,ZSVF,XGOB,2025/02/04 19:35:00,2025/02/04 21:20:00,321,Aft_10151,96
Flt_39624,XGOB,VKRE,2025/02/04 19:40:00,2025/02/04 21:15:00,319,Aft_10091,75
Flt_39625,HEYQ,GRIG,2025/02/04 19:40:00,2025/02/04 23:10:00,320,Aft_10047,204
Flt_39626,DKZJ,XGOB,2025/02/04 19:40:00,2025/02/04 23:30:00,320,Aft_10133,189
Flt_39627,XLXE,XGOB,2025/02/04 19:40:00,2025/02/04 22:35:00,321,Aft_10114,183
Flt_39628,WZBQ,XGOB,2025/02/04 19:40:00,2025/02/04 22:40:00,321,Aft_10046,184
Flt_39629,PIEK,FRMU,2025/02/04 19:45:00,2025/02/04 21:45:00,320,Aft_10146,116
Flt_39630,BQKE,HMAL,2025/02/04 19:45:00,2025/02/04 21:55:00,320,Aft_10125,125
Flt_39631,GTVX,XGOB,2025/02/04 19:45:00,2025/02/05 00:10:00,320,Aft_10089,231
Flt_39632,SNFR,VTIR,2025/02/04 19:45:00,2025/02/04 22:55:00,320,Aft_10130,194
Flt_39633,HEYQ,JDEH,2025/02/04 19:50:00,2025/02/04 21:55:00,321,Aft_10036,162
Flt_39634,XGOB,WCAF,2025/02/04 19:50:00,2025/02/04 21:35:00,319,Aft_10120,98
Flt_39635,VSBC,UQLN,2025/02/04 19:50:00,2025/02/04 22:15:00,321,Aft_10011,128
Flt_39636,UUKJ,XGOB,2025/02/04 19:50:00,2025/02/04 22:50:00,321,Aft_10119,165
Flt_39637,OMLA,VTIR,2025/02/04 19:50:00,2025/02/04 22:30:00,320,Aft_10051,161
Flt_39638,XGOB,FWCS,2025/02/04 19:55:00,2025/02/05 00:25:00,321,Aft_10050,233
Flt_39639,VTIR,WZBQ,2025/02/04 19:55:00,2025/02/04 22:10:00,321,Aft_10082,120
Flt_39640,CYBH,XGOB,2025/02/04 19:55:00,2025/02/04 23:25:00,321,Aft_10038,208
Flt_39641,CEUN,VTIR,2025/02/04 19:55:00,2025/02/04 22:25:00,320,Aft_10039,162
Flt_39642,XGOB,VTIR,2025/02/04 19:55:00,2025/02/04 23:30:00,320,Aft_10154,228
Flt_39643,UQLN,WZBQ,2025/02/04 20:00:00,2025/02/04 22:20:00,321,Aft_10008,139
Flt_39644,DDCZ,XGOB,2025/02/04 20:00:00,2025/02/04 22:55:00,320,Aft_10084,161
Flt_39645,EYCX,VTIR,2025/02/04 20:00:00,2025/02/04 22:55:00,320,Aft_10099,181
Flt_39646,HMAL,SNFR,2025/02/04 20:05:00,2025/02/04 22:30:00,320,Aft_10122,144
Flt_39647,LXHP,QFGG,2025/02/04 20:05:00,2025/02/04 22:20:00,320,Aft_10088,140
Flt_39648,XGOB,PSIL,2025/02/04 20:10:00,2025/02/04 22:20:00,319,Aft_10116,114
Flt_39649,JFWS,VBKF,2025/02/04 20:15:00,2025/02/04 22:50:00,319,Aft_10117,156
Flt_39650,VTIR,SNFR,2025/02/04 20:15:00,2025/02/04 23:30:00,320,Aft_10007,200
Flt_39651,VSBC,XGOB,2025/02/04 20:15:00,2025/02/04 22:40:00,321,Aft_10094,135
Flt_39652,EYCX,XGOB,2025/02/04 20:15:00,2025/02/04 22:35:00,321,Aft_10059,130
Flt_39653,XLXE,VTIR,2025/02/04 20:15:00,2025/02/04 23:10:00,321,Aft_10017,169
Flt_39654,XGOB,JDEH,2025/02/04 20:20:00,2025/02/04 22:55:00,321,Aft_10109,166
Flt_39655,SRNH,GRIG,2025/02/04 20:20:00,2025/02/04 22:50:00,320,Aft_10121,148
Flt_39656,XLXE,GRIG,2025/02/04 20:20:00,2025/02/04 23:25:00,320,Aft_10139,182
Flt_39657,UUKJ,UQLN,2025/02/04 20:20:00,2025/02/04 23:50:00,320,Aft_10054,187
Flt_39658,UQLN,FRMU,2025/02/04 20:25:00,2025/02/04 22:20:00,320,Aft_10090,118
Flt_39659,IAWP,SNFR,2025/02/04 20:25:00,2025/02/04 22:50:00,320,Aft_10071,137
Flt_39660,XGOB,WZBQ,2025/02/04 20:30:00,2025/02/04 23:15:00,320,Aft_10020,173
Flt_39661,GRIG,WZBQ,2025/02/04 20:30:00,2025/02/05 00:15:00,320,Aft_10076,221
Flt_39662,HEYQ,UQLN,2025/02/04 20:30:00,2025/02/04 23:35:00,319,Aft_10131,171
Flt_39663,WZBQ,CXOJ,2025/02/04 20:30:00,2025/02/05 00:50:00,320,Aft_10070,273
Flt_39664,XGOB,DSXP,2025/02/04 20:35:00,2025/02/05 00:15:00,321,Aft_10103,227
Flt_39665,XGOB,FRMU,2025/02/04 20:35:00,2025/02/04 23:05:00,320,Aft_10150,133
Flt_39666,HEYQ,GRIG,2025/02/04 20:35:00,2025/02/04 23:50:00,320,Aft_10044,206
Flt_39667,XGOB,CLKY,2025/02/04 20:40:00,2025/02/04 23:00:00,320,Aft_10152,133
Flt_39668,FWCS,UQLN,2025/02/04 20:45:00,2025/02/05 00:40:00,320,Aft_10027,229
Flt_39669,UQLN,FQEW,2025/02/04 20:50:00,2025/02/04 22:35:00,321,Aft_10062,102
Flt_39670,EYCX,XGOB,2025/02/04 20:50:00,2025/02/04 23:00:00,320,Aft_10128,143
Flt_39671,MVFV,XGOB,2025/02/04 20:50:00,2025/02/05 01:15:00,321,Aft_10149,245
Flt_39672,FCHN,XGOB,2025/02/04 20:50:00,2025/02/04 22:45:00,319,Aft_10129,95
Flt_39673,XBQP,XGOB,2025/02/04 20:50:00,2025/02/05 00:10:00,321,Aft_10138,194
Flt_39674,UQLN,NMPZ,2025/02/04 20:55:00,2025/02/04 22:55:00,319,Aft_10058,113
Flt_39675,GGQY,VBKF,2025/02/04 20:55:00,2025/02/04 23:30:00,320,Aft_10102,131
Flt_39676,XGOB,HMAL,2025/02/04 21:00:00,2025/02/04 22:55:00,319,Aft_10153,95
Flt_39677,FQEW,MBMY,2025/02/04 21:00:00,2025/02/05 00:35:00,321,Aft_10014,194
Flt_39678,XGOB,DEPY,2025/02/04 21:00:00,2025/02/04 22:25:00,321,Aft_10032,88
Flt_39679,RSIH,GRIG,2025/02/04 21:00:00,2025/02/04 22:50:00,320,Aft_10015,89
Flt_39680,GZHS,GRIG,2025/02/04 21:00:00,2025/02/05 00:30:00,320,Aft_10083,203
Flt_39681,XGOB,GRIG,2025/02/04 21:05:00,2025/02/04 22:30:00,320,Aft_10124,70
Flt_39682,XGOB,VMTM,2025/02/04 21:05:00,2025/02/04 23:05:00,319,Aft_10069,101
Flt_39683,XGOB,LXHP,2025/02/04 21:05:00,2025/02/04 23:20:00,320,Aft_10060,112
Flt_39684,HEYQ,XGOB,2025/02/04 21:05:00,2025/02/05 00:30:00,321,Aft_10132,202
Flt_39685,EVWP,XGOB,2025/02/04 21:05:00,2025/02/04 23:55:00,321,Aft_10148,201
Flt_39686,UQLN,OSYY,2025/02/04 21:10:00,2025/02/04 23:00:00,320,Aft_10105,102
Flt_39687,PADI,UQLN,2025/02/04 21:10:00,2025/02/04 23:55:00,321,Aft_10053,168
Flt_39688,QFPG,XGOB,2025/02/04 21:10:00,2025/02/04 23:40:00,321,Aft_10106,160
Flt_39689,VTIR,SNFR,2025/02/04 21:15:00,2025/02/05 00:40:00,320,Aft_10010,184
Flt_39690,WZBQ,CLVM,2025/02/04 21:15:00,2025/02/05 00:25:00,320,Aft_10074,195
Flt_39691,BQKE,UQLN,2025/02/04 21:20:00,2025/02/04 23:20:00,319,Aft_10107,119
Flt_39692,VORI,XGOB,2025/02/04 21:25:00,2025/02/04 23:25:00,320,Aft_10101,119
Flt_39693,NQQU,VTIR,2025/02/04 21:30:00,2025/02/05 01:00:00,320,Aft_10049,227
Flt_39694,OSYY,VBKF,2025/02/04 21:35:00,2025/02/05 00:15:00,320,Aft_10045,152
Flt_39695,UQLN,LXHP,2025/02/04 21:35:00,2025/02/04 23:50:00,320,Aft_10023,110
Flt_39696,KNKY,XGOB,2025/02/04 21:35:00,2025/02/04 23:30:00,319,Aft_10066,109
Flt_39697,MVFV,XGOB,2025/02/04 21:35:00,2025/02/05 01:40:00,321,Aft_10145,244
Flt_39698,XGOB,GRIG,2025/02/04 21:40:00,2025/02/04 22:50:00,320,Aft_10056,80
Flt_39699,ZWIO,MBMY,2025/02/04 21:45:00,2025/02/04 23:50:00,321,Aft_10134,102
Flt_39700,XGOB,VBKF,2025/02/04 21:45:00,2025/02/04 23:10:00,319,Aft_10061,78
Flt_39701,WIMM,XGOB,2025/02/04 21:45:00,2025/02/04 22:55:00,319,Aft_10110,62
Flt_39702,OMLA,UQLN,2025/02/04 21:50:00,2025/02/05 00:35:00,320,Aft_10113,154
Flt_39703,XNVE,XGOB,2025/02/04 21:50:00,2025/02/05 00:30:00,319,Aft_10096,149
Flt_39704,HMAL,XGOB,2025/02/04 21:50:00,2025/02/04 23:40:00,319,Aft_10009,109
Flt_39705,WZBQ,MBMY,2025/02/04 21:55:00,2025/02/05 01:55:00,320,Aft_10085,233
Flt_39706,FRMU,SNFR,2025/02/04 21:55:00,2025/02/05 00:10:00,320,Aft_10081,115
Flt_39707,MKHW,SNFR,2025/02/04 21:55:00,2025/02/05 01:05:00,319,Aft_10097,174
Flt_39708,MKHW,XGOB,2025/02/04 21:55:00,2025/02/04 23:45:00,319,Aft_10079,97
Flt_39709,ENRV,XGOB,2025/02/04 21:55:00,2025/02/05 00:20:00,320,Aft_10068,138
Flt_39710,ERHL,XGOB,2025/02/04 21:55:00,2025/02/04 23:50:00,320,Aft_10078,100
Flt_39711,PIEK,LUKE,2025/02/04 21:55:00,2025/02/04 22:55:00,320,Aft_10034,59
Flt_39712,GRIG,MKHW,2025/02/04 22:00:00,2025/02/04 23:10:00,320,Aft_10048,68
Flt_39713,CEUN,XGOB,2025/02/04 22:00:00,2025/02/05 00:50:00,321,Aft_10025,178
Flt_39714,VKRE,XGOB,2025/02/04 22:00:00,2025/02/04 23:30:00,319,Aft_10091,72
Flt_39715,CYBH,VTIR,2025/02/04 22:00:00,2025/02/05 00:55:00,321,Aft_10031,185
Flt_39716,XGOB,LXHP,2025/02/04 22:05:00,2025/02/05 00:15:00,320,Aft_10126,126
Flt_39717,DEPY,UQLN,2025/02/04 22:05:00,2025/02/04 23:55:00,320,Aft_10029,90
Flt_39718,XGOB,JDEH,2025/02/04 22:10:00,2025/02/05 00:50:00,321,Aft_10022,156
Flt_39719,CYBH,GRIG,2025/02/04 22:10:00,2025/02/05 01:55:00,320,Aft_10028,233
Flt_39720,XLXE,XGOB,2025/02/04 22:10:00,2025/02/05 00:55:00,321,Aft_10016,181
Flt_39721,WZBQ,UQLN,2025/02/04 22:15:00,2025/02/05 01:10:00,321,Aft_10140,182
Flt_39722,VSBC,XGOB,2025/02/04 22:15:00,2025/02/05 00:40:00,320,Aft_10052,152
Flt_39723,MBMY,WZBQ,2025/02/04 22:20:00,2025/02/05 01:55:00,321,Aft_10013,235
Flt_39724,WCAF,XGOB,2025/02/04 22:20:00,2025/02/05 00:05:00,319,Aft_10120,95
Flt_39725,LXHP,UQLN,2025/02/04 22:25:00,2025/02/05 01:05:00,320,Aft_10073,151
Flt_39726,CILH,XGOB,2025/02/04 22:25:00,2025/02/05 01:15:00,321,Aft_10041,157
Flt_39727,FFJA,XGOB,2025/02/04 22:35:00,2025/02/05 01:45:00,321,Aft_10003,194
Flt_39728,MBMY,UQLN,2025/02/04 22:40:00,2025/02/05 01:05:00,321,Aft_10035,132
Flt_39729,OEQY,UQLN,2025/02/04 22:40:00,2025/02/05 00:55:00,321,Aft_10021,123
Flt_39730,PKEY,UQLN,2025/02/04 22:55:00,2025/02/05 01:05:00,320,Aft_10123,105
Flt_39731,JDEH,UQLN,2025/02/04 22:55:00,2025/02/05 01:40:00,321,Aft_10036,169
Flt_39732,GRIG,SNFR,2025/02/04 23:05:00,2025/02/05 01:40:00,320,Aft_10067,157
Flt_39733,QFGG,GRIG,2025/02/04 23:05:00,2025/02/05 00:55:00,320,Aft_10088,90
Flt_39734,PSIL,XGOB,2025/02/04 23:05:00,2025/02/05 01:30:00,319,Aft_10116,132
Flt_39735,UQLN,JDEH,2025/02/04 23:20:00,2025/02/05 01:40:00,321,Aft_10011,153
Flt_39736,WZBQ,VTIR,2025/02/04 23:20:00,2025/02/05 01:25:00,321,Aft_10082,128
Flt_39737,XGOB,GRIG,2025/02/04 23:25:00,2025/02/05 01:15:00,320,Aft_10040,78
Flt_39738,FQEW,UQLN,2025/02/04 23:25:00,2025/02/05 01:25:00,321,Aft_10062,132
Flt_39739,GRIG,XGOB,2025/02/04 23:35:00,2025/02/05 00:55:00,320,Aft_10124,84
Flt_39740,DEPY,XGOB,2025/02/04 23:40:00,2025/02/05 01:30:00,321,Aft_10032,89
Flt_39741,OSYY,UQLN,2025/02/04 23:45:00,2025/02/05 01:40:00,320,Aft_10105,102
Flt_39742,YPAM,XGOB,2025/02/04 23:45:00,2025/02/05 05:25:00,321,Aft_10135,339
Flt_39743,VMTM,XGOB,2025/02/04 23:50:00,2025/02/05 01:40:00,319,Aft_10069,92
Flt_39744,MKHW,GRIG,2025/02/04 23:55:00,2025/02/05 01:05:00,320,Aft_10048,69
Flt_39745,NMPZ,UQLN,2025/02/04 23:55:00,2025/02/05 01:40:00,319,Aft_10058,102
Flt_39746,NRTE,XGOB,2025/02/05 00:20:00,2025/02/05 05:00:00,321,Aft_10127,255
Flt_39747,AFEC,HMAL,2025/02/05 17:55:00,2025/02/05 20:40:00,321,Aft_10160,179
Flt_39748,HMAL,AFEC,2025/02/05 13:00:00,2025/02/05 16:25:00,321,Aft_10160,185
Flt_39749,WZBQ,MBMY,2025/02/05 06:00:00,2025/02/05 09:35:00,321,Aft_10008,231
Flt_39750,XGOB,FFJA,2025/02/05 06:00:00,2025/02/05 08:15:00,321,Aft_10118,119
Flt_39751,GRIG,EYCX,2025/02/05 06:20:00,2025/02/05 09:05:00,320,Aft_10040,140
Flt_39752,UQLN,EVWP,2025/02/05 06:20:00,2025/02/05 08:20:00,320,Aft_10029,111
Flt_39753,SNFR,HMAL,2025/02/05 06:25:00,2025/02/05 09:20:00,320,Aft_10067,163
Flt_39754,XGOB,VSBC,2025/02/05 06:25:00,2025/02/05 09:05:00,321,Aft_10115,142
Flt_39755,XGOB,DEPY,2025/02/05 06:25:00,2025/02/05 07:50:00,319,Aft_10009,80
Flt_39756,SNFR,ZWIO,2025/02/05 06:25:00,2025/02/05 09:15:00,320,Aft_10081,164
Flt_39757,FRMU,XGOB,2025/02/05 06:25:00,2025/02/05 08:50:00,321,Aft_10042,140
Flt_39758,MBMY,CLVM,2025/02/05 06:25:00,2025/02/05 08:50:00,320,Aft_10012,132
Flt_39759,MBMY,VORI,2025/02/05 06:30:00,2025/02/05 08:30:00,321,Aft_10002,119
Flt_39760,UQLN,DDCZ,2025/02/05 06:30:00,2025/02/05 08:40:00,321,Aft_10062,119
Flt_39761,GRIG,VBKF,2025/02/05 06:30:00,2025/02/05 08:45:00,320,Aft_10048,131
Flt_39762,JDEH,XGOB,2025/02/05 06:30:00,2025/02/05 09:25:00,321,Aft_10011,192
Flt_39763,VTIR,XLXE,2025/02/05 06:35:00,2025/02/05 09:50:00,321,Aft_10006,167
Flt_39764,GRIG,UQLN,2025/02/05 06:35:00,2025/02/05 08:20:00,320,Aft_10015,88
Flt_39765,XGOB,IZUZ,2025/02/05 06:40:00,2025/02/05 08:20:00,319,Aft_10112,87
Flt_39766,GRIG,WAVK,2025/02/05 06:40:00,2025/02/05 09:10:00,320,Aft_10083,140
Flt_39767,UQLN,LXHP,2025/02/05 06:45:00,2025/02/05 08:50:00,321,Aft_10035,112
Flt_39768,UQLN,FRMU,2025/02/05 06:50:00,2025/02/05 09:05:00,320,Aft_10098,117
Flt_39769,UQLN,CILH,2025/02/05 06:50:00,2025/02/05 09:05:00,321,Aft_10024,109
Flt_39770,WZBQ,RSIH,2025/02/05 06:50:00,2025/02/05 09:30:00,320,Aft_10020,153
Flt_39771,XGOB,IDKG,2025/02/05 06:50:00,2025/02/05 10:30:00,321,Aft_10046,218
Flt_39772,UQLN,WZBQ,2025/02/05 06:55:00,2025/02/05 09:10:00,321,Aft_10036,135
Flt_39773,UQLN,HMAL,2025/02/05 06:55:00,2025/02/05 08:45:00,320,Aft_10073,96
Flt_39774,GRIG,OEQY,2025/02/05 06:55:00,2025/02/05 08:45:00,320,Aft_10056,117
Flt_39775,XGOB,OMLA,2025/02/05 06:55:00,2025/02/05 09:10:00,321,Aft_10148,126
Flt_39776,VTIR,CYBH,2025/02/05 06:55:00,2025/02/05 09:50:00,320,Aft_10051,175
Flt_39777,CXOJ,XGOB,2025/02/05 06:55:00,2025/02/05 10:35:00,320,Aft_10070,204
Flt_39778,OEQY,XGOB,2025/02/05 06:55:00,2025/02/05 09:30:00,321,Aft_10004,144
Flt_39779,WZBQ,XGOB,2025/02/05 06:55:00,2025/02/05 10:00:00,321,Aft_10013,182
Flt_39780,LUKE,FRMU,2025/02/05 07:00:00,2025/02/05 09:15:00,320,Aft_10072,142
Flt_39781,JDEH,VSBC,2025/02/05 07:00:00,2025/02/05 10:40:00,321,Aft_10022,210
Flt_39782,UQLN,VSBC,2025/02/05 07:00:00,2025/02/05 09:10:00,321,Aft_10053,116
Flt_39783,LXHP,ERHL,2025/02/05 07:00:00,2025/02/05 11:00:00,320,Aft_10023,231
Flt_39784,XGOB,SNFR,2025/02/05 07:00:00,2025/02/05 09:35:00,321,Aft_10032,139
Flt_39785,GRIG,LXHP,2025/02/05 07:00:00,2025/02/05 09:50:00,320,Aft_10044,176
Flt_39786,VTIR,LXHP,2025/02/05 07:00:00,2025/02/05 09:35:00,320,Aft_10130,141
Flt_39787,VTIR,CEUN,2025/02/05 07:00:00,2025/02/05 09:45:00,321,Aft_10017,155
Flt_39788,XGOB,VTIR,2025/02/05 07:00:00,2025/02/05 10:40:00,321,Aft_10041,229
Flt_39789,UQLN,VTIR,2025/02/05 07:00:00,2025/02/05 10:25:00,321,Aft_10140,229
Flt_39790,XGOB,OEQY,2025/02/05 07:05:00,2025/02/05 09:35:00,321,Aft_10003,125
Flt_39791,UQLN,NMPZ,2025/02/05 07:05:00,2025/02/05 09:05:00,320,Aft_10113,130
Flt_39792,GRIG,XBQP,2025/02/05 07:05:00,2025/02/05 09:35:00,320,Aft_10161,138
Flt_39793,MBMY,LXHP,2025/02/05 07:05:00,2025/02/05 10:30:00,321,Aft_10014,202
Flt_39794,UQLN,OEQY,2025/02/05 07:10:00,2025/02/05 09:15:00,320,Aft_10105,112
Flt_39795,VTIR,VBRA,2025/02/05 07:10:00,2025/02/05 10:50:00,321,Aft_10082,204
Flt_39796,VTIR,MBMY,2025/02/05 07:10:00,2025/02/05 12:45:00,321,Aft_10142,311
Flt_39797,VTIR,VBKF,2025/02/05 07:10:00,2025/02/05 11:05:00,320,Aft_10005,216
Flt_39798,XGOB,GRIG,2025/02/05 07:10:00,2025/02/05 08:55:00,320,Aft_10104,77
Flt_39799,UQLN,SNFR,2025/02/05 07:10:00,2025/02/05 09:15:00,321,Aft_10021,125
Flt_39800,FRMU,UQLN,2025/02/05 07:10:00,2025/02/05 09:10:00,320,Aft_10150,125
Flt_39801,CXOJ,PIEK,2025/02/05 07:10:00,2025/02/05 10:35:00,320,Aft_10018,188
Flt_39802,GRIG,XGOB,2025/02/05 07:10:00,2025/02/05 08:40:00,320,Aft_10139,87
Flt_39803,GRIG,HEYQ,2025/02/05 07:15:00,2025/02/05 09:55:00,320,Aft_10088,153
Flt_39804,UQLN,CYBH,2025/02/05 07:15:00,2025/02/05 09:30:00,320,Aft_10123,125
Flt_39805,UQLN,JFWS,2025/02/05 07:15:00,2025/02/05 10:20:00,319,Aft_10058,189
Flt_39806,XGOB,MVFV,2025/02/05 07:15:00,2025/02/05 10:25:00,321,Aft_10016,180
Flt_39807,XGOB,VORI,2025/02/05 07:20:00,2025/02/05 09:25:00,321,Aft_10132,100
Flt_39808,VBKF,AIZY,2025/02/05 07:20:00,2025/02/05 10:15:00,319,Aft_10061,184
Flt_39809,JDEH,XGOB,2025/02/05 07:20:00,2025/02/05 10:35:00,321,Aft_10109,189
Flt_39810,XGOB,SHIS,2025/02/05 07:25:00,2025/02/05 09:40:00,320,Aft_10063,112
Flt_39811,VTIR,EYCX,2025/02/05 07:25:00,2025/02/05 10:40:00,320,Aft_10099,182
Flt_39812,XGOB,PKEY,2025/02/05 07:25:00,2025/02/05 09:15:00,321,Aft_10065,102
Flt_39813,XGOB,IZUZ,2025/02/05 07:25:00,2025/02/05 09:05:00,319,Aft_10116,93
Flt_39814,MBMY,PIEK,2025/02/05 07:25:00,2025/02/05 09:50:00,320,Aft_10085,140
Flt_39815,XGOB,AIZY,2025/02/05 07:25:00,2025/02/05 09:30:00,319,Aft_10069,131
Flt_39816,CXOJ,XGOB,2025/02/05 07:25:00,2025/02/05 11:20:00,320,Aft_10093,209
Flt_39817,VTIR,XGOB,2025/02/05 07:25:00,2025/02/05 11:55:00,320,Aft_10154,264
Flt_39818,LUKE,XGOB,2025/02/05 07:30:00,2025/02/05 08:35:00,320,Aft_10034,67
Flt_39819,LXHP,XGOB,2025/02/05 07:35:00,2025/02/05 10:15:00,320,Aft_10060,180
Flt_39820,WZBQ,FIHQ,2025/02/05 07:40:00,2025/02/05 09:50:00,320,Aft_10077,120
Flt_39821,XGOB,ERHL,2025/02/05 07:40:00,2025/02/05 09:40:00,320,Aft_10111,105
Flt_39822,SNFR,IAWP,2025/02/05 07:40:00,2025/02/05 10:40:00,320,Aft_10143,192
Flt_39823,SNFR,XGOB,2025/02/05 07:40:00,2025/02/05 10:55:00,321,Aft_10080,203
Flt_39824,XGOB,URTH,2025/02/05 07:45:00,2025/02/05 09:45:00,320,Aft_10078,108
Flt_39825,XGOB,ELBQ,2025/02/05 07:45:00,2025/02/05 09:45:00,320,Aft_10075,107
Flt_39826,SNFR,FRMU,2025/02/05 07:50:00,2025/02/05 10:15:00,320,Aft_10071,136
Flt_39827,SNFR,IXQM,2025/02/05 07:50:00,2025/02/05 11:10:00,320,Aft_10007,190
Flt_39828,VTIR,CYBH,2025/02/05 07:50:00,2025/02/05 11:25:00,321,Aft_10031,173
Flt_39829,VBKF,EQTC,2025/02/05 07:50:00,2025/02/05 09:50:00,320,Aft_10102,107
Flt_39830,XGOB,ISAX,2025/02/05 07:50:00,2025/02/05 10:25:00,321,Aft_10025,121
Flt_39831,GRIG,XGOB,2025/02/05 07:50:00,2025/02/05 09:10:00,320,Aft_10121,78
Flt_39832,XGOB,SRNH,2025/02/05 07:55:00,2025/02/05 09:55:00,320,Aft_10141,106
Flt_39833,CLVM,VORI,2025/02/05 07:55:00,2025/02/05 09:25:00,320,Aft_10074,96
Flt_39834,XGOB,MKHW,2025/02/05 07:55:00,2025/02/05 10:00:00,320,Aft_10086,113
Flt_39835,XGOB,LXHP,2025/02/05 07:55:00,2025/02/05 10:20:00,320,Aft_10089,132
Flt_39836,UQLN,NQQU,2025/02/05 07:55:00,2025/02/05 10:05:00,320,Aft_10027,117
Flt_39837,XGOB,AIZY,2025/02/05 07:55:00,2025/02/05 10:10:00,319,Aft_10079,136
Flt_39838,HMAL,XGOB,2025/02/05 07:55:00,2025/02/05 09:55:00,319,Aft_10153,110
Flt_39839,XGOB,CYBH,2025/02/05 08:00:00,2025/02/05 10:40:00,321,Aft_10138,147
Flt_39840,XGOB,JFWS,2025/02/05 08:00:00,2025/02/05 10:45:00,319,Aft_10091,170
Flt_39841,CXOJ,CLVM,2025/02/05 08:00:00,2025/02/05 11:25:00,320,Aft_10157,208
Flt_39842,SNFR,CLVM,2025/02/05 08:00:00,2025/02/05 11:10:00,320,Aft_10122,200
Flt_39843,UQLN,MVFV,2025/02/05 08:00:00,2025/02/05 11:05:00,321,Aft_10057,181
Flt_39844,VTIR,OMLA,2025/02/05 08:05:00,2025/02/05 11:10:00,320,Aft_10049,176
Flt_39845,UQLN,WAVK,2025/02/05 08:05:00,2025/02/05 09:45:00,319,Aft_10100,102
Flt_39846,OEQY,XGOB,2025/02/05 08:05:00,2025/02/05 10:30:00,320,Aft_10037,152
Flt_39847,VBKF,PIEK,2025/02/05 08:10:00,2025/02/05 10:00:00,320,Aft_10137,105
Flt_39848,XGOB,VSBC,2025/02/05 08:15:00,2025/02/05 10:35:00,320,Aft_10052,130
Flt_39849,XGOB,XLXE,2025/02/05 08:15:00,2025/02/05 10:35:00,321,Aft_10059,139
Flt_39850,UQLN,JFWS,2025/02/05 08:15:00,2025/02/05 11:20:00,319,Aft_10107,179
Flt_39851,XGOB,CXOJ,2025/02/05 08:15:00,2025/02/05 11:40:00,321,Aft_10043,225
Flt_39852,SNFR,PIEK,2025/02/05 08:20:00,2025/02/05 11:25:00,319,Aft_10108,194
Flt_39853,LXHP,XGOB,2025/02/05 08:20:00,2025/02/05 11:00:00,320,Aft_10126,177
Flt_39854,XGOB,AGEE,2025/02/05 08:20:00,2025/02/05 11:35:00,320,Aft_10128,178
Flt_39855,XGOB,PADI,2025/02/05 08:25:00,2025/02/05 11:20:00,321,Aft_10106,141
Flt_39856,XGOB,JFWS,2025/02/05 08:30:00,2025/02/05 11:05:00,319,Aft_10019,157
Flt_39857,WZBQ,XGOB,2025/02/05 08:30:00,2025/02/05 11:35:00,320,Aft_10076,192
Flt_39858,XGOB,OSYY,2025/02/05 08:35:00,2025/02/05 10:40:00,321,Aft_10151,121
Flt_39859,XGOB,XBQP,2025/02/05 08:35:00,2025/02/05 11:20:00,320,Aft_10101,140
Flt_39860,SNFR,UQLN,2025/02/05 08:35:00,2025/02/05 11:25:00,319,Aft_10097,163
Flt_39861,XGOB,WQLS,2025/02/05 08:35:00,2025/02/05 10:00:00,319,Aft_10110,88
Flt_39862,VBKF,JFWS,2025/02/05 08:35:00,2025/02/05 12:10:00,319,Aft_10117,224
Flt_39863,XGOB,CZCU,2025/02/05 08:35:00,2025/02/05 12:40:00,321,Aft_10155,234
Flt_39864,XGOB,EYCX,2025/02/05 08:40:00,2025/02/05 10:40:00,321,Aft_10119,99
Flt_39865,XGOB,GUZT,2025/02/05 08:40:00,2025/02/05 10:10:00,319,Aft_10120,85
Flt_39866,DEPY,XGOB,2025/02/05 08:40:00,2025/02/05 10:15:00,319,Aft_10009,91
Flt_39867,GRIG,NJCK,2025/02/05 08:45:00,2025/02/05 10:25:00,320,Aft_10047,86
Flt_39868,XGOB,VORI,2025/02/05 08:45:00,2025/02/05 10:40:00,320,Aft_10068,98
Flt_39869,UQLN,FFJA,2025/02/05 08:45:00,2025/02/05 10:55:00,321,Aft_10026,119
Flt_39870,SNFR,GRIG,2025/02/05 08:50:00,2025/02/05 12:15:00,320,Aft_10010,191
Flt_39871,UQLN,OSYY,2025/02/05 08:55:00,2025/02/05 10:55:00,320,Aft_10054,108
Flt_39872,XGOB,UUKJ,2025/02/05 09:00:00,2025/02/05 12:10:00,321,Aft_10030,192
Flt_39873,XGOB,ZCUA,2025/02/05 09:00:00,2025/02/05 11:15:00,320,Aft_10144,119
Flt_39874,GRIG,LXHP,2025/02/05 09:00:00,2025/02/05 11:50:00,320,Aft_10028,164
Flt_39875,XGOB,NQQU,2025/02/05 09:00:00,2025/02/05 11:35:00,319,Aft_10129,142
Flt_39876,VTIR,CEUN,2025/02/05 09:00:00,2025/02/05 11:55:00,320,Aft_10039,156
Flt_39877,UQLN,AIZY,2025/02/05 09:00:00,2025/02/05 11:35:00,319,Aft_10131,156
Flt_39878,XGOB,HEYQ,2025/02/05 09:05:00,2025/02/05 11:45:00,321,Aft_10095,147
Flt_39879,XGOB,CEUN,2025/02/05 09:05:00,2025/02/05 11:20:00,321,Aft_10114,124
Flt_39880,EVWP,UQLN,2025/02/05 09:05:00,2025/02/05 11:40:00,320,Aft_10029,161
Flt_39881,MBMY,XGOB,2025/02/05 09:05:00,2025/02/05 11:45:00,321,Aft_10134,169
Flt_39882,FFJA,XGOB,2025/02/05 09:05:00,2025/02/05 11:55:00,321,Aft_10118,186
Flt_39883,IZUZ,XGOB,2025/02/05 09:05:00,2025/02/05 10:35:00,319,Aft_10112,98
Flt_39884,XGOB,GTVX,2025/02/05 09:05:00,2025/02/05 13:55:00,320,Aft_10092,303
Flt_39885,VBKF,OEQY,2025/02/05 09:10:00,2025/02/05 11:55:00,320,Aft_10045,169
Flt_39886,CXOJ,NMPZ,2025/02/05 09:10:00,2025/02/05 11:40:00,319,Aft_10136,139
Flt_39887,XGOB,FRMU,2025/02/05 09:15:00,2025/02/05 11:40:00,321,Aft_10038,136
Flt_39888,XGOB,ERHL,2025/02/05 09:15:00,2025/02/05 11:05:00,320,Aft_10055,105
Flt_39889,SNFR,XGOB,2025/02/05 09:15:00,2025/02/05 12:25:00,321,Aft_10033,189
Flt_39890,XGOB,CXOJ,2025/02/05 09:15:00,2025/02/05 13:00:00,320,Aft_10133,232
Flt_39891,XGOB,GRIG,2025/02/05 09:20:00,2025/02/05 10:45:00,320,Aft_10139,87
Flt_39892,XGOB,NQQU,2025/02/05 09:20:00,2025/02/05 11:50:00,319,Aft_10096,144
Flt_39893,FRMU,XGOB,2025/02/05 09:20:00,2025/02/05 11:40:00,320,Aft_10146,145
Flt_39894,UQLN,PKEY,2025/02/05 09:25:00,2025/02/05 11:15:00,320,Aft_10015,120
Flt_39895,VTIR,NQQU,2025/02/05 09:25:00,2025/02/05 13:20:00,320,Aft_10064,231
Flt_39896,DDCZ,UQLN,2025/02/05 09:25:00,2025/02/05 11:55:00,321,Aft_10062,141
Flt_39897,XGOB,WZBQ,2025/02/05 09:30:00,2025/02/05 12:15:00,321,Aft_10145,146
Flt_39898,FRMU,CLVM,2025/02/05 09:30:00,2025/02/05 11:50:00,320,Aft_10090,130
Flt_39899,VORI,VTIR,2025/02/05 09:30:00,2025/02/05 13:15:00,321,Aft_10002,229
Flt_39900,XGOB,YLTL,2025/02/05 09:35:00,2025/02/05 13:35:00,321,Aft_10156,219
Flt_39901,CLVM,VBKF,2025/02/05 09:35:00,2025/02/05 11:05:00,320,Aft_10012,94
Flt_39902,XGOB,MGVJ,2025/02/05 09:35:00,2025/02/05 11:50:00,321,Aft_10149,128
Flt_39903,FWCS,XGOB,2025/02/05 09:40:00,2025/02/05 14:00:00,321,Aft_10050,214
Flt_39904,XGOB,VSBC,2025/02/05 09:45:00,2025/02/05 12:00:00,320,Aft_10034,142
Flt_39905,LXHP,UQLN,2025/02/05 09:45:00,2025/02/05 12:25:00,321,Aft_10035,149
Flt_39906,NMPZ,UQLN,2025/02/05 09:50:00,2025/02/05 11:45:00,320,Aft_10113,109
Flt_39907,HMAL,UQLN,2025/02/05 09:50:00,2025/02/05 11:35:00,320,Aft_10125,97
Flt_39908,IZUZ,XGOB,2025/02/05 09:50:00,2025/02/05 11:25:00,319,Aft_10116,98
Flt_39909,VBKF,CXOJ,2025/02/05 09:50:00,2025/02/05 13:30:00,320,Aft_10048,234
Flt_39910,OEQY,GRIG,2025/02/05 09:55:00,2025/02/05 12:30:00,320,Aft_10056,144
Flt_39911,CILH,UQLN,2025/02/05 09:55:00,2025/02/05 12:15:00,321,Aft_10024,136
Flt_39912,OMLA,XGOB,2025/02/05 09:55:00,2025/02/05 12:40:00,321,Aft_10148,183
Flt_39913,GRIG,SRNH,2025/02/05 10:00:00,2025/02/05 12:25:00,320,Aft_10104,146
Flt_39914,XGOB,DDCZ,2025/02/05 10:00:00,2025/02/05 12:25:00,320,Aft_10084,147
Flt_39915,WAVK,GRIG,2025/02/05 10:00:00,2025/02/05 12:55:00,320,Aft_10083,170
Flt_39916,DSXP,XGOB,2025/02/05 10:00:00,2025/02/05 13:35:00,321,Aft_10103,201
Flt_39917,CLKY,XGOB,2025/02/05 10:00:00,2025/02/05 12:10:00,320,Aft_10152,114
Flt_39918,PKEY,XGOB,2025/02/05 10:05:00,2025/02/05 12:15:00,321,Aft_10065,120
Flt_39919,EYCX,VTIR,2025/02/05 10:05:00,2025/02/05 12:40:00,320,Aft_10040,173
Flt_39920,XGOB,QHPU,2025/02/05 10:05:00,2025/02/05 13:15:00,321,Aft_10042,166
Flt_39921,XGOB,KAIG,2025/02/05 10:10:00,2025/02/05 13:35:00,319,Aft_10066,234
Flt_39922,VSBC,UQLN,2025/02/05 10:10:00,2025/02/05 12:30:00,321,Aft_10053,129
Flt_39923,ZWIO,ERHL,2025/02/05 10:15:00,2025/02/05 12:10:00,320,Aft_10081,99
Flt_39924,RSIH,GRIG,2025/02/05 10:15:00,2025/02/05 12:15:00,320,Aft_10020,98
Flt_39925,XGOB,XLXE,2025/02/05 10:15:00,2025/02/05 12:35:00,321,Aft_10158,136
Flt_39926,UQLN,MGVJ,2025/02/05 10:15:00,2025/02/05 12:20:00,320,Aft_10150,116
Flt_39927,AIZY,XGOB,2025/02/05 10:15:00,2025/02/05 12:10:00,319,Aft_10069,109
Flt_39928,XGOB,PZRI,2025/02/05 10:20:00,2025/02/05 15:35:00,321,Aft_10135,308
Flt_39929,HMAL,BQKE,2025/02/05 10:20:00,2025/02/05 12:10:00,320,Aft_10073,96
Flt_39930,FRMU,UQLN,2025/02/05 10:20:00,2025/02/05 12:35:00,320,Aft_10072,128
Flt_39931,LXHP,DDCZ,2025/02/05 10:25:00,2025/02/05 13:10:00,320,Aft_10130,156
Flt_39932,XGOB,EYCX,2025/02/05 10:25:00,2025/02/05 12:25:00,320,Aft_10121,114
Flt_39933,VORI,ISAX,2025/02/05 10:25:00,2025/02/05 12:10:00,320,Aft_10074,95
Flt_39934,VORI,XGOB,2025/02/05 10:25:00,2025/02/05 12:20:00,321,Aft_10132,128
Flt_39935,VSBC,XGOB,2025/02/05 10:25:00,2025/02/05 13:10:00,321,Aft_10115,142
Flt_39936,SHIS,XGOB,2025/02/05 10:25:00,2025/02/05 12:40:00,320,Aft_10063,145
Flt_39937,FRMU,LUKE,2025/02/05 10:25:00,2025/02/05 12:50:00,320,Aft_10098,152
Flt_39938,XGOB,CXOJ,2025/02/05 10:25:00,2025/02/05 14:10:00,321,Aft_10147,237
Flt_39939,MBMY,FQEW,2025/02/05 10:30:00,2025/02/05 14:05:00,321,Aft_10008,216
Flt_39940,SNFR,UQLN,2025/02/05 10:30:00,2025/02/05 13:40:00,321,Aft_10021,166
Flt_39941,WZBQ,UQLN,2025/02/05 10:30:00,2025/02/05 13:30:00,321,Aft_10036,175
Flt_39942,ELBQ,XGOB,2025/02/05 10:30:00,2025/02/05 12:45:00,320,Aft_10075,125
Flt_39943,URTH,XGOB,2025/02/05 10:30:00,2025/02/05 12:45:00,320,Aft_10078,141
Flt_39944,XGOB,OEQY,2025/02/05 10:35:00,2025/02/05 12:50:00,321,Aft_10004,131
Flt_39945,PIEK,NMPZ,2025/02/05 10:35:00,2025/02/05 12:25:00,320,Aft_10085,116
Flt_39946,LXHP,GRIG,2025/02/05 10:40:00,2025/02/05 14:00:00,320,Aft_10044,196
Flt_39947,FIHQ,GRIG,2025/02/05 10:40:00,2025/02/05 13:15:00,320,Aft_10077,126
Flt_39948,OEQY,UQLN,2025/02/05 10:40:00,2025/02/05 13:15:00,320,Aft_10105,130
Flt_39949,SRNH,XGOB,2025/02/05 10:40:00,2025/02/05 12:55:00,320,Aft_10141,128
Flt_39950,XBQP,GRIG,2025/02/05 10:45:00,2025/02/05 14:00:00,320,Aft_10161,178
Flt_39951,HEYQ,GRIG,2025/02/05 10:45:00,2025/02/05 14:10:00,320,Aft_10088,210
Flt_39952,WQLS,XGOB,2025/02/05 10:45:00,2025/02/05 12:10:00,319,Aft_10110,72
Flt_39953,SNFR,XGOB,2025/02/05 10:45:00,2025/02/05 13:50:00,321,Aft_10032,194
Flt_39954,CYBH,VTIR,2025/02/05 10:45:00,2025/02/05 13:30:00,320,Aft_10123,180
Flt_39955,PIEK,ERHL,2025/02/05 10:50:00,2025/02/05 12:40:00,320,Aft_10137,113
Flt_39956,WAVK,UQLN,2025/02/05 10:50:00,2025/02/05 13:05:00,319,Aft_10100,138
Flt_39957,XLXE,UQLN,2025/02/05 10:50:00,2025/02/05 13:30:00,321,Aft_10006,146
Flt_39958,OEQY,XGOB,2025/02/05 10:50:00,2025/02/05 13:45:00,321,Aft_10003,157
Flt_39959,EQTC,VBKF,2025/02/05 10:55:00,2025/02/05 13:25:00,320,Aft_10102,157
Flt_39960,CEUN,GRIG,2025/02/05 10:55:00,2025/02/05 14:10:00,321,Aft_10017,191
Flt_39961,AIZY,XGOB,2025/02/05 10:55:00,2025/02/05 13:00:00,319,Aft_10079,109
Flt_39962,GUZT,XGOB,2025/02/05 10:55:00,2025/02/05 12:15:00,319,Aft_10120,62
Flt_39963,CYBH,VTIR,2025/02/05 10:55:00,2025/02/05 13:55:00,320,Aft_10051,181
Flt_39964,AIZY,VBKF,2025/02/05 11:00:00,2025/02/05 13:35:00,319,Aft_10061,143
Flt_39965,XGOB,XLXE,2025/02/05 11:00:00,2025/02/05 13:35:00,321,Aft_10011,134
Flt_39966,NQQU,UQLN,2025/02/05 11:00:00,2025/02/05 13:55:00,320,Aft_10027,161
Flt_39967,XGOB,MQNB,2025/02/05 11:05:00,2025/02/05 13:25:00,319,Aft_10153,124
Flt_39968,JFWS,IAWP,2025/02/05 11:05:00,2025/02/05 13:05:00,319,Aft_10058,112
Flt_39969,XGOB,LUKE,2025/02/05 11:05:00,2025/02/05 12:25:00,321,Aft_10013,72
Flt_39970,ISAX,XGOB,2025/02/05 11:10:00,2025/02/05 14:20:00,321,Aft_10025,185
Flt_39971,LXHP,XGOB,2025/02/05 11:10:00,2025/02/05 13:50:00,320,Aft_10089,177
Flt_39972,HMAL,DSXP,2025/02/05 11:20:00,2025/02/05 14:00:00,320,Aft_10067,159
Flt_39973,PIEK,HMAL,2025/02/05 11:20:00,2025/02/05 12:55:00,320,Aft_10018,80
Flt_39974,NJCK,GRIG,2025/02/05 11:25:00,2025/02/05 13:00:00,320,Aft_10047,90
Flt_39975,ERHL,XGOB,2025/02/05 11:25:00,2025/02/05 13:20:00,320,Aft_10111,103
Flt_39976,OSYY,XGOB,2025/02/05 11:25:00,2025/02/05 13:40:00,321,Aft_10151,126
Flt_39977,IAWP,CXOJ,2025/02/05 11:25:00,2025/02/05 14:50:00,320,Aft_10143,211
Flt_39978,XGOB,ERHL,2025/02/05 11:35:00,2025/02/05 13:25:00,320,Aft_10037,107
Flt_39979,FRMU,SNFR,2025/02/05 11:35:00,2025/02/05 13:35:00,320,Aft_10071,121
Flt_39980,MKHW,XGOB,2025/02/05 11:35:00,2025/02/05 13:25:00,320,Aft_10086,104
Flt_39981,MVFV,XGOB,2025/02/05 11:35:00,2025/02/05 16:15:00,321,Aft_10016,258
Flt_39982,XGOB,FQEW,2025/02/05 11:40:00,2025/02/05 13:45:00,319,Aft_10009,110
Flt_39983,XGOB,CILH,2025/02/05 11:40:00,2025/02/05 13:50:00,321,Aft_10109,125
Flt_39984,VORI,HBNQ,2025/02/05 11:40:00,2025/02/05 13:25:00,320,Aft_10068,102
Flt_39985,IDKG,XGOB,2025/02/05 11:40:00,2025/02/05 16:25:00,321,Aft_10046,265
Flt_39986,LXHP,IDKG,2025/02/05 11:40:00,2025/02/05 13:40:00,321,Aft_10014,125
Flt_39987,VSBC,JDEH,2025/02/05 11:45:00,2025/02/05 15:30:00,321,Aft_10022,231
Flt_39988,EYCX,ERHL,2025/02/05 11:45:00,2025/02/05 15:15:00,320,Aft_10099,215
Flt_39989,ERHL,HEYQ,2025/02/05 11:45:00,2025/02/05 14:55:00,320,Aft_10023,185
Flt_39990,XGOB,DYXX,2025/02/05 11:45:00,2025/02/05 14:25:00,320,Aft_10070,147
Flt_39991,EYCX,XGOB,2025/02/05 11:45:00,2025/02/05 14:00:00,321,Aft_10119,160
Flt_39992,VBRA,HMAL,2025/02/05 11:50:00,2025/02/05 13:55:00,321,Aft_10082,118
Flt_39993,VTIR,UQLN,2025/02/05 11:50:00,2025/02/05 16:20:00,321,Aft_10140,263
Flt_39994,JFWS,XGOB,2025/02/05 11:50:00,2025/02/05 14:05:00,319,Aft_10091,110
Flt_39995,GRIG,XGOB,2025/02/05 11:50:00,2025/02/05 13:30:00,320,Aft_10139,92
Flt_39996,XLXE,XGOB,2025/02/05 11:50:00,2025/02/05 14:40:00,321,Aft_10059,177
Flt_39997,VTIR,XGOB,2025/02/05 11:50:00,2025/02/05 17:00:00,321,Aft_10041,272
Flt_39998,OSYY,UQLN,2025/02/05 11:55:00,2025/02/05 14:00:00,320,Aft_10054,108
Flt_39999,VSBC,XGOB,2025/02/05 11:55:00,2025/02/05 14:25:00,320,Aft_10052,155
Flt_40000,CYBH,XGOB,2025/02/05 11:55:00,2025/02/05 15:35:00,321,Aft_10138,222
Flt_40001,XGOB,SXJJ,2025/02/05 11:55:00,2025/02/05 16:00:00,319,Aft_10112,264
Flt_40002,OMLA,VSBC,2025/02/05 12:00:00,2025/02/05 14:55:00,320,Aft_10049,193
Flt_40003,CLVM,ERHL,2025/02/05 12:00:00,2025/02/05 13:40:00,320,Aft_10122,88
Flt_40004,ZCUA,XGOB,2025/02/05 12:00:00,2025/02/05 14:40:00,320,Aft_10144,143
Flt_40005,ERHL,XGOB,2025/02/05 12:00:00,2025/02/05 14:10:00,320,Aft_10055,121
Flt_40006,PKEY,UQLN,2025/02/05 12:05:00,2025/02/05 14:05:00,320,Aft_10015,106
Flt_40007,MVFV,UQLN,2025/02/05 12:05:00,2025/02/05 16:00:00,321,Aft_10057,249
Flt_40008,CEUN,XGOB,2025/02/05 12:05:00,2025/02/05 15:00:00,321,Aft_10114,187
Flt_40009,VBKF,OSYY,2025/02/05 12:10:00,2025/02/05 14:40:00,320,Aft_10005,157
Flt_40010,CLVM,DDCZ,2025/02/05 12:10:00,2025/02/05 14:20:00,320,Aft_10157,124
Flt_40011,IXQM,SNFR,2025/02/05 12:10:00,2025/02/05 14:30:00,320,Aft_10007,153
Flt_40012,XGOB,LXHP,2025/02/05 12:10:00,2025/02/05 14:35:00,320,Aft_10060,123
Flt_40013,FFJA,UQLN,2025/02/05 12:10:00,2025/02/05 14:50:00,321,Aft_10026,168
Flt_40014,PADI,XGOB,2025/02/05 12:10:00,2025/02/05 15:45:00,321,Aft_10106,193
Flt_40015,XGOB,WAVK,2025/02/05 12:15:00,2025/02/05 14:20:00,320,Aft_10126,109
Flt_40016,AGEE,XGOB,2025/02/05 12:20:00,2025/02/05 16:30:00,320,Aft_10128,236
Flt_40017,VBKF,XGOB,2025/02/05 12:20:00,2025/02/05 14:20:00,320,Aft_10012,107
Flt_40018,JFWS,XGOB,2025/02/05 12:20:00,2025/02/05 14:15:00,319,Aft_10019,107
Flt_40019,PIEK,SNFR,2025/02/05 12:25:00,2025/02/05 15:05:00,319,Aft_10108,150
Flt_40020,AIZY,UQLN,2025/02/05 12:25:00,2025/02/05 14:40:00,319,Aft_10131,111
Flt_40021,JFWS,UQLN,2025/02/05 12:25:00,2025/02/05 15:05:00,319,Aft_10107,129
Flt_40022,NMPZ,JFWS,2025/02/05 12:25:00,2025/02/05 14:55:00,319,Aft_10136,150
Flt_40023,XGOB,JFWS,2025/02/05 12:30:00,2025/02/05 15:15:00,319,Aft_10116,175
Flt_40024,XBQP,XGOB,2025/02/05 12:30:00,2025/02/05 15:50:00,320,Aft_10101,192
Flt_40025,XGOB,OSYY,2025/02/05 12:35:00,2025/02/05 14:40:00,321,Aft_10080,109
Flt_40026,HEYQ,XGOB,2025/02/05 12:35:00,2025/02/05 15:55:00,321,Aft_10095,201
Flt_40027,MGVJ,XGOB,2025/02/05 12:35:00,2025/02/05 15:25:00,321,Aft_10149,166
Flt_40028,UQLN,JFWS,2025/02/05 12:40:00,2025/02/05 15:35:00,319,Aft_10097,190
Flt_40029,NQQU,XGOB,2025/02/05 12:40:00,2025/02/05 15:45:00,319,Aft_10096,200
Flt_40030,XGOB,WVMU,2025/02/05 12:45:00,2025/02/05 17:15:00,320,Aft_10093,259
Flt_40031,UQLN,XLXE,2025/02/05 12:50:00,2025/02/05 14:45:00,320,Aft_10029,111
Flt_40032,XGOB,CYBH,2025/02/05 12:50:00,2025/02/05 15:15:00,321,Aft_10127,145
Flt_40033,NQQU,XGOB,2025/02/05 12:50:00,2025/02/05 16:15:00,319,Aft_10129,188
Flt_40034,XGOB,CXOJ,2025/02/05 12:50:00,2025/02/05 16:50:00,320,Aft_10146,234
Flt_40035,ISAX,VORI,2025/02/05 12:55:00,2025/02/05 14:50:00,320,Aft_10074,125
Flt_40036,UQLN,VBRA,2025/02/05 12:55:00,2025/02/05 14:35:00,320,Aft_10113,79
Flt_40037,JFWS,VBKF,2025/02/05 12:55:00,2025/02/05 15:40:00,319,Aft_10117,140
Flt_40038,CEUN,ZWIO,2025/02/05 12:55:00,2025/02/05 15:40:00,320,Aft_10039,156
Flt_40039,CXOJ,XGOB,2025/02/05 12:55:00,2025/02/05 16:40:00,321,Aft_10043,194
Flt_40040,FRMU,XGOB,2025/02/05 12:55:00,2025/02/05 15:30:00,321,Aft_10038,145
Flt_40041,XGOB,FRMU,2025/02/05 13:00:00,2025/02/05 15:25:00,321,Aft_10134,133
Flt_40042,UQLN,OEQY,2025/02/05 13:00:00,2025/02/05 15:00:00,320,Aft_10125,122
Flt_40043,CYBH,VTIR,2025/02/05 13:00:00,2025/02/05 15:50:00,321,Aft_10031,176
Flt_40044,MGVJ,UQLN,2025/02/05 13:05:00,2025/02/05 15:35:00,320,Aft_10150,131
Flt_40045,VSBC,XGOB,2025/02/05 13:05:00,2025/02/05 15:25:00,320,Aft_10034,149
Flt_40046,BQKE,JDEH,2025/02/05 13:10:00,2025/02/05 15:30:00,320,Aft_10073,127
Flt_40047,CLVM,FRMU,2025/02/05 13:10:00,2025/02/05 15:30:00,320,Aft_10090,122
Flt_40048,OEQY,VBKF,2025/02/05 13:10:00,2025/02/05 16:05:00,320,Aft_10045,165
Flt_40049,LXHP,GRIG,2025/02/05 13:10:00,2025/02/05 16:25:00,320,Aft_10028,207
Flt_40050,DDCZ,XGOB,2025/02/05 13:10:00,2025/02/05 15:45:00,320,Aft_10084,168
Flt_40051,NMPZ,XGOB,2025/02/05 13:10:00,2025/02/05 15:00:00,320,Aft_10085,97
Flt_40052,UUKJ,XGOB,2025/02/05 13:10:00,2025/02/05 16:15:00,321,Aft_10030,172
Flt_40053,LUKE,XGOB,2025/02/05 13:10:00,2025/02/05 14:25:00,321,Aft_10013,64
Flt_40054,SRNH,IDKG,2025/02/05 13:10:00,2025/02/05 15:45:00,320,Aft_10104,158
Flt_40055,XGOB,ENRV,2025/02/05 13:15:00,2025/02/05 15:15:00,319,Aft_10110,113
Flt_40056,XGOB,PKEY,2025/02/05 13:15:00,2025/02/05 15:00:00,320,Aft_10152,106
Flt_40057,XGOB,WIMM,2025/02/05 13:15:00,2025/02/05 14:20:00,319,Aft_10120,60
Flt_40058,UQLN,WZBQ,2025/02/05 13:20:00,2025/02/05 15:45:00,321,Aft_10062,137
Flt_40059,XGOB,VBRA,2025/02/05 13:20:00,2025/02/05 15:05:00,320,Aft_10076,99
Flt_40060,XGOB,ERHL,2025/02/05 13:20:00,2025/02/05 15:25:00,319,Aft_10069,105
Flt_40061,XGOB,CEUN,2025/02/05 13:20:00,2025/02/05 15:40:00,320,Aft_10078,129
Flt_40062,XGOB,CZCU,2025/02/05 13:20:00,2025/02/05 17:20:00,320,Aft_10154,225
Flt_40063,XGOB,OEQY,2025/02/05 13:25:00,2025/02/05 15:40:00,321,Aft_10132,143
Flt_40064,CZCU,XGOB,2025/02/05 13:25:00,2025/02/05 17:10:00,321,Aft_10155,196
Flt_40065,EYCX,IDKG,2025/02/05 13:25:00,2025/02/05 16:10:00,320,Aft_10121,159
Flt_40066,XGOB,FCEO,2025/02/05 13:30:00,2025/02/05 16:45:00,321,Aft_10065,181
Flt_40067,XGOB,WZBQ,2025/02/05 13:30:00,2025/02/05 16:15:00,321,Aft_10033,141
Flt_40068,ERHL,PIEK,2025/02/05 13:30:00,2025/02/05 15:15:00,320,Aft_10137,96
Flt_40069,UQLN,FRMU,2025/02/05 13:35:00,2025/02/05 15:30:00,321,Aft_10035,114
Flt_40070,ERHL,ZWIO,2025/02/05 13:35:00,2025/02/05 15:20:00,320,Aft_10081,87
Flt_40071,XGOB,FRMU,2025/02/05 13:40:00,2025/02/05 16:05:00,320,Aft_10124,145
Flt_40072,XGOB,DEPY,2025/02/05 13:40:00,2025/02/05 15:10:00,321,Aft_10094,94
Flt_40073,WZBQ,XGOB,2025/02/05 13:40:00,2025/02/05 17:00:00,321,Aft_10145,180
Flt_40074,LUKE,PIEK,2025/02/05 13:45:00,2025/02/05 14:45:00,320,Aft_10098,48
Flt_40075,GRIG,SNFR,2025/02/05 13:50:00,2025/02/05 16:35:00,320,Aft_10010,170
Flt_40076,IAWP,JFWS,2025/02/05 13:50:00,2025/02/05 16:15:00,319,Aft_10058,156
Flt_40077,XLXE,XGOB,2025/02/05 13:50:00,2025/02/05 16:40:00,321,Aft_10158,174
Flt_40078,XGOB,JDEH,2025/02/05 13:55:00,2025/02/05 16:40:00,321,Aft_10148,148
Flt_40079,UQLN,VORI,2025/02/05 13:55:00,2025/02/05 15:25:00,320,Aft_10072,82
Flt_40080,HMAL,PIEK,2025/02/05 13:55:00,2025/02/05 15:45:00,320,Aft_10018,91
Flt_40081,GRIG,ELBQ,2025/02/05 14:00:00,2025/02/05 15:25:00,320,Aft_10056,88
Flt_40082,XGOB,GTVX,2025/02/05 14:00:00,2025/02/05 19:00:00,320,Aft_10063,306
Flt_40083,HBNQ,VORI,2025/02/05 14:10:00,2025/02/05 16:10:00,320,Aft_10068,133
Flt_40084,XGOB,FCHN,2025/02/05 14:10:00,2025/02/05 16:05:00,319,Aft_10079,103
Flt_40085,UQLN,BQKE,2025/02/05 14:10:00,2025/02/05 15:50:00,319,Aft_10100,101
Flt_40086,XGOB,PADI,2025/02/05 14:10:00,2025/02/05 16:40:00,320,Aft_10141,143
Flt_40087,GRIG,QFGG,2025/02/05 14:10:00,2025/02/05 16:05:00,320,Aft_10020,114
Flt_40088,CXOJ,XGOB,2025/02/05 14:10:00,2025/02/05 17:50:00,320,Aft_10133,191
Flt_40089,ERHL,XGOB,2025/02/05 14:10:00,2025/02/05 15:40:00,320,Aft_10037,104
Flt_40090,VTIR,VORI,2025/02/05 14:15:00,2025/02/05 18:10:00,321,Aft_10002,237
Flt_40091,MQNB,XGOB,2025/02/05 14:15:00,2025/02/05 17:05:00,319,Aft_10153,164
Flt_40092,QHPU,XGOB,2025/02/05 14:15:00,2025/02/05 17:50:00,321,Aft_10042,218
Flt_40093,DDCZ,LXHP,2025/02/05 14:20:00,2025/02/05 16:45:00,320,Aft_10130,154
Flt_40094,UQLN,EYCX,2025/02/05 14:20:00,2025/02/05 16:00:00,321,Aft_10024,100
Flt_40095,NQQU,VSBC,2025/02/05 14:20:00,2025/02/05 17:10:00,320,Aft_10064,151
Flt_40096,GRIG,FIHQ,2025/02/05 14:20:00,2025/02/05 16:40:00,320,Aft_10077,146
Flt_40097,CXOJ,VBKF,2025/02/05 14:30:00,2025/02/05 17:45:00,320,Aft_10048,191
Flt_40098,XGOB,MVFV,2025/02/05 14:30:00,2025/02/05 17:40:00,320,Aft_10086,177
Flt_40099,UQLN,HEYQ,2025/02/05 14:35:00,2025/02/05 16:50:00,321,Aft_10053,135
Flt_40100,KAIG,XGOB,2025/02/05 14:35:00,2025/02/05 17:35:00,319,Aft_10066,158
Flt_40101,FQEW,XGOB,2025/02/05 14:35:00,2025/02/05 17:15:00,319,Aft_10009,163
Flt_40102,XGOB,FWCS,2025/02/05 14:40:00,2025/02/05 18:40:00,321,Aft_10103,233
Flt_40103,VTIR,CYBH,2025/02/05 14:40:00,2025/02/05 17:40:00,320,Aft_10123,183
Flt_40104,UQLN,NQQU,2025/02/05 14:40:00,2025/02/05 16:50:00,321,Aft_10006,122
Flt_40105,GTVX,XGOB,2025/02/05 14:40:00,2025/02/05 19:10:00,320,Aft_10092,250
Flt_40106,ERHL,CLVM,2025/02/05 14:45:00,2025/02/05 16:20:00,320,Aft_10122,87
Flt_40107,SNFR,IDKG,2025/02/05 14:45:00,2025/02/05 17:45:00,320,Aft_10071,180
Flt_40108,VTIR,EYCX,2025/02/05 14:50:00,2025/02/05 18:00:00,320,Aft_10040,200
Flt_40109,IDKG,LXHP,2025/02/05 14:50:00,2025/02/05 16:55:00,321,Aft_10014,128
Flt_40110,XGOB,DKZJ,2025/02/05 14:50:00,2025/02/05 18:55:00,320,Aft_10139,266
Flt_40111,XGOB,UIOI,2025/02/05 14:55:00,2025/02/05 17:35:00,321,Aft_10151,149
Flt_40112,DSXP,HMAL,2025/02/05 14:55:00,2025/02/05 17:15:00,320,Aft_10067,137
Flt_40113,UQLN,ERHL,2025/02/05 14:55:00,2025/02/05 17:10:00,320,Aft_10105,133
Flt_40114,XGOB,EQTC,2025/02/05 14:55:00,2025/02/05 17:40:00,320,Aft_10089,140
Flt_40115,VTIR,GGQY,2025/02/05 14:55:00,2025/02/05 17:05:00,320,Aft_10051,106
Flt_40116,XLXE,XGOB,2025/02/05 14:55:00,2025/02/05 17:45:00,321,Aft_10011,176
Flt_40117,FQEW,MVFV,2025/02/05 14:55:00,2025/02/05 16:55:00,321,Aft_10008,117
Flt_40118,UQLN,FCEO,2025/02/05 15:00:00,2025/02/05 18:00:00,321,Aft_10021,157
Flt_40119,XGOB,SNFR,2025/02/05 15:00:00,2025/02/05 17:40:00,321,Aft_10118,133
Flt_40120,XGOB,XLXE,2025/02/05 15:00:00,2025/02/05 17:30:00,321,Aft_10032,124
Flt_40121,XGOB,FFJA,2025/02/05 15:00:00,2025/02/05 17:30:00,321,Aft_10003,121
Flt_40122,CILH,XGOB,2025/02/05 15:00:00,2025/02/05 17:40:00,321,Aft_10109,152
Flt_40123,UQLN,VTIR,2025/02/05 15:05:00,2025/02/05 18:30:00,321,Aft_10026,212
Flt_40124,UQLN,SNFR,2025/02/05 15:05:00,2025/02/05 17:00:00,321,Aft_10036,117
Flt_40125,WIMM,TIMH,2025/02/05 15:05:00,2025/02/05 17:30:00,319,Aft_10120,124
Flt_40126,DDCZ,CLVM,2025/02/05 15:05:00,2025/02/05 17:30:00,320,Aft_10157,149
Flt_40127,MBMY,VTIR,2025/02/05 15:05:00,2025/02/05 20:05:00,321,Aft_10142,319
Flt_40128,CXOJ,WZBQ,2025/02/05 15:10:00,2025/02/05 19:15:00,321,Aft_10147,211
Flt_40129,HMAL,VBRA,2025/02/05 15:10:00,2025/02/05 17:05:00,321,Aft_10082,108
Flt_40130,XGOB,VLBZ,2025/02/05 15:10:00,2025/02/05 16:25:00,319,Aft_10091,79
Flt_40131,YLTL,XGOB,2025/02/05 15:10:00,2025/02/05 20:35:00,321,Aft_10156,343
Flt_40132,DYXX,QHPU,2025/02/05 15:10:00,2025/02/05 16:15:00,320,Aft_10070,64
Flt_40133,UQLN,GRIG,2025/02/05 15:15:00,2025/02/05 16:50:00,320,Aft_10015,89
Flt_40134,WAVK,XGOB,2025/02/05 15:20:00,2025/02/05 18:05:00,320,Aft_10126,158
Flt_40135,XGOB,UUKJ,2025/02/05 15:25:00,2025/02/05 18:45:00,321,Aft_10050,191
Flt_40136,OSYY,VBKF,2025/02/05 15:25:00,2025/02/05 17:55:00,320,Aft_10005,150
Flt_40137,OSYY,XGOB,2025/02/05 15:25:00,2025/02/05 17:40:00,321,Aft_10080,121
Flt_40138,OEQY,XGOB,2025/02/05 15:25:00,2025/02/05 18:00:00,321,Aft_10004,156
Flt_40139,XGOB,WZBQ,2025/02/05 15:30:00,2025/02/05 18:15:00,321,Aft_10013,135
Flt_40140,XGOB,VORI,2025/02/05 15:30:00,2025/02/05 17:20:00,321,Aft_10119,95
Flt_40141,PIEK,XLXE,2025/02/05 15:30:00,2025/02/05 17:45:00,320,Aft_10098,132
Flt_40142,XGOB,JFWS,2025/02/05 15:30:00,2025/02/05 18:25:00,319,Aft_10019,149
Flt_40143,XGOB,DDCZ,2025/02/05 15:35:00,2025/02/05 18:10:00,320,Aft_10162,137
Flt_40144,JFWS,NMPZ,2025/02/05 15:35:00,2025/02/05 17:35:00,319,Aft_10136,108
Flt_40145,XGOB,VBKF,2025/02/05 15:35:00,2025/02/05 17:20:00,320,Aft_10012,102
Flt_40146,GRIG,CEUN,2025/02/05 15:35:00,2025/02/05 18:20:00,321,Aft_10017,150
Flt_40147,GRIG,XGOB,2025/02/05 15:35:00,2025/02/05 17:15:00,320,Aft_10044,95
Flt_40148,UQLN,FWCS,2025/02/05 15:40:00,2025/02/05 19:50:00,320,Aft_10027,244
Flt_40149,XGOB,NLWE,2025/02/05 15:40:00,2025/02/05 18:15:00,320,Aft_10055,153
Flt_40150,LXHP,XGOB,2025/02/05 15:40:00,2025/02/05 18:30:00,320,Aft_10060,169
Flt_40151,SNFR,VTIR,2025/02/05 15:40:00,2025/02/05 19:15:00,320,Aft_10007,191
Flt_40152,HEYQ,ERHL,2025/02/05 15:45:00,2025/02/05 19:45:00,320,Aft_10023,244
Flt_40153,XLXE,UQLN,2025/02/05 15:50:00,2025/02/05 18:20:00,320,Aft_10029,136
Flt_40154,PKEY,XGOB,2025/02/05 15:50:00,2025/02/05 17:55:00,320,Aft_10152,128
Flt_40155,VORI,CLVM,2025/02/05 15:50:00,2025/02/05 17:50:00,320,Aft_10074,114
Flt_40156,XGOB,PSIL,2025/02/05 15:55:00,2025/02/05 18:05:00,320,Aft_10111,127
Flt_40157,UQLN,XBQP,2025/02/05 15:55:00,2025/02/05 18:20:00,319,Aft_10131,132
Flt_40158,VSBC,OMLA,2025/02/05 15:55:00,2025/02/05 18:50:00,320,Aft_10049,149
Flt_40159,DEPY,XGOB,2025/02/05 15:55:00,2025/02/05 18:05:00,321,Aft_10094,87
Flt_40160,ERHL,EYCX,2025/02/05 16:00:00,2025/02/05 19:05:00,320,Aft_10099,179
Flt_40161,XGOB,NJTU,2025/02/05 16:00:00,2025/02/05 18:35:00,321,Aft_10025,130
Flt_40162,PIEK,VBKF,2025/02/05 16:00:00,2025/02/05 17:40:00,320,Aft_10137,98
Flt_40163,XGOB,CYBH,2025/02/05 16:00:00,2025/02/05 18:40:00,321,Aft_10059,149
Flt_40164,ENRV,XGOB,2025/02/05 16:00:00,2025/02/05 18:25:00,319,Aft_10110,137
Flt_40165,UQLN,UUKJ,2025/02/05 16:05:00,2025/02/05 19:20:00,320,Aft_10054,207
Flt_40166,XGOB,NMPZ,2025/02/05 16:05:00,2025/02/05 17:40:00,320,Aft_10085,104
Flt_40167,XGOB,NQQU,2025/02/05 16:05:00,2025/02/05 18:45:00,320,Aft_10144,145
Flt_40168,VBRA,UQLN,2025/02/05 16:05:00,2025/02/05 17:45:00,320,Aft_10076,96
Flt_40169,ELBQ,OEQY,2025/02/05 16:10:00,2025/02/05 17:10:00,320,Aft_10056,65
Flt_40170,XGOB,XLXE,2025/02/05 16:10:00,2025/02/05 18:25:00,321,Aft_10114,129
Flt_40171,VBKF,JFWS,2025/02/05 16:10:00,2025/02/05 19:35:00,319,Aft_10061,203
Flt_40172,VBRA,XGOB,2025/02/05 16:10:00,2025/02/05 18:10:00,320,Aft_10113,124
Flt_40173,ERHL,XGOB,2025/02/05 16:10:00,2025/02/05 18:15:00,319,Aft_10069,97
Flt_40174,GRIG,CYBH,2025/02/05 16:15:00,2025/02/05 19:20:00,320,Aft_10088,179
Flt_40175,OEQY,UQLN,2025/02/05 16:15:00,2025/02/05 18:30:00,320,Aft_10125,129
Flt_40176,ZWIO,SNFR,2025/02/05 16:20:00,2025/02/05 18:30:00,320,Aft_10081,118
Flt_40177,CXOJ,IAWP,2025/02/05 16:20:00,2025/02/05 19:40:00,320,Aft_10143,182
Flt_40178,JFWS,XGOB,2025/02/05 16:20:00,2025/02/05 18:15:00,319,Aft_10116,125
Flt_40179,VORI,UQLN,2025/02/05 16:25:00,2025/02/05 18:10:00,320,Aft_10072,91
Flt_40180,CEUN,XGOB,2025/02/05 16:25:00,2025/02/05 19:10:00,320,Aft_10078,168
Flt_40181,JDEH,BQKE,2025/02/05 16:30:00,2025/02/05 18:45:00,320,Aft_10073,126
Flt_40182,CYBH,XGOB,2025/02/05 16:30:00,2025/02/05 19:55:00,321,Aft_10127,222
Flt_40183,XGOB,LUKE,2025/02/05 16:30:00,2025/02/05 17:30:00,320,Aft_10034,60
Flt_40184,PIEK,CXOJ,2025/02/05 16:30:00,2025/02/05 20:35:00,320,Aft_10018,239
Flt_40185,GRIG,XLXE,2025/02/05 16:35:00,2025/02/05 19:10:00,320,Aft_10161,144
Flt_40186,XGOB,EQTC,2025/02/05 16:35:00,2025/02/05 19:20:00,320,Aft_10075,139
Flt_40187,IDKG,SRNH,2025/02/05 16:40:00,2025/02/05 19:55:00,320,Aft_10104,178
Flt_40188,UQLN,VSBC,2025/02/05 16:40:00,2025/02/05 18:40:00,320,Aft_10150,115
Flt_40189,ZWIO,CEUN,2025/02/05 16:40:00,2025/02/05 18:55:00,320,Aft_10039,127
Flt_40190,BQKE,TIMH,2025/02/05 16:40:00,2025/02/05 18:00:00,319,Aft_10100,72
Flt_40191,JFWS,UQLN,2025/02/05 16:40:00,2025/02/05 19:10:00,319,Aft_10097,138
Flt_40192,FRMU,XGOB,2025/02/05 16:40:00,2025/02/05 19:00:00,321,Aft_10134,136
Flt_40193,XGOB,OEQY,2025/02/05 16:45:00,2025/02/05 19:00:00,320,Aft_10037,129
Flt_40194,FRMU,UQLN,2025/02/05 16:45:00,2025/02/05 18:55:00,321,Aft_10035,115
Flt_40195,FRMU,PIEK,2025/02/05 16:45:00,2025/02/05 18:55:00,320,Aft_10090,118
Flt_40196,XGOB,DDCZ,2025/02/05 16:50:00,2025/02/05 19:15:00,320,Aft_10128,130
Flt_40197,QFGG,LXHP,2025/02/05 16:50:00,2025/02/05 19:00:00,320,Aft_10020,112
Flt_40198,JDEH,HEYQ,2025/02/05 16:50:00,2025/02/05 18:55:00,321,Aft_10022,118
Flt_40199,VTIR,CYBH,2025/02/05 16:50:00,2025/02/05 20:10:00,321,Aft_10031,179
Flt_40200,WZBQ,UQLN,2025/02/05 16:50:00,2025/02/05 19:40:00,321,Aft_10062,192
Flt_40201,FCHN,XGOB,2025/02/05 16:50:00,2025/02/05 18:35:00,319,Aft_10079,88
Flt_40202,GRIG,HEYQ,2025/02/05 16:55:00,2025/02/05 19:35:00,320,Aft_10083,154
Flt_40203,OEQY,XGOB,2025/02/05 16:55:00,2025/02/05 20:00:00,321,Aft_10132,166
Flt_40204,VBKF,MVFV,2025/02/05 16:55:00,2025/02/05 19:35:00,319,Aft_10117,145
Flt_40205,IDKG,EYCX,2025/02/05 17:00:00,2025/02/05 19:50:00,320,Aft_10121,186
Flt_40206,XGOB,VSBC,2025/02/05 17:00:00,2025/02/05 19:05:00,321,Aft_10149,128
Flt_40207,XGOB,HEYQ,2025/02/05 17:00:00,2025/02/05 19:40:00,321,Aft_10095,133
Flt_40208,UQLN,EQTC,2025/02/05 17:00:00,2025/02/05 19:35:00,319,Aft_10107,126
Flt_40209,PZRI,XGOB,2025/02/05 17:00:00,2025/02/05 21:30:00,321,Aft_10135,259
Flt_40210,SXJJ,XGOB,2025/02/05 17:00:00,2025/02/05 21:00:00,319,Aft_10112,222
Flt_40211,UQLN,XLXE,2025/02/05 17:05:00,2025/02/05 18:55:00,321,Aft_10057,108
Flt_40212,XGOB,XBQP,2025/02/05 17:05:00,2025/02/05 20:00:00,321,Aft_10106,150
Flt_40213,CLVM,SNFR,2025/02/05 17:05:00,2025/02/05 19:40:00,320,Aft_10122,140
Flt_40214,EYCX,UQLN,2025/02/05 17:05:00,2025/02/05 19:20:00,321,Aft_10024,121
Flt_40215,XGOB,MVFV,2025/02/05 17:05:00,2025/02/05 20:35:00,321,Aft_10038,188
Flt_40216,VLBZ,XGOB,2025/02/05 17:10:00,2025/02/05 18:30:00,319,Aft_10091,76
Flt_40217,FRMU,XGOB,2025/02/05 17:10:00,2025/02/05 19:30:00,320,Aft_10124,138
Flt_40218,GRIG,FRMU,2025/02/05 17:15:00,2025/02/05 19:15:00,320,Aft_10047,115
Flt_40219,SNFR,MKHW,2025/02/05 17:15:00,2025/02/05 21:10:00,319,Aft_10108,238
Flt_40220,VORI,XGOB,2025/02/05 17:15:00,2025/02/05 19:30:00,320,Aft_10068,120
Flt_40221,VBKF,IDKG,2025/02/05 17:15:00,2025/02/05 20:10:00,320,Aft_10102,175
Flt_40222,VBKF,CYBH,2025/02/05 17:20:00,2025/02/05 19:35:00,320,Aft_10045,129
Flt_40223,QHPU,DYXX,2025/02/05 17:20:00,2025/02/05 18:40:00,320,Aft_10070,76
Flt_40224,XGOB,CEUN,2025/02/05 17:20:00,2025/02/05 19:45:00,321,Aft_10030,128
Flt_40225,FIHQ,WZBQ,2025/02/05 17:25:00,2025/02/05 19:30:00,320,Aft_10077,105
Flt_40226,JFWS,UQLN,2025/02/05 17:25:00,2025/02/05 20:00:00,319,Aft_10058,140
Flt_40227,XGOB,WZBQ,2025/02/05 17:30:00,2025/02/05 20:15:00,321,Aft_10046,144
Flt_40228,GRIG,JDEH,2025/02/05 17:30:00,2025/02/05 20:45:00,320,Aft_10028,195
Flt_40229,PADI,XGOB,2025/02/05 17:30:00,2025/02/05 20:35:00,320,Aft_10141,183
Flt_40230,XGOB,HIYN,2025/02/05 17:35:00,2025/02/05 19:20:00,319,Aft_10096,88
Flt_40231,WZBQ,XGOB,2025/02/05 17:40:00,2025/02/05 21:00:00,321,Aft_10033,183
Flt_40232,JDEH,XGOB,2025/02/05 17:45:00,2025/02/05 21:00:00,321,Aft_10148,193
Flt_40233,LXHP,VTIR,2025/02/05 17:45:00,2025/02/05 20:15:00,320,Aft_10130,131
Flt_40234,SNFR,FRMU,2025/02/05 17:50:00,2025/02/05 20:30:00,320,Aft_10010,145
Flt_40235,NQQU,UQLN,2025/02/05 17:50:00,2025/02/05 20:55:00,321,Aft_10006,166
Flt_40236,MVFV,FQEW,2025/02/05 17:55:00,2025/02/05 20:10:00,321,Aft_10008,122
Flt_40237,XGOB,FCHN,2025/02/05 17:55:00,2025/02/05 20:05:00,319,Aft_10129,104
Flt_40238,ERHL,UQLN,2025/02/05 17:55:00,2025/02/05 20:00:00,320,Aft_10105,112
Flt_40239,XGOB,VBRA,2025/02/05 18:00:00,2025/02/05 19:45:00,321,Aft_10138,102
Flt_40240,UQLN,PADI,2025/02/05 18:00:00,2025/02/05 20:15:00,321,Aft_10140,112
Flt_40241,HEYQ,UQLN,2025/02/05 18:00:00,2025/02/05 20:50:00,321,Aft_10053,174
Flt_40242,WVMU,XGOB,2025/02/05 18:00:00,2025/02/05 22:10:00,320,Aft_10093,233
Flt_40243,CXOJ,XGOB,2025/02/05 18:00:00,2025/02/05 21:45:00,320,Aft_10146,228
Flt_40244,XGOB,QFPG,2025/02/05 18:05:00,2025/02/05 20:35:00,321,Aft_10016,141
Flt_40245,XGOB,VORI,2025/02/05 18:05:00,2025/02/05 20:00:00,320,Aft_10101,101
Flt_40246,LXHP,MBMY,2025/02/05 18:05:00,2025/02/05 21:40:00,321,Aft_10014,213
Flt_40247,XGOB,SNFR,2025/02/05 18:05:00,2025/02/05 20:35:00,321,Aft_10041,150
Flt_40248,FCEO,XGOB,2025/02/05 18:05:00,2025/02/05 21:45:00,321,Aft_10065,208
Flt_40249,CZCU,XGOB,2025/02/05 18:05:00,2025/02/05 21:55:00,320,Aft_10154,194
Flt_40250,GRIG,RSIH,2025/02/05 18:05:00,2025/02/05 19:50:00,320,Aft_10015,109
Flt_40251,VBRA,VTIR,2025/02/05 18:05:00,2025/02/05 21:30:00,321,Aft_10082,201
Flt_40252,XGOB,WAVK,2025/02/05 18:15:00,2025/02/05 20:20:00,319,Aft_10009,109
Flt_40253,VSBC,NQQU,2025/02/05 18:15:00,2025/02/05 20:25:00,320,Aft_10064,126
Flt_40254,TIMH,WIMM,2025/02/05 18:15:00,2025/02/05 21:15:00,319,Aft_10120,170
Flt_40255,CLVM,CXOJ,2025/02/05 18:15:00,2025/02/05 21:55:00,320,Aft_10157,229
Flt_40256,VORI,XGOB,2025/02/05 18:20:00,2025/02/05 20:00:00,321,Aft_10119,114
Flt_40257,NMPZ,CXOJ,2025/02/05 18:20:00,2025/02/05 21:05:00,319,Aft_10136,166
Flt_40258,NMPZ,PIEK,2025/02/05 18:25:00,2025/02/05 20:10:00,320,Aft_10085,102
Flt_40259,XGOB,NRTE,2025/02/05 18:35:00,2025/02/05 23:20:00,321,Aft_10155,267
Flt_40260,CLVM,WZBQ,2025/02/05 18:35:00,2025/02/05 21:10:00,320,Aft_10074,147
Flt_40261,IDKG,SNFR,2025/02/05 18:35:00,2025/02/05 21:35:00,320,Aft_10071,193
Flt_40262,XGOB,XLXE,2025/02/05 18:35:00,2025/02/05 21:00:00,321,Aft_10145,121
Flt_40263,UIOI,XGOB,2025/02/05 18:40:00,2025/02/05 21:20:00,321,Aft_10151,149
Flt_40264,FFJA,XGOB,2025/02/05 18:40:00,2025/02/05 22:00:00,321,Aft_10003,195
Flt_40265,TIMH,BQKE,2025/02/05 18:45:00,2025/02/05 20:30:00,319,Aft_10100,86
Flt_40266,CYBH,UQLN,2025/02/05 18:45:00,2025/02/05 21:55:00,320,Aft_10123,188
Flt_40267,MVFV,XGOB,2025/02/05 18:45:00,2025/02/05 23:00:00,320,Aft_10086,266
Flt_40268,XLXE,XGOB,2025/02/05 18:45:00,2025/02/05 21:45:00,321,Aft_10032,168
Flt_40269,XGOB,HMAL,2025/02/05 18:50:00,2025/02/05 21:00:00,320,Aft_10044,104
Flt_40270,VBKF,GRIG,2025/02/05 18:50:00,2025/02/05 20:55:00,320,Aft_10048,122
Flt_40271,VBKF,GGQY,2025/02/05 18:50:00,2025/02/05 20:45:00,320,Aft_10137,122
Flt_40272,SNFR,UQLN,2025/02/05 18:50:00,2025/02/05 21:50:00,321,Aft_10036,174
Flt_40273,PSIL,XGOB,2025/02/05 18:50:00,2025/02/05 21:15:00,320,Aft_10111,126
Flt_40274,OEQY,ELBQ,2025/02/05 18:55:00,2025/02/05 20:10:00,320,Aft_10056,63
Flt_40275,UQLN,OMLA,2025/02/05 18:55:00,2025/02/05 21:05:00,320,Aft_10076,118
Flt_40276,XLXE,PIEK,2025/02/05 18:55:00,2025/02/05 21:40:00,320,Aft_10098,162
Flt_40277,SNFR,XGOB,2025/02/05 18:55:00,2025/02/05 22:20:00,321,Aft_10118,202
Flt_40278,XGOB,XNVE,2025/02/05 19:00:00,2025/02/05 21:05:00,319,Aft_10153,109
Flt_40279,NLWE,XGOB,2025/02/05 19:00:00,2025/02/05 21:45:00,320,Aft_10055,133
Flt_40280,DDCZ,XGOB,2025/02/05 19:00:00,2025/02/05 22:00:00,320,Aft_10162,165
Flt_40281,XGOB,CXOJ,2025/02/05 19:00:00,2025/02/05 22:45:00,320,Aft_10133,224
Flt_40282,XGOB,CILH,2025/02/05 19:05:00,2025/02/05 21:25:00,321,Aft_10011,126
Flt_40283,VORI,MBMY,2025/02/05 19:05:00,2025/02/05 21:15:00,321,Aft_10002,137
Flt_40284,XGOB,MKHW,2025/02/05 19:05:00,2025/02/05 21:10:00,320,Aft_10084,114
Flt_40285,EYCX,GRIG,2025/02/05 19:05:00,2025/02/05 21:55:00,320,Aft_10040,162
Flt_40286,FCEO,UQLN,2025/02/05 19:05:00,2025/02/05 22:30:00,321,Aft_10021,201
Flt_40287,VBKF,CLVM,2025/02/05 19:05:00,2025/02/05 20:45:00,320,Aft_10012,102
Flt_40288,VBKF,VTIR,2025/02/05 19:05:00,2025/02/05 22:15:00,320,Aft_10005,171
Flt_40289,XGOB,ENRV,2025/02/05 19:10:00,2025/02/05 21:10:00,319,Aft_10066,118
Flt_40290,XGOB,KNKY,2025/02/05 19:10:00,2025/02/05 20:50:00,319,Aft_10116,87
Flt_40291,EQTC,XGOB,2025/02/05 19:10:00,2025/02/05 22:20:00,320,Aft_10089,185
Flt_40292,XGOB,SNFR,2025/02/05 19:15:00,2025/02/05 21:50:00,321,Aft_10080,137
Flt_40293,XGOB,FFJA,2025/02/05 19:15:00,2025/02/05 21:30:00,321,Aft_10043,127
Flt_40294,UQLN,OEQY,2025/02/05 19:20:00,2025/02/05 21:25:00,320,Aft_10029,113
Flt_40295,XGOB,OEQY,2025/02/05 19:20:00,2025/02/05 21:40:00,321,Aft_10004,134
Flt_40296,UQLN,MBMY,2025/02/05 19:20:00,2025/02/05 21:30:00,320,Aft_10072,125
Flt_40297,XGOB,ERHL,2025/02/05 19:20:00,2025/02/05 21:10:00,319,Aft_10110,104
Flt_40298,XBQP,UQLN,2025/02/05 19:20:00,2025/02/05 22:15:00,319,Aft_10131,166
Flt_40299,NJTU,XGOB,2025/02/05 19:20:00,2025/02/05 21:55:00,321,Aft_10025,139
Flt_40300,CEUN,VTIR,2025/02/05 19:20:00,2025/02/05 22:00:00,321,Aft_10017,149
Flt_40301,XGOB,FRMU,2025/02/05 19:30:00,2025/02/05 21:45:00,321,Aft_10042,124
Flt_40302,JFWS,XGOB,2025/02/05 19:30:00,2025/02/05 21:25:00,319,Aft_10019,110
Flt_40303,UQLN,DEPY,2025/02/05 19:35:00,2025/02/05 21:15:00,320,Aft_10125,108
Flt_40304,DYXX,XGOB,2025/02/05 19:35:00,2025/02/05 23:05:00,320,Aft_10070,205
Flt_40305,NQQU,XGOB,2025/02/05 19:35:00,2025/02/05 22:40:00,320,Aft_10144,191
Flt_40306,VTIR,UQLN,2025/02/05 19:40:00,2025/02/05 23:35:00,321,Aft_10026,262
Flt_40307,XGOB,VKRE,2025/02/05 19:40:00,2025/02/05 21:15:00,319,Aft_10079,79
Flt_40308,DKZJ,XGOB,2025/02/05 19:40:00,2025/02/05 23:30:00,320,Aft_10139,233
Flt_40309,XLXE,XGOB,2025/02/05 19:40:00,2025/02/05 22:35:00,321,Aft_10114,169
Flt_40310,WZBQ,XGOB,2025/02/05 19:40:00,2025/02/05 22:40:00,321,Aft_10013,184
Flt_40311,UQLN,WZBQ,2025/02/05 19:45:00,2025/02/05 22:15:00,321,Aft_10035,158
Flt_40312,HEYQ,JDEH,2025/02/05 19:45:00,2025/02/05 21:55:00,321,Aft_10022,129
Flt_40313,PIEK,FRMU,2025/02/05 19:45:00,2025/02/05 21:45:00,320,Aft_10090,120
Flt_40314,BQKE,HMAL,2025/02/05 19:45:00,2025/02/05 21:55:00,320,Aft_10073,129
Flt_40315,GTVX,XGOB,2025/02/05 19:45:00,2025/02/06 00:10:00,320,Aft_10063,234
Flt_40316,SNFR,VTIR,2025/02/05 19:45:00,2025/02/05 22:55:00,320,Aft_10081,200
Flt_40317,VSBC,UQLN,2025/02/05 19:50:00,2025/02/05 22:05:00,320,Aft_10150,122
Flt_40318,UUKJ,XGOB,2025/02/05 19:50:00,2025/02/05 22:50:00,321,Aft_10050,161
Flt_40319,OMLA,VTIR,2025/02/05 19:50:00,2025/02/05 22:30:00,320,Aft_10049,155
Flt_40320,GGQY,VTIR,2025/02/05 19:50:00,2025/02/05 22:00:00,320,Aft_10051,118
Flt_40321,XGOB,FWCS,2025/02/05 19:55:00,2025/02/06 00:25:00,321,Aft_10109,222
Flt_40322,LUKE,VBKF,2025/02/05 19:55:00,2025/02/05 21:40:00,320,Aft_10034,107
Flt_40323,FWCS,XGOB,2025/02/05 19:55:00,2025/02/05 23:30:00,321,Aft_10103,222
Flt_40324,CYBH,XGOB,2025/02/05 19:55:00,2025/02/05 23:25:00,321,Aft_10059,206
Flt_40325,OEQY,LUKE,2025/02/05 19:55:00,2025/02/05 22:25:00,320,Aft_10037,156
Flt_40326,CEUN,VTIR,2025/02/05 19:55:00,2025/02/05 22:25:00,320,Aft_10039,145
Flt_40327,DDCZ,XGOB,2025/02/05 20:00:00,2025/02/05 22:55:00,320,Aft_10128,157
Flt_40328,XGOB,VTIR,2025/02/05 20:00:00,2025/02/05 23:30:00,320,Aft_10126,227
Flt_40329,HMAL,SNFR,2025/02/05 20:05:00,2025/02/05 22:35:00,320,Aft_10067,136
Flt_40330,LXHP,QFGG,2025/02/05 20:05:00,2025/02/05 22:20:00,320,Aft_10020,142
Flt_40331,HIYN,XGOB,2025/02/05 20:05:00,2025/02/05 21:55:00,319,Aft_10096,124
Flt_40332,EYCX,VTIR,2025/02/05 20:05:00,2025/02/05 22:55:00,320,Aft_10099,161
Flt_40333,XGOB,MBMY,2025/02/05 20:15:00,2025/02/05 22:35:00,321,Aft_10134,142
Flt_40334,JFWS,VBKF,2025/02/05 20:15:00,2025/02/05 22:50:00,319,Aft_10061,167
Flt_40335,VTIR,SNFR,2025/02/05 20:15:00,2025/02/05 23:30:00,320,Aft_10007,192
Flt_40336,VSBC,XGOB,2025/02/05 20:15:00,2025/02/05 22:40:00,321,Aft_10149,132
Flt_40337,XLXE,VTIR,2025/02/05 20:15:00,2025/02/05 23:10:00,321,Aft_10057,163
Flt_40338,XGOB,JDEH,2025/02/05 20:20:00,2025/02/05 22:55:00,320,Aft_10152,153
Flt_40339,FRMU,GRIG,2025/02/05 20:20:00,2025/02/05 23:00:00,320,Aft_10047,137
Flt_40340,XLXE,GRIG,2025/02/05 20:20:00,2025/02/05 23:25:00,320,Aft_10161,187
Flt_40341,UUKJ,UQLN,2025/02/05 20:20:00,2025/02/05 23:40:00,320,Aft_10054,182
Flt_40342,EQTC,XGOB,2025/02/05 20:20:00,2025/02/05 23:40:00,320,Aft_10075,205
Flt_40343,UQLN,FRMU,2025/02/05 20:25:00,2025/02/05 22:20:00,321,Aft_10024,135
Flt_40344,IAWP,SNFR,2025/02/05 20:25:00,2025/02/05 22:50:00,320,Aft_10143,132
Flt_40345,XGOB,WZBQ,2025/02/05 20:30:00,2025/02/05 23:15:00,320,Aft_10078,167
Flt_40346,UQLN,SNFR,2025/02/05 20:30:00,2025/02/05 22:30:00,319,Aft_10097,117
Flt_40347,ERHL,LXHP,2025/02/05 20:30:00,2025/02/05 23:50:00,320,Aft_10023,183
Flt_40348,CEUN,XGOB,2025/02/05 20:30:00,2025/02/05 23:25:00,321,Aft_10030,173
Flt_40349,WZBQ,CXOJ,2025/02/05 20:30:00,2025/02/06 00:50:00,321,Aft_10147,264
Flt_40350,XGOB,DSXP,2025/02/05 20:35:00,2025/02/06 00:15:00,321,Aft_10158,237
Flt_40351,RSIH,WZBQ,2025/02/05 20:35:00,2025/02/05 22:40:00,320,Aft_10015,129
Flt_40352,XGOB,FRMU,2025/02/05 20:35:00,2025/02/05 22:50:00,320,Aft_10124,135
Flt_40353,HEYQ,GRIG,2025/02/05 20:35:00,2025/02/05 23:55:00,320,Aft_10083,199
Flt_40354,XGOB,CLKY,2025/02/05 20:40:00,2025/02/05 23:00:00,320,Aft_10068,133
Flt_40355,SRNH,GRIG,2025/02/05 20:40:00,2025/02/05 23:15:00,320,Aft_10104,160
Flt_40356,HEYQ,XGOB,2025/02/05 20:40:00,2025/02/05 23:40:00,321,Aft_10095,175
Flt_40357,CYBH,GRIG,2025/02/05 20:45:00,2025/02/06 00:35:00,320,Aft_10045,223
Flt_40358,FWCS,UQLN,2025/02/05 20:45:00,2025/02/06 00:40:00,320,Aft_10027,225
Flt_40359,MVFV,VBKF,2025/02/05 20:50:00,2025/02/06 00:15:00,319,Aft_10117,208
Flt_40360,CYBH,VBKF,2025/02/05 20:50:00,2025/02/05 23:30:00,320,Aft_10088,165
Flt_40361,EYCX,XGOB,2025/02/05 20:50:00,2025/02/05 23:00:00,320,Aft_10121,140
Flt_40362,FCHN,XGOB,2025/02/05 20:50:00,2025/02/05 22:45:00,319,Aft_10129,88
Flt_40363,VBRA,XGOB,2025/02/05 20:50:00,2025/02/05 22:55:00,321,Aft_10138,137
Flt_40364,UQLN,OSYY,2025/02/05 20:55:00,2025/02/05 23:00:00,321,Aft_10062,106
Flt_40365,PIEK,MBMY,2025/02/05 20:55:00,2025/02/05 23:05:00,320,Aft_10085,125
Flt_40366,ELBQ,GRIG,2025/02/05 20:55:00,2025/02/05 22:45:00,320,Aft_10056,84
Flt_40367,XGOB,HMAL,2025/02/05 21:00:00,2025/02/05 22:55:00,321,Aft_10127,107
Flt_40368,FQEW,MBMY,2025/02/05 21:00:00,2025/02/06 00:35:00,321,Aft_10008,205
Flt_40369,XGOB,DEPY,2025/02/05 21:00:00,2025/02/05 22:25:00,321,Aft_10132,77
Flt_40370,EQTC,UQLN,2025/02/05 21:00:00,2025/02/05 23:55:00,319,Aft_10107,192
Flt_40371,UQLN,FQEW,2025/02/05 21:05:00,2025/02/05 23:05:00,319,Aft_10058,100
Flt_40372,IDKG,VBKF,2025/02/05 21:05:00,2025/02/06 00:50:00,320,Aft_10102,206
Flt_40373,XGOB,GRIG,2025/02/05 21:05:00,2025/02/05 22:30:00,320,Aft_10113,74
Flt_40374,XGOB,VMTM,2025/02/05 21:05:00,2025/02/05 23:05:00,319,Aft_10069,101
Flt_40375,XGOB,LXHP,2025/02/05 21:05:00,2025/02/05 23:20:00,320,Aft_10060,117
Flt_40376,PADI,UQLN,2025/02/05 21:10:00,2025/02/05 23:55:00,321,Aft_10140,166
Flt_40377,XBQP,XGOB,2025/02/05 21:10:00,2025/02/06 00:35:00,321,Aft_10106,180
Flt_40378,WAVK,XGOB,2025/02/05 21:10:00,2025/02/05 23:40:00,319,Aft_10009,170
Flt_40379,VTIR,SNFR,2025/02/05 21:15:00,2025/02/06 00:40:00,320,Aft_10130,192
Flt_40380,VORI,XGOB,2025/02/05 21:15:00,2025/02/05 23:25:00,320,Aft_10101,114
Flt_40381,WZBQ,CLVM,2025/02/05 21:15:00,2025/02/06 00:25:00,320,Aft_10077,182
Flt_40382,BQKE,UQLN,2025/02/05 21:20:00,2025/02/05 23:20:00,319,Aft_10100,122
Flt_40383,CYBH,VTIR,2025/02/05 21:20:00,2025/02/06 00:25:00,321,Aft_10031,197
Flt_40384,UQLN,NMPZ,2025/02/05 21:25:00,2025/02/05 23:10:00,320,Aft_10105,117
Flt_40385,QFPG,XGOB,2025/02/05 21:25:00,2025/02/05 23:55:00,321,Aft_10016,168
Flt_40386,NQQU,VTIR,2025/02/05 21:30:00,2025/02/06 01:00:00,320,Aft_10064,208
Flt_40387,GGQY,VBKF,2025/02/05 21:35:00,2025/02/05 23:45:00,320,Aft_10137,142
Flt_40388,SNFR,GRIG,2025/02/05 21:35:00,2025/02/06 01:05:00,320,Aft_10122,214
Flt_40389,KNKY,XGOB,2025/02/05 21:35:00,2025/02/05 23:30:00,319,Aft_10116,110
Flt_40390,MVFV,XGOB,2025/02/05 21:35:00,2025/02/06 01:40:00,321,Aft_10038,257
Flt_40391,XGOB,GRIG,2025/02/05 21:40:00,2025/02/05 22:50:00,320,Aft_10141,82
Flt_40392,CLVM,MBMY,2025/02/05 21:45:00,2025/02/06 00:20:00,320,Aft_10012,132
Flt_40393,JDEH,GRIG,2025/02/05 21:45:00,2025/02/06 01:25:00,320,Aft_10028,226
Flt_40394,OMLA,UQLN,2025/02/05 21:50:00,2025/02/06 00:35:00,320,Aft_10076,153
Flt_40395,XNVE,XGOB,2025/02/05 21:50:00,2025/02/06 00:30:00,319,Aft_10153,154
Flt_40396,HMAL,XGOB,2025/02/05 21:50:00,2025/02/05 23:40:00,320,Aft_10044,116
Flt_40397,FRMU,SNFR,2025/02/05 21:55:00,2025/02/06 00:10:00,320,Aft_10010,115
Flt_40398,MKHW,SNFR,2025/02/05 21:55:00,2025/02/06 01:05:00,319,Aft_10108,173
Flt_40399,GRIG,SNFR,2025/02/05 21:55:00,2025/02/06 01:05:00,320,Aft_10048,148
Flt_40400,ERHL,XGOB,2025/02/05 21:55:00,2025/02/05 23:50:00,319,Aft_10110,91
Flt_40401,MKHW,XGOB,2025/02/05 21:55:00,2025/02/05 23:45:00,320,Aft_10084,98
Flt_40402,ENRV,XGOB,2025/02/05 21:55:00,2025/02/06 00:20:00,319,Aft_10066,136
Flt_40403,VKRE,XGOB,2025/02/05 22:00:00,2025/02/05 23:30:00,319,Aft_10079,73
Flt_40404,WIMM,XGOB,2025/02/05 22:00:00,2025/02/05 23:15:00,319,Aft_10120,65
Flt_40405,XGOB,LXHP,2025/02/05 22:05:00,2025/02/06 00:15:00,321,Aft_10119,125
Flt_40406,DEPY,UQLN,2025/02/05 22:05:00,2025/02/06 00:05:00,320,Aft_10125,103
Flt_40407,XGOB,JDEH,2025/02/05 22:10:00,2025/02/06 00:50:00,321,Aft_10148,139
Flt_40408,XLXE,XGOB,2025/02/05 22:10:00,2025/02/06 00:55:00,321,Aft_10145,172
Flt_40409,WZBQ,UQLN,2025/02/05 22:15:00,2025/02/06 00:55:00,321,Aft_10046,172
Flt_40410,CILH,XGOB,2025/02/05 22:15:00,2025/02/06 00:40:00,321,Aft_10011,147
Flt_40411,MBMY,WZBQ,2025/02/05 22:20:00,2025/02/06 01:55:00,321,Aft_10002,226
Flt_40412,PIEK,LUKE,2025/02/05 22:25:00,2025/02/05 23:35:00,320,Aft_10098,60
Flt_40413,FFJA,XGOB,2025/02/05 22:35:00,2025/02/06 01:45:00,321,Aft_10043,180
Flt_40414,OEQY,UQLN,2025/02/05 22:40:00,2025/02/06 00:55:00,320,Aft_10029,126
Flt_40415,MBMY,UQLN,2025/02/05 22:40:00,2025/02/06 00:55:00,320,Aft_10072,141
Flt_40416,VBKF,LUKE,2025/02/05 22:45:00,2025/02/06 00:50:00,320,Aft_10034,120
Flt_40417,QFGG,GRIG,2025/02/05 23:05:00,2025/02/06 01:05:00,320,Aft_10020,94
Flt_40418,LUKE,OEQY,2025/02/05 23:10:00,2025/02/06 01:20:00,320,Aft_10037,145
Flt_40419,XGOB,GRIG,2025/02/05 23:25:00,2025/02/06 01:05:00,320,Aft_10146,86
Flt_40420,GRIG,XGOB,2025/02/05 23:35:00,2025/02/06 00:55:00,320,Aft_10113,72
Flt_40421,DEPY,XGOB,2025/02/05 23:40:00,2025/02/06 01:30:00,321,Aft_10132,82
Flt_40422,OSYY,UQLN,2025/02/05 23:45:00,2025/02/06 01:40:00,321,Aft_10062,106
Flt_40423,VMTM,XGOB,2025/02/05 23:50:00,2025/02/06 01:40:00,319,Aft_10069,91
Flt_40424,NMPZ,UQLN,2025/02/05 23:55:00,2025/02/06 01:40:00,320,Aft_10105,102
Flt_40425,FQEW,UQLN,2025/02/05 23:55:00,2025/02/06 01:50:00,319,Aft_10058,119
Flt_40426,NRTE,XGOB,2025/02/06 00:20:00,2025/02/06 05:00:00,321,Aft_10155,241
Flt_40427,XGOB,JDTH,2025/02/06 01:30:00,2025/02/06 11:45:00,350,Aft_10164,630
Flt_40428,NRTE,HMAL,2025/02/06 06:40:00,2025/02/06 10:20:00,321,Aft_10001,193
Flt_40429,HMAL,NRTE,2025/02/06 01:50:00,2025/02/06 05:10:00,321,Aft_10001,241
Flt_40430,AFEC,HMAL,2025/02/06 17:55:00,2025/02/06 20:40:00,321,Aft_10160,155
Flt_40431,HMAL,AFEC,2025/02/06 13:00:00,2025/02/06 16:25:00,321,Aft_10160,190
Flt_40432,WZBQ,MBMY,2025/02/06 06:00:00,2025/02/06 09:35:00,321,Aft_10002,254
Flt_40433,XGOB,CYBH,2025/02/06 06:00:00,2025/02/06 08:40:00,321,Aft_10011,142
Flt_40434,MBMY,ZWIO,2025/02/06 06:00:00,2025/02/06 07:55:00,321,Aft_10014,104
Flt_40435,VTIR,MBMY,2025/02/06 06:15:00,2025/02/06 11:45:00,321,Aft_10142,332
Flt_40436,GRIG,EYCX,2025/02/06 06:20:00,2025/02/06 09:05:00,320,Aft_10141,139
Flt_40437,XGOB,JDEH,2025/02/06 06:25:00,2025/02/06 09:05:00,321,Aft_10038,146
Flt_40438,SNFR,HMAL,2025/02/06 06:25:00,2025/02/06 09:40:00,319,Aft_10097,168
Flt_40439,XGOB,DEPY,2025/02/06 06:25:00,2025/02/06 07:50:00,320,Aft_10128,77
Flt_40440,UQLN,EVWP,2025/02/06 06:25:00,2025/02/06 08:20:00,320,Aft_10123,120
Flt_40441,MBMY,IAWP,2025/02/06 06:25:00,2025/02/06 09:25:00,320,Aft_10085,166
Flt_40442,FRMU,XGOB,2025/02/06 06:25:00,2025/02/06 08:50:00,321,Aft_10042,136
Flt_40443,UQLN,DDCZ,2025/02/06 06:30:00,2025/02/06 08:40:00,320,Aft_10072,123
Flt_40444,JDEH,XGOB,2025/02/06 06:30:00,2025/02/06 10:00:00,321,Aft_10148,194
Flt_40445,VTIR,XLXE,2025/02/06 06:35:00,2025/02/06 09:50:00,321,Aft_10017,168
Flt_40446,XGOB,IZUZ,2025/02/06 06:40:00,2025/02/06 08:20:00,319,Aft_10069,94
Flt_40447,XGOB,OMLA,2025/02/06 06:40:00,2025/02/06 09:10:00,320,Aft_10101,134
Flt_40448,GRIG,UQLN,2025/02/06 06:40:00,2025/02/06 08:20:00,320,Aft_10056,87
Flt_40449,MBMY,ZHRG,2025/02/06 06:45:00,2025/02/06 08:45:00,320,Aft_10012,85
Flt_40450,LUKE,VBKF,2025/02/06 06:45:00,2025/02/06 08:35:00,320,Aft_10034,95
Flt_40451,UQLN,FRMU,2025/02/06 06:50:00,2025/02/06 09:05:00,321,Aft_10140,116
Flt_40452,FRMU,UQLN,2025/02/06 06:50:00,2025/02/06 09:10:00,321,Aft_10024,113
Flt_40453,OEQY,XGOB,2025/02/06 06:50:00,2025/02/06 09:30:00,321,Aft_10004,141
Flt_40454,XGOB,IDKG,2025/02/06 06:50:00,2025/02/06 10:30:00,321,Aft_10033,209
Flt_40455,UQLN,WZBQ,2025/02/06 06:55:00,2025/02/06 09:10:00,321,Aft_10053,131
Flt_40456,UQLN,JDEH,2025/02/06 06:55:00,2025/02/06 09:20:00,321,Aft_10036,132
Flt_40457,UQLN,HMAL,2025/02/06 06:55:00,2025/02/06 08:45:00,320,Aft_10027,93
Flt_40458,SNFR,DEPY,2025/02/06 06:55:00,2025/02/06 09:55:00,320,Aft_10130,219
Flt_40459,GRIG,OMLA,2025/02/06 06:55:00,2025/02/06 09:50:00,320,Aft_10083,152
Flt_40460,WZBQ,IAWP,2025/02/06 06:55:00,2025/02/06 09:45:00,320,Aft_10015,159
Flt_40461,CXOJ,XGOB,2025/02/06 06:55:00,2025/02/06 10:35:00,321,Aft_10147,214
Flt_40462,WZBQ,XGOB,2025/02/06 06:55:00,2025/02/06 09:55:00,321,Aft_10035,199
Flt_40463,UQLN,VSBC,2025/02/06 07:00:00,2025/02/06 09:10:00,320,Aft_10105,131
Flt_40464,JDEH,VSBC,2025/02/06 07:00:00,2025/02/06 10:40:00,321,Aft_10022,227
Flt_40465,CXOJ,VBKF,2025/02/06 07:00:00,2025/02/06 10:20:00,320,Aft_10018,192
Flt_40466,LXHP,ERHL,2025/02/06 07:00:00,2025/02/06 11:00:00,320,Aft_10060,229
Flt_40467,XGOB,SNFR,2025/02/06 07:00:00,2025/02/06 09:35:00,321,Aft_10016,148
Flt_40468,VTIR,LXHP,2025/02/06 07:00:00,2025/02/06 09:35:00,320,Aft_10081,152
Flt_40469,UQLN,VTIR,2025/02/06 07:00:00,2025/02/06 10:40:00,321,Aft_10046,211
Flt_40470,XGOB,VTIR,2025/02/06 07:00:00,2025/02/06 10:45:00,321,Aft_10032,214
Flt_40471,XGOB,OEQY,2025/02/06 07:05:00,2025/02/06 09:35:00,321,Aft_10118,151
Flt_40472,UQLN,NMPZ,2025/02/06 07:05:00,2025/02/06 09:05:00,320,Aft_10029,117
Flt_40473,GRIG,XBQP,2025/02/06 07:05:00,2025/02/06 09:35:00,320,Aft_10087,137
Flt_40474,MBMY,LXHP,2025/02/06 07:05:00,2025/02/06 10:30:00,321,Aft_10134,204
Flt_40475,SNFR,ZWIO,2025/02/06 07:05:00,2025/02/06 09:45:00,320,Aft_10010,169
Flt_40476,UQLN,OEQY,2025/02/06 07:10:00,2025/02/06 09:15:00,320,Aft_10125,113
Flt_40477,VTIR,VBRA,2025/02/06 07:10:00,2025/02/06 10:50:00,320,Aft_10005,215
Flt_40478,VTIR,VBKF,2025/02/06 07:10:00,2025/02/06 11:05:00,321,Aft_10057,231
Flt_40479,UQLN,SNFR,2025/02/06 07:10:00,2025/02/06 09:15:00,321,Aft_10026,118
Flt_40480,GRIG,XGOB,2025/02/06 07:10:00,2025/02/06 08:40:00,320,Aft_10040,78
Flt_40481,UQLN,JFWS,2025/02/06 07:15:00,2025/02/06 10:20:00,319,Aft_10107,177
Flt_40482,XGOB,GRIG,2025/02/06 07:15:00,2025/02/06 08:55:00,320,Aft_10052,85
Flt_40483,GRIG,HEYQ,2025/02/06 07:15:00,2025/02/06 09:55:00,320,Aft_10161,159
Flt_40484,UQLN,CYBH,2025/02/06 07:15:00,2025/02/06 09:30:00,321,Aft_10021,120
Flt_40485,XGOB,MVFV,2025/02/06 07:15:00,2025/02/06 10:25:00,321,Aft_10145,175
Flt_40486,GRIG,FRMU,2025/02/06 07:20:00,2025/02/06 09:20:00,320,Aft_10146,118
Flt_40487,XGOB,VORI,2025/02/06 07:20:00,2025/02/06 09:25:00,321,Aft_10013,109
Flt_40488,VBKF,AIZY,2025/02/06 07:20:00,2025/02/06 10:15:00,319,Aft_10117,178
Flt_40489,JDEH,XGOB,2025/02/06 07:20:00,2025/02/06 10:35:00,320,Aft_10152,186
Flt_40490,XGOB,SHIS,2025/02/06 07:25:00,2025/02/06 09:40:00,320,Aft_10089,115
Flt_40491,VTIR,EYCX,2025/02/06 07:25:00,2025/02/06 10:50:00,320,Aft_10051,210
Flt_40492,UQLN,VSBC,2025/02/06 07:25:00,2025/02/06 09:35:00,321,Aft_10062,122
Flt_40493,XGOB,PKEY,2025/02/06 07:25:00,2025/02/06 09:15:00,321,Aft_10030,102
Flt_40494,XGOB,IZUZ,2025/02/06 07:25:00,2025/02/06 09:05:00,319,Aft_10096,110
Flt_40495,GRIG,CEUN,2025/02/06 07:25:00,2025/02/06 10:10:00,320,Aft_10104,141
Flt_40496,XGOB,AIZY,2025/02/06 07:25:00,2025/02/06 09:30:00,319,Aft_10129,128
Flt_40497,CXOJ,XGOB,2025/02/06 07:25:00,2025/02/06 11:20:00,320,Aft_10133,206
Flt_40498,VTIR,XGOB,2025/02/06 07:25:00,2025/02/06 11:55:00,320,Aft_10126,293
Flt_40499,LUKE,XGOB,2025/02/06 07:30:00,2025/02/06 08:35:00,320,Aft_10098,59
Flt_40500,WZBQ,GRIG,2025/02/06 07:35:00,2025/02/06 11:30:00,320,Aft_10078,227
Flt_40501,LXHP,XGOB,2025/02/06 07:35:00,2025/02/06 10:15:00,320,Aft_10023,164
Flt_40502,XGOB,URTH,2025/02/06 07:40:00,2025/02/06 09:45:00,320,Aft_10086,107
Flt_40503,XGOB,ERHL,2025/02/06 07:40:00,2025/02/06 09:40:00,320,Aft_10092,103
Flt_40504,SNFR,IAWP,2025/02/06 07:40:00,2025/02/06 10:40:00,320,Aft_10071,200
Flt_40505,SNFR,XGOB,2025/02/06 07:40:00,2025/02/06 10:40:00,321,Aft_10080,198
Flt_40506,XGOB,MKHW,2025/02/06 07:45:00,2025/02/06 09:45:00,320,Aft_10144,107
Flt_40507,SNFR,FRMU,2025/02/06 07:50:00,2025/02/06 10:15:00,320,Aft_10067,151
Flt_40508,VTIR,CYBH,2025/02/06 07:50:00,2025/02/06 11:25:00,321,Aft_10082,185
Flt_40509,VBKF,EQTC,2025/02/06 07:50:00,2025/02/06 09:50:00,320,Aft_10088,101
Flt_40510,XGOB,ISAX,2025/02/06 07:50:00,2025/02/06 10:25:00,321,Aft_10156,136
Flt_40511,GRIG,XGOB,2025/02/06 07:50:00,2025/02/06 09:10:00,320,Aft_10020,78
Flt_40512,XGOB,SRNH,2025/02/06 07:55:00,2025/02/06 09:55:00,320,Aft_10139,108
Flt_40513,CLVM,VORI,2025/02/06 07:55:00,2025/02/06 09:25:00,320,Aft_10077,104
Flt_40514,XGOB,BQKE,2025/02/06 07:55:00,2025/02/06 10:10:00,321,Aft_10065,111
Flt_40515,XGOB,LXHP,2025/02/06 07:55:00,2025/02/06 10:20:00,320,Aft_10162,120
Flt_40516,GRIG,SXIU,2025/02/06 07:55:00,2025/02/06 09:50:00,320,Aft_10122,88
Flt_40517,XGOB,AIZY,2025/02/06 07:55:00,2025/02/06 10:10:00,319,Aft_10079,131
Flt_40518,HMAL,XGOB,2025/02/06 07:55:00,2025/02/06 09:55:00,321,Aft_10127,106
Flt_40519,XGOB,JFWS,2025/02/06 08:00:00,2025/02/06 10:45:00,319,Aft_10120,177
Flt_40520,XGOB,CYBH,2025/02/06 08:00:00,2025/02/06 10:40:00,321,Aft_10138,152
Flt_40521,UQLN,NQQU,2025/02/06 08:00:00,2025/02/06 10:05:00,320,Aft_10076,120
Flt_40522,UQLN,MVFV,2025/02/06 08:00:00,2025/02/06 11:05:00,321,Aft_10006,169
Flt_40523,VTIR,OMLA,2025/02/06 08:05:00,2025/02/06 11:10:00,320,Aft_10099,173
Flt_40524,UQLN,WAVK,2025/02/06 08:05:00,2025/02/06 09:45:00,319,Aft_10100,96
Flt_40525,OEQY,XGOB,2025/02/06 08:05:00,2025/02/06 10:40:00,320,Aft_10037,145
Flt_40526,XGOB,YLXQ,2025/02/06 08:10:00,2025/02/06 10:00:00,319,Aft_10116,98
Flt_40527,XGOB,CXOJ,2025/02/06 08:10:00,2025/02/06 11:45:00,321,Aft_10155,214
Flt_40528,UQLN,JFWS,2025/02/06 08:15:00,2025/02/06 11:20:00,319,Aft_10058,199
Flt_40529,XGOB,VSBC,2025/02/06 08:15:00,2025/02/06 10:35:00,320,Aft_10044,136
Flt_40530,XGOB,XLXE,2025/02/06 08:15:00,2025/02/06 10:35:00,321,Aft_10132,133
Flt_40531,SNFR,CLVM,2025/02/06 08:15:00,2025/02/06 11:15:00,319,Aft_10108,186
Flt_40532,XGOB,CXOJ,2025/02/06 08:15:00,2025/02/06 11:40:00,321,Aft_10043,211
Flt_40533,SNFR,IXQM,2025/02/06 08:20:00,2025/02/06 11:30:00,320,Aft_10048,193
Flt_40534,CXOJ,QFGG,2025/02/06 08:20:00,2025/02/06 11:40:00,320,Aft_10157,197
Flt_40535,LXHP,XGOB,2025/02/06 08:20:00,2025/02/06 11:00:00,321,Aft_10119,178
Flt_40536,XGOB,ZCUA,2025/02/06 08:25:00,2025/02/06 10:45:00,320,Aft_10075,129
Flt_40537,XGOB,PADI,2025/02/06 08:25:00,2025/02/06 11:20:00,321,Aft_10115,147
Flt_40538,VBKF,PIEK,2025/02/06 08:25:00,2025/02/06 10:15:00,320,Aft_10137,100
Flt_40539,XGOB,JFWS,2025/02/06 08:30:00,2025/02/06 11:05:00,319,Aft_10019,175
Flt_40540,WZBQ,XGOB,2025/02/06 08:30:00,2025/02/06 11:35:00,320,Aft_10074,198
Flt_40541,XGOB,OSYY,2025/02/06 08:35:00,2025/02/06 10:40:00,321,Aft_10114,109
Flt_40542,XGOB,XBQP,2025/02/06 08:35:00,2025/02/06 11:20:00,319,Aft_10009,155
Flt_40543,XGOB,GGQY,2025/02/06 08:35:00,2025/02/06 11:15:00,320,Aft_10154,142
Flt_40544,XGOB,WQLS,2025/02/06 08:35:00,2025/02/06 10:00:00,319,Aft_10066,78
Flt_40545,XGOB,EYCX,2025/02/06 08:40:00,2025/02/06 10:45:00,319,Aft_10091,117
Flt_40546,MBMY,XNVE,2025/02/06 08:40:00,2025/02/06 10:50:00,321,Aft_10008,109
Flt_40547,DEPY,XGOB,2025/02/06 08:40:00,2025/02/06 10:15:00,320,Aft_10128,93
Flt_40548,GRIG,NJCK,2025/02/06 08:45:00,2025/02/06 10:25:00,320,Aft_10045,104
Flt_40549,XGOB,VORI,2025/02/06 08:45:00,2025/02/06 10:40:00,320,Aft_10111,96
Flt_40550,UQLN,FFJA,2025/02/06 08:45:00,2025/02/06 10:55:00,320,Aft_10054,110
Flt_40551,SNFR,GRIG,2025/02/06 08:50:00,2025/02/06 12:15:00,320,Aft_10007,216
Flt_40552,UQLN,OSYY,2025/02/06 08:55:00,2025/02/06 10:55:00,320,Aft_10150,108
Flt_40553,ZWIO,DEPY,2025/02/06 08:55:00,2025/02/06 11:05:00,321,Aft_10014,126
Flt_40554,XGOB,UUKJ,2025/02/06 09:00:00,2025/02/06 12:10:00,321,Aft_10151,199
Flt_40555,GRIG,LXHP,2025/02/06 09:00:00,2025/02/06 11:50:00,320,Aft_10028,168
Flt_40556,XGOB,FFJA,2025/02/06 09:00:00,2025/02/06 11:25:00,321,Aft_10003,129
Flt_40557,XGOB,NQQU,2025/02/06 09:00:00,2025/02/06 11:35:00,319,Aft_10112,140
Flt_40558,VTIR,CEUN,2025/02/06 09:00:00,2025/02/06 11:55:00,320,Aft_10039,165
Flt_40559,UQLN,AIZY,2025/02/06 09:00:00,2025/02/06 11:35:00,319,Aft_10131,150
Flt_40560,CXOJ,NMPZ,2025/02/06 09:05:00,2025/02/06 11:40:00,319,Aft_10136,145
Flt_40561,XGOB,HEYQ,2025/02/06 09:05:00,2025/02/06 11:45:00,321,Aft_10059,156
Flt_40562,XGOB,CEUN,2025/02/06 09:05:00,2025/02/06 11:20:00,320,Aft_10084,116
Flt_40563,XGOB,BVWV,2025/02/06 09:05:00,2025/02/06 11:00:00,319,Aft_10153,104
Flt_40564,EVWP,UQLN,2025/02/06 09:05:00,2025/02/06 11:40:00,320,Aft_10123,164
Flt_40565,XGOB,CKRF,2025/02/06 09:05:00,2025/02/06 13:15:00,320,Aft_10070,247
Flt_40566,VBKF,OEQY,2025/02/06 09:10:00,2025/02/06 11:55:00,320,Aft_10102,163
Flt_40567,XGOB,CKHG,2025/02/06 09:15:00,2025/02/06 12:30:00,320,Aft_10093,187
Flt_40568,XGOB,FRMU,2025/02/06 09:15:00,2025/02/06 11:40:00,321,Aft_10095,146
Flt_40569,XGOB,ERHL,2025/02/06 09:15:00,2025/02/06 11:05:00,320,Aft_10055,106
Flt_40570,XGOB,NQQU,2025/02/06 09:15:00,2025/02/06 11:50:00,321,Aft_10025,144
Flt_40571,IZUZ,XGOB,2025/02/06 09:15:00,2025/02/06 11:00:00,319,Aft_10069,102
Flt_40572,SNFR,XGOB,2025/02/06 09:15:00,2025/02/06 12:25:00,321,Aft_10041,208
Flt_40573,FRMU,XGOB,2025/02/06 09:20:00,2025/02/06 11:40:00,320,Aft_10124,155
Flt_40574,UQLN,PKEY,2025/02/06 09:25:00,2025/02/06 11:15:00,320,Aft_10056,119
Flt_40575,XGOB,GRIG,2025/02/06 09:25:00,2025/02/06 10:55:00,321,Aft_10149,81
Flt_40576,VTIR,NQQU,2025/02/06 09:25:00,2025/02/06 13:20:00,320,Aft_10049,220
Flt_40577,DDCZ,UQLN,2025/02/06 09:25:00,2025/02/06 11:55:00,320,Aft_10072,152
Flt_40578,SNFR,PIEK,2025/02/06 09:25:00,2025/02/06 12:30:00,320,Aft_10143,192
Flt_40579,XGOB,WZBQ,2025/02/06 09:30:00,2025/02/06 12:15:00,320,Aft_10113,138
Flt_40580,XGOB,MGVJ,2025/02/06 09:30:00,2025/02/06 11:50:00,321,Aft_10094,129
Flt_40581,FRMU,CLVM,2025/02/06 09:30:00,2025/02/06 11:50:00,320,Aft_10090,133
Flt_40582,XGOB,RENC,2025/02/06 09:35:00,2025/02/06 14:10:00,321,Aft_10135,259
Flt_40583,XGOB,YLTL,2025/02/06 09:35:00,2025/02/06 13:35:00,321,Aft_10050,221
Flt_40584,FWCS,XGOB,2025/02/06 09:40:00,2025/02/06 14:00:00,321,Aft_10109,219
Flt_40585,VBKF,EEEG,2025/02/06 09:40:00,2025/02/06 12:00:00,319,Aft_10061,136
Flt_40586,XGOB,VSBC,2025/02/06 09:45:00,2025/02/06 12:00:00,320,Aft_10098,141
Flt_40587,ZHRG,PKEY,2025/02/06 09:50:00,2025/02/06 12:30:00,320,Aft_10012,148
Flt_40588,NMPZ,UQLN,2025/02/06 09:50:00,2025/02/06 11:45:00,320,Aft_10029,107
Flt_40589,HMAL,UQLN,2025/02/06 09:50:00,2025/02/06 11:35:00,320,Aft_10073,90
Flt_40590,IZUZ,XGOB,2025/02/06 09:50:00,2025/02/06 11:25:00,319,Aft_10096,90
Flt_40591,VBKF,LUKE,2025/02/06 09:50:00,2025/02/06 12:00:00,320,Aft_10034,132
Flt_40592,CYBH,XGOB,2025/02/06 09:55:00,2025/02/06 13:45:00,321,Aft_10011,219
Flt_40593,XGOB,QHPU,2025/02/06 09:55:00,2025/02/06 13:15:00,321,Aft_10042,162
Flt_40594,GRIG,SRNH,2025/02/06 10:00:00,2025/02/06 12:25:00,320,Aft_10052,149
Flt_40595,DSXP,XGOB,2025/02/06 10:00:00,2025/02/06 13:35:00,321,Aft_10158,202
Flt_40596,CLKY,XGOB,2025/02/06 10:00:00,2025/02/06 12:10:00,320,Aft_10068,123
Flt_40597,OMLA,XGOB,2025/02/06 10:00:00,2025/02/06 12:40:00,320,Aft_10101,179
Flt_40598,PKEY,XGOB,2025/02/06 10:05:00,2025/02/06 12:15:00,321,Aft_10030,125
Flt_40599,JDEH,XGOB,2025/02/06 10:05:00,2025/02/06 13:05:00,321,Aft_10038,197
Flt_40600,EYCX,VTIR,2025/02/06 10:05:00,2025/02/06 12:40:00,320,Aft_10141,153
Flt_40601,XGOB,KAIG,2025/02/06 10:10:00,2025/02/06 13:35:00,319,Aft_10110,231
Flt_40602,IAWP,MBMY,2025/02/06 10:10:00,2025/02/06 12:45:00,320,Aft_10085,150
Flt_40603,XGOB,DDCZ,2025/02/06 10:15:00,2025/02/06 12:25:00,321,Aft_10106,150
Flt_40604,UQLN,MGVJ,2025/02/06 10:15:00,2025/02/06 12:20:00,321,Aft_10024,110
Flt_40605,AIZY,XGOB,2025/02/06 10:15:00,2025/02/06 12:10:00,319,Aft_10129,96
Flt_40606,XGOB,PZRI,2025/02/06 10:20:00,2025/02/06 15:35:00,321,Aft_10103,301
Flt_40607,HMAL,BQKE,2025/02/06 10:20:00,2025/02/06 12:10:00,320,Aft_10027,103
Flt_40608,FRMU,UQLN,2025/02/06 10:20:00,2025/02/06 12:35:00,321,Aft_10140,117
Flt_40609,LXHP,DDCZ,2025/02/06 10:25:00,2025/02/06 13:10:00,320,Aft_10081,161
Flt_40610,XGOB,EYCX,2025/02/06 10:25:00,2025/02/06 12:25:00,320,Aft_10020,114
Flt_40611,FRMU,GRIG,2025/02/06 10:25:00,2025/02/06 13:00:00,320,Aft_10146,143
Flt_40612,VORI,ISAX,2025/02/06 10:25:00,2025/02/06 12:10:00,320,Aft_10077,102
Flt_40613,JDEH,UQLN,2025/02/06 10:25:00,2025/02/06 13:20:00,321,Aft_10036,180
Flt_40614,VORI,XGOB,2025/02/06 10:25:00,2025/02/06 12:20:00,321,Aft_10013,123
Flt_40615,SHIS,XGOB,2025/02/06 10:25:00,2025/02/06 12:40:00,320,Aft_10089,147
Flt_40616,XGOB,CXOJ,2025/02/06 10:25:00,2025/02/06 14:10:00,320,Aft_10040,222
Flt_40617,MKHW,XGOB,2025/02/06 10:30:00,2025/02/06 12:15:00,320,Aft_10144,100
Flt_40618,VSBC,UUKJ,2025/02/06 10:30:00,2025/02/06 12:55:00,320,Aft_10105,140
Flt_40619,MBMY,FQEW,2025/02/06 10:30:00,2025/02/06 14:05:00,321,Aft_10002,195
Flt_40620,IAWP,ERHL,2025/02/06 10:30:00,2025/02/06 12:35:00,320,Aft_10015,118
Flt_40621,VTIR,CYBH,2025/02/06 10:30:00,2025/02/06 13:45:00,321,Aft_10031,179
Flt_40622,WZBQ,UQLN,2025/02/06 10:30:00,2025/02/06 13:30:00,321,Aft_10053,185
Flt_40623,SNFR,UQLN,2025/02/06 10:30:00,2025/02/06 13:40:00,321,Aft_10026,175
Flt_40624,URTH,XGOB,2025/02/06 10:30:00,2025/02/06 12:45:00,320,Aft_10086,130
Flt_40625,XGOB,OEQY,2025/02/06 10:35:00,2025/02/06 12:50:00,321,Aft_10004,123
Flt_40626,SXIU,LXHP,2025/02/06 10:35:00,2025/02/06 12:25:00,320,Aft_10122,104
Flt_40627,OMLA,GRIG,2025/02/06 10:40:00,2025/02/06 14:10:00,320,Aft_10083,192
Flt_40628,OEQY,UQLN,2025/02/06 10:40:00,2025/02/06 13:00:00,320,Aft_10125,118
Flt_40629,VSBC,UQLN,2025/02/06 10:40:00,2025/02/06 12:55:00,321,Aft_10062,118
Flt_40630,SRNH,XGOB,2025/02/06 10:40:00,2025/02/06 12:55:00,320,Aft_10139,121
Flt_40631,DEPY,TYUQ,2025/02/06 10:45:00,2025/02/06 12:30:00,320,Aft_10130,100
Flt_40632,ZWIO,ERHL,2025/02/06 10:45:00,2025/02/06 12:25:00,320,Aft_10010,111
Flt_40633,XBQP,GRIG,2025/02/06 10:45:00,2025/02/06 14:00:00,320,Aft_10087,180
Flt_40634,WQLS,XGOB,2025/02/06 10:45:00,2025/02/06 12:10:00,319,Aft_10066,75
Flt_40635,YLXQ,XGOB,2025/02/06 10:45:00,2025/02/06 12:10:00,319,Aft_10116,70
Flt_40636,SNFR,XGOB,2025/02/06 10:45:00,2025/02/06 13:50:00,321,Aft_10016,202
Flt_40637,CYBH,VTIR,2025/02/06 10:45:00,2025/02/06 13:30:00,321,Aft_10021,168
Flt_40638,EQTC,VBKF,2025/02/06 10:50:00,2025/02/06 13:25:00,320,Aft_10088,148
Flt_40639,XLXE,UQLN,2025/02/06 10:50:00,2025/02/06 13:15:00,321,Aft_10017,142
Flt_40640,WAVK,UQLN,2025/02/06 10:50:00,2025/02/06 13:05:00,319,Aft_10100,129
Flt_40641,OEQY,XGOB,2025/02/06 10:50:00,2025/02/06 13:45:00,321,Aft_10118,157
Flt_40642,HMAL,LXHP,2025/02/06 10:55:00,2025/02/06 13:45:00,319,Aft_10097,161
Flt_40643,AIZY,XGOB,2025/02/06 10:55:00,2025/02/06 13:00:00,319,Aft_10079,106
Flt_40644,AIZY,VBKF,2025/02/06 11:00:00,2025/02/06 13:35:00,319,Aft_10117,145
Flt_40645,PIEK,ERHL,2025/02/06 11:00:00,2025/02/06 12:45:00,320,Aft_10137,118
Flt_40646,XGOB,XLXE,2025/02/06 11:00:00,2025/02/06 13:35:00,321,Aft_10148,134
Flt_40647,NQQU,UQLN,2025/02/06 11:00:00,2025/02/06 13:55:00,320,Aft_10076,168
Flt_40648,BQKE,XGOB,2025/02/06 11:00:00,2025/02/06 13:25:00,321,Aft_10065,157
Flt_40649,JFWS,IAWP,2025/02/06 11:05:00,2025/02/06 13:05:00,319,Aft_10107,105
Flt_40650,XGOB,MQNB,2025/02/06 11:05:00,2025/02/06 13:25:00,321,Aft_10127,119
Flt_40651,XGOB,LUKE,2025/02/06 11:05:00,2025/02/06 12:25:00,321,Aft_10035,75
Flt_40652,CEUN,MVFV,2025/02/06 11:05:00,2025/02/06 13:10:00,320,Aft_10104,108
Flt_40653,ISAX,XGOB,2025/02/06 11:10:00,2025/02/06 14:20:00,321,Aft_10156,187
Flt_40654,LXHP,XGOB,2025/02/06 11:10:00,2025/02/06 13:50:00,320,Aft_10162,173
Flt_40655,IAWP,CXOJ,2025/02/06 11:25:00,2025/02/06 14:50:00,320,Aft_10071,207
Flt_40656,NJCK,GRIG,2025/02/06 11:25:00,2025/02/06 12:55:00,320,Aft_10045,85
Flt_40657,HEYQ,GRIG,2025/02/06 11:25:00,2025/02/06 14:45:00,320,Aft_10161,195
Flt_40658,ERHL,XGOB,2025/02/06 11:25:00,2025/02/06 13:20:00,320,Aft_10092,100
Flt_40659,OSYY,XGOB,2025/02/06 11:25:00,2025/02/06 13:40:00,321,Aft_10114,130
Flt_40660,VBKF,GRIG,2025/02/06 11:30:00,2025/02/06 14:00:00,320,Aft_10018,128
Flt_40661,ZCUA,XGOB,2025/02/06 11:30:00,2025/02/06 14:15:00,320,Aft_10075,167
Flt_40662,FRMU,SNFR,2025/02/06 11:35:00,2025/02/06 13:35:00,320,Aft_10067,103
Flt_40663,MVFV,XGOB,2025/02/06 11:35:00,2025/02/06 16:15:00,321,Aft_10145,258
Flt_40664,XGOB,FQEW,2025/02/06 11:40:00,2025/02/06 13:45:00,320,Aft_10023,105
Flt_40665,XGOB,CILH,2025/02/06 11:40:00,2025/02/06 13:50:00,320,Aft_10152,121
Flt_40666,IDKG,XGOB,2025/02/06 11:40:00,2025/02/06 16:25:00,321,Aft_10033,278
Flt_40667,LXHP,IDKG,2025/02/06 11:40:00,2025/02/06 13:40:00,321,Aft_10134,136
Flt_40668,VSBC,JDEH,2025/02/06 11:45:00,2025/02/06 15:30:00,321,Aft_10022,211
Flt_40669,XGOB,OEQY,2025/02/06 11:45:00,2025/02/06 14:00:00,320,Aft_10128,135
Flt_40670,BVWV,XBQP,2025/02/06 11:45:00,2025/02/06 13:10:00,319,Aft_10153,75
Flt_40671,XGOB,DYXX,2025/02/06 11:45:00,2025/02/06 14:25:00,321,Aft_10147,146
Flt_40672,EYCX,XGOB,2025/02/06 11:45:00,2025/02/06 14:10:00,319,Aft_10091,142
Flt_40673,JFWS,XGOB,2025/02/06 11:50:00,2025/02/06 14:05:00,319,Aft_10120,111
Flt_40674,XNVE,FQEW,2025/02/06 11:50:00,2025/02/06 14:50:00,321,Aft_10008,147
Flt_40675,VBRA,HMAL,2025/02/06 11:50:00,2025/02/06 13:55:00,320,Aft_10005,124
Flt_40676,EYCX,ERHL,2025/02/06 11:50:00,2025/02/06 15:15:00,320,Aft_10051,197
Flt_40677,VTIR,UQLN,2025/02/06 11:50:00,2025/02/06 16:20:00,321,Aft_10046,258
Flt_40678,XLXE,XGOB,2025/02/06 11:50:00,2025/02/06 14:40:00,321,Aft_10132,174
Flt_40679,OSYY,UQLN,2025/02/06 11:55:00,2025/02/06 14:00:00,320,Aft_10150,102
Flt_40680,DEPY,XGOB,2025/02/06 11:55:00,2025/02/06 14:05:00,321,Aft_10014,111
Flt_40681,VSBC,XGOB,2025/02/06 11:55:00,2025/02/06 14:25:00,320,Aft_10044,142
Flt_40682,VTIR,XGOB,2025/02/06 11:55:00,2025/02/06 16:45:00,321,Aft_10032,278
Flt_40683,CYBH,XGOB,2025/02/06 11:55:00,2025/02/06 15:35:00,321,Aft_10138,212
Flt_40684,XGOB,SXJJ,2025/02/06 11:55:00,2025/02/06 16:00:00,319,Aft_10069,240
Flt_40685,OMLA,VSBC,2025/02/06 12:00:00,2025/02/06 14:55:00,320,Aft_10099,181
Flt_40686,VORI,HBNQ,2025/02/06 12:00:00,2025/02/06 13:35:00,320,Aft_10111,96
Flt_40687,ERHL,XGOB,2025/02/06 12:00:00,2025/02/06 13:45:00,320,Aft_10055,107
Flt_40688,GRIG,XGOB,2025/02/06 12:00:00,2025/02/06 13:30:00,321,Aft_10149,84
Flt_40689,ERHL,UQLN,2025/02/06 12:05:00,2025/02/06 14:05:00,320,Aft_10060,112
Flt_40690,MVFV,UQLN,2025/02/06 12:05:00,2025/02/06 16:00:00,321,Aft_10006,248
Flt_40691,PKEY,UQLN,2025/02/06 12:05:00,2025/02/06 14:05:00,320,Aft_10056,110
Flt_40692,CEUN,XGOB,2025/02/06 12:05:00,2025/02/06 15:00:00,320,Aft_10084,156
Flt_40693,GGQY,NZZO,2025/02/06 12:05:00,2025/02/06 13:20:00,320,Aft_10154,74
Flt_40694,VBKF,OSYY,2025/02/06 12:10:00,2025/02/06 14:40:00,321,Aft_10057,148
Flt_40695,CLVM,ERHL,2025/02/06 12:10:00,2025/02/06 14:00:00,319,Aft_10108,86
Flt_40696,XGOB,LXHP,2025/02/06 12:10:00,2025/02/06 14:35:00,320,Aft_10037,120
Flt_40697,FFJA,UQLN,2025/02/06 12:10:00,2025/02/06 14:50:00,320,Aft_10054,163
Flt_40698,PADI,XGOB,2025/02/06 12:10:00,2025/02/06 15:35:00,321,Aft_10115,196
Flt_40699,IXQM,SNFR,2025/02/06 12:15:00,2025/02/06 14:30:00,320,Aft_10048,138
Flt_40700,XGOB,WAVK,2025/02/06 12:15:00,2025/02/06 14:20:00,321,Aft_10119,116
Flt_40701,JFWS,XGOB,2025/02/06 12:20:00,2025/02/06 14:15:00,319,Aft_10019,102
Flt_40702,QFGG,HMAL,2025/02/06 12:25:00,2025/02/06 14:30:00,320,Aft_10157,119
Flt_40703,AIZY,UQLN,2025/02/06 12:25:00,2025/02/06 15:00:00,319,Aft_10131,114
Flt_40704,JFWS,UQLN,2025/02/06 12:25:00,2025/02/06 15:05:00,319,Aft_10058,134
Flt_40705,NMPZ,JFWS,2025/02/06 12:25:00,2025/02/06 14:55:00,319,Aft_10136,144
Flt_40706,XGOB,JFWS,2025/02/06 12:30:00,2025/02/06 15:15:00,319,Aft_10066,165
Flt_40707,FFJA,XGOB,2025/02/06 12:30:00,2025/02/06 15:40:00,321,Aft_10003,190
Flt_40708,XBQP,XGOB,2025/02/06 12:30:00,2025/02/06 15:50:00,319,Aft_10009,184
Flt_40709,XGOB,OSYY,2025/02/06 12:35:00,2025/02/06 14:40:00,321,Aft_10080,113
Flt_40710,HEYQ,XGOB,2025/02/06 12:35:00,2025/02/06 15:55:00,321,Aft_10059,202
Flt_40711,MGVJ,XGOB,2025/02/06 12:35:00,2025/02/06 15:25:00,321,Aft_10094,165
Flt_40712,GRIG,RSIH,2025/02/06 12:35:00,2025/02/06 14:20:00,320,Aft_10078,97
Flt_40713,NQQU,XGOB,2025/02/06 12:40:00,2025/02/06 15:45:00,321,Aft_10025,185
Flt_40714,XGOB,WVMU,2025/02/06 12:45:00,2025/02/06 17:15:00,320,Aft_10133,257
Flt_40715,UQLN,XLXE,2025/02/06 12:50:00,2025/02/06 14:45:00,320,Aft_10123,126
Flt_40716,XGOB,CYBH,2025/02/06 12:50:00,2025/02/06 15:15:00,320,Aft_10074,140
Flt_40717,LUKE,PIEK,2025/02/06 12:50:00,2025/02/06 13:45:00,320,Aft_10034,54
Flt_40718,NQQU,XGOB,2025/02/06 12:50:00,2025/02/06 16:15:00,319,Aft_10112,193
Flt_40719,XGOB,CXOJ,2025/02/06 12:50:00,2025/02/06 16:50:00,320,Aft_10124,215
Flt_40720,ISAX,VORI,2025/02/06 12:55:00,2025/02/06 14:50:00,320,Aft_10077,115
Flt_40721,UQLN,OEQY,2025/02/06 12:55:00,2025/02/06 15:00:00,320,Aft_10073,117
Flt_40722,UQLN,VBRA,2025/02/06 12:55:00,2025/02/06 14:35:00,320,Aft_10029,77
Flt_40723,CEUN,ZWIO,2025/02/06 12:55:00,2025/02/06 15:40:00,320,Aft_10039,158
Flt_40724,CXOJ,XGOB,2025/02/06 12:55:00,2025/02/06 16:55:00,321,Aft_10155,190
Flt_40725,FRMU,XGOB,2025/02/06 12:55:00,2025/02/06 15:30:00,321,Aft_10095,143
Flt_40726,MBMY,VTIR,2025/02/06 12:55:00,2025/02/06 18:00:00,321,Aft_10142,295
Flt_40727,UQLN,WZBQ,2025/02/06 13:00:00,2025/02/06 15:35:00,320,Aft_10072,137
Flt_40728,EEEG,VBKF,2025/02/06 13:00:00,2025/02/06 15:00:00,319,Aft_10061,127
Flt_40729,CYBH,VTIR,2025/02/06 13:00:00,2025/02/06 15:50:00,321,Aft_10082,161
Flt_40730,XGOB,NMPZ,2025/02/06 13:05:00,2025/02/06 14:50:00,319,Aft_10116,85
Flt_40731,MGVJ,UQLN,2025/02/06 13:05:00,2025/02/06 15:35:00,321,Aft_10024,139
Flt_40732,VSBC,XGOB,2025/02/06 13:05:00,2025/02/06 15:25:00,320,Aft_10098,141
Flt_40733,CXOJ,XGOB,2025/02/06 13:05:00,2025/02/06 17:00:00,321,Aft_10043,199
Flt_40734,BQKE,JDEH,2025/02/06 13:10:00,2025/02/06 15:30:00,320,Aft_10027,134
Flt_40735,CLVM,FRMU,2025/02/06 13:10:00,2025/02/06 15:30:00,320,Aft_10090,124
Flt_40736,OEQY,VBKF,2025/02/06 13:10:00,2025/02/06 16:05:00,320,Aft_10102,180
Flt_40737,LXHP,GRIG,2025/02/06 13:10:00,2025/02/06 16:25:00,320,Aft_10028,210
Flt_40738,ERHL,ZWIO,2025/02/06 13:10:00,2025/02/06 14:45:00,320,Aft_10010,91
Flt_40739,DDCZ,XGOB,2025/02/06 13:10:00,2025/02/06 15:45:00,321,Aft_10106,173
Flt_40740,UUKJ,XGOB,2025/02/06 13:10:00,2025/02/06 16:15:00,321,Aft_10151,177
Flt_40741,LUKE,XGOB,2025/02/06 13:10:00,2025/02/06 14:25:00,321,Aft_10035,60
Flt_40742,SRNH,IDKG,2025/02/06 13:10:00,2025/02/06 15:45:00,320,Aft_10052,163
Flt_40743,TYUQ,DEPY,2025/02/06 13:15:00,2025/02/06 14:45:00,320,Aft_10130,89
Flt_40744,XGOB,ENRV,2025/02/06 13:15:00,2025/02/06 15:15:00,320,Aft_10086,113
Flt_40745,XGOB,PKEY,2025/02/06 13:15:00,2025/02/06 15:00:00,320,Aft_10068,100
Flt_40746,LXHP,SXIU,2025/02/06 13:15:00,2025/02/06 15:30:00,320,Aft_10122,143
Flt_40747,XGOB,WIMM,2025/02/06 13:15:00,2025/02/06 14:20:00,319,Aft_10096,61
Flt_40748,XGOB,VBRA,2025/02/06 13:20:00,2025/02/06 15:05:00,320,Aft_10121,102
Flt_40749,XGOB,ERHL,2025/02/06 13:20:00,2025/02/06 15:25:00,319,Aft_10129,106
Flt_40750,PIEK,SNFR,2025/02/06 13:20:00,2025/02/06 15:55:00,320,Aft_10143,129
Flt_40751,XGOB,CEUN,2025/02/06 13:20:00,2025/02/06 15:40:00,321,Aft_10030,119
Flt_40752,XGOB,CZCU,2025/02/06 13:20:00,2025/02/06 17:20:00,320,Aft_10126,223
Flt_40753,XGOB,OEQY,2025/02/06 13:25:00,2025/02/06 15:40:00,321,Aft_10041,137
Flt_40754,EYCX,IDKG,2025/02/06 13:25:00,2025/02/06 16:10:00,320,Aft_10020,167
Flt_40755,XGOB,WZBQ,2025/02/06 13:30:00,2025/02/06 16:15:00,320,Aft_10063,142
Flt_40756,ERHL,PIEK,2025/02/06 13:30:00,2025/02/06 15:15:00,320,Aft_10137,92
Flt_40757,CKHG,XGOB,2025/02/06 13:30:00,2025/02/06 17:30:00,320,Aft_10093,279
Flt_40758,UQLN,FRMU,2025/02/06 13:35:00,2025/02/06 15:30:00,321,Aft_10140,118
Flt_40759,PKEY,ZHRG,2025/02/06 13:35:00,2025/02/06 16:15:00,320,Aft_10012,157
Flt_40760,XGOB,FRMU,2025/02/06 13:40:00,2025/02/06 16:05:00,320,Aft_10101,139
Flt_40761,WZBQ,XGOB,2025/02/06 13:40:00,2025/02/06 17:00:00,320,Aft_10113,185
Flt_40762,IAWP,JFWS,2025/02/06 13:50:00,2025/02/06 16:15:00,319,Aft_10107,160
Flt_40763,GRIG,SNFR,2025/02/06 13:50:00,2025/02/06 16:35:00,320,Aft_10007,151
Flt_40764,XGOB,JDEH,2025/02/06 13:55:00,2025/02/06 16:40:00,321,Aft_10038,145
Flt_40765,XGOB,GTVX,2025/02/06 13:55:00,2025/02/06 19:00:00,320,Aft_10089,282
Flt_40766,UQLN,VORI,2025/02/06 14:00:00,2025/02/06 15:25:00,321,Aft_10062,80
Flt_40767,CKRF,XGOB,2025/02/06 14:00:00,2025/02/06 17:55:00,320,Aft_10070,211
Flt_40768,UUKJ,VSBC,2025/02/06 14:05:00,2025/02/06 16:20:00,320,Aft_10105,125
Flt_40769,NZZO,GGQY,2025/02/06 14:05:00,2025/02/06 15:25:00,320,Aft_10154,77
Flt_40770,GRIG,QFGG,2025/02/06 14:05:00,2025/02/06 16:05:00,320,Aft_10146,103
Flt_40771,XGOB,FCHN,2025/02/06 14:10:00,2025/02/06 16:05:00,319,Aft_10079,111
Flt_40772,UQLN,BQKE,2025/02/06 14:10:00,2025/02/06 15:50:00,319,Aft_10100,88
Flt_40773,XGOB,PADI,2025/02/06 14:10:00,2025/02/06 16:40:00,320,Aft_10139,143
Flt_40774,XBQP,BVWV,2025/02/06 14:10:00,2025/02/06 15:50:00,319,Aft_10153,93
Flt_40775,MQNB,XGOB,2025/02/06 14:15:00,2025/02/06 16:50:00,321,Aft_10127,173
Flt_40776,QHPU,XGOB,2025/02/06 14:15:00,2025/02/06 17:50:00,321,Aft_10042,225
Flt_40777,HBNQ,VORI,2025/02/06 14:20:00,2025/02/06 16:10:00,320,Aft_10111,128
Flt_40778,UQLN,EYCX,2025/02/06 14:20:00,2025/02/06 16:00:00,321,Aft_10036,101
Flt_40779,NQQU,VSBC,2025/02/06 14:20:00,2025/02/06 17:10:00,320,Aft_10049,154
Flt_40780,DDCZ,LXHP,2025/02/06 14:20:00,2025/02/06 16:45:00,320,Aft_10081,147
Flt_40781,MVFV,CEUN,2025/02/06 14:20:00,2025/02/06 16:30:00,320,Aft_10104,128
Flt_40782,ERHL,IAWP,2025/02/06 14:25:00,2025/02/06 16:30:00,320,Aft_10015,110
Flt_40783,PIEK,HEYQ,2025/02/06 14:30:00,2025/02/06 16:55:00,320,Aft_10034,153
Flt_40784,XGOB,MVFV,2025/02/06 14:30:00,2025/02/06 17:40:00,320,Aft_10144,179
Flt_40785,LXHP,HMAL,2025/02/06 14:35:00,2025/02/06 17:50:00,319,Aft_10097,188
Flt_40786,KAIG,XGOB,2025/02/06 14:35:00,2025/02/06 17:35:00,319,Aft_10110,148
Flt_40787,FQEW,XGOB,2025/02/06 14:35:00,2025/02/06 17:15:00,320,Aft_10023,149
Flt_40788,XGOB,OTPS,2025/02/06 14:40:00,2025/02/06 18:15:00,321,Aft_10065,204
Flt_40789,XGOB,OEQY,2025/02/06 14:40:00,2025/02/06 17:10:00,321,Aft_10158,129
Flt_40790,VTIR,CYBH,2025/02/06 14:40:00,2025/02/06 17:40:00,321,Aft_10021,178
Flt_40791,UQLN,DDCZ,2025/02/06 14:45:00,2025/02/06 16:55:00,320,Aft_10125,131
Flt_40792,UQLN,SNFR,2025/02/06 14:45:00,2025/02/06 17:00:00,321,Aft_10053,115
Flt_40793,ERHL,CLVM,2025/02/06 14:45:00,2025/02/06 16:20:00,319,Aft_10108,88
Flt_40794,SNFR,IDKG,2025/02/06 14:45:00,2025/02/06 17:45:00,320,Aft_10067,167
Flt_40795,VTIR,EYCX,2025/02/06 14:50:00,2025/02/06 18:00:00,320,Aft_10141,195
Flt_40796,IDKG,LXHP,2025/02/06 14:50:00,2025/02/06 16:55:00,321,Aft_10134,137
Flt_40797,XGOB,DKZJ,2025/02/06 14:50:00,2025/02/06 18:55:00,320,Aft_10055,236
Flt_40798,XGOB,UIOI,2025/02/06 14:55:00,2025/02/06 17:35:00,321,Aft_10114,147
Flt_40799,VTIR,XLXE,2025/02/06 14:55:00,2025/02/06 18:05:00,320,Aft_10064,188
Flt_40800,XGOB,EQTC,2025/02/06 14:55:00,2025/02/06 17:40:00,320,Aft_10162,134
Flt_40801,GRIG,XGOB,2025/02/06 14:55:00,2025/02/06 16:45:00,320,Aft_10083,76
Flt_40802,XLXE,XGOB,2025/02/06 14:55:00,2025/02/06 17:45:00,321,Aft_10148,170
Flt_40803,CYBH,VTIR,2025/02/06 14:55:00,2025/02/06 18:00:00,321,Aft_10031,166
Flt_40804,FQEW,MVFV,2025/02/06 14:55:00,2025/02/06 16:55:00,321,Aft_10002,116
Flt_40805,XGOB,VMTM,2025/02/06 15:00:00,2025/02/06 16:50:00,320,Aft_10092,97
Flt_40806,XGOB,SNFR,2025/02/06 15:00:00,2025/02/06 17:40:00,321,Aft_10011,132
Flt_40807,XGOB,XLXE,2025/02/06 15:00:00,2025/02/06 17:30:00,321,Aft_10016,125
Flt_40808,XGOB,FFJA,2025/02/06 15:00:00,2025/02/06 17:30:00,321,Aft_10118,126
Flt_40809,CILH,XGOB,2025/02/06 15:00:00,2025/02/06 17:40:00,320,Aft_10152,146
Flt_40810,GRIG,VBKF,2025/02/06 15:05:00,2025/02/06 17:05:00,320,Aft_10045,132
Flt_40811,RSIH,XLXE,2025/02/06 15:05:00,2025/02/06 16:45:00,320,Aft_10078,96
Flt_40812,WIMM,ASBZ,2025/02/06 15:05:00,2025/02/06 17:30:00,319,Aft_10096,120
Flt_40813,UQLN,VTIR,2025/02/06 15:05:00,2025/02/06 18:30:00,321,Aft_10017,215
Flt_40814,CXOJ,WZBQ,2025/02/06 15:10:00,2025/02/06 19:15:00,320,Aft_10040,234
Flt_40815,HMAL,VBRA,2025/02/06 15:10:00,2025/02/06 17:05:00,320,Aft_10005,104
Flt_40816,YLTL,XGOB,2025/02/06 15:10:00,2025/02/06 20:35:00,321,Aft_10050,347
Flt_40817,DYXX,QHPU,2025/02/06 15:10:00,2025/02/06 16:15:00,321,Aft_10147,61
Flt_40818,UQLN,ERHL,2025/02/06 15:15:00,2025/02/06 17:20:00,320,Aft_10060,115
Flt_40819,UQLN,GRIG,2025/02/06 15:15:00,2025/02/06 16:50:00,320,Aft_10056,90
Flt_40820,WAVK,XGOB,2025/02/06 15:20:00,2025/02/06 17:50:00,321,Aft_10119,168
Flt_40821,XGOB,UUKJ,2025/02/06 15:25:00,2025/02/06 18:45:00,321,Aft_10109,193
Flt_40822,OSYY,VBKF,2025/02/06 15:25:00,2025/02/06 17:55:00,321,Aft_10057,162
Flt_40823,OSYY,XGOB,2025/02/06 15:25:00,2025/02/06 17:40:00,321,Aft_10080,116
Flt_40824,OEQY,XGOB,2025/02/06 15:25:00,2025/02/06 18:00:00,321,Aft_10004,148
Flt_40825,XGOB,WZBQ,2025/02/06 15:30:00,2025/02/06 18:15:00,321,Aft_10035,142
Flt_40826,XGOB,VORI,2025/02/06 15:30:00,2025/02/06 17:20:00,319,Aft_10091,91
Flt_40827,XGOB,DEPY,2025/02/06 15:30:00,2025/02/06 17:05:00,321,Aft_10014,87
Flt_40828,HMAL,QFGG,2025/02/06 15:30:00,2025/02/06 17:35:00,320,Aft_10157,122
Flt_40829,XGOB,JFWS,2025/02/06 15:30:00,2025/02/06 18:25:00,319,Aft_10019,153
Flt_40830,UQLN,QHPU,2025/02/06 15:30:00,2025/02/06 18:15:00,321,Aft_10026,145
Flt_40831,XGOB,DDCZ,2025/02/06 15:35:00,2025/02/06 18:10:00,320,Aft_10044,137
Flt_40832,JFWS,NMPZ,2025/02/06 15:35:00,2025/02/06 17:35:00,319,Aft_10136,115
Flt_40833,ZWIO,SNFR,2025/02/06 15:35:00,2025/02/06 17:35:00,320,Aft_10010,111
Flt_40834,DEPY,SNFR,2025/02/06 15:35:00,2025/02/06 18:25:00,320,Aft_10130,150
Flt_40835,XGOB,YPAM,2025/02/06 15:40:00,2025/02/06 22:30:00,321,Aft_10156,396
Flt_40836,UQLN,FWCS,2025/02/06 15:40:00,2025/02/06 19:50:00,320,Aft_10076,248
Flt_40837,FQEW,XNVE,2025/02/06 15:40:00,2025/02/06 18:25:00,321,Aft_10008,146
Flt_40838,RENC,XGOB,2025/02/06 15:40:00,2025/02/06 21:45:00,321,Aft_10135,395
Flt_40839,NMPZ,XGOB,2025/02/06 15:40:00,2025/02/06 17:35:00,319,Aft_10116,96
Flt_40840,LXHP,XGOB,2025/02/06 15:40:00,2025/02/06 18:30:00,320,Aft_10037,171
Flt_40841,SNFR,VTIR,2025/02/06 15:40:00,2025/02/06 19:15:00,320,Aft_10048,210
Flt_40842,XLXE,UQLN,2025/02/06 15:50:00,2025/02/06 18:20:00,320,Aft_10123,144
Flt_40843,PKEY,XGOB,2025/02/06 15:50:00,2025/02/06 17:55:00,320,Aft_10068,123
Flt_40844,VORI,CLVM,2025/02/06 15:50:00,2025/02/06 17:50:00,320,Aft_10077,118
Flt_40845,ERHL,EYCX,2025/02/06 16:00:00,2025/02/06 18:55:00,320,Aft_10051,170
Flt_40846,XGOB,NJTU,2025/02/06 16:00:00,2025/02/06 18:35:00,320,Aft_10075,133
Flt_40847,PIEK,VBKF,2025/02/06 16:00:00,2025/02/06 17:40:00,320,Aft_10137,99
Flt_40848,GRIG,HEYQ,2025/02/06 16:00:00,2025/02/06 18:40:00,320,Aft_10018,151
Flt_40849,XGOB,CYBH,2025/02/06 16:00:00,2025/02/06 18:40:00,321,Aft_10132,137
Flt_40850,ENRV,XGOB,2025/02/06 16:00:00,2025/02/06 18:25:00,320,Aft_10086,139
Flt_40851,VSBC,OMLA,2025/02/06 16:05:00,2025/02/06 18:50:00,320,Aft_10099,156
Flt_40852,UQLN,UUKJ,2025/02/06 16:05:00,2025/02/06 19:20:00,320,Aft_10054,189
Flt_40853,UQLN,XBQP,2025/02/06 16:05:00,2025/02/06 18:20:00,319,Aft_10131,144
Flt_40854,XGOB,NQQU,2025/02/06 16:05:00,2025/02/06 18:45:00,320,Aft_10084,147
Flt_40855,VBRA,UQLN,2025/02/06 16:05:00,2025/02/06 17:45:00,320,Aft_10121,95
Flt_40856,VBKF,JFWS,2025/02/06 16:10:00,2025/02/06 19:35:00,319,Aft_10117,214
Flt_40857,VBRA,XGOB,2025/02/06 16:10:00,2025/02/06 18:10:00,320,Aft_10029,127
Flt_40858,ERHL,XGOB,2025/02/06 16:10:00,2025/02/06 18:05:00,319,Aft_10129,113
Flt_40859,SXIU,GRIG,2025/02/06 16:15:00,2025/02/06 18:05:00,320,Aft_10122,107
Flt_40860,OEQY,UQLN,2025/02/06 16:15:00,2025/02/06 18:30:00,320,Aft_10073,136
Flt_40861,GGQY,XGOB,2025/02/06 16:15:00,2025/02/06 19:35:00,320,Aft_10154,205
Flt_40862,CXOJ,IAWP,2025/02/06 16:20:00,2025/02/06 19:40:00,320,Aft_10071,187
Flt_40863,JFWS,XGOB,2025/02/06 16:20:00,2025/02/06 18:15:00,319,Aft_10066,118
Flt_40864,VORI,UQLN,2025/02/06 16:25:00,2025/02/06 18:10:00,321,Aft_10062,100
Flt_40865,CEUN,XGOB,2025/02/06 16:25:00,2025/02/06 19:10:00,321,Aft_10030,171
Flt_40866,JDEH,BQKE,2025/02/06 16:30:00,2025/02/06 18:45:00,320,Aft_10027,127
Flt_40867,CYBH,XGOB,2025/02/06 16:30:00,2025/02/06 19:55:00,320,Aft_10074,215
Flt_40868,XGOB,LUKE,2025/02/06 16:30:00,2025/02/06 17:30:00,320,Aft_10098,68
Flt_40869,GRIG,XLXE,2025/02/06 16:35:00,2025/02/06 19:10:00,320,Aft_10161,148
Flt_40870,BVWV,XGOB,2025/02/06 16:35:00,2025/02/06 18:45:00,319,Aft_10153,128
Flt_40871,IDKG,SRNH,2025/02/06 16:40:00,2025/02/06 19:35:00,320,Aft_10052,191
Flt_40872,MBMY,WZBQ,2025/02/06 16:40:00,2025/02/06 20:40:00,320,Aft_10085,224
Flt_40873,UQLN,VSBC,2025/02/06 16:40:00,2025/02/06 18:40:00,321,Aft_10024,116
Flt_40874,ZWIO,CEUN,2025/02/06 16:40:00,2025/02/06 18:55:00,320,Aft_10039,124
Flt_40875,BQKE,TIMH,2025/02/06 16:40:00,2025/02/06 18:00:00,319,Aft_10100,73
Flt_40876,FRMU,UQLN,2025/02/06 16:45:00,2025/02/06 18:55:00,321,Aft_10140,116
Flt_40877,FRMU,PIEK,2025/02/06 16:45:00,2025/02/06 18:55:00,320,Aft_10090,118
Flt_40878,VBKF,OSYY,2025/02/06 16:50:00,2025/02/06 19:40:00,320,Aft_10088,154
Flt_40879,XGOB,DDCZ,2025/02/06 16:50:00,2025/02/06 19:15:00,321,Aft_10149,143
Flt_40880,QFGG,LXHP,2025/02/06 16:50:00,2025/02/06 19:00:00,320,Aft_10146,105
Flt_40881,JDEH,HEYQ,2025/02/06 16:50:00,2025/02/06 18:55:00,321,Aft_10022,122
Flt_40882,VTIR,CYBH,2025/02/06 16:50:00,2025/02/06 20:10:00,321,Aft_10082,177
Flt_40883,WZBQ,UQLN,2025/02/06 16:50:00,2025/02/06 19:50:00,320,Aft_10072,181
Flt_40884,FCHN,XGOB,2025/02/06 16:50:00,2025/02/06 18:35:00,319,Aft_10079,85
Flt_40885,XGOB,XBQP,2025/02/06 16:55:00,2025/02/06 19:35:00,321,Aft_10095,141
Flt_40886,GRIG,HEYQ,2025/02/06 16:55:00,2025/02/06 19:35:00,320,Aft_10087,151
Flt_40887,UQLN,HEYQ,2025/02/06 16:55:00,2025/02/06 19:10:00,319,Aft_10058,119
Flt_40888,OEQY,XGOB,2025/02/06 16:55:00,2025/02/06 20:00:00,321,Aft_10041,153
Flt_40889,IDKG,EYCX,2025/02/06 17:00:00,2025/02/06 19:50:00,320,Aft_10020,202
Flt_40890,XGOB,VSBC,2025/02/06 17:00:00,2025/02/06 19:05:00,321,Aft_10025,137
Flt_40891,PZRI,XGOB,2025/02/06 17:00:00,2025/02/06 21:30:00,321,Aft_10103,262
Flt_40892,SXJJ,XGOB,2025/02/06 17:00:00,2025/02/06 21:00:00,319,Aft_10069,220
Flt_40893,CLVM,SNFR,2025/02/06 17:05:00,2025/02/06 19:35:00,319,Aft_10108,141
Flt_40894,UQLN,XLXE,2025/02/06 17:05:00,2025/02/06 18:55:00,321,Aft_10006,116
Flt_40895,XGOB,FFJA,2025/02/06 17:05:00,2025/02/06 19:30:00,321,Aft_10003,124
Flt_40896,EYCX,UQLN,2025/02/06 17:05:00,2025/02/06 19:20:00,321,Aft_10036,117
Flt_40897,XGOB,MVFV,2025/02/06 17:05:00,2025/02/06 20:35:00,321,Aft_10032,195
Flt_40898,FRMU,XGOB,2025/02/06 17:10:00,2025/02/06 19:30:00,320,Aft_10101,143
Flt_40899,IAWP,WZBQ,2025/02/06 17:15:00,2025/02/06 19:55:00,320,Aft_10015,148
Flt_40900,XGOB,EYCX,2025/02/06 17:15:00,2025/02/06 19:15:00,321,Aft_10115,109
Flt_40901,SNFR,MKHW,2025/02/06 17:15:00,2025/02/06 21:10:00,320,Aft_10143,244
Flt_40902,XGOB,HEYQ,2025/02/06 17:15:00,2025/02/06 20:00:00,321,Aft_10059,147
Flt_40903,VORI,XGOB,2025/02/06 17:15:00,2025/02/06 19:30:00,320,Aft_10111,112
Flt_40904,VBKF,IDKG,2025/02/06 17:15:00,2025/02/06 20:10:00,320,Aft_10102,174
Flt_40905,XGOB,ZSVF,2025/02/06 17:20:00,2025/02/06 18:50:00,321,Aft_10151,85
Flt_40906,GRIG,GZHS,2025/02/06 17:20:00,2025/02/06 20:15:00,320,Aft_10028,155
Flt_40907,QHPU,DYXX,2025/02/06 17:20:00,2025/02/06 18:40:00,321,Aft_10147,69
Flt_40908,VBKF,GGQY,2025/02/06 17:20:00,2025/02/06 19:25:00,319,Aft_10061,122
Flt_40909,ZHRG,MBMY,2025/02/06 17:25:00,2025/02/06 19:10:00,320,Aft_10012,90
Flt_40910,JFWS,UQLN,2025/02/06 17:30:00,2025/02/06 19:45:00,319,Aft_10107,145
Flt_40911,XGOB,WZBQ,2025/02/06 17:30:00,2025/02/06 20:15:00,321,Aft_10033,138
Flt_40912,CEUN,GRIG,2025/02/06 17:30:00,2025/02/06 20:45:00,320,Aft_10104,191
Flt_40913,PADI,XGOB,2025/02/06 17:30:00,2025/02/06 20:35:00,320,Aft_10139,190
Flt_40914,VMTM,XGOB,2025/02/06 17:35:00,2025/02/06 19:15:00,320,Aft_10092,92
Flt_40915,DDCZ,UQLN,2025/02/06 17:40:00,2025/02/06 20:00:00,320,Aft_10125,143
Flt_40916,WZBQ,XGOB,2025/02/06 17:40:00,2025/02/06 21:00:00,320,Aft_10063,179
Flt_40917,JDEH,XGOB,2025/02/06 17:45:00,2025/02/06 21:00:00,321,Aft_10038,194
Flt_40918,LXHP,VTIR,2025/02/06 17:45:00,2025/02/06 20:15:00,320,Aft_10081,118
Flt_40919,SNFR,FRMU,2025/02/06 17:50:00,2025/02/06 20:30:00,320,Aft_10007,153
Flt_40920,MVFV,FQEW,2025/02/06 17:55:00,2025/02/06 20:10:00,321,Aft_10002,136
Flt_40921,XGOB,FCHN,2025/02/06 17:55:00,2025/02/06 20:05:00,319,Aft_10112,100
Flt_40922,DEPY,ZWIO,2025/02/06 17:55:00,2025/02/06 20:10:00,321,Aft_10014,129
Flt_40923,HEYQ,PIEK,2025/02/06 17:55:00,2025/02/06 21:10:00,320,Aft_10034,200
Flt_40924,XLXE,RSIH,2025/02/06 17:55:00,2025/02/06 20:00:00,320,Aft_10078,123
Flt_40925,UQLN,PADI,2025/02/06 18:00:00,2025/02/06 20:15:00,321,Aft_10046,118
Flt_40926,VSBC,UQLN,2025/02/06 18:00:00,2025/02/06 20:05:00,320,Aft_10105,131
Flt_40927,WVMU,XGOB,2025/02/06 18:00:00,2025/02/06 22:10:00,320,Aft_10133,233
Flt_40928,CXOJ,XGOB,2025/02/06 18:00:00,2025/02/06 21:45:00,320,Aft_10124,202
Flt_40929,XGOB,QFPG,2025/02/06 18:05:00,2025/02/06 20:20:00,320,Aft_10113,142
Flt_40930,LXHP,MBMY,2025/02/06 18:05:00,2025/02/06 21:40:00,321,Aft_10134,219
Flt_40931,XGOB,SNFR,2025/02/06 18:05:00,2025/02/06 20:35:00,321,Aft_10138,127
Flt_40932,ERHL,LXHP,2025/02/06 18:05:00,2025/02/06 21:35:00,320,Aft_10060,191
Flt_40933,GRIG,CYBH,2025/02/06 18:05:00,2025/02/06 21:00:00,320,Aft_10056,168
Flt_40934,XGOB,EVWP,2025/02/06 18:05:00,2025/02/06 20:20:00,321,Aft_10145,133
Flt_40935,CZCU,XGOB,2025/02/06 18:05:00,2025/02/06 22:00:00,320,Aft_10126,209
Flt_40936,VBRA,VTIR,2025/02/06 18:05:00,2025/02/06 21:30:00,320,Aft_10005,202
Flt_40937,XGOB,VORI,2025/02/06 18:15:00,2025/02/06 20:10:00,319,Aft_10009,100
Flt_40938,VSBC,NQQU,2025/02/06 18:15:00,2025/02/06 20:25:00,320,Aft_10049,131
Flt_40939,ASBZ,WIMM,2025/02/06 18:15:00,2025/02/06 21:00:00,319,Aft_10096,148
Flt_40940,VBKF,CXOJ,2025/02/06 18:15:00,2025/02/06 21:55:00,320,Aft_10045,218
Flt_40941,VORI,XGOB,2025/02/06 18:20:00,2025/02/06 20:00:00,319,Aft_10091,114
Flt_40942,QFGG,CXOJ,2025/02/06 18:20:00,2025/02/06 21:50:00,320,Aft_10157,204
Flt_40943,NMPZ,CXOJ,2025/02/06 18:20:00,2025/02/06 21:05:00,319,Aft_10136,148
Flt_40944,XGOB,NRTE,2025/02/06 18:35:00,2025/02/06 23:20:00,321,Aft_10127,278
Flt_40945,CLVM,WZBQ,2025/02/06 18:35:00,2025/02/06 21:10:00,320,Aft_10077,147
Flt_40946,IDKG,SNFR,2025/02/06 18:35:00,2025/02/06 21:35:00,320,Aft_10067,183
Flt_40947,XGOB,XLXE,2025/02/06 18:35:00,2025/02/06 21:00:00,321,Aft_10043,128
Flt_40948,VBKF,CYBH,2025/02/06 18:35:00,2025/02/06 20:55:00,320,Aft_10137,122
Flt_40949,SNFR,GRIG,2025/02/06 18:40:00,2025/02/06 21:55:00,320,Aft_10010,205
Flt_40950,UIOI,XGOB,2025/02/06 18:40:00,2025/02/06 21:20:00,321,Aft_10114,150
Flt_40951,FFJA,XGOB,2025/02/06 18:40:00,2025/02/06 22:00:00,321,Aft_10118,193
Flt_40952,XGOB,VSBC,2025/02/06 18:45:00,2025/02/06 21:15:00,320,Aft_10083,126
Flt_40953,TIMH,BQKE,2025/02/06 18:45:00,2025/02/06 20:30:00,319,Aft_10100,86
Flt_40954,XGOB,XNVE,2025/02/06 18:45:00,2025/02/06 21:00:00,321,Aft_10094,111
Flt_40955,CYBH,UQLN,2025/02/06 18:45:00,2025/02/06 22:00:00,321,Aft_10021,199
Flt_40956,MVFV,XGOB,2025/02/06 18:45:00,2025/02/06 23:00:00,320,Aft_10144,245
Flt_40957,XLXE,XGOB,2025/02/06 18:45:00,2025/02/06 21:45:00,321,Aft_10016,181
Flt_40958,UQLN,OMLA,2025/02/06 18:50:00,2025/02/06 21:05:00,320,Aft_10121,111
Flt_40959,SNFR,UQLN,2025/02/06 18:50:00,2025/02/06 21:55:00,321,Aft_10053,175
Flt_40960,SNFR,XGOB,2025/02/06 18:55:00,2025/02/06 22:20:00,321,Aft_10011,210
Flt_40961,XGOB,HMAL,2025/02/06 19:00:00,2025/02/06 21:00:00,320,Aft_10023,107
Flt_40962,XGOB,CILH,2025/02/06 19:00:00,2025/02/06 21:25:00,321,Aft_10148,130
Flt_40963,XGOB,CEUN,2025/02/06 19:00:00,2025/02/06 21:15:00,319,Aft_10116,124
Flt_40964,OEQY,XGOB,2025/02/06 19:00:00,2025/02/06 21:40:00,321,Aft_10158,145
Flt_40965,DDCZ,XGOB,2025/02/06 19:00:00,2025/02/06 22:00:00,320,Aft_10044,152
Flt_40966,XGOB,CXOJ,2025/02/06 19:00:00,2025/02/06 22:45:00,320,Aft_10070,210
Flt_40967,UQLN,MBMY,2025/02/06 19:05:00,2025/02/06 21:30:00,321,Aft_10062,141
Flt_40968,XGOB,MKHW,2025/02/06 19:05:00,2025/02/06 21:10:00,319,Aft_10110,118
Flt_40969,EYCX,GRIG,2025/02/06 19:05:00,2025/02/06 21:55:00,320,Aft_10141,176
Flt_40970,VBKF,VTIR,2025/02/06 19:05:00,2025/02/06 22:15:00,321,Aft_10057,196
Flt_40971,XGOB,ENRV,2025/02/06 19:10:00,2025/02/06 21:10:00,320,Aft_10068,121
Flt_40972,XGOB,KNKY,2025/02/06 19:10:00,2025/02/06 20:50:00,319,Aft_10066,91
Flt_40973,XNVE,MBMY,2025/02/06 19:10:00,2025/02/06 21:00:00,321,Aft_10008,110
Flt_40974,EQTC,XGOB,2025/02/06 19:10:00,2025/02/06 22:20:00,320,Aft_10162,198
Flt_40975,XLXE,VTIR,2025/02/06 19:10:00,2025/02/06 22:00:00,320,Aft_10064,147
Flt_40976,XGOB,SNFR,2025/02/06 19:15:00,2025/02/06 21:50:00,321,Aft_10080,160
Flt_40977,OTPS,XGOB,2025/02/06 19:15:00,2025/02/06 22:50:00,321,Aft_10065,183
Flt_40978,XGOB,OEQY,2025/02/06 19:20:00,2025/02/06 21:40:00,321,Aft_10004,127
Flt_40979,UQLN,OEQY,2025/02/06 19:20:00,2025/02/06 21:25:00,320,Aft_10150,120
Flt_40980,XGOB,ERHL,2025/02/06 19:20:00,2025/02/06 21:10:00,320,Aft_10086,103
Flt_40981,XBQP,UQLN,2025/02/06 19:20:00,2025/02/06 22:30:00,319,Aft_10131,167
Flt_40982,QHPU,UQLN,2025/02/06 19:20:00,2025/02/06 22:40:00,321,Aft_10026,214
Flt_40983,NJTU,XGOB,2025/02/06 19:20:00,2025/02/06 21:55:00,320,Aft_10075,149
Flt_40984,UQLN,PKEY,2025/02/06 19:25:00,2025/02/06 21:20:00,320,Aft_10123,107
Flt_40985,XGOB,FRMU,2025/02/06 19:30:00,2025/02/06 21:45:00,321,Aft_10042,127
Flt_40986,VTIR,UQLN,2025/02/06 19:30:00,2025/02/06 23:35:00,321,Aft_10017,259
Flt_40987,JFWS,XGOB,2025/02/06 19:30:00,2025/02/06 21:25:00,319,Aft_10019,114
Flt_40988,UQLN,DEPY,2025/02/06 19:35:00,2025/02/06 21:15:00,320,Aft_10073,100
Flt_40989,NQQU,XGOB,2025/02/06 19:35:00,2025/02/06 22:40:00,320,Aft_10084,191
Flt_40990,DYXX,XGOB,2025/02/06 19:35:00,2025/02/06 23:05:00,321,Aft_10147,207
Flt_40991,ZSVF,XGOB,2025/02/06 19:35:00,2025/02/06 21:20:00,321,Aft_10151,103
Flt_40992,XGOB,VKRE,2025/02/06 19:40:00,2025/02/06 21:15:00,319,Aft_10079,76
Flt_40993,HEYQ,GRIG,2025/02/06 19:40:00,2025/02/06 23:10:00,320,Aft_10018,207
Flt_40994,DKZJ,XGOB,2025/02/06 19:40:00,2025/02/06 23:30:00,320,Aft_10055,211
Flt_40995,WZBQ,XGOB,2025/02/06 19:40:00,2025/02/06 22:40:00,321,Aft_10035,180
Flt_40996,HEYQ,JDEH,2025/02/06 19:45:00,2025/02/06 21:55:00,321,Aft_10022,151
Flt_40997,PIEK,FRMU,2025/02/06 19:45:00,2025/02/06 21:45:00,320,Aft_10090,111
Flt_40998,BQKE,HMAL,2025/02/06 19:45:00,2025/02/06 21:55:00,320,Aft_10027,126
Flt_40999,UUKJ,XGOB,2025/02/06 19:45:00,2025/02/06 22:50:00,321,Aft_10109,177
Flt_41000,GTVX,XGOB,2025/02/06 19:45:00,2025/02/07 00:10:00,320,Aft_10089,248
Flt_41001,SNFR,VTIR,2025/02/06 19:45:00,2025/02/06 22:55:00,320,Aft_10130,194
Flt_41002,XGOB,WCAF,2025/02/06 19:50:00,2025/02/06 21:35:00,319,Aft_10153,108
Flt_41003,VSBC,UQLN,2025/02/06 19:50:00,2025/02/06 21:55:00,321,Aft_10024,122
Flt_41004,OMLA,VTIR,2025/02/06 19:50:00,2025/02/06 22:30:00,320,Aft_10099,148
Flt_41005,XGOB,FWCS,2025/02/06 19:55:00,2025/02/07 00:25:00,321,Aft_10119,231
Flt_41006,VTIR,WZBQ,2025/02/06 19:55:00,2025/02/06 22:10:00,321,Aft_10031,138
Flt_41007,CYBH,XGOB,2025/02/06 19:55:00,2025/02/06 23:25:00,321,Aft_10132,226
Flt_41008,CEUN,VTIR,2025/02/06 19:55:00,2025/02/06 22:25:00,320,Aft_10039,138
Flt_41009,XGOB,VTIR,2025/02/06 19:55:00,2025/02/06 23:30:00,320,Aft_10152,211
Flt_41010,UQLN,WZBQ,2025/02/06 20:00:00,2025/02/06 22:20:00,321,Aft_10140,140
Flt_41011,DDCZ,XGOB,2025/02/06 20:00:00,2025/02/06 22:55:00,321,Aft_10149,165
Flt_41012,EYCX,VTIR,2025/02/06 20:00:00,2025/02/06 22:55:00,320,Aft_10051,180
Flt_41013,HMAL,SNFR,2025/02/06 20:05:00,2025/02/06 22:30:00,319,Aft_10097,152
Flt_41014,LXHP,QFGG,2025/02/06 20:05:00,2025/02/06 22:20:00,320,Aft_10146,147
Flt_41015,XGOB,PSIL,2025/02/06 20:10:00,2025/02/06 22:20:00,319,Aft_10120,118
Flt_41016,JFWS,VBKF,2025/02/06 20:15:00,2025/02/06 22:50:00,319,Aft_10117,152
Flt_41017,VTIR,SNFR,2025/02/06 20:15:00,2025/02/06 23:30:00,320,Aft_10048,192
Flt_41018,VSBC,XGOB,2025/02/06 20:15:00,2025/02/06 22:40:00,321,Aft_10025,148
Flt_41019,EYCX,XGOB,2025/02/06 20:15:00,2025/02/06 22:35:00,321,Aft_10115,132
Flt_41020,XLXE,VTIR,2025/02/06 20:15:00,2025/02/06 23:10:00,321,Aft_10006,155
Flt_41021,SRNH,GRIG,2025/02/06 20:20:00,2025/02/06 22:50:00,320,Aft_10052,167
Flt_41022,XGOB,JDEH,2025/02/06 20:20:00,2025/02/06 22:55:00,321,Aft_10030,145
Flt_41023,XLXE,GRIG,2025/02/06 20:20:00,2025/02/06 23:25:00,320,Aft_10161,190
Flt_41024,UUKJ,UQLN,2025/02/06 20:20:00,2025/02/06 23:50:00,320,Aft_10054,175
Flt_41025,UQLN,FRMU,2025/02/06 20:25:00,2025/02/06 22:20:00,321,Aft_10036,118
Flt_41026,IAWP,SNFR,2025/02/06 20:25:00,2025/02/06 22:50:00,320,Aft_10071,131
Flt_41027,XGOB,WZBQ,2025/02/06 20:30:00,2025/02/06 23:15:00,320,Aft_10111,173
Flt_41028,GRIG,WZBQ,2025/02/06 20:30:00,2025/02/07 00:15:00,320,Aft_10122,207
Flt_41029,HEYQ,UQLN,2025/02/06 20:30:00,2025/02/06 23:35:00,319,Aft_10058,172
Flt_41030,WZBQ,CXOJ,2025/02/06 20:30:00,2025/02/07 00:50:00,320,Aft_10040,250
Flt_41031,FFJA,XGOB,2025/02/06 20:35:00,2025/02/06 23:40:00,321,Aft_10003,191
Flt_41032,XGOB,DSXP,2025/02/06 20:35:00,2025/02/07 00:15:00,321,Aft_10155,228
Flt_41033,XGOB,FRMU,2025/02/06 20:35:00,2025/02/06 23:05:00,320,Aft_10101,133
Flt_41034,HEYQ,GRIG,2025/02/06 20:35:00,2025/02/06 23:50:00,320,Aft_10087,210
Flt_41035,XGOB,CLKY,2025/02/06 20:40:00,2025/02/06 23:00:00,320,Aft_10154,132
Flt_41036,FWCS,UQLN,2025/02/06 20:45:00,2025/02/07 00:40:00,320,Aft_10076,229
Flt_41037,EYCX,XGOB,2025/02/06 20:50:00,2025/02/06 23:00:00,320,Aft_10020,152
Flt_41038,UQLN,FQEW,2025/02/06 20:50:00,2025/02/06 22:35:00,320,Aft_10125,97
Flt_41039,FCHN,XGOB,2025/02/06 20:50:00,2025/02/06 22:45:00,319,Aft_10112,83
Flt_41040,XBQP,XGOB,2025/02/06 20:50:00,2025/02/07 00:10:00,321,Aft_10095,183
Flt_41041,UQLN,OSYY,2025/02/06 20:55:00,2025/02/06 22:50:00,320,Aft_10072,105
Flt_41042,UQLN,NMPZ,2025/02/06 20:55:00,2025/02/06 22:55:00,319,Aft_10107,109
Flt_41043,GGQY,VBKF,2025/02/06 20:55:00,2025/02/06 23:30:00,319,Aft_10061,142
Flt_41044,XGOB,HMAL,2025/02/06 21:00:00,2025/02/06 22:55:00,320,Aft_10074,101
Flt_41045,FQEW,MBMY,2025/02/06 21:00:00,2025/02/07 00:35:00,321,Aft_10002,208
Flt_41046,XGOB,DEPY,2025/02/06 21:00:00,2025/02/06 22:25:00,319,Aft_10129,76
Flt_41047,GZHS,GRIG,2025/02/06 21:00:00,2025/02/07 00:30:00,320,Aft_10028,202
Flt_41048,RSIH,GRIG,2025/02/06 21:00:00,2025/02/06 22:50:00,320,Aft_10078,102
Flt_41049,IDKG,VBKF,2025/02/06 21:05:00,2025/02/07 00:50:00,320,Aft_10102,197
Flt_41050,XGOB,GRIG,2025/02/06 21:05:00,2025/02/06 22:30:00,321,Aft_10106,87
Flt_41051,XGOB,LXHP,2025/02/06 21:05:00,2025/02/06 23:20:00,320,Aft_10037,120
Flt_41052,EVWP,XGOB,2025/02/06 21:05:00,2025/02/06 23:55:00,321,Aft_10145,198
Flt_41053,HEYQ,XGOB,2025/02/06 21:05:00,2025/02/07 00:30:00,321,Aft_10059,201
Flt_41054,PADI,UQLN,2025/02/06 21:10:00,2025/02/06 23:55:00,321,Aft_10046,157
Flt_41055,QFPG,XGOB,2025/02/06 21:10:00,2025/02/06 23:40:00,320,Aft_10113,162
Flt_41056,VTIR,SNFR,2025/02/06 21:15:00,2025/02/07 00:40:00,320,Aft_10081,189
Flt_41057,WZBQ,CLVM,2025/02/06 21:15:00,2025/02/07 00:25:00,320,Aft_10015,205
Flt_41058,BQKE,UQLN,2025/02/06 21:20:00,2025/02/06 23:20:00,319,Aft_10100,117
Flt_41059,VORI,XGOB,2025/02/06 21:25:00,2025/02/06 23:25:00,319,Aft_10009,109
Flt_41060,NQQU,VTIR,2025/02/06 21:30:00,2025/02/07 00:50:00,320,Aft_10049,198
Flt_41061,MVFV,XGOB,2025/02/06 21:35:00,2025/02/07 01:40:00,321,Aft_10032,256
Flt_41062,OSYY,VBKF,2025/02/06 21:35:00,2025/02/07 00:15:00,320,Aft_10088,145
Flt_41063,UQLN,LXHP,2025/02/06 21:35:00,2025/02/06 23:50:00,320,Aft_10105,113
Flt_41064,KNKY,XGOB,2025/02/06 21:35:00,2025/02/06 23:30:00,319,Aft_10066,109
Flt_41065,XGOB,GRIG,2025/02/06 21:40:00,2025/02/06 22:50:00,320,Aft_10139,89
Flt_41066,ZWIO,MBMY,2025/02/06 21:45:00,2025/02/06 23:50:00,321,Aft_10014,115
Flt_41067,WIMM,XGOB,2025/02/06 21:45:00,2025/02/06 22:55:00,319,Aft_10096,68
Flt_41068,OMLA,UQLN,2025/02/06 21:50:00,2025/02/07 00:35:00,320,Aft_10121,149
Flt_41069,XNVE,XGOB,2025/02/06 21:50:00,2025/02/07 00:30:00,321,Aft_10094,145
Flt_41070,HMAL,XGOB,2025/02/06 21:50:00,2025/02/06 23:40:00,320,Aft_10023,103
Flt_41071,FRMU,SNFR,2025/02/06 21:55:00,2025/02/07 00:10:00,320,Aft_10007,115
Flt_41072,WZBQ,MBMY,2025/02/06 21:55:00,2025/02/07 01:55:00,320,Aft_10085,251
Flt_41073,MKHW,SNFR,2025/02/06 21:55:00,2025/02/07 01:05:00,320,Aft_10143,174
Flt_41074,MKHW,XGOB,2025/02/06 21:55:00,2025/02/06 23:45:00,319,Aft_10110,94
Flt_41075,ERHL,XGOB,2025/02/06 21:55:00,2025/02/06 23:50:00,320,Aft_10086,101
Flt_41076,ENRV,XGOB,2025/02/06 21:55:00,2025/02/07 00:20:00,320,Aft_10068,138
Flt_41077,PIEK,LUKE,2025/02/06 21:55:00,2025/02/06 22:55:00,320,Aft_10034,66
Flt_41078,CYBH,VBKF,2025/02/06 22:00:00,2025/02/07 00:35:00,320,Aft_10137,172
Flt_41079,GRIG,MKHW,2025/02/06 22:00:00,2025/02/06 23:10:00,320,Aft_10047,67
Flt_41080,VKRE,XGOB,2025/02/06 22:00:00,2025/02/06 23:30:00,319,Aft_10079,71
Flt_41081,CEUN,XGOB,2025/02/06 22:00:00,2025/02/07 00:50:00,319,Aft_10116,171
Flt_41082,CYBH,VTIR,2025/02/06 22:00:00,2025/02/07 00:55:00,321,Aft_10082,170
Flt_41083,XGOB,LXHP,2025/02/06 22:05:00,2025/02/07 00:15:00,319,Aft_10091,134
Flt_41084,DEPY,UQLN,2025/02/06 22:05:00,2025/02/06 23:55:00,320,Aft_10073,105
Flt_41085,XGOB,JDEH,2025/02/06 22:10:00,2025/02/07 00:50:00,321,Aft_10038,146
Flt_41086,CYBH,GRIG,2025/02/06 22:10:00,2025/02/07 01:55:00,320,Aft_10056,237
Flt_41087,XLXE,XGOB,2025/02/06 22:10:00,2025/02/07 00:55:00,321,Aft_10043,168
Flt_41088,WZBQ,UQLN,2025/02/06 22:15:00,2025/02/07 01:10:00,321,Aft_10033,174
Flt_41089,VSBC,XGOB,2025/02/06 22:15:00,2025/02/07 00:40:00,320,Aft_10083,153
Flt_41090,MBMY,WZBQ,2025/02/06 22:20:00,2025/02/07 01:55:00,321,Aft_10008,224
Flt_41091,WCAF,XGOB,2025/02/06 22:20:00,2025/02/07 00:05:00,319,Aft_10153,103
Flt_41092,LXHP,UQLN,2025/02/06 22:25:00,2025/02/07 01:05:00,320,Aft_10060,166
Flt_41093,CILH,XGOB,2025/02/06 22:25:00,2025/02/07 01:15:00,321,Aft_10148,153
Flt_41094,OEQY,UQLN,2025/02/06 22:40:00,2025/02/07 00:55:00,320,Aft_10150,124
Flt_41095,MBMY,UQLN,2025/02/06 22:40:00,2025/02/07 01:05:00,321,Aft_10062,141
Flt_41096,HMAL,NHMN,2025/02/06 22:45:00,2025/02/07 03:25:00,320,Aft_10027,278
Flt_41097,JDEH,UQLN,2025/02/06 22:55:00,2025/02/07 01:40:00,321,Aft_10022,168
Flt_41098,PKEY,UQLN,2025/02/06 22:55:00,2025/02/07 01:05:00,320,Aft_10123,105
Flt_41099,QFGG,GRIG,2025/02/06 23:05:00,2025/02/07 00:55:00,320,Aft_10146,109
Flt_41100,GRIG,SNFR,2025/02/06 23:05:00,2025/02/07 01:40:00,320,Aft_10010,144
Flt_41101,PSIL,XGOB,2025/02/06 23:05:00,2025/02/07 01:30:00,319,Aft_10120,127
Flt_41102,UQLN,JDEH,2025/02/06 23:20:00,2025/02/07 01:40:00,321,Aft_10024,140
Flt_41103,WZBQ,VTIR,2025/02/06 23:20:00,2025/02/07 01:25:00,321,Aft_10031,115
Flt_41104,XGOB,GRIG,2025/02/06 23:25:00,2025/02/07 01:15:00,320,Aft_10124,87
Flt_41105,FQEW,UQLN,2025/02/06 23:25:00,2025/02/07 01:25:00,320,Aft_10125,124
Flt_41106,OSYY,UQLN,2025/02/06 23:35:00,2025/02/07 01:30:00,320,Aft_10072,113
Flt_41107,GRIG,XGOB,2025/02/06 23:35:00,2025/02/07 00:55:00,321,Aft_10106,79
Flt_41108,DEPY,XGOB,2025/02/06 23:40:00,2025/02/07 01:30:00,319,Aft_10129,90
Flt_41109,YPAM,XGOB,2025/02/06 23:45:00,2025/02/07 05:25:00,321,Aft_10156,348
Flt_41110,MKHW,GRIG,2025/02/06 23:55:00,2025/02/07 01:05:00,320,Aft_10047,62
Flt_41111,NMPZ,UQLN,2025/02/06 23:55:00,2025/02/07 01:40:00,319,Aft_10107,104
Flt_41112,NRTE,XGOB,2025/02/07 00:20:00,2025/02/07 05:00:00,321,Aft_10127,266
Flt_41113,XGOB,TFKN,2025/02/07 01:00:00,2025/02/07 12:45:00,350,Aft_10165,685
Flt_41114,AFEC,HMAL,2025/02/07 17:55:00,2025/02/07 20:40:00,321,Aft_10160,159
Flt_41115,NHMN,HMAL,2025/02/07 04:25:00,2025/02/07 08:50:00,320,Aft_10027,261
Flt_41116,HMAL,AFEC,2025/02/07 13:00:00,2025/02/07 16:25:00,321,Aft_10160,195
Flt_41117,WZBQ,MBMY,2025/02/07 06:00:00,2025/02/07 09:35:00,321,Aft_10140,242
Flt_41118,XGOB,CYBH,2025/02/07 06:00:00,2025/02/07 08:40:00,321,Aft_10132,146
Flt_41119,XGOB,FFJA,2025/02/07 06:00:00,2025/02/07 08:15:00,320,Aft_10162,123
Flt_41120,GRIG,EYCX,2025/02/07 06:20:00,2025/02/07 09:05:00,320,Aft_10047,136
Flt_41121,UQLN,EVWP,2025/02/07 06:20:00,2025/02/07 08:20:00,321,Aft_10053,110
Flt_41122,SNFR,HMAL,2025/02/07 06:25:00,2025/02/07 09:20:00,320,Aft_10067,166
Flt_41123,XGOB,VSBC,2025/02/07 06:25:00,2025/02/07 09:05:00,321,Aft_10145,134
Flt_41124,XGOB,DEPY,2025/02/07 06:25:00,2025/02/07 07:50:00,319,Aft_10009,75
Flt_41125,SNFR,ZWIO,2025/02/07 06:25:00,2025/02/07 09:15:00,320,Aft_10010,161
Flt_41126,FRMU,XGOB,2025/02/07 06:25:00,2025/02/07 08:50:00,321,Aft_10042,139
Flt_41127,MBMY,CLVM,2025/02/07 06:25:00,2025/02/07 08:50:00,320,Aft_10012,133
Flt_41128,MBMY,VORI,2025/02/07 06:30:00,2025/02/07 08:30:00,321,Aft_10134,118
Flt_41129,UQLN,DDCZ,2025/02/07 06:30:00,2025/02/07 08:40:00,320,Aft_10150,128
Flt_41130,GRIG,VBKF,2025/02/07 06:30:00,2025/02/07 08:45:00,320,Aft_10078,127
Flt_41131,JDEH,XGOB,2025/02/07 06:30:00,2025/02/07 09:25:00,321,Aft_10038,187
Flt_41132,VTIR,XLXE,2025/02/07 06:35:00,2025/02/07 09:50:00,321,Aft_10006,163
Flt_41133,GRIG,UQLN,2025/02/07 06:35:00,2025/02/07 08:20:00,320,Aft_10052,77
Flt_41134,GRIG,WAVK,2025/02/07 06:40:00,2025/02/07 09:10:00,320,Aft_10146,130
Flt_41135,XGOB,AIZY,2025/02/07 06:40:00,2025/02/07 09:00:00,319,Aft_10069,129
Flt_41136,UQLN,LXHP,2025/02/07 06:45:00,2025/02/07 08:50:00,320,Aft_10060,117
Flt_41137,UQLN,FRMU,2025/02/07 06:50:00,2025/02/07 09:05:00,321,Aft_10021,115
Flt_41138,UQLN,CILH,2025/02/07 06:50:00,2025/02/07 09:05:00,321,Aft_10022,123
Flt_41139,WZBQ,RSIH,2025/02/07 06:50:00,2025/02/07 09:30:00,320,Aft_10122,159
Flt_41140,XGOB,IDKG,2025/02/07 06:50:00,2025/02/07 10:30:00,321,Aft_10011,222
Flt_41141,UQLN,WZBQ,2025/02/07 06:55:00,2025/02/07 09:10:00,321,Aft_10046,136
Flt_41142,UQLN,HMAL,2025/02/07 06:55:00,2025/02/07 08:45:00,320,Aft_10054,93
Flt_41143,GRIG,OEQY,2025/02/07 06:55:00,2025/02/07 08:45:00,320,Aft_10028,110
Flt_41144,XGOB,OMLA,2025/02/07 06:55:00,2025/02/07 09:10:00,321,Aft_10059,130
Flt_41145,VTIR,CYBH,2025/02/07 06:55:00,2025/02/07 09:50:00,321,Aft_10057,184
Flt_41146,VTIR,CEUN,2025/02/07 06:55:00,2025/02/07 09:45:00,320,Aft_10099,156
Flt_41147,CXOJ,XGOB,2025/02/07 06:55:00,2025/02/07 10:35:00,320,Aft_10045,207
Flt_41148,OEQY,XGOB,2025/02/07 06:55:00,2025/02/07 09:30:00,321,Aft_10004,144
Flt_41149,WZBQ,XGOB,2025/02/07 06:55:00,2025/02/07 10:00:00,321,Aft_10008,188
Flt_41150,VTIR,LXHP,2025/02/07 07:00:00,2025/02/07 09:35:00,320,Aft_10130,159
Flt_41151,LUKE,FRMU,2025/02/07 07:00:00,2025/02/07 09:15:00,320,Aft_10034,140
Flt_41152,UQLN,VSBC,2025/02/07 07:00:00,2025/02/07 09:10:00,320,Aft_10072,118
Flt_41153,JDEH,VSBC,2025/02/07 07:00:00,2025/02/07 10:40:00,321,Aft_10024,227
Flt_41154,LXHP,ERHL,2025/02/07 07:00:00,2025/02/07 11:00:00,320,Aft_10037,227
Flt_41155,XGOB,SNFR,2025/02/07 07:00:00,2025/02/07 09:35:00,321,Aft_10035,139
Flt_41156,GRIG,LXHP,2025/02/07 07:00:00,2025/02/07 09:50:00,320,Aft_10018,175
Flt_41157,UQLN,VTIR,2025/02/07 07:00:00,2025/02/07 10:25:00,321,Aft_10033,222
Flt_41158,XGOB,VTIR,2025/02/07 07:00:00,2025/02/07 10:40:00,321,Aft_10115,233
Flt_41159,XGOB,OEQY,2025/02/07 07:05:00,2025/02/07 09:35:00,321,Aft_10003,156
Flt_41160,UQLN,NMPZ,2025/02/07 07:05:00,2025/02/07 09:05:00,320,Aft_10125,121
Flt_41161,GRIG,XBQP,2025/02/07 07:05:00,2025/02/07 09:35:00,320,Aft_10161,134
Flt_41162,MBMY,LXHP,2025/02/07 07:05:00,2025/02/07 10:30:00,321,Aft_10002,205
Flt_41163,VTIR,MBMY,2025/02/07 07:10:00,2025/02/07 12:45:00,321,Aft_10142,339
Flt_41164,UQLN,OEQY,2025/02/07 07:10:00,2025/02/07 09:15:00,320,Aft_10076,118
Flt_41165,VTIR,VBRA,2025/02/07 07:10:00,2025/02/07 10:50:00,321,Aft_10031,200
Flt_41166,VTIR,VBKF,2025/02/07 07:10:00,2025/02/07 11:05:00,320,Aft_10005,217
Flt_41167,XGOB,GRIG,2025/02/07 07:10:00,2025/02/07 08:55:00,320,Aft_10083,86
Flt_41168,UQLN,SNFR,2025/02/07 07:10:00,2025/02/07 09:15:00,321,Aft_10062,120
Flt_41169,FRMU,UQLN,2025/02/07 07:10:00,2025/02/07 09:10:00,321,Aft_10036,129
Flt_41170,CXOJ,PIEK,2025/02/07 07:10:00,2025/02/07 10:35:00,320,Aft_10040,206
Flt_41171,GRIG,XGOB,2025/02/07 07:10:00,2025/02/07 08:40:00,320,Aft_10056,78
Flt_41172,GRIG,HEYQ,2025/02/07 07:15:00,2025/02/07 09:55:00,320,Aft_10141,153
Flt_41173,UQLN,CYBH,2025/02/07 07:15:00,2025/02/07 09:30:00,321,Aft_10026,138
Flt_41174,UQLN,JFWS,2025/02/07 07:15:00,2025/02/07 10:20:00,319,Aft_10058,184
Flt_41175,XGOB,MVFV,2025/02/07 07:15:00,2025/02/07 10:25:00,321,Aft_10095,190
Flt_41176,XGOB,VORI,2025/02/07 07:20:00,2025/02/07 09:25:00,321,Aft_10041,103
Flt_41177,VBKF,AIZY,2025/02/07 07:20:00,2025/02/07 10:15:00,319,Aft_10061,194
Flt_41178,JDEH,XGOB,2025/02/07 07:20:00,2025/02/07 10:35:00,321,Aft_10030,186
Flt_41179,XGOB,SHIS,2025/02/07 07:25:00,2025/02/07 09:40:00,320,Aft_10023,107
Flt_41180,VTIR,EYCX,2025/02/07 07:25:00,2025/02/07 10:40:00,320,Aft_10049,182
Flt_41181,XGOB,PKEY,2025/02/07 07:25:00,2025/02/07 09:15:00,321,Aft_10109,105
Flt_41182,XGOB,IZUZ,2025/02/07 07:25:00,2025/02/07 09:05:00,319,Aft_10066,86
Flt_41183,MBMY,PIEK,2025/02/07 07:25:00,2025/02/07 09:50:00,320,Aft_10085,132
Flt_41184,CXOJ,XGOB,2025/02/07 07:25:00,2025/02/07 11:20:00,320,Aft_10070,215
Flt_41185,VTIR,XGOB,2025/02/07 07:25:00,2025/02/07 11:55:00,320,Aft_10152,284
Flt_41186,LUKE,XGOB,2025/02/07 07:30:00,2025/02/07 08:35:00,320,Aft_10098,63
Flt_41187,LXHP,XGOB,2025/02/07 07:35:00,2025/02/07 10:15:00,320,Aft_10105,169
Flt_41188,WZBQ,FIHQ,2025/02/07 07:40:00,2025/02/07 09:50:00,320,Aft_10077,124
Flt_41189,XGOB,ERHL,2025/02/07 07:40:00,2025/02/07 09:40:00,319,Aft_10110,112
Flt_41190,XGOB,DRBW,2025/02/07 07:40:00,2025/02/07 08:50:00,319,Aft_10112,52
Flt_41191,SNFR,IAWP,2025/02/07 07:40:00,2025/02/07 10:40:00,320,Aft_10143,189
Flt_41192,SNFR,XGOB,2025/02/07 07:40:00,2025/02/07 10:55:00,321,Aft_10138,194
Flt_41193,XGOB,URTH,2025/02/07 07:45:00,2025/02/07 09:45:00,320,Aft_10029,113
Flt_41194,XGOB,ELBQ,2025/02/07 07:45:00,2025/02/07 09:45:00,320,Aft_10133,113
Flt_41195,SNFR,FRMU,2025/02/07 07:50:00,2025/02/07 10:15:00,320,Aft_10081,140
Flt_41196,SNFR,IXQM,2025/02/07 07:50:00,2025/02/07 11:10:00,320,Aft_10071,182
Flt_41197,VTIR,CYBH,2025/02/07 07:50:00,2025/02/07 11:25:00,321,Aft_10082,175
Flt_41198,VBKF,EQTC,2025/02/07 07:50:00,2025/02/07 09:50:00,320,Aft_10088,112
Flt_41199,XGOB,ISAX,2025/02/07 07:50:00,2025/02/07 10:25:00,321,Aft_10147,134
Flt_41200,GRIG,XGOB,2025/02/07 07:50:00,2025/02/07 09:10:00,320,Aft_10124,65
Flt_41201,UQLN,NQQU,2025/02/07 07:55:00,2025/02/07 10:05:00,320,Aft_10121,129
Flt_41202,XGOB,SRNH,2025/02/07 07:55:00,2025/02/07 09:55:00,320,Aft_10055,105
Flt_41203,CLVM,VORI,2025/02/07 07:55:00,2025/02/07 09:25:00,320,Aft_10015,97
Flt_41204,XGOB,MKHW,2025/02/07 07:55:00,2025/02/07 10:00:00,320,Aft_10075,112
Flt_41205,XGOB,LXHP,2025/02/07 07:55:00,2025/02/07 10:20:00,320,Aft_10063,139
Flt_41206,XGOB,AIZY,2025/02/07 07:55:00,2025/02/07 10:10:00,319,Aft_10120,135
Flt_41207,HMAL,XGOB,2025/02/07 07:55:00,2025/02/07 09:55:00,320,Aft_10074,110
Flt_41208,XGOB,CYBH,2025/02/07 08:00:00,2025/02/07 10:40:00,320,Aft_10089,152
Flt_41209,CXOJ,CLVM,2025/02/07 08:00:00,2025/02/07 11:25:00,320,Aft_10157,218
Flt_41210,SNFR,CLVM,2025/02/07 08:00:00,2025/02/07 11:10:00,320,Aft_10048,179
Flt_41211,UQLN,MVFV,2025/02/07 08:00:00,2025/02/07 11:05:00,321,Aft_10017,179
Flt_41212,XGOB,MBMY,2025/02/07 08:05:00,2025/02/07 11:00:00,330,Aft_10166,152
Flt_41213,VTIR,OMLA,2025/02/07 08:05:00,2025/02/07 11:10:00,320,Aft_10051,172
Flt_41214,UQLN,WAVK,2025/02/07 08:05:00,2025/02/07 09:45:00,319,Aft_10131,91
Flt_41215,OEQY,XGOB,2025/02/07 08:05:00,2025/02/07 10:30:00,320,Aft_10128,161
Flt_41216,VBKF,PIEK,2025/02/07 08:10:00,2025/02/07 10:00:00,320,Aft_10137,112
Flt_41217,XGOB,VSBC,2025/02/07 08:15:00,2025/02/07 10:35:00,321,Aft_10013,133
Flt_41218,XGOB,XLXE,2025/02/07 08:15:00,2025/02/07 10:35:00,321,Aft_10106,124
Flt_41219,UQLN,JFWS,2025/02/07 08:15:00,2025/02/07 11:20:00,319,Aft_10107,184
Flt_41220,XGOB,CXOJ,2025/02/07 08:15:00,2025/02/07 11:40:00,321,Aft_10149,201
Flt_41221,SNFR,PIEK,2025/02/07 08:20:00,2025/02/07 11:25:00,319,Aft_10108,191
Flt_41222,LXHP,XGOB,2025/02/07 08:20:00,2025/02/07 11:00:00,319,Aft_10091,173
Flt_41223,XGOB,AGEE,2025/02/07 08:20:00,2025/02/07 11:35:00,319,Aft_10116,188
Flt_41224,XGOB,PADI,2025/02/07 08:25:00,2025/02/07 11:20:00,320,Aft_10113,168
Flt_41225,XGOB,JFWS,2025/02/07 08:30:00,2025/02/07 11:05:00,319,Aft_10019,159
Flt_41226,WZBQ,XGOB,2025/02/07 08:30:00,2025/02/07 11:35:00,320,Aft_10111,179
Flt_41227,XGOB,OSYY,2025/02/07 08:35:00,2025/02/07 10:40:00,321,Aft_10151,109
Flt_41228,VBKF,JFWS,2025/02/07 08:35:00,2025/02/07 12:10:00,319,Aft_10117,343
Flt_41229,XGOB,XBQP,2025/02/07 08:35:00,2025/02/07 11:20:00,321,Aft_10148,161
Flt_41230,SNFR,UQLN,2025/02/07 08:35:00,2025/02/07 11:25:00,319,Aft_10097,167
Flt_41231,XGOB,WQLS,2025/02/07 08:35:00,2025/02/07 10:00:00,319,Aft_10079,72
Flt_41232,XGOB,CZCU,2025/02/07 08:35:00,2025/02/07 12:40:00,321,Aft_10094,227
Flt_41233,XGOB,IDKG,2025/02/07 08:35:00,2025/02/07 12:20:00,321,Aft_10103,216
Flt_41234,XGOB,EYCX,2025/02/07 08:40:00,2025/02/07 10:40:00,321,Aft_10050,106
Flt_41235,XGOB,GUZT,2025/02/07 08:40:00,2025/02/07 10:10:00,319,Aft_10153,76
Flt_41236,DEPY,XGOB,2025/02/07 08:40:00,2025/02/07 10:15:00,319,Aft_10009,94
Flt_41237,GRIG,NJCK,2025/02/07 08:45:00,2025/02/07 10:25:00,320,Aft_10139,100
Flt_41238,XGOB,VORI,2025/02/07 08:45:00,2025/02/07 10:40:00,320,Aft_10068,102
Flt_41239,UQLN,FFJA,2025/02/07 08:45:00,2025/02/07 10:55:00,320,Aft_10123,116
Flt_41240,SNFR,GRIG,2025/02/07 08:50:00,2025/02/07 12:15:00,320,Aft_10007,210
Flt_41241,UQLN,OSYY,2025/02/07 08:55:00,2025/02/07 10:55:00,320,Aft_10073,104
Flt_41242,XGOB,NQQU,2025/02/07 09:00:00,2025/02/07 11:35:00,319,Aft_10129,156
Flt_41243,XGOB,ZCUA,2025/02/07 09:00:00,2025/02/07 11:15:00,320,Aft_10084,129
Flt_41244,XGOB,UUKJ,2025/02/07 09:00:00,2025/02/07 12:10:00,321,Aft_10114,205
Flt_41245,GRIG,LXHP,2025/02/07 09:00:00,2025/02/07 11:50:00,320,Aft_10087,169
Flt_41246,VTIR,CEUN,2025/02/07 09:00:00,2025/02/07 11:55:00,320,Aft_10039,165
Flt_41247,UQLN,AIZY,2025/02/07 09:00:00,2025/02/07 11:35:00,319,Aft_10100,154
Flt_41248,XGOB,HEYQ,2025/02/07 09:05:00,2025/02/07 11:45:00,321,Aft_10032,145
Flt_41249,XGOB,CEUN,2025/02/07 09:05:00,2025/02/07 11:20:00,320,Aft_10126,147
Flt_41250,EVWP,UQLN,2025/02/07 09:05:00,2025/02/07 11:40:00,321,Aft_10053,158
Flt_41251,MBMY,XGOB,2025/02/07 09:05:00,2025/02/07 11:45:00,321,Aft_10014,169
Flt_41252,FFJA,XGOB,2025/02/07 09:05:00,2025/02/07 11:55:00,320,Aft_10162,191
Flt_41253,XGOB,GTVX,2025/02/07 09:05:00,2025/02/07 13:55:00,321,Aft_10025,278
Flt_41254,CXOJ,NMPZ,2025/02/07 09:10:00,2025/02/07 11:40:00,319,Aft_10136,142
Flt_41255,VBKF,OEQY,2025/02/07 09:10:00,2025/02/07 11:55:00,320,Aft_10102,161
Flt_41256,XGOB,FRMU,2025/02/07 09:15:00,2025/02/07 11:40:00,321,Aft_10016,140
Flt_41257,XGOB,ERHL,2025/02/07 09:15:00,2025/02/07 11:05:00,320,Aft_10086,110
Flt_41258,SNFR,XGOB,2025/02/07 09:15:00,2025/02/07 12:25:00,321,Aft_10080,204
Flt_41259,XGOB,CXOJ,2025/02/07 09:15:00,2025/02/07 13:00:00,320,Aft_10144,204
Flt_41260,XGOB,NQQU,2025/02/07 09:20:00,2025/02/07 11:50:00,321,Aft_10065,149
Flt_41261,XGOB,GRIG,2025/02/07 09:20:00,2025/02/07 10:45:00,320,Aft_10056,92
Flt_41262,FRMU,XGOB,2025/02/07 09:20:00,2025/02/07 11:40:00,320,Aft_10090,152
Flt_41263,DDCZ,UQLN,2025/02/07 09:25:00,2025/02/07 11:55:00,320,Aft_10150,165
Flt_41264,UQLN,PKEY,2025/02/07 09:25:00,2025/02/07 11:15:00,320,Aft_10052,109
Flt_41265,VTIR,NQQU,2025/02/07 09:25:00,2025/02/07 13:20:00,320,Aft_10064,224
Flt_41266,VORI,VTIR,2025/02/07 09:30:00,2025/02/07 13:15:00,321,Aft_10134,224
Flt_41267,XGOB,WZBQ,2025/02/07 09:30:00,2025/02/07 12:15:00,320,Aft_10044,141
Flt_41268,FRMU,CLVM,2025/02/07 09:30:00,2025/02/07 11:50:00,320,Aft_10101,133
Flt_41269,XGOB,RENC,2025/02/07 09:35:00,2025/02/07 14:10:00,321,Aft_10158,262
Flt_41270,XGOB,YLTL,2025/02/07 09:35:00,2025/02/07 13:35:00,321,Aft_10156,232
Flt_41271,CLVM,VBKF,2025/02/07 09:35:00,2025/02/07 11:05:00,320,Aft_10012,89
Flt_41272,XGOB,MGVJ,2025/02/07 09:35:00,2025/02/07 11:50:00,320,Aft_10020,156
Flt_41273,FWCS,XGOB,2025/02/07 09:35:00,2025/02/07 14:00:00,321,Aft_10119,211
Flt_41274,DRBW,XGOB,2025/02/07 09:35:00,2025/02/07 10:35:00,319,Aft_10112,45
Flt_41275,XGOB,VSBC,2025/02/07 09:45:00,2025/02/07 12:00:00,320,Aft_10098,128
Flt_41276,LXHP,UQLN,2025/02/07 09:45:00,2025/02/07 12:25:00,320,Aft_10060,164
Flt_41277,NMPZ,UQLN,2025/02/07 09:50:00,2025/02/07 11:45:00,320,Aft_10125,104
Flt_41278,HMAL,UQLN,2025/02/07 09:50:00,2025/02/07 11:35:00,320,Aft_10027,90
Flt_41279,IZUZ,XGOB,2025/02/07 09:50:00,2025/02/07 11:25:00,319,Aft_10066,97
Flt_41280,VBKF,CXOJ,2025/02/07 09:50:00,2025/02/07 13:30:00,320,Aft_10078,215
Flt_41281,OEQY,GRIG,2025/02/07 09:55:00,2025/02/07 12:30:00,320,Aft_10028,141
Flt_41282,CILH,UQLN,2025/02/07 09:55:00,2025/02/07 12:15:00,321,Aft_10022,155
Flt_41283,CYBH,XGOB,2025/02/07 09:55:00,2025/02/07 13:45:00,321,Aft_10132,217
Flt_41284,OMLA,XGOB,2025/02/07 09:55:00,2025/02/07 12:40:00,321,Aft_10059,178
Flt_41285,GRIG,SRNH,2025/02/07 10:00:00,2025/02/07 12:25:00,320,Aft_10083,148
Flt_41286,XGOB,DDCZ,2025/02/07 10:00:00,2025/02/07 12:25:00,321,Aft_10043,159
Flt_41287,WAVK,GRIG,2025/02/07 10:00:00,2025/02/07 12:55:00,320,Aft_10146,183
Flt_41288,DSXP,XGOB,2025/02/07 10:00:00,2025/02/07 13:35:00,321,Aft_10155,207
Flt_41289,CLKY,XGOB,2025/02/07 10:00:00,2025/02/07 12:10:00,320,Aft_10154,129
Flt_41290,EYCX,VTIR,2025/02/07 10:05:00,2025/02/07 12:40:00,320,Aft_10047,182
Flt_41291,PKEY,XGOB,2025/02/07 10:05:00,2025/02/07 12:15:00,321,Aft_10109,127
Flt_41292,XGOB,QHPU,2025/02/07 10:05:00,2025/02/07 13:15:00,321,Aft_10127,162
Flt_41293,XGOB,KAIG,2025/02/07 10:10:00,2025/02/07 13:35:00,319,Aft_10096,234
Flt_41294,VSBC,UQLN,2025/02/07 10:10:00,2025/02/07 12:30:00,320,Aft_10072,133
Flt_41295,ZWIO,ERHL,2025/02/07 10:15:00,2025/02/07 12:10:00,320,Aft_10010,102
Flt_41296,RSIH,GRIG,2025/02/07 10:15:00,2025/02/07 12:15:00,320,Aft_10122,107
Flt_41297,UQLN,MGVJ,2025/02/07 10:15:00,2025/02/07 12:20:00,321,Aft_10036,131
Flt_41298,AIZY,XGOB,2025/02/07 10:15:00,2025/02/07 12:10:00,319,Aft_10069,107
Flt_41299,XGOB,PZRI,2025/02/07 10:20:00,2025/02/07 15:35:00,321,Aft_10135,303
Flt_41300,HMAL,BQKE,2025/02/07 10:20:00,2025/02/07 12:10:00,320,Aft_10054,99
Flt_41301,FRMU,UQLN,2025/02/07 10:20:00,2025/02/07 12:35:00,321,Aft_10021,136
Flt_41302,LXHP,DDCZ,2025/02/07 10:25:00,2025/02/07 13:10:00,320,Aft_10130,163
Flt_41303,VORI,XGOB,2025/02/07 10:25:00,2025/02/07 12:20:00,321,Aft_10041,137
Flt_41304,XGOB,EYCX,2025/02/07 10:25:00,2025/02/07 12:25:00,320,Aft_10124,107
Flt_41305,VORI,ISAX,2025/02/07 10:25:00,2025/02/07 12:10:00,320,Aft_10015,94
Flt_41306,SHIS,XGOB,2025/02/07 10:25:00,2025/02/07 12:40:00,320,Aft_10023,138
Flt_41307,VSBC,XGOB,2025/02/07 10:25:00,2025/02/07 13:10:00,321,Aft_10145,134
Flt_41308,FRMU,LUKE,2025/02/07 10:25:00,2025/02/07 12:50:00,320,Aft_10034,151
Flt_41309,XGOB,CXOJ,2025/02/07 10:25:00,2025/02/07 14:10:00,320,Aft_10093,209
Flt_41310,MBMY,FQEW,2025/02/07 10:30:00,2025/02/07 14:05:00,321,Aft_10140,198
Flt_41311,WZBQ,UQLN,2025/02/07 10:30:00,2025/02/07 13:30:00,321,Aft_10046,182
Flt_41312,SNFR,UQLN,2025/02/07 10:30:00,2025/02/07 13:40:00,321,Aft_10062,162
Flt_41313,URTH,XGOB,2025/02/07 10:30:00,2025/02/07 12:45:00,320,Aft_10029,127
Flt_41314,ELBQ,XGOB,2025/02/07 10:30:00,2025/02/07 12:45:00,320,Aft_10133,128
Flt_41315,XGOB,OEQY,2025/02/07 10:35:00,2025/02/07 12:50:00,321,Aft_10004,134
Flt_41316,PIEK,NMPZ,2025/02/07 10:35:00,2025/02/07 12:25:00,320,Aft_10085,110
Flt_41317,LXHP,GRIG,2025/02/07 10:40:00,2025/02/07 14:00:00,320,Aft_10018,221
Flt_41318,FIHQ,GRIG,2025/02/07 10:40:00,2025/02/07 13:15:00,320,Aft_10077,152
Flt_41319,OEQY,UQLN,2025/02/07 10:40:00,2025/02/07 13:15:00,320,Aft_10076,146
Flt_41320,SRNH,XGOB,2025/02/07 10:40:00,2025/02/07 12:55:00,320,Aft_10055,142
Flt_41321,SNFR,XGOB,2025/02/07 10:45:00,2025/02/07 13:50:00,321,Aft_10035,214
Flt_41322,CYBH,VTIR,2025/02/07 10:45:00,2025/02/07 13:30:00,321,Aft_10026,192
Flt_41323,XBQP,GRIG,2025/02/07 10:45:00,2025/02/07 14:00:00,320,Aft_10161,185
Flt_41324,HEYQ,GRIG,2025/02/07 10:45:00,2025/02/07 14:10:00,320,Aft_10141,209
Flt_41325,WQLS,XGOB,2025/02/07 10:45:00,2025/02/07 12:10:00,319,Aft_10079,65
Flt_41326,PIEK,ERHL,2025/02/07 10:50:00,2025/02/07 12:40:00,320,Aft_10137,99
Flt_41327,WAVK,UQLN,2025/02/07 10:50:00,2025/02/07 13:05:00,319,Aft_10131,140
Flt_41328,XLXE,UQLN,2025/02/07 10:50:00,2025/02/07 13:30:00,321,Aft_10006,152
Flt_41329,OEQY,XGOB,2025/02/07 10:50:00,2025/02/07 13:45:00,321,Aft_10003,158
Flt_41330,CYBH,VTIR,2025/02/07 10:55:00,2025/02/07 13:55:00,321,Aft_10057,194
Flt_41331,EQTC,VBKF,2025/02/07 10:55:00,2025/02/07 13:25:00,320,Aft_10088,150
Flt_41332,CEUN,GRIG,2025/02/07 10:55:00,2025/02/07 14:10:00,320,Aft_10099,196
Flt_41333,AIZY,XGOB,2025/02/07 10:55:00,2025/02/07 13:00:00,319,Aft_10120,111
Flt_41334,GUZT,XGOB,2025/02/07 10:55:00,2025/02/07 12:15:00,319,Aft_10153,67
Flt_41335,NQQU,UQLN,2025/02/07 11:00:00,2025/02/07 13:55:00,320,Aft_10121,168
Flt_41336,AIZY,VBKF,2025/02/07 11:00:00,2025/02/07 13:35:00,319,Aft_10061,141
Flt_41337,XGOB,XLXE,2025/02/07 11:00:00,2025/02/07 13:35:00,321,Aft_10038,128
Flt_41338,XGOB,MQNB,2025/02/07 11:05:00,2025/02/07 13:25:00,320,Aft_10074,135
Flt_41339,JFWS,IAWP,2025/02/07 11:05:00,2025/02/07 13:05:00,319,Aft_10058,111
Flt_41340,XGOB,LUKE,2025/02/07 11:05:00,2025/02/07 12:25:00,321,Aft_10008,78
Flt_41341,ISAX,XGOB,2025/02/07 11:10:00,2025/02/07 14:20:00,321,Aft_10147,194
Flt_41342,LXHP,XGOB,2025/02/07 11:10:00,2025/02/07 13:50:00,320,Aft_10063,172
Flt_41343,HMAL,DSXP,2025/02/07 11:20:00,2025/02/07 14:00:00,320,Aft_10067,148
Flt_41344,PIEK,HMAL,2025/02/07 11:20:00,2025/02/07 12:55:00,320,Aft_10040,84
Flt_41345,OSYY,XGOB,2025/02/07 11:25:00,2025/02/07 13:40:00,321,Aft_10151,121
Flt_41346,NJCK,GRIG,2025/02/07 11:25:00,2025/02/07 13:00:00,320,Aft_10139,89
Flt_41347,ERHL,XGOB,2025/02/07 11:25:00,2025/02/07 13:20:00,319,Aft_10110,105
Flt_41348,IAWP,CXOJ,2025/02/07 11:25:00,2025/02/07 14:50:00,320,Aft_10143,189
Flt_41349,XGOB,WZBQ,2025/02/07 11:30:00,2025/02/07 14:10:00,350,Aft_10163,147
Flt_41350,FRMU,SNFR,2025/02/07 11:35:00,2025/02/07 13:35:00,320,Aft_10081,113
Flt_41351,XGOB,ERHL,2025/02/07 11:35:00,2025/02/07 13:25:00,320,Aft_10128,119
Flt_41352,MKHW,XGOB,2025/02/07 11:35:00,2025/02/07 13:25:00,320,Aft_10075,100
Flt_41353,MVFV,XGOB,2025/02/07 11:35:00,2025/02/07 16:15:00,321,Aft_10095,260
Flt_41354,XGOB,CILH,2025/02/07 11:40:00,2025/02/07 13:50:00,321,Aft_10030,142
Flt_41355,XGOB,FQEW,2025/02/07 11:40:00,2025/02/07 13:45:00,319,Aft_10009,102
Flt_41356,VORI,HBNQ,2025/02/07 11:40:00,2025/02/07 13:25:00,320,Aft_10068,99
Flt_41357,IDKG,XGOB,2025/02/07 11:40:00,2025/02/07 16:25:00,321,Aft_10011,281
Flt_41358,LXHP,IDKG,2025/02/07 11:40:00,2025/02/07 13:40:00,321,Aft_10002,134
Flt_41359,ERHL,HEYQ,2025/02/07 11:45:00,2025/02/07 14:55:00,320,Aft_10037,176
Flt_41360,VSBC,JDEH,2025/02/07 11:45:00,2025/02/07 15:30:00,321,Aft_10024,215
Flt_41361,EYCX,ERHL,2025/02/07 11:45:00,2025/02/07 15:15:00,320,Aft_10049,207
Flt_41362,XGOB,DYXX,2025/02/07 11:45:00,2025/02/07 14:25:00,320,Aft_10045,141
Flt_41363,EYCX,XGOB,2025/02/07 11:45:00,2025/02/07 14:10:00,321,Aft_10050,136
Flt_41364,VBRA,HMAL,2025/02/07 11:50:00,2025/02/07 13:55:00,321,Aft_10031,128
Flt_41365,VTIR,UQLN,2025/02/07 11:50:00,2025/02/07 16:20:00,321,Aft_10033,252
Flt_41366,GRIG,XGOB,2025/02/07 11:50:00,2025/02/07 13:30:00,320,Aft_10056,92
Flt_41367,XLXE,XGOB,2025/02/07 11:50:00,2025/02/07 14:40:00,321,Aft_10106,186
Flt_41368,VTIR,XGOB,2025/02/07 11:50:00,2025/02/07 17:00:00,321,Aft_10115,275
Flt_41369,OSYY,UQLN,2025/02/07 11:55:00,2025/02/07 14:00:00,320,Aft_10073,107
Flt_41370,VSBC,XGOB,2025/02/07 11:55:00,2025/02/07 14:25:00,321,Aft_10013,146
Flt_41371,CYBH,XGOB,2025/02/07 11:55:00,2025/02/07 15:35:00,320,Aft_10089,221
Flt_41372,XGOB,SXJJ,2025/02/07 11:55:00,2025/02/07 16:00:00,319,Aft_10112,227
Flt_41373,ZCUA,XGOB,2025/02/07 12:00:00,2025/02/07 14:40:00,320,Aft_10084,151
Flt_41374,OMLA,VSBC,2025/02/07 12:00:00,2025/02/07 14:55:00,320,Aft_10051,181
Flt_41375,CLVM,ERHL,2025/02/07 12:00:00,2025/02/07 13:40:00,320,Aft_10048,95
Flt_41376,ERHL,XGOB,2025/02/07 12:00:00,2025/02/07 13:45:00,320,Aft_10086,94
Flt_41377,MVFV,UQLN,2025/02/07 12:05:00,2025/02/07 16:00:00,321,Aft_10017,248
Flt_41378,PKEY,UQLN,2025/02/07 12:05:00,2025/02/07 14:05:00,320,Aft_10052,108
Flt_41379,CEUN,XGOB,2025/02/07 12:05:00,2025/02/07 15:00:00,320,Aft_10126,180
Flt_41380,FFJA,UQLN,2025/02/07 12:10:00,2025/02/07 14:50:00,320,Aft_10123,166
Flt_41381,IXQM,SNFR,2025/02/07 12:10:00,2025/02/07 14:30:00,320,Aft_10071,147
Flt_41382,CLVM,DDCZ,2025/02/07 12:10:00,2025/02/07 14:20:00,320,Aft_10157,136
Flt_41383,VBKF,OSYY,2025/02/07 12:10:00,2025/02/07 14:40:00,320,Aft_10005,149
Flt_41384,XGOB,LXHP,2025/02/07 12:10:00,2025/02/07 14:35:00,320,Aft_10105,130
Flt_41385,MBMY,XGOB,2025/02/07 12:10:00,2025/02/07 14:45:00,330,Aft_10166,143
Flt_41386,PADI,XGOB,2025/02/07 12:10:00,2025/02/07 15:45:00,320,Aft_10113,204
Flt_41387,XGOB,WAVK,2025/02/07 12:15:00,2025/02/07 14:20:00,319,Aft_10091,112
Flt_41388,AGEE,XGOB,2025/02/07 12:20:00,2025/02/07 16:30:00,319,Aft_10116,245
Flt_41389,VBKF,XGOB,2025/02/07 12:20:00,2025/02/07 14:20:00,320,Aft_10012,99
Flt_41390,JFWS,XGOB,2025/02/07 12:20:00,2025/02/07 14:15:00,319,Aft_10019,124
Flt_41391,NMPZ,JFWS,2025/02/07 12:25:00,2025/02/07 14:55:00,319,Aft_10136,163
Flt_41392,PIEK,SNFR,2025/02/07 12:25:00,2025/02/07 15:05:00,319,Aft_10108,154
Flt_41393,JFWS,UQLN,2025/02/07 12:25:00,2025/02/07 15:05:00,319,Aft_10107,149
Flt_41394,AIZY,UQLN,2025/02/07 12:25:00,2025/02/07 14:40:00,319,Aft_10100,104
Flt_41395,XGOB,JFWS,2025/02/07 12:30:00,2025/02/07 15:15:00,319,Aft_10110,194
Flt_41396,XBQP,XGOB,2025/02/07 12:30:00,2025/02/07 15:50:00,321,Aft_10148,186
Flt_41397,MGVJ,XGOB,2025/02/07 12:35:00,2025/02/07 15:25:00,320,Aft_10020,186
Flt_41398,XGOB,OSYY,2025/02/07 12:35:00,2025/02/07 14:40:00,321,Aft_10138,118
Flt_41399,HEYQ,XGOB,2025/02/07 12:35:00,2025/02/07 15:55:00,321,Aft_10032,201
Flt_41400,NQQU,XGOB,2025/02/07 12:40:00,2025/02/07 15:45:00,321,Aft_10065,195
Flt_41401,UQLN,JFWS,2025/02/07 12:40:00,2025/02/07 15:35:00,319,Aft_10097,185
Flt_41402,XGOB,WVMU,2025/02/07 12:45:00,2025/02/07 17:15:00,320,Aft_10092,250
Flt_41403,UQLN,XLXE,2025/02/07 12:50:00,2025/02/07 14:45:00,321,Aft_10053,111
Flt_41404,NQQU,XGOB,2025/02/07 12:50:00,2025/02/07 16:15:00,319,Aft_10129,196
Flt_41405,XGOB,CXOJ,2025/02/07 12:50:00,2025/02/07 16:50:00,320,Aft_10090,202
Flt_41406,JFWS,VBKF,2025/02/07 12:55:00,2025/02/07 15:40:00,319,Aft_10117,140
Flt_41407,ISAX,VORI,2025/02/07 12:55:00,2025/02/07 14:50:00,320,Aft_10015,124
Flt_41408,UQLN,VBRA,2025/02/07 12:55:00,2025/02/07 14:35:00,320,Aft_10125,91
Flt_41409,CEUN,ZWIO,2025/02/07 12:55:00,2025/02/07 15:40:00,320,Aft_10039,165
Flt_41410,FRMU,XGOB,2025/02/07 12:55:00,2025/02/07 15:30:00,321,Aft_10016,159
Flt_41411,CXOJ,XGOB,2025/02/07 12:55:00,2025/02/07 16:40:00,321,Aft_10149,205
Flt_41412,UQLN,OEQY,2025/02/07 13:00:00,2025/02/07 15:00:00,320,Aft_10027,118
Flt_41413,UQLN,WZBQ,2025/02/07 13:00:00,2025/02/07 15:35:00,320,Aft_10150,140
Flt_41414,XGOB,FRMU,2025/02/07 13:00:00,2025/02/07 15:25:00,321,Aft_10014,137
Flt_41415,CYBH,VTIR,2025/02/07 13:00:00,2025/02/07 15:50:00,321,Aft_10082,186
Flt_41416,MGVJ,UQLN,2025/02/07 13:05:00,2025/02/07 15:35:00,321,Aft_10036,163
Flt_41417,VSBC,XGOB,2025/02/07 13:05:00,2025/02/07 15:25:00,320,Aft_10098,140
Flt_41418,DDCZ,XGOB,2025/02/07 13:10:00,2025/02/07 15:45:00,321,Aft_10043,173
Flt_41419,BQKE,JDEH,2025/02/07 13:10:00,2025/02/07 15:30:00,320,Aft_10054,145
Flt_41420,CLVM,FRMU,2025/02/07 13:10:00,2025/02/07 15:30:00,320,Aft_10101,129
Flt_41421,OEQY,VBKF,2025/02/07 13:10:00,2025/02/07 16:05:00,320,Aft_10102,147
Flt_41422,LXHP,GRIG,2025/02/07 13:10:00,2025/02/07 16:25:00,320,Aft_10087,209
Flt_41423,NMPZ,XGOB,2025/02/07 13:10:00,2025/02/07 14:55:00,320,Aft_10085,104
Flt_41424,UUKJ,XGOB,2025/02/07 13:10:00,2025/02/07 16:15:00,321,Aft_10114,176
Flt_41425,LUKE,XGOB,2025/02/07 13:10:00,2025/02/07 14:25:00,321,Aft_10008,62
Flt_41426,SRNH,IDKG,2025/02/07 13:10:00,2025/02/07 15:45:00,320,Aft_10083,170
Flt_41427,XGOB,ENRV,2025/02/07 13:15:00,2025/02/07 15:15:00,319,Aft_10079,106
Flt_41428,XGOB,PKEY,2025/02/07 13:15:00,2025/02/07 15:00:00,321,Aft_10042,103
Flt_41429,XGOB,WIMM,2025/02/07 13:15:00,2025/02/07 14:20:00,319,Aft_10153,56
Flt_41430,XGOB,VBRA,2025/02/07 13:20:00,2025/02/07 15:05:00,320,Aft_10152,98
Flt_41431,XGOB,ERHL,2025/02/07 13:20:00,2025/02/07 15:25:00,319,Aft_10069,117
Flt_41432,XGOB,CEUN,2025/02/07 13:20:00,2025/02/07 15:40:00,320,Aft_10111,129
Flt_41433,XGOB,CZCU,2025/02/07 13:20:00,2025/02/07 17:20:00,320,Aft_10070,223
Flt_41434,XGOB,OEQY,2025/02/07 13:25:00,2025/02/07 15:40:00,321,Aft_10041,142
Flt_41435,CZCU,XGOB,2025/02/07 13:25:00,2025/02/07 17:10:00,321,Aft_10094,211
Flt_41436,EYCX,IDKG,2025/02/07 13:25:00,2025/02/07 16:10:00,320,Aft_10124,163
Flt_41437,IDKG,XGOB,2025/02/07 13:30:00,2025/02/07 17:50:00,321,Aft_10103,275
Flt_41438,XGOB,FCEO,2025/02/07 13:30:00,2025/02/07 16:45:00,321,Aft_10109,170
Flt_41439,XGOB,WZBQ,2025/02/07 13:30:00,2025/02/07 16:15:00,321,Aft_10080,135
Flt_41440,ERHL,PIEK,2025/02/07 13:30:00,2025/02/07 15:15:00,320,Aft_10137,96
Flt_41441,UQLN,FRMU,2025/02/07 13:35:00,2025/02/07 15:30:00,320,Aft_10072,123
Flt_41442,ERHL,ZWIO,2025/02/07 13:35:00,2025/02/07 15:20:00,320,Aft_10010,91
Flt_41443,XGOB,FRMU,2025/02/07 13:40:00,2025/02/07 16:05:00,320,Aft_10023,142
Flt_41444,XGOB,DEPY,2025/02/07 13:40:00,2025/02/07 15:10:00,320,Aft_10133,79
Flt_41445,WZBQ,XGOB,2025/02/07 13:40:00,2025/02/07 17:00:00,320,Aft_10044,180
Flt_41446,LUKE,PIEK,2025/02/07 13:45:00,2025/02/07 14:45:00,320,Aft_10034,50
Flt_41447,IAWP,JFWS,2025/02/07 13:50:00,2025/02/07 16:15:00,319,Aft_10058,180
Flt_41448,GRIG,SNFR,2025/02/07 13:50:00,2025/02/07 16:35:00,320,Aft_10007,144
Flt_41449,XGOB,JDEH,2025/02/07 13:55:00,2025/02/07 16:40:00,321,Aft_10059,152
Flt_41450,HMAL,PIEK,2025/02/07 13:55:00,2025/02/07 15:45:00,320,Aft_10040,99
Flt_41451,UQLN,VORI,2025/02/07 14:00:00,2025/02/07 15:25:00,321,Aft_10021,78
Flt_41452,GRIG,ELBQ,2025/02/07 14:00:00,2025/02/07 15:25:00,320,Aft_10028,89
Flt_41453,XGOB,GTVX,2025/02/07 14:00:00,2025/02/07 19:00:00,320,Aft_10162,279
Flt_41454,ERHL,XGOB,2025/02/07 14:10:00,2025/02/07 15:40:00,320,Aft_10128,109
Flt_41455,HBNQ,VORI,2025/02/07 14:10:00,2025/02/07 16:10:00,320,Aft_10068,123
Flt_41456,XGOB,FCHN,2025/02/07 14:10:00,2025/02/07 16:05:00,319,Aft_10120,110
Flt_41457,UQLN,BQKE,2025/02/07 14:10:00,2025/02/07 15:50:00,319,Aft_10131,92
Flt_41458,XGOB,PADI,2025/02/07 14:10:00,2025/02/07 16:40:00,320,Aft_10055,157
Flt_41459,GRIG,QFGG,2025/02/07 14:10:00,2025/02/07 16:05:00,320,Aft_10122,99
Flt_41460,CXOJ,XGOB,2025/02/07 14:10:00,2025/02/07 17:50:00,320,Aft_10144,214
Flt_41461,VTIR,VORI,2025/02/07 14:15:00,2025/02/07 18:10:00,321,Aft_10134,243
Flt_41462,QHPU,XGOB,2025/02/07 14:15:00,2025/02/07 17:50:00,321,Aft_10127,226
Flt_41463,MQNB,XGOB,2025/02/07 14:15:00,2025/02/07 16:55:00,320,Aft_10074,169
Flt_41464,DDCZ,LXHP,2025/02/07 14:20:00,2025/02/07 16:45:00,320,Aft_10130,141
Flt_41465,UQLN,EYCX,2025/02/07 14:20:00,2025/02/07 16:00:00,321,Aft_10022,107
Flt_41466,NQQU,VSBC,2025/02/07 14:20:00,2025/02/07 17:10:00,320,Aft_10064,151
Flt_41467,GRIG,FIHQ,2025/02/07 14:20:00,2025/02/07 16:40:00,320,Aft_10077,130
Flt_41468,CXOJ,VBKF,2025/02/07 14:30:00,2025/02/07 17:45:00,320,Aft_10078,193
Flt_41469,XGOB,MVFV,2025/02/07 14:30:00,2025/02/07 17:40:00,320,Aft_10075,196
Flt_41470,UQLN,HEYQ,2025/02/07 14:35:00,2025/02/07 16:50:00,320,Aft_10076,134
Flt_41471,KAIG,XGOB,2025/02/07 14:35:00,2025/02/07 17:35:00,319,Aft_10096,156
Flt_41472,FQEW,XGOB,2025/02/07 14:35:00,2025/02/07 17:15:00,319,Aft_10009,130
Flt_41473,UQLN,NQQU,2025/02/07 14:40:00,2025/02/07 16:50:00,320,Aft_10073,123
Flt_41474,XGOB,FWCS,2025/02/07 14:40:00,2025/02/07 18:40:00,321,Aft_10155,240
Flt_41475,VTIR,CYBH,2025/02/07 14:40:00,2025/02/07 17:40:00,321,Aft_10026,186
Flt_41476,GTVX,XGOB,2025/02/07 14:40:00,2025/02/07 19:10:00,321,Aft_10025,273
Flt_41477,ERHL,CLVM,2025/02/07 14:45:00,2025/02/07 16:20:00,320,Aft_10048,95
Flt_41478,SNFR,IDKG,2025/02/07 14:45:00,2025/02/07 17:45:00,320,Aft_10081,198
Flt_41479,VTIR,EYCX,2025/02/07 14:50:00,2025/02/07 18:00:00,320,Aft_10047,196
Flt_41480,IDKG,LXHP,2025/02/07 14:50:00,2025/02/07 16:55:00,321,Aft_10002,135
Flt_41481,XGOB,DKZJ,2025/02/07 14:50:00,2025/02/07 18:55:00,320,Aft_10056,249
Flt_41482,VTIR,XLXE,2025/02/07 14:55:00,2025/02/07 18:05:00,321,Aft_10057,177
Flt_41483,XGOB,UIOI,2025/02/07 14:55:00,2025/02/07 17:35:00,321,Aft_10119,138
Flt_41484,DSXP,HMAL,2025/02/07 14:55:00,2025/02/07 17:15:00,320,Aft_10067,138
Flt_41485,UQLN,ERHL,2025/02/07 14:55:00,2025/02/07 17:10:00,320,Aft_10121,114
Flt_41486,XGOB,EQTC,2025/02/07 14:55:00,2025/02/07 17:40:00,320,Aft_10063,147
Flt_41487,XLXE,XGOB,2025/02/07 14:55:00,2025/02/07 17:45:00,321,Aft_10038,182
Flt_41488,FQEW,MVFV,2025/02/07 14:55:00,2025/02/07 16:55:00,321,Aft_10140,120
Flt_41489,UQLN,FCEO,2025/02/07 15:00:00,2025/02/07 18:00:00,321,Aft_10062,164
Flt_41490,XGOB,SNFR,2025/02/07 15:00:00,2025/02/07 17:40:00,321,Aft_10132,129
Flt_41491,XGOB,XLXE,2025/02/07 15:00:00,2025/02/07 17:30:00,321,Aft_10035,115
Flt_41492,XGOB,FFJA,2025/02/07 15:00:00,2025/02/07 17:30:00,321,Aft_10003,133
Flt_41493,CILH,XGOB,2025/02/07 15:00:00,2025/02/07 17:40:00,321,Aft_10030,149
Flt_41494,DDCZ,CLVM,2025/02/07 15:05:00,2025/02/07 17:30:00,320,Aft_10157,153
Flt_41495,UQLN,SNFR,2025/02/07 15:05:00,2025/02/07 17:00:00,321,Aft_10046,130
Flt_41496,WIMM,TIMH,2025/02/07 15:05:00,2025/02/07 17:30:00,319,Aft_10153,130
Flt_41497,MBMY,VTIR,2025/02/07 15:05:00,2025/02/07 20:05:00,321,Aft_10142,301
Flt_41498,UQLN,VTIR,2025/02/07 15:05:00,2025/02/07 18:30:00,321,Aft_10006,217
Flt_41499,HMAL,VBRA,2025/02/07 15:10:00,2025/02/07 17:05:00,321,Aft_10031,103
Flt_41500,CXOJ,WZBQ,2025/02/07 15:10:00,2025/02/07 19:15:00,320,Aft_10093,236
Flt_41501,XGOB,VLBZ,2025/02/07 15:10:00,2025/02/07 16:25:00,319,Aft_10066,77
Flt_41502,YLTL,XGOB,2025/02/07 15:10:00,2025/02/07 20:35:00,321,Aft_10156,343
Flt_41503,DYXX,QHPU,2025/02/07 15:10:00,2025/02/07 16:15:00,320,Aft_10045,68
Flt_41504,UQLN,GRIG,2025/02/07 15:15:00,2025/02/07 16:50:00,320,Aft_10052,89
Flt_41505,WAVK,XGOB,2025/02/07 15:20:00,2025/02/07 17:50:00,319,Aft_10091,170
Flt_41506,XGOB,UUKJ,2025/02/07 15:25:00,2025/02/07 18:45:00,320,Aft_10012,204
Flt_41507,OSYY,VBKF,2025/02/07 15:25:00,2025/02/07 17:55:00,320,Aft_10005,146
Flt_41508,OSYY,XGOB,2025/02/07 15:25:00,2025/02/07 17:40:00,321,Aft_10138,125
Flt_41509,OEQY,XGOB,2025/02/07 15:25:00,2025/02/07 18:00:00,321,Aft_10004,160
Flt_41510,XGOB,WZBQ,2025/02/07 15:30:00,2025/02/07 18:15:00,321,Aft_10008,148
Flt_41511,XGOB,VORI,2025/02/07 15:30:00,2025/02/07 17:20:00,321,Aft_10050,93
Flt_41512,PIEK,XLXE,2025/02/07 15:30:00,2025/02/07 17:45:00,320,Aft_10034,135
Flt_41513,WZBQ,XGOB,2025/02/07 15:30:00,2025/02/07 18:20:00,350,Aft_10163,184
Flt_41514,JFWS,NMPZ,2025/02/07 15:35:00,2025/02/07 17:35:00,319,Aft_10136,128
Flt_41515,XGOB,DDCZ,2025/02/07 15:35:00,2025/02/07 18:10:00,321,Aft_10013,150
Flt_41516,XGOB,VBKF,2025/02/07 15:35:00,2025/02/07 17:20:00,320,Aft_10029,98
Flt_41517,GRIG,CEUN,2025/02/07 15:35:00,2025/02/07 18:20:00,320,Aft_10141,141
Flt_41518,GRIG,XGOB,2025/02/07 15:35:00,2025/02/07 17:15:00,320,Aft_10104,74
Flt_41519,UQLN,FWCS,2025/02/07 15:40:00,2025/02/07 19:50:00,320,Aft_10060,242
Flt_41520,XGOB,NLWE,2025/02/07 15:40:00,2025/02/07 18:15:00,320,Aft_10086,139
Flt_41521,RENC,XGOB,2025/02/07 15:40:00,2025/02/07 21:45:00,321,Aft_10158,408
Flt_41522,LXHP,XGOB,2025/02/07 15:40:00,2025/02/07 18:30:00,320,Aft_10105,158
Flt_41523,SNFR,VTIR,2025/02/07 15:40:00,2025/02/07 19:15:00,320,Aft_10071,201
Flt_41524,HEYQ,ERHL,2025/02/07 15:45:00,2025/02/07 19:45:00,320,Aft_10037,236
Flt_41525,XLXE,UQLN,2025/02/07 15:50:00,2025/02/07 18:20:00,321,Aft_10053,145
Flt_41526,PKEY,XGOB,2025/02/07 15:50:00,2025/02/07 17:55:00,321,Aft_10042,137
Flt_41527,VORI,CLVM,2025/02/07 15:50:00,2025/02/07 17:50:00,320,Aft_10015,109
Flt_41528,XGOB,PSIL,2025/02/07 15:55:00,2025/02/07 18:05:00,320,Aft_10126,127
Flt_41529,VSBC,OMLA,2025/02/07 15:55:00,2025/02/07 18:50:00,320,Aft_10051,153
Flt_41530,DEPY,XGOB,2025/02/07 15:55:00,2025/02/07 18:00:00,320,Aft_10133,99
Flt_41531,ERHL,EYCX,2025/02/07 16:00:00,2025/02/07 19:05:00,320,Aft_10049,160
Flt_41532,XGOB,NJTU,2025/02/07 16:00:00,2025/02/07 18:35:00,321,Aft_10147,137
Flt_41533,PIEK,VBKF,2025/02/07 16:00:00,2025/02/07 17:40:00,320,Aft_10137,106
Flt_41534,XGOB,CYBH,2025/02/07 16:00:00,2025/02/07 18:40:00,321,Aft_10106,145
Flt_41535,ENRV,XGOB,2025/02/07 16:00:00,2025/02/07 18:25:00,319,Aft_10079,142
Flt_41536,UQLN,UUKJ,2025/02/07 16:05:00,2025/02/07 19:20:00,320,Aft_10123,204
Flt_41537,XGOB,NMPZ,2025/02/07 16:05:00,2025/02/07 17:40:00,320,Aft_10085,98
Flt_41538,UQLN,XBQP,2025/02/07 16:05:00,2025/02/07 18:20:00,319,Aft_10107,132
Flt_41539,XGOB,NQQU,2025/02/07 16:05:00,2025/02/07 18:45:00,320,Aft_10084,137
Flt_41540,VBRA,UQLN,2025/02/07 16:05:00,2025/02/07 17:45:00,320,Aft_10152,95
Flt_41541,ELBQ,OEQY,2025/02/07 16:10:00,2025/02/07 17:10:00,320,Aft_10028,71
Flt_41542,VBKF,JFWS,2025/02/07 16:10:00,2025/02/07 19:35:00,319,Aft_10061,216
Flt_41543,XGOB,XLXE,2025/02/07 16:10:00,2025/02/07 18:25:00,321,Aft_10151,120
Flt_41544,VBRA,XGOB,2025/02/07 16:10:00,2025/02/07 18:10:00,320,Aft_10125,130
Flt_41545,ERHL,XGOB,2025/02/07 16:10:00,2025/02/07 18:15:00,319,Aft_10069,94
Flt_41546,OEQY,UQLN,2025/02/07 16:15:00,2025/02/07 18:30:00,320,Aft_10027,138
Flt_41547,GRIG,CYBH,2025/02/07 16:15:00,2025/02/07 19:20:00,320,Aft_10146,168
Flt_41548,JFWS,XGOB,2025/02/07 16:20:00,2025/02/07 18:15:00,319,Aft_10110,125
Flt_41549,ZWIO,SNFR,2025/02/07 16:20:00,2025/02/07 18:30:00,320,Aft_10010,131
Flt_41550,CXOJ,IAWP,2025/02/07 16:20:00,2025/02/07 19:40:00,320,Aft_10143,199
Flt_41551,VORI,UQLN,2025/02/07 16:25:00,2025/02/07 18:10:00,321,Aft_10021,94
Flt_41552,CEUN,XGOB,2025/02/07 16:25:00,2025/02/07 19:10:00,320,Aft_10111,176
Flt_41553,JDEH,BQKE,2025/02/07 16:30:00,2025/02/07 18:45:00,320,Aft_10054,139
Flt_41554,XGOB,LUKE,2025/02/07 16:30:00,2025/02/07 17:30:00,320,Aft_10098,68
Flt_41555,PIEK,CXOJ,2025/02/07 16:30:00,2025/02/07 20:35:00,320,Aft_10040,221
Flt_41556,XGOB,EQTC,2025/02/07 16:35:00,2025/02/07 19:20:00,320,Aft_10020,153
Flt_41557,GRIG,XLXE,2025/02/07 16:35:00,2025/02/07 19:10:00,320,Aft_10099,136
Flt_41558,UQLN,VSBC,2025/02/07 16:40:00,2025/02/07 18:40:00,321,Aft_10036,120
Flt_41559,IDKG,SRNH,2025/02/07 16:40:00,2025/02/07 19:55:00,320,Aft_10083,184
Flt_41560,JFWS,UQLN,2025/02/07 16:40:00,2025/02/07 19:10:00,319,Aft_10097,121
Flt_41561,ZWIO,CEUN,2025/02/07 16:40:00,2025/02/07 18:55:00,320,Aft_10039,128
Flt_41562,BQKE,TIMH,2025/02/07 16:40:00,2025/02/07 18:00:00,319,Aft_10131,80
Flt_41563,FRMU,XGOB,2025/02/07 16:40:00,2025/02/07 18:55:00,321,Aft_10014,136
Flt_41564,XGOB,OEQY,2025/02/07 16:45:00,2025/02/07 19:00:00,320,Aft_10128,149
Flt_41565,FRMU,UQLN,2025/02/07 16:45:00,2025/02/07 18:55:00,320,Aft_10072,129
Flt_41566,FRMU,PIEK,2025/02/07 16:45:00,2025/02/07 18:55:00,320,Aft_10101,115
Flt_41567,XGOB,DDCZ,2025/02/07 16:50:00,2025/02/07 19:15:00,321,Aft_10032,136
Flt_41568,QFGG,LXHP,2025/02/07 16:50:00,2025/02/07 19:00:00,320,Aft_10122,116
Flt_41569,JDEH,HEYQ,2025/02/07 16:50:00,2025/02/07 18:55:00,321,Aft_10024,122
Flt_41570,VTIR,CYBH,2025/02/07 16:50:00,2025/02/07 20:10:00,321,Aft_10082,183
Flt_41571,WZBQ,UQLN,2025/02/07 16:50:00,2025/02/07 19:50:00,320,Aft_10150,159
Flt_41572,FCHN,XGOB,2025/02/07 16:50:00,2025/02/07 18:35:00,319,Aft_10120,86
Flt_41573,OEQY,XGOB,2025/02/07 16:55:00,2025/02/07 20:00:00,321,Aft_10041,153
Flt_41574,GRIG,HEYQ,2025/02/07 16:55:00,2025/02/07 19:35:00,320,Aft_10161,150
Flt_41575,VBKF,MVFV,2025/02/07 16:55:00,2025/02/07 19:35:00,320,Aft_10088,139
Flt_41576,IDKG,EYCX,2025/02/07 17:00:00,2025/02/07 19:50:00,320,Aft_10124,179
Flt_41577,XGOB,VSBC,2025/02/07 17:00:00,2025/02/07 19:05:00,321,Aft_10043,138
Flt_41578,XGOB,HEYQ,2025/02/07 17:00:00,2025/02/07 19:40:00,321,Aft_10065,144
Flt_41579,UQLN,EQTC,2025/02/07 17:00:00,2025/02/07 19:35:00,319,Aft_10100,145
Flt_41580,PZRI,XGOB,2025/02/07 17:00:00,2025/02/07 21:30:00,321,Aft_10135,267
Flt_41581,SXJJ,XGOB,2025/02/07 17:00:00,2025/02/07 21:00:00,319,Aft_10112,243
Flt_41582,XGOB,XBQP,2025/02/07 17:05:00,2025/02/07 20:00:00,321,Aft_10145,158
Flt_41583,CLVM,SNFR,2025/02/07 17:05:00,2025/02/07 19:40:00,320,Aft_10048,146
Flt_41584,UQLN,XLXE,2025/02/07 17:05:00,2025/02/07 18:55:00,321,Aft_10017,105
Flt_41585,EYCX,UQLN,2025/02/07 17:05:00,2025/02/07 19:20:00,321,Aft_10022,109
Flt_41586,XGOB,MVFV,2025/02/07 17:05:00,2025/02/07 20:35:00,321,Aft_10148,187
Flt_41587,VLBZ,XGOB,2025/02/07 17:10:00,2025/02/07 18:30:00,319,Aft_10066,80
Flt_41588,FRMU,XGOB,2025/02/07 17:10:00,2025/02/07 19:30:00,320,Aft_10023,148
Flt_41589,VBKF,IDKG,2025/02/07 17:15:00,2025/02/07 20:10:00,320,Aft_10137,186
Flt_41590,GRIG,FRMU,2025/02/07 17:15:00,2025/02/07 19:15:00,320,Aft_10139,117
Flt_41591,SNFR,MKHW,2025/02/07 17:15:00,2025/02/07 21:10:00,319,Aft_10108,248
Flt_41592,VORI,XGOB,2025/02/07 17:15:00,2025/02/07 19:30:00,320,Aft_10068,124
Flt_41593,VBKF,CYBH,2025/02/07 17:20:00,2025/02/07 19:35:00,320,Aft_10102,122
Flt_41594,QHPU,DYXX,2025/02/07 17:20:00,2025/02/07 18:40:00,320,Aft_10045,80
Flt_41595,XGOB,CEUN,2025/02/07 17:20:00,2025/02/07 19:45:00,321,Aft_10114,127
Flt_41596,FIHQ,WZBQ,2025/02/07 17:25:00,2025/02/07 19:30:00,320,Aft_10077,113
Flt_41597,JFWS,UQLN,2025/02/07 17:25:00,2025/02/07 20:00:00,319,Aft_10058,136
Flt_41598,XGOB,WZBQ,2025/02/07 17:30:00,2025/02/07 20:15:00,321,Aft_10011,150
Flt_41599,GRIG,JDEH,2025/02/07 17:30:00,2025/02/07 20:45:00,320,Aft_10087,183
Flt_41600,PADI,XGOB,2025/02/07 17:30:00,2025/02/07 20:35:00,320,Aft_10055,185
Flt_41601,XGOB,HIYN,2025/02/07 17:35:00,2025/02/07 19:20:00,319,Aft_10116,95
Flt_41602,WZBQ,XGOB,2025/02/07 17:40:00,2025/02/07 21:00:00,321,Aft_10080,178
Flt_41603,JDEH,XGOB,2025/02/07 17:45:00,2025/02/07 21:00:00,321,Aft_10059,197
Flt_41604,LXHP,VTIR,2025/02/07 17:45:00,2025/02/07 20:15:00,320,Aft_10130,151
Flt_41605,NQQU,UQLN,2025/02/07 17:50:00,2025/02/07 20:55:00,320,Aft_10073,160
Flt_41606,SNFR,FRMU,2025/02/07 17:50:00,2025/02/07 20:30:00,320,Aft_10007,142
Flt_41607,MVFV,FQEW,2025/02/07 17:55:00,2025/02/07 20:10:00,321,Aft_10140,123
Flt_41608,XGOB,FCHN,2025/02/07 17:55:00,2025/02/07 20:05:00,319,Aft_10129,107
Flt_41609,ERHL,UQLN,2025/02/07 17:55:00,2025/02/07 20:00:00,320,Aft_10121,109
Flt_41610,XGOB,VBRA,2025/02/07 18:00:00,2025/02/07 19:45:00,321,Aft_10095,101
Flt_41611,UQLN,PADI,2025/02/07 18:00:00,2025/02/07 20:15:00,321,Aft_10033,112
Flt_41612,WVMU,XGOB,2025/02/07 18:00:00,2025/02/07 22:10:00,320,Aft_10092,232
Flt_41613,CXOJ,XGOB,2025/02/07 18:00:00,2025/02/07 21:45:00,320,Aft_10090,210
Flt_41614,XGOB,QFPG,2025/02/07 18:05:00,2025/02/07 20:35:00,320,Aft_10089,133
Flt_41615,XGOB,VORI,2025/02/07 18:05:00,2025/02/07 20:00:00,320,Aft_10044,99
Flt_41616,LXHP,MBMY,2025/02/07 18:05:00,2025/02/07 21:40:00,321,Aft_10002,222
Flt_41617,XGOB,SNFR,2025/02/07 18:05:00,2025/02/07 20:35:00,321,Aft_10115,147
Flt_41618,CZCU,XGOB,2025/02/07 18:05:00,2025/02/07 21:55:00,320,Aft_10070,220
Flt_41619,FCEO,XGOB,2025/02/07 18:05:00,2025/02/07 21:45:00,321,Aft_10109,204
Flt_41620,GRIG,RSIH,2025/02/07 18:05:00,2025/02/07 19:50:00,320,Aft_10052,93
Flt_41621,VBRA,VTIR,2025/02/07 18:05:00,2025/02/07 21:30:00,321,Aft_10031,200
Flt_41622,HEYQ,UQLN,2025/02/07 18:10:00,2025/02/07 21:05:00,320,Aft_10076,174
Flt_41623,CLVM,CXOJ,2025/02/07 18:15:00,2025/02/07 21:55:00,320,Aft_10157,211
Flt_41624,VSBC,NQQU,2025/02/07 18:15:00,2025/02/07 20:25:00,320,Aft_10064,120
Flt_41625,XGOB,WAVK,2025/02/07 18:15:00,2025/02/07 20:20:00,321,Aft_10016,116
Flt_41626,TIMH,WIMM,2025/02/07 18:15:00,2025/02/07 21:15:00,319,Aft_10153,175
Flt_41627,NMPZ,CXOJ,2025/02/07 18:20:00,2025/02/07 21:05:00,319,Aft_10136,155
Flt_41628,VORI,XGOB,2025/02/07 18:20:00,2025/02/07 20:00:00,321,Aft_10050,114
Flt_41629,NMPZ,PIEK,2025/02/07 18:25:00,2025/02/07 20:10:00,320,Aft_10085,97
Flt_41630,JDTH,XGOB,2025/02/07 18:30:00,2025/02/08 05:10:00,350,Aft_10159,630
Flt_41631,IDKG,SNFR,2025/02/07 18:35:00,2025/02/07 21:35:00,320,Aft_10081,209
Flt_41632,XGOB,NRTE,2025/02/07 18:35:00,2025/02/07 23:20:00,321,Aft_10094,284
Flt_41633,CLVM,WZBQ,2025/02/07 18:35:00,2025/02/07 21:10:00,320,Aft_10015,149
Flt_41634,XGOB,XLXE,2025/02/07 18:35:00,2025/02/07 21:00:00,320,Aft_10104,124
Flt_41635,UIOI,XGOB,2025/02/07 18:40:00,2025/02/07 21:20:00,321,Aft_10119,166
Flt_41636,FFJA,XGOB,2025/02/07 18:40:00,2025/02/07 22:00:00,321,Aft_10003,181
Flt_41637,TIMH,BQKE,2025/02/07 18:45:00,2025/02/07 20:30:00,319,Aft_10131,99
Flt_41638,CYBH,UQLN,2025/02/07 18:45:00,2025/02/07 22:15:00,321,Aft_10026,201
Flt_41639,MVFV,XGOB,2025/02/07 18:45:00,2025/02/07 23:00:00,320,Aft_10075,247
Flt_41640,XLXE,XGOB,2025/02/07 18:45:00,2025/02/07 21:45:00,321,Aft_10035,182
Flt_41641,XGOB,HMAL,2025/02/07 18:50:00,2025/02/07 21:00:00,319,Aft_10009,108
Flt_41642,VBKF,GRIG,2025/02/07 18:50:00,2025/02/07 20:55:00,320,Aft_10078,151
Flt_41643,VBKF,GGQY,2025/02/07 18:50:00,2025/02/07 20:45:00,320,Aft_10005,121
Flt_41644,SNFR,UQLN,2025/02/07 18:50:00,2025/02/07 21:50:00,321,Aft_10046,175
Flt_41645,PSIL,XGOB,2025/02/07 18:50:00,2025/02/07 21:15:00,320,Aft_10126,126
Flt_41646,OEQY,ELBQ,2025/02/07 18:55:00,2025/02/07 20:10:00,320,Aft_10028,75
Flt_41647,UQLN,OMLA,2025/02/07 18:55:00,2025/02/07 21:05:00,320,Aft_10152,117
Flt_41648,XLXE,PIEK,2025/02/07 18:55:00,2025/02/07 21:40:00,320,Aft_10034,179
Flt_41649,SNFR,XGOB,2025/02/07 18:55:00,2025/02/07 22:20:00,321,Aft_10132,199
Flt_41650,XGOB,XNVE,2025/02/07 19:00:00,2025/02/07 21:05:00,319,Aft_10091,120
Flt_41651,NLWE,XGOB,2025/02/07 19:00:00,2025/02/07 21:45:00,320,Aft_10086,140
Flt_41652,DDCZ,XGOB,2025/02/07 19:00:00,2025/02/07 22:00:00,321,Aft_10013,175
Flt_41653,XGOB,CXOJ,2025/02/07 19:00:00,2025/02/07 22:45:00,320,Aft_10144,203
Flt_41654,EYCX,GRIG,2025/02/07 19:05:00,2025/02/07 21:55:00,320,Aft_10047,184
Flt_41655,VORI,MBMY,2025/02/07 19:05:00,2025/02/07 21:15:00,321,Aft_10134,140
Flt_41656,VBKF,VTIR,2025/02/07 19:05:00,2025/02/07 22:15:00,320,Aft_10005,175
Flt_41657,XGOB,CILH,2025/02/07 19:05:00,2025/02/07 21:25:00,321,Aft_10004,135
Flt_41658,XGOB,MKHW,2025/02/07 19:05:00,2025/02/07 21:10:00,320,Aft_10133,111
Flt_41659,FCEO,UQLN,2025/02/07 19:05:00,2025/02/07 22:30:00,321,Aft_10062,205
Flt_41660,VBKF,CLVM,2025/02/07 19:05:00,2025/02/07 20:45:00,320,Aft_10029,105
Flt_41661,XLXE,VTIR,2025/02/07 19:10:00,2025/02/07 22:00:00,321,Aft_10057,154
Flt_41662,XGOB,ENRV,2025/02/07 19:10:00,2025/02/07 21:10:00,319,Aft_10096,114
Flt_41663,XGOB,KNKY,2025/02/07 19:10:00,2025/02/07 20:50:00,319,Aft_10116,100
Flt_41664,EQTC,XGOB,2025/02/07 19:10:00,2025/02/07 22:20:00,320,Aft_10063,197
Flt_41665,XGOB,SNFR,2025/02/07 19:15:00,2025/02/07 21:50:00,321,Aft_10030,139
Flt_41666,XGOB,FFJA,2025/02/07 19:15:00,2025/02/07 21:30:00,321,Aft_10149,124
Flt_41667,UQLN,OEQY,2025/02/07 19:20:00,2025/02/07 21:25:00,321,Aft_10021,122
Flt_41668,XGOB,OEQY,2025/02/07 19:20:00,2025/02/07 21:40:00,321,Aft_10038,143
Flt_41669,XGOB,ERHL,2025/02/07 19:20:00,2025/02/07 21:10:00,319,Aft_10079,108
Flt_41670,XBQP,UQLN,2025/02/07 19:20:00,2025/02/07 22:30:00,319,Aft_10107,180
Flt_41671,NJTU,XGOB,2025/02/07 19:20:00,2025/02/07 21:55:00,321,Aft_10147,145
Flt_41672,CEUN,VTIR,2025/02/07 19:20:00,2025/02/07 22:00:00,320,Aft_10141,157
Flt_41673,XGOB,FRMU,2025/02/07 19:30:00,2025/02/07 21:45:00,321,Aft_10042,127
Flt_41674,UQLN,DEPY,2025/02/07 19:35:00,2025/02/07 21:15:00,320,Aft_10027,105
Flt_41675,NQQU,XGOB,2025/02/07 19:35:00,2025/02/07 22:40:00,320,Aft_10084,183
Flt_41676,DYXX,XGOB,2025/02/07 19:35:00,2025/02/07 23:05:00,320,Aft_10045,198
Flt_41677,XGOB,VKRE,2025/02/07 19:40:00,2025/02/07 21:15:00,319,Aft_10120,75
Flt_41678,VTIR,UQLN,2025/02/07 19:40:00,2025/02/07 23:35:00,321,Aft_10006,267
Flt_41679,DKZJ,XGOB,2025/02/07 19:40:00,2025/02/07 23:30:00,320,Aft_10056,256
Flt_41680,XLXE,XGOB,2025/02/07 19:40:00,2025/02/07 22:35:00,321,Aft_10151,173
Flt_41681,WZBQ,XGOB,2025/02/07 19:40:00,2025/02/07 22:40:00,321,Aft_10008,192
Flt_41682,UQLN,WZBQ,2025/02/07 19:45:00,2025/02/07 22:15:00,321,Aft_10053,140
Flt_41683,HEYQ,JDEH,2025/02/07 19:45:00,2025/02/07 21:55:00,321,Aft_10024,141
Flt_41684,PIEK,FRMU,2025/02/07 19:45:00,2025/02/07 21:45:00,320,Aft_10101,118
Flt_41685,BQKE,HMAL,2025/02/07 19:45:00,2025/02/07 21:55:00,320,Aft_10054,130
Flt_41686,GTVX,XGOB,2025/02/07 19:45:00,2025/02/08 00:10:00,320,Aft_10162,245
Flt_41687,SNFR,VTIR,2025/02/07 19:45:00,2025/02/07 22:55:00,320,Aft_10010,226
Flt_41688,VSBC,UQLN,2025/02/07 19:50:00,2025/02/07 22:20:00,321,Aft_10036,127
Flt_41689,UUKJ,XGOB,2025/02/07 19:50:00,2025/02/07 22:50:00,320,Aft_10012,162
Flt_41690,OMLA,VTIR,2025/02/07 19:50:00,2025/02/07 22:30:00,320,Aft_10051,173
Flt_41691,OEQY,LUKE,2025/02/07 19:55:00,2025/02/07 22:25:00,320,Aft_10128,153
Flt_41692,XGOB,FWCS,2025/02/07 19:55:00,2025/02/08 00:25:00,321,Aft_10127,238
Flt_41693,LUKE,VBKF,2025/02/07 19:55:00,2025/02/07 21:40:00,320,Aft_10098,102
Flt_41694,FWCS,XGOB,2025/02/07 19:55:00,2025/02/07 23:30:00,321,Aft_10155,220
Flt_41695,CYBH,XGOB,2025/02/07 19:55:00,2025/02/07 23:25:00,321,Aft_10106,222
Flt_41696,CEUN,VTIR,2025/02/07 19:55:00,2025/02/07 22:25:00,320,Aft_10039,149
Flt_41697,DDCZ,XGOB,2025/02/07 20:00:00,2025/02/07 22:55:00,321,Aft_10032,162
Flt_41698,XGOB,VTIR,2025/02/07 20:00:00,2025/02/07 23:30:00,320,Aft_10111,223
Flt_41699,UQLN,FQEW,2025/02/07 20:05:00,2025/02/07 21:50:00,320,Aft_10072,111
Flt_41700,HMAL,SNFR,2025/02/07 20:05:00,2025/02/07 22:35:00,320,Aft_10067,127
Flt_41701,LXHP,QFGG,2025/02/07 20:05:00,2025/02/07 22:20:00,320,Aft_10122,128
Flt_41702,HIYN,XGOB,2025/02/07 20:05:00,2025/02/07 21:55:00,319,Aft_10116,114
Flt_41703,EYCX,VTIR,2025/02/07 20:05:00,2025/02/07 22:55:00,320,Aft_10049,167
Flt_41704,JFWS,VBKF,2025/02/07 20:15:00,2025/02/07 22:50:00,319,Aft_10061,137
Flt_41705,XGOB,MBMY,2025/02/07 20:15:00,2025/02/07 22:35:00,321,Aft_10014,139
Flt_41706,VTIR,SNFR,2025/02/07 20:15:00,2025/02/07 23:30:00,320,Aft_10071,198
Flt_41707,VSBC,XGOB,2025/02/07 20:15:00,2025/02/07 22:40:00,321,Aft_10043,138
Flt_41708,XLXE,VTIR,2025/02/07 20:15:00,2025/02/07 23:10:00,321,Aft_10017,181
Flt_41709,XGOB,JDEH,2025/02/07 20:20:00,2025/02/07 22:55:00,320,Aft_10074,146
Flt_41710,XLXE,GRIG,2025/02/07 20:20:00,2025/02/07 23:25:00,320,Aft_10099,195
Flt_41711,FRMU,GRIG,2025/02/07 20:20:00,2025/02/07 23:00:00,320,Aft_10139,133
Flt_41712,UUKJ,UQLN,2025/02/07 20:20:00,2025/02/07 23:50:00,320,Aft_10123,208
Flt_41713,EQTC,XGOB,2025/02/07 20:20:00,2025/02/07 23:40:00,320,Aft_10020,192
Flt_41714,UQLN,FRMU,2025/02/07 20:25:00,2025/02/07 22:20:00,321,Aft_10022,135
Flt_41715,IAWP,SNFR,2025/02/07 20:25:00,2025/02/07 22:50:00,320,Aft_10143,129
Flt_41716,ERHL,LXHP,2025/02/07 20:30:00,2025/02/07 23:50:00,320,Aft_10037,180
Flt_41717,XGOB,WZBQ,2025/02/07 20:30:00,2025/02/07 23:15:00,320,Aft_10154,176
Flt_41718,UQLN,SNFR,2025/02/07 20:30:00,2025/02/07 22:30:00,319,Aft_10131,111
Flt_41719,CEUN,XGOB,2025/02/07 20:30:00,2025/02/07 23:25:00,321,Aft_10114,159
Flt_41720,WZBQ,CXOJ,2025/02/07 20:30:00,2025/02/08 00:50:00,320,Aft_10093,248
Flt_41721,XGOB,DSXP,2025/02/07 20:35:00,2025/02/08 00:15:00,321,Aft_10025,236
Flt_41722,RSIH,WZBQ,2025/02/07 20:35:00,2025/02/07 22:40:00,320,Aft_10052,126
Flt_41723,XGOB,FRMU,2025/02/07 20:35:00,2025/02/07 22:50:00,320,Aft_10105,148
Flt_41724,HEYQ,GRIG,2025/02/07 20:35:00,2025/02/07 23:55:00,320,Aft_10161,217
Flt_41725,SRNH,GRIG,2025/02/07 20:40:00,2025/02/07 23:15:00,320,Aft_10083,176
Flt_41726,XGOB,CLKY,2025/02/07 20:40:00,2025/02/07 23:00:00,320,Aft_10125,131
Flt_41727,HEYQ,XGOB,2025/02/07 20:40:00,2025/02/07 23:40:00,321,Aft_10065,197
Flt_41728,CYBH,GRIG,2025/02/07 20:45:00,2025/02/08 00:35:00,320,Aft_10102,232
Flt_41729,FWCS,UQLN,2025/02/07 20:45:00,2025/02/08 00:40:00,320,Aft_10060,229
Flt_41730,CYBH,VBKF,2025/02/07 20:50:00,2025/02/07 23:30:00,320,Aft_10146,165
Flt_41731,MVFV,VBKF,2025/02/07 20:50:00,2025/02/08 00:15:00,320,Aft_10088,202
Flt_41732,EYCX,XGOB,2025/02/07 20:50:00,2025/02/07 23:00:00,320,Aft_10124,129
Flt_41733,FCHN,XGOB,2025/02/07 20:50:00,2025/02/07 22:45:00,319,Aft_10129,83
Flt_41734,VBRA,XGOB,2025/02/07 20:50:00,2025/02/07 22:55:00,321,Aft_10095,131
Flt_41735,ELBQ,GRIG,2025/02/07 20:55:00,2025/02/07 22:45:00,320,Aft_10028,107
Flt_41736,PIEK,MBMY,2025/02/07 20:55:00,2025/02/07 23:05:00,320,Aft_10085,144
Flt_41737,XGOB,HMAL,2025/02/07 21:00:00,2025/02/07 22:55:00,321,Aft_10103,110
Flt_41738,FQEW,MBMY,2025/02/07 21:00:00,2025/02/08 00:35:00,321,Aft_10140,211
Flt_41739,XGOB,DEPY,2025/02/07 21:00:00,2025/02/07 22:25:00,321,Aft_10118,77
Flt_41740,EQTC,UQLN,2025/02/07 21:00:00,2025/02/07 23:55:00,319,Aft_10100,190
Flt_41741,IDKG,VBKF,2025/02/07 21:05:00,2025/02/08 00:50:00,320,Aft_10137,198
Flt_41742,XGOB,GRIG,2025/02/07 21:05:00,2025/02/07 22:30:00,320,Aft_10068,86
Flt_41743,XGOB,VMTM,2025/02/07 21:05:00,2025/02/07 23:05:00,319,Aft_10069,108
Flt_41744,XGOB,LXHP,2025/02/07 21:05:00,2025/02/07 23:20:00,320,Aft_10023,123
Flt_41745,PADI,UQLN,2025/02/07 21:10:00,2025/02/07 23:55:00,321,Aft_10033,174
Flt_41746,XBQP,XGOB,2025/02/07 21:10:00,2025/02/08 00:35:00,321,Aft_10145,176
Flt_41747,WAVK,XGOB,2025/02/07 21:10:00,2025/02/07 23:40:00,321,Aft_10016,171
Flt_41748,UQLN,OSYY,2025/02/07 21:15:00,2025/02/07 23:00:00,320,Aft_10150,106
Flt_41749,VTIR,SNFR,2025/02/07 21:15:00,2025/02/08 00:40:00,320,Aft_10130,187
Flt_41750,VORI,XGOB,2025/02/07 21:15:00,2025/02/07 23:25:00,320,Aft_10044,119
Flt_41751,WZBQ,CLVM,2025/02/07 21:15:00,2025/02/08 00:25:00,320,Aft_10077,189
Flt_41752,BQKE,UQLN,2025/02/07 21:20:00,2025/02/07 23:20:00,319,Aft_10131,118
Flt_41753,CYBH,VTIR,2025/02/07 21:20:00,2025/02/08 00:25:00,321,Aft_10082,180
Flt_41754,UQLN,NMPZ,2025/02/07 21:25:00,2025/02/07 23:10:00,319,Aft_10107,108
Flt_41755,QFPG,XGOB,2025/02/07 21:25:00,2025/02/07 23:55:00,320,Aft_10089,150
Flt_41756,NQQU,VTIR,2025/02/07 21:30:00,2025/02/08 01:00:00,320,Aft_10064,207
Flt_41757,GGQY,VBKF,2025/02/07 21:35:00,2025/02/07 23:45:00,320,Aft_10005,136
Flt_41758,SNFR,GRIG,2025/02/07 21:35:00,2025/02/08 01:05:00,320,Aft_10048,231
Flt_41759,KNKY,XGOB,2025/02/07 21:35:00,2025/02/07 23:30:00,319,Aft_10116,107
Flt_41760,MVFV,XGOB,2025/02/07 21:35:00,2025/02/08 01:40:00,321,Aft_10148,252
Flt_41761,XGOB,GRIG,2025/02/07 21:40:00,2025/02/07 22:50:00,320,Aft_10055,89
Flt_41762,CLVM,MBMY,2025/02/07 21:45:00,2025/02/08 00:20:00,320,Aft_10029,129
Flt_41763,JDEH,GRIG,2025/02/07 21:45:00,2025/02/08 01:25:00,320,Aft_10087,252
Flt_41764,OMLA,UQLN,2025/02/07 21:50:00,2025/02/08 00:35:00,320,Aft_10152,148
Flt_41765,XNVE,XGOB,2025/02/07 21:50:00,2025/02/08 00:30:00,319,Aft_10091,152
Flt_41766,HMAL,XGOB,2025/02/07 21:50:00,2025/02/07 23:40:00,319,Aft_10009,119
Flt_41767,MKHW,SNFR,2025/02/07 21:55:00,2025/02/08 01:05:00,319,Aft_10108,172
Flt_41768,FRMU,SNFR,2025/02/07 21:55:00,2025/02/08 00:10:00,320,Aft_10007,125
Flt_41769,GRIG,SNFR,2025/02/07 21:55:00,2025/02/08 00:55:00,320,Aft_10078,150
Flt_41770,MKHW,XGOB,2025/02/07 21:55:00,2025/02/07 23:45:00,320,Aft_10133,97
Flt_41771,ENRV,XGOB,2025/02/07 21:55:00,2025/02/08 00:20:00,319,Aft_10096,136
Flt_41772,ERHL,XGOB,2025/02/07 21:55:00,2025/02/07 23:50:00,319,Aft_10079,95
Flt_41773,VKRE,XGOB,2025/02/07 22:00:00,2025/02/07 23:30:00,319,Aft_10120,76
Flt_41774,WIMM,XGOB,2025/02/07 22:00:00,2025/02/07 23:15:00,319,Aft_10153,60
Flt_41775,XGOB,LXHP,2025/02/07 22:05:00,2025/02/08 00:15:00,321,Aft_10138,121
Flt_41776,DEPY,UQLN,2025/02/07 22:05:00,2025/02/07 23:55:00,320,Aft_10027,104
Flt_41777,XGOB,JDEH,2025/02/07 22:10:00,2025/02/08 00:50:00,321,Aft_10059,159
Flt_41778,XLXE,XGOB,2025/02/07 22:10:00,2025/02/08 00:55:00,320,Aft_10104,183
Flt_41779,WZBQ,UQLN,2025/02/07 22:15:00,2025/02/08 01:10:00,321,Aft_10011,169
Flt_41780,CILH,XGOB,2025/02/07 22:15:00,2025/02/08 00:40:00,321,Aft_10004,163
Flt_41781,MBMY,WZBQ,2025/02/07 22:20:00,2025/02/08 01:55:00,321,Aft_10134,220
Flt_41782,PIEK,LUKE,2025/02/07 22:25:00,2025/02/07 23:35:00,320,Aft_10034,69
Flt_41783,FFJA,XGOB,2025/02/07 22:35:00,2025/02/08 01:45:00,321,Aft_10149,195
Flt_41784,OEQY,UQLN,2025/02/07 22:40:00,2025/02/08 00:55:00,321,Aft_10021,128
Flt_41785,FQEW,UQLN,2025/02/07 22:40:00,2025/02/08 00:55:00,320,Aft_10072,123
Flt_41786,VBKF,LUKE,2025/02/07 22:45:00,2025/02/08 00:50:00,320,Aft_10098,118
Flt_41787,QFGG,GRIG,2025/02/07 23:05:00,2025/02/08 01:05:00,320,Aft_10122,111
Flt_41788,LUKE,OEQY,2025/02/07 23:10:00,2025/02/08 01:20:00,320,Aft_10128,137
Flt_41789,XGOB,GRIG,2025/02/07 23:25:00,2025/02/08 01:05:00,320,Aft_10090,99
Flt_41790,GRIG,XGOB,2025/02/07 23:35:00,2025/02/08 00:55:00,320,Aft_10068,76
Flt_41791,DEPY,XGOB,2025/02/07 23:40:00,2025/02/08 01:30:00,321,Aft_10118,94
Flt_41792,OSYY,UQLN,2025/02/07 23:45:00,2025/02/08 01:30:00,320,Aft_10150,110
Flt_41793,VMTM,XGOB,2025/02/07 23:50:00,2025/02/08 01:40:00,319,Aft_10069,101
Flt_41794,NMPZ,UQLN,2025/02/07 23:55:00,2025/02/08 01:40:00,319,Aft_10107,93
Flt_41795,NRTE,XGOB,2025/02/08 00:20:00,2025/02/08 05:00:00,321,Aft_10094,256
Flt_41796,NRTE,HMAL,2025/02/08 06:40:00,2025/02/08 10:20:00,321,Aft_10001,196
Flt_41797,HMAL,NRTE,2025/02/08 01:50:00,2025/02/08 05:10:00,321,Aft_10001,241
Flt_41798,AFEC,HMAL,2025/02/08 17:55:00,2025/02/08 20:40:00,321,Aft_10160,157
Flt_41799,HMAL,AFEC,2025/02/08 13:00:00,2025/02/08 16:25:00,321,Aft_10160,189
Flt_41800,WZBQ,MBMY,2025/02/08 06:00:00,2025/02/08 09:35:00,321,Aft_10053,248
Flt_41801,XGOB,FFJA,2025/02/08 06:00:00,2025/02/08 08:15:00,321,Aft_10004,127
Flt_41802,MBMY,ZWIO,2025/02/08 06:00:00,2025/02/08 07:55:00,321,Aft_10140,104
Flt_41803,XGOB,OEQY,2025/02/08 06:15:00,2025/02/08 08:40:00,321,Aft_10132,145
Flt_41804,VTIR,MBMY,2025/02/08 06:15:00,2025/02/08 11:45:00,321,Aft_10142,332
Flt_41805,GRIG,EYCX,2025/02/08 06:20:00,2025/02/08 09:05:00,320,Aft_10161,140
Flt_41806,XGOB,JDEH,2025/02/08 06:25:00,2025/02/08 09:05:00,321,Aft_10035,152
Flt_41807,SNFR,HMAL,2025/02/08 06:25:00,2025/02/08 09:40:00,319,Aft_10108,171
Flt_41808,XGOB,DEPY,2025/02/08 06:25:00,2025/02/08 07:50:00,319,Aft_10009,81
Flt_41809,UQLN,EVWP,2025/02/08 06:25:00,2025/02/08 08:20:00,321,Aft_10026,114
Flt_41810,MBMY,IAWP,2025/02/08 06:25:00,2025/02/08 09:25:00,320,Aft_10085,157
Flt_41811,FRMU,XGOB,2025/02/08 06:25:00,2025/02/08 08:50:00,321,Aft_10022,138
Flt_41812,UQLN,DDCZ,2025/02/08 06:30:00,2025/02/08 08:40:00,320,Aft_10072,123
Flt_41813,JDEH,XGOB,2025/02/08 06:30:00,2025/02/08 09:25:00,321,Aft_10059,185
Flt_41814,VTIR,XLXE,2025/02/08 06:35:00,2025/02/08 09:50:00,321,Aft_10057,167
Flt_41815,XGOB,IZUZ,2025/02/08 06:40:00,2025/02/08 08:20:00,319,Aft_10129,98
Flt_41816,XGOB,OMLA,2025/02/08 06:40:00,2025/02/08 09:10:00,320,Aft_10068,137
Flt_41817,GRIG,UQLN,2025/02/08 06:40:00,2025/02/08 08:20:00,320,Aft_10028,87
Flt_41818,MBMY,ZHRG,2025/02/08 06:45:00,2025/02/08 08:45:00,320,Aft_10029,93
Flt_41819,LUKE,VBKF,2025/02/08 06:45:00,2025/02/08 08:35:00,320,Aft_10034,100
Flt_41820,UQLN,FRMU,2025/02/08 06:50:00,2025/02/08 09:05:00,321,Aft_10033,113
Flt_41821,FRMU,UQLN,2025/02/08 06:50:00,2025/02/08 09:10:00,321,Aft_10042,139
Flt_41822,OEQY,XGOB,2025/02/08 06:50:00,2025/02/08 09:30:00,321,Aft_10038,142
Flt_41823,XGOB,IDKG,2025/02/08 06:50:00,2025/02/08 10:30:00,321,Aft_10013,224
Flt_41824,UQLN,WZBQ,2025/02/08 06:55:00,2025/02/08 09:10:00,321,Aft_10011,145
Flt_41825,UQLN,JDEH,2025/02/08 06:55:00,2025/02/08 09:20:00,320,Aft_10073,150
Flt_41826,UQLN,HMAL,2025/02/08 06:55:00,2025/02/08 08:45:00,320,Aft_10152,97
Flt_41827,SNFR,DEPY,2025/02/08 06:55:00,2025/02/08 09:55:00,320,Aft_10130,213
Flt_41828,GRIG,OMLA,2025/02/08 06:55:00,2025/02/08 09:50:00,320,Aft_10048,145
Flt_41829,WZBQ,IAWP,2025/02/08 06:55:00,2025/02/08 09:45:00,320,Aft_10052,152
Flt_41830,XGOB,AIZY,2025/02/08 06:55:00,2025/02/08 09:10:00,319,Aft_10069,120
Flt_41831,CXOJ,XGOB,2025/02/08 06:55:00,2025/02/08 10:35:00,320,Aft_10157,213
Flt_41832,WZBQ,XGOB,2025/02/08 06:55:00,2025/02/08 09:55:00,321,Aft_10134,188
Flt_41833,UQLN,VSBC,2025/02/08 07:00:00,2025/02/08 09:10:00,320,Aft_10060,123
Flt_41834,JDEH,VSBC,2025/02/08 07:00:00,2025/02/08 10:40:00,321,Aft_10024,252
Flt_41835,CXOJ,VBKF,2025/02/08 07:00:00,2025/02/08 10:20:00,320,Aft_10040,201
Flt_41836,LXHP,ERHL,2025/02/08 07:00:00,2025/02/08 11:00:00,320,Aft_10037,236
Flt_41837,XGOB,SNFR,2025/02/08 07:00:00,2025/02/08 09:35:00,320,Aft_10044,140
Flt_41838,VTIR,LXHP,2025/02/08 07:00:00,2025/02/08 09:35:00,320,Aft_10010,139
Flt_41839,UQLN,VTIR,2025/02/08 07:00:00,2025/02/08 10:40:00,321,Aft_10046,227
Flt_41840,XGOB,VTIR,2025/02/08 07:00:00,2025/02/08 10:45:00,321,Aft_10041,219
Flt_41841,XGOB,OEQY,2025/02/08 07:05:00,2025/02/08 09:35:00,321,Aft_10118,137
Flt_41842,UQLN,NMPZ,2025/02/08 07:05:00,2025/02/08 09:05:00,320,Aft_10076,116
Flt_41843,GRIG,XBQP,2025/02/08 07:05:00,2025/02/08 09:35:00,320,Aft_10047,140
Flt_41844,MBMY,LXHP,2025/02/08 07:05:00,2025/02/08 10:30:00,321,Aft_10002,186
Flt_41845,SNFR,ZWIO,2025/02/08 07:05:00,2025/02/08 09:45:00,320,Aft_10081,164
Flt_41846,UQLN,OEQY,2025/02/08 07:10:00,2025/02/08 09:15:00,321,Aft_10036,115
Flt_41847,VTIR,VBRA,2025/02/08 07:10:00,2025/02/08 10:50:00,321,Aft_10031,204
Flt_41848,VTIR,VBKF,2025/02/08 07:10:00,2025/02/08 11:05:00,320,Aft_10005,219
Flt_41849,UQLN,SNFR,2025/02/08 07:10:00,2025/02/08 09:15:00,321,Aft_10062,123
Flt_41850,GRIG,XGOB,2025/02/08 07:10:00,2025/02/08 08:40:00,320,Aft_10087,76
Flt_41851,XGOB,GRIG,2025/02/08 07:15:00,2025/02/08 08:55:00,320,Aft_10113,92
Flt_41852,GRIG,HEYQ,2025/02/08 07:15:00,2025/02/08 09:55:00,320,Aft_10055,158
Flt_41853,UQLN,CYBH,2025/02/08 07:15:00,2025/02/08 09:30:00,320,Aft_10150,141
Flt_41854,UQLN,JFWS,2025/02/08 07:15:00,2025/02/08 10:20:00,319,Aft_10100,176
Flt_41855,XGOB,MVFV,2025/02/08 07:15:00,2025/02/08 10:25:00,321,Aft_10148,196
Flt_41856,GRIG,FRMU,2025/02/08 07:20:00,2025/02/08 09:20:00,320,Aft_10090,124
Flt_41857,XGOB,VORI,2025/02/08 07:20:00,2025/02/08 09:25:00,321,Aft_10008,110
Flt_41858,VBKF,AIZY,2025/02/08 07:20:00,2025/02/08 10:15:00,319,Aft_10117,191
Flt_41859,JDEH,XGOB,2025/02/08 07:20:00,2025/02/08 10:35:00,320,Aft_10074,184
Flt_41860,XGOB,SHIS,2025/02/08 07:25:00,2025/02/08 09:40:00,320,Aft_10089,117
Flt_41861,VTIR,EYCX,2025/02/08 07:25:00,2025/02/08 10:50:00,320,Aft_10051,183
Flt_41862,UQLN,VSBC,2025/02/08 07:25:00,2025/02/08 09:35:00,321,Aft_10006,119
Flt_41863,XGOB,PKEY,2025/02/08 07:25:00,2025/02/08 09:15:00,321,Aft_10119,100
Flt_41864,XGOB,IZUZ,2025/02/08 07:25:00,2025/02/08 09:05:00,319,Aft_10079,94
Flt_41865,GRIG,CEUN,2025/02/08 07:25:00,2025/02/08 10:10:00,320,Aft_10083,145
Flt_41866,VTIR,XGOB,2025/02/08 07:25:00,2025/02/08 11:55:00,320,Aft_10039,263
Flt_41867,CXOJ,XGOB,2025/02/08 07:25:00,2025/02/08 11:20:00,320,Aft_10144,203
Flt_41868,XGOB,WZBQ,2025/02/08 07:30:00,2025/02/08 10:15:00,321,Aft_10106,146
Flt_41869,LUKE,XGOB,2025/02/08 07:30:00,2025/02/08 08:35:00,320,Aft_10098,62
Flt_41870,WZBQ,GRIG,2025/02/08 07:35:00,2025/02/08 11:30:00,320,Aft_10015,227
Flt_41871,LXHP,XGOB,2025/02/08 07:35:00,2025/02/08 10:15:00,320,Aft_10023,166
Flt_41872,XGOB,URTH,2025/02/08 07:40:00,2025/02/08 09:45:00,320,Aft_10012,97
Flt_41873,XGOB,ERHL,2025/02/08 07:40:00,2025/02/08 09:40:00,320,Aft_10133,106
Flt_41874,SNFR,IAWP,2025/02/08 07:40:00,2025/02/08 10:40:00,320,Aft_10143,186
Flt_41875,SNFR,XGOB,2025/02/08 07:40:00,2025/02/08 10:55:00,321,Aft_10030,202
Flt_41876,XGOB,MKHW,2025/02/08 07:45:00,2025/02/08 09:45:00,319,Aft_10116,117
Flt_41877,SNFR,FRMU,2025/02/08 07:50:00,2025/02/08 10:15:00,320,Aft_10067,136
Flt_41878,VTIR,CYBH,2025/02/08 07:50:00,2025/02/08 11:25:00,321,Aft_10082,175
Flt_41879,VBKF,EQTC,2025/02/08 07:50:00,2025/02/08 09:50:00,320,Aft_10146,121
Flt_41880,XGOB,ISAX,2025/02/08 07:50:00,2025/02/08 10:25:00,321,Aft_10050,137
Flt_41881,GRIG,XGOB,2025/02/08 07:50:00,2025/02/08 09:10:00,320,Aft_10122,68
Flt_41882,XGOB,SRNH,2025/02/08 07:55:00,2025/02/08 09:55:00,320,Aft_10056,106
Flt_41883,CLVM,VORI,2025/02/08 07:55:00,2025/02/08 09:25:00,320,Aft_10077,96
Flt_41884,XGOB,BQKE,2025/02/08 07:55:00,2025/02/08 10:10:00,321,Aft_10109,121
Flt_41885,XGOB,LXHP,2025/02/08 07:55:00,2025/02/08 10:20:00,320,Aft_10063,130
Flt_41886,GRIG,SXIU,2025/02/08 07:55:00,2025/02/08 09:50:00,320,Aft_10102,89
Flt_41887,XGOB,AIZY,2025/02/08 07:55:00,2025/02/08 10:10:00,319,Aft_10120,126
Flt_41888,HMAL,XGOB,2025/02/08 07:55:00,2025/02/08 09:55:00,321,Aft_10103,103
Flt_41889,XGOB,CYBH,2025/02/08 08:00:00,2025/02/08 10:40:00,321,Aft_10065,154
Flt_41890,UQLN,NQQU,2025/02/08 08:00:00,2025/02/08 10:05:00,320,Aft_10027,134
Flt_41891,XGOB,JFWS,2025/02/08 08:00:00,2025/02/08 10:45:00,319,Aft_10153,165
Flt_41892,UQLN,MVFV,2025/02/08 08:00:00,2025/02/08 11:05:00,321,Aft_10021,191
Flt_41893,VTIR,OMLA,2025/02/08 08:05:00,2025/02/08 11:10:00,320,Aft_10049,173
Flt_41894,UQLN,WAVK,2025/02/08 08:05:00,2025/02/08 09:45:00,319,Aft_10107,107
Flt_41895,OEQY,XGOB,2025/02/08 08:05:00,2025/02/08 10:30:00,320,Aft_10128,157
Flt_41896,XGOB,CXOJ,2025/02/08 08:10:00,2025/02/08 11:45:00,321,Aft_10156,233
Flt_41897,XGOB,YLXQ,2025/02/08 08:10:00,2025/02/08 10:00:00,319,Aft_10091,95
Flt_41898,XGOB,VSBC,2025/02/08 08:15:00,2025/02/08 10:35:00,321,Aft_10149,137
Flt_41899,XGOB,XLXE,2025/02/08 08:15:00,2025/02/08 10:35:00,321,Aft_10095,135
Flt_41900,UQLN,JFWS,2025/02/08 08:15:00,2025/02/08 11:20:00,319,Aft_10058,174
Flt_41901,SNFR,CLVM,2025/02/08 08:15:00,2025/02/08 11:15:00,319,Aft_10131,194
Flt_41902,XGOB,CXOJ,2025/02/08 08:15:00,2025/02/08 11:40:00,321,Aft_10003,212
Flt_41903,SNFR,IXQM,2025/02/08 08:20:00,2025/02/08 11:30:00,320,Aft_10007,194
Flt_41904,CXOJ,QFGG,2025/02/08 08:20:00,2025/02/08 11:40:00,320,Aft_10093,187
Flt_41905,LXHP,XGOB,2025/02/08 08:20:00,2025/02/08 11:00:00,321,Aft_10138,171
Flt_41906,XGOB,ZCUA,2025/02/08 08:25:00,2025/02/08 10:45:00,320,Aft_10075,123
Flt_41907,XGOB,PADI,2025/02/08 08:25:00,2025/02/08 11:20:00,320,Aft_10104,152
Flt_41908,VBKF,PIEK,2025/02/08 08:25:00,2025/02/08 10:15:00,320,Aft_10137,109
Flt_41909,XGOB,JFWS,2025/02/08 08:30:00,2025/02/08 11:05:00,319,Aft_10112,157
Flt_41910,WZBQ,XGOB,2025/02/08 08:30:00,2025/02/08 11:35:00,320,Aft_10154,171
Flt_41911,XGOB,OSYY,2025/02/08 08:35:00,2025/02/08 10:40:00,321,Aft_10114,120
Flt_41912,XGOB,XBQP,2025/02/08 08:35:00,2025/02/08 11:20:00,321,Aft_10080,152
Flt_41913,XGOB,GGQY,2025/02/08 08:35:00,2025/02/08 11:15:00,321,Aft_10147,145
Flt_41914,XGOB,EYCX,2025/02/08 08:40:00,2025/02/08 10:45:00,320,Aft_10020,125
Flt_41915,MBMY,XNVE,2025/02/08 08:40:00,2025/02/08 10:50:00,321,Aft_10014,106
Flt_41916,DEPY,XGOB,2025/02/08 08:40:00,2025/02/08 10:15:00,319,Aft_10009,95
Flt_41917,GRIG,NJCK,2025/02/08 08:45:00,2025/02/08 10:25:00,320,Aft_10139,92
Flt_41918,XGOB,VORI,2025/02/08 08:45:00,2025/02/08 10:40:00,321,Aft_10151,107
Flt_41919,UQLN,FFJA,2025/02/08 08:45:00,2025/02/08 10:55:00,320,Aft_10123,116
Flt_41920,SNFR,GRIG,2025/02/08 08:50:00,2025/02/08 12:15:00,320,Aft_10071,209
Flt_41921,UQLN,OSYY,2025/02/08 08:55:00,2025/02/08 10:55:00,320,Aft_10121,105
Flt_41922,ZWIO,DEPY,2025/02/08 08:55:00,2025/02/08 11:05:00,321,Aft_10140,130
Flt_41923,XGOB,UUKJ,2025/02/08 09:00:00,2025/02/08 12:10:00,321,Aft_10043,200
Flt_41924,GRIG,LXHP,2025/02/08 09:00:00,2025/02/08 11:50:00,320,Aft_10099,177
Flt_41925,XGOB,NQQU,2025/02/08 09:00:00,2025/02/08 11:35:00,319,Aft_10019,156
Flt_41926,VTIR,CEUN,2025/02/08 09:00:00,2025/02/08 11:55:00,320,Aft_10111,161
Flt_41927,UQLN,AIZY,2025/02/08 09:00:00,2025/02/08 11:35:00,319,Aft_10097,154
Flt_41928,CXOJ,NMPZ,2025/02/08 09:05:00,2025/02/08 11:40:00,319,Aft_10136,156
Flt_41929,XGOB,CEUN,2025/02/08 09:05:00,2025/02/08 11:20:00,320,Aft_10092,130
Flt_41930,XGOB,BVWV,2025/02/08 09:05:00,2025/02/08 11:00:00,319,Aft_10110,105
Flt_41931,EVWP,UQLN,2025/02/08 09:05:00,2025/02/08 11:40:00,321,Aft_10026,146
Flt_41932,IZUZ,XGOB,2025/02/08 09:05:00,2025/02/08 10:35:00,319,Aft_10129,91
Flt_41933,FFJA,XGOB,2025/02/08 09:05:00,2025/02/08 11:55:00,321,Aft_10004,196
Flt_41934,XGOB,CKRF,2025/02/08 09:05:00,2025/02/08 13:15:00,320,Aft_10126,260
Flt_41935,VBKF,OEQY,2025/02/08 09:10:00,2025/02/08 11:55:00,320,Aft_10088,170
Flt_41936,SNFR,XGOB,2025/02/08 09:15:00,2025/02/08 12:25:00,321,Aft_10115,208
Flt_41937,XGOB,CKHG,2025/02/08 09:15:00,2025/02/08 12:30:00,320,Aft_10124,201
Flt_41938,XGOB,FRMU,2025/02/08 09:15:00,2025/02/08 11:40:00,321,Aft_10032,144
Flt_41939,XGOB,ERHL,2025/02/08 09:15:00,2025/02/08 11:05:00,320,Aft_10084,115
Flt_41940,XGOB,NQQU,2025/02/08 09:15:00,2025/02/08 11:50:00,321,Aft_10094,144
Flt_41941,FRMU,XGOB,2025/02/08 09:20:00,2025/02/08 11:40:00,320,Aft_10105,148
Flt_41942,UQLN,PKEY,2025/02/08 09:25:00,2025/02/08 11:15:00,320,Aft_10028,124
Flt_41943,XGOB,GRIG,2025/02/08 09:25:00,2025/02/08 10:55:00,320,Aft_10086,92
Flt_41944,VTIR,NQQU,2025/02/08 09:25:00,2025/02/08 13:20:00,320,Aft_10064,216
Flt_41945,DDCZ,UQLN,2025/02/08 09:25:00,2025/02/08 11:55:00,320,Aft_10072,169
Flt_41946,SNFR,PIEK,2025/02/08 09:25:00,2025/02/08 12:30:00,320,Aft_10078,197
Flt_41947,XGOB,WZBQ,2025/02/08 09:30:00,2025/02/08 12:15:00,321,Aft_10016,145
Flt_41948,XGOB,MGVJ,2025/02/08 09:30:00,2025/02/08 11:50:00,320,Aft_10045,128
Flt_41949,FRMU,CLVM,2025/02/08 09:30:00,2025/02/08 11:50:00,320,Aft_10101,125
Flt_41950,XGOB,RENC,2025/02/08 09:35:00,2025/02/08 14:10:00,321,Aft_10155,255
Flt_41951,XGOB,YLTL,2025/02/08 09:35:00,2025/02/08 13:35:00,321,Aft_10158,221
Flt_41952,FWCS,XGOB,2025/02/08 09:35:00,2025/02/08 14:00:00,321,Aft_10127,203
Flt_41953,VBKF,EEEG,2025/02/08 09:40:00,2025/02/08 12:00:00,319,Aft_10061,142
Flt_41954,XGOB,VSBC,2025/02/08 09:45:00,2025/02/08 12:00:00,320,Aft_10098,140
Flt_41955,ZHRG,PKEY,2025/02/08 09:50:00,2025/02/08 12:30:00,320,Aft_10029,143
Flt_41956,HMAL,UQLN,2025/02/08 09:50:00,2025/02/08 11:35:00,320,Aft_10152,108
Flt_41957,NMPZ,UQLN,2025/02/08 09:50:00,2025/02/08 11:45:00,320,Aft_10076,109
Flt_41958,IZUZ,XGOB,2025/02/08 09:50:00,2025/02/08 11:25:00,319,Aft_10079,89
Flt_41959,VBKF,LUKE,2025/02/08 09:50:00,2025/02/08 12:00:00,320,Aft_10034,138
Flt_41960,OEQY,XGOB,2025/02/08 09:55:00,2025/02/08 13:00:00,321,Aft_10132,167
Flt_41961,XGOB,QHPU,2025/02/08 09:55:00,2025/02/08 13:15:00,321,Aft_10022,167
Flt_41962,GRIG,SRNH,2025/02/08 10:00:00,2025/02/08 12:25:00,320,Aft_10113,144
Flt_41963,DSXP,XGOB,2025/02/08 10:00:00,2025/02/08 13:35:00,321,Aft_10025,209
Flt_41964,CLKY,XGOB,2025/02/08 10:00:00,2025/02/08 12:10:00,320,Aft_10125,124
Flt_41965,OMLA,XGOB,2025/02/08 10:00:00,2025/02/08 12:40:00,320,Aft_10068,182
Flt_41966,PKEY,XGOB,2025/02/08 10:05:00,2025/02/08 12:15:00,321,Aft_10119,110
Flt_41967,JDEH,XGOB,2025/02/08 10:05:00,2025/02/08 13:05:00,321,Aft_10035,180
Flt_41968,AIZY,XGOB,2025/02/08 10:05:00,2025/02/08 12:10:00,319,Aft_10069,104
Flt_41969,EYCX,VTIR,2025/02/08 10:05:00,2025/02/08 12:40:00,320,Aft_10161,175
Flt_41970,IAWP,MBMY,2025/02/08 10:10:00,2025/02/08 12:45:00,320,Aft_10085,149
Flt_41971,XGOB,KAIG,2025/02/08 10:10:00,2025/02/08 13:35:00,319,Aft_10096,219
Flt_41972,VSBC,UUKJ,2025/02/08 10:10:00,2025/02/08 12:35:00,320,Aft_10060,145
Flt_41973,UQLN,MGVJ,2025/02/08 10:15:00,2025/02/08 12:20:00,321,Aft_10042,134
Flt_41974,XGOB,DDCZ,2025/02/08 10:15:00,2025/02/08 12:25:00,321,Aft_10145,149
Flt_41975,XGOB,PZRI,2025/02/08 10:20:00,2025/02/08 15:35:00,321,Aft_10135,308
Flt_41976,HMAL,BQKE,2025/02/08 10:20:00,2025/02/08 12:10:00,320,Aft_10054,105
Flt_41977,FRMU,UQLN,2025/02/08 10:20:00,2025/02/08 12:35:00,321,Aft_10033,124
Flt_41978,LXHP,DDCZ,2025/02/08 10:25:00,2025/02/08 13:10:00,320,Aft_10010,166
Flt_41979,XGOB,EYCX,2025/02/08 10:25:00,2025/02/08 12:25:00,320,Aft_10122,114
Flt_41980,FRMU,GRIG,2025/02/08 10:25:00,2025/02/08 13:00:00,320,Aft_10090,160
Flt_41981,VORI,ISAX,2025/02/08 10:25:00,2025/02/08 12:10:00,320,Aft_10077,97
Flt_41982,JDEH,UQLN,2025/02/08 10:25:00,2025/02/08 13:20:00,320,Aft_10073,177
Flt_41983,VORI,XGOB,2025/02/08 10:25:00,2025/02/08 12:20:00,321,Aft_10008,122
Flt_41984,SHIS,XGOB,2025/02/08 10:25:00,2025/02/08 12:40:00,320,Aft_10089,140
Flt_41985,XGOB,CXOJ,2025/02/08 10:25:00,2025/02/08 14:10:00,320,Aft_10087,220
Flt_41986,MBMY,FQEW,2025/02/08 10:30:00,2025/02/08 14:05:00,321,Aft_10053,194
Flt_41987,IAWP,ERHL,2025/02/08 10:30:00,2025/02/08 12:35:00,320,Aft_10052,122
Flt_41988,VTIR,CYBH,2025/02/08 10:30:00,2025/02/08 13:45:00,320,Aft_10141,181
Flt_41989,WZBQ,UQLN,2025/02/08 10:30:00,2025/02/08 13:30:00,321,Aft_10011,168
Flt_41990,SNFR,UQLN,2025/02/08 10:30:00,2025/02/08 13:40:00,321,Aft_10062,165
Flt_41991,MKHW,XGOB,2025/02/08 10:30:00,2025/02/08 12:15:00,319,Aft_10116,102
Flt_41992,URTH,XGOB,2025/02/08 10:30:00,2025/02/08 12:45:00,320,Aft_10012,128
Flt_41993,XGOB,OEQY,2025/02/08 10:35:00,2025/02/08 12:50:00,321,Aft_10038,148
Flt_41994,SXIU,LXHP,2025/02/08 10:35:00,2025/02/08 12:25:00,320,Aft_10102,115
Flt_41995,OMLA,GRIG,2025/02/08 10:40:00,2025/02/08 14:10:00,320,Aft_10048,185
Flt_41996,VSBC,UQLN,2025/02/08 10:40:00,2025/02/08 12:55:00,321,Aft_10006,134
Flt_41997,OEQY,UQLN,2025/02/08 10:40:00,2025/02/08 13:00:00,321,Aft_10036,145
Flt_41998,SRNH,XGOB,2025/02/08 10:40:00,2025/02/08 12:55:00,320,Aft_10056,128
Flt_41999,DEPY,TYUQ,2025/02/08 10:45:00,2025/02/08 12:30:00,320,Aft_10130,93
Flt_42000,ZWIO,ERHL,2025/02/08 10:45:00,2025/02/08 12:25:00,320,Aft_10081,104
Flt_42001,XBQP,GRIG,2025/02/08 10:45:00,2025/02/08 14:00:00,320,Aft_10047,181
Flt_42002,YLXQ,XGOB,2025/02/08 10:45:00,2025/02/08 12:10:00,319,Aft_10091,71
Flt_42003,SNFR,XGOB,2025/02/08 10:45:00,2025/02/08 13:50:00,320,Aft_10044,195
Flt_42004,CYBH,VTIR,2025/02/08 10:45:00,2025/02/08 13:30:00,320,Aft_10150,171
Flt_42005,EQTC,VBKF,2025/02/08 10:50:00,2025/02/08 13:25:00,320,Aft_10146,142
Flt_42006,WAVK,UQLN,2025/02/08 10:50:00,2025/02/08 13:05:00,319,Aft_10107,129
Flt_42007,XLXE,UQLN,2025/02/08 10:50:00,2025/02/08 13:15:00,321,Aft_10057,137
Flt_42008,OEQY,XGOB,2025/02/08 10:50:00,2025/02/08 13:45:00,321,Aft_10118,151
Flt_42009,HMAL,LXHP,2025/02/08 10:55:00,2025/02/08 13:45:00,319,Aft_10108,167
Flt_42010,AIZY,XGOB,2025/02/08 10:55:00,2025/02/08 13:00:00,319,Aft_10120,105
Flt_42011,AIZY,VBKF,2025/02/08 11:00:00,2025/02/08 13:35:00,319,Aft_10117,142
Flt_42012,PIEK,ERHL,2025/02/08 11:00:00,2025/02/08 12:45:00,320,Aft_10137,98
Flt_42013,XGOB,XLXE,2025/02/08 11:00:00,2025/02/08 13:35:00,321,Aft_10059,144
Flt_42014,NQQU,UQLN,2025/02/08 11:00:00,2025/02/08 13:55:00,320,Aft_10027,169
Flt_42015,BQKE,XGOB,2025/02/08 11:00:00,2025/02/08 13:25:00,321,Aft_10109,151
Flt_42016,XGOB,MQNB,2025/02/08 11:05:00,2025/02/08 13:25:00,321,Aft_10103,128
Flt_42017,JFWS,IAWP,2025/02/08 11:05:00,2025/02/08 13:05:00,319,Aft_10100,124
Flt_42018,XGOB,LUKE,2025/02/08 11:05:00,2025/02/08 12:25:00,321,Aft_10134,68
Flt_42019,CEUN,MVFV,2025/02/08 11:05:00,2025/02/08 13:10:00,320,Aft_10083,128
Flt_42020,ISAX,XGOB,2025/02/08 11:10:00,2025/02/08 14:20:00,321,Aft_10050,183
Flt_42021,LXHP,XGOB,2025/02/08 11:10:00,2025/02/08 13:50:00,320,Aft_10063,158
Flt_42022,OSYY,XGOB,2025/02/08 11:25:00,2025/02/08 13:40:00,321,Aft_10114,134
Flt_42023,HEYQ,GRIG,2025/02/08 11:25:00,2025/02/08 14:45:00,320,Aft_10055,208
Flt_42024,NJCK,GRIG,2025/02/08 11:25:00,2025/02/08 12:55:00,320,Aft_10139,86
Flt_42025,ERHL,XGOB,2025/02/08 11:25:00,2025/02/08 13:20:00,320,Aft_10133,100
Flt_42026,IAWP,CXOJ,2025/02/08 11:25:00,2025/02/08 14:50:00,320,Aft_10143,200
Flt_42027,ZCUA,XGOB,2025/02/08 11:30:00,2025/02/08 14:15:00,320,Aft_10075,155
Flt_42028,VBKF,GRIG,2025/02/08 11:30:00,2025/02/08 14:00:00,320,Aft_10040,128
Flt_42029,XGOB,ERHL,2025/02/08 11:35:00,2025/02/08 13:25:00,320,Aft_10128,123
Flt_42030,FRMU,SNFR,2025/02/08 11:35:00,2025/02/08 13:35:00,320,Aft_10067,120
Flt_42031,MVFV,XGOB,2025/02/08 11:35:00,2025/02/08 16:15:00,321,Aft_10148,257
Flt_42032,XGOB,FQEW,2025/02/08 11:40:00,2025/02/08 13:45:00,319,Aft_10009,110
Flt_42033,XGOB,CILH,2025/02/08 11:40:00,2025/02/08 13:50:00,320,Aft_10074,141
Flt_42034,WZBQ,XGOB,2025/02/08 11:40:00,2025/02/08 14:40:00,321,Aft_10106,197
Flt_42035,IDKG,XGOB,2025/02/08 11:40:00,2025/02/08 16:25:00,321,Aft_10013,270
Flt_42036,LXHP,IDKG,2025/02/08 11:40:00,2025/02/08 13:40:00,321,Aft_10002,138
Flt_42037,VSBC,JDEH,2025/02/08 11:45:00,2025/02/08 15:30:00,321,Aft_10024,226
Flt_42038,BVWV,XBQP,2025/02/08 11:45:00,2025/02/08 13:10:00,319,Aft_10110,92
Flt_42039,XGOB,DYXX,2025/02/08 11:45:00,2025/02/08 14:25:00,320,Aft_10157,165
Flt_42040,EYCX,XGOB,2025/02/08 11:45:00,2025/02/08 14:10:00,320,Aft_10020,146
Flt_42041,VBRA,HMAL,2025/02/08 11:50:00,2025/02/08 13:55:00,321,Aft_10031,136
Flt_42042,XNVE,FQEW,2025/02/08 11:50:00,2025/02/08 14:50:00,321,Aft_10014,143
Flt_42043,EYCX,ERHL,2025/02/08 11:50:00,2025/02/08 15:15:00,320,Aft_10051,218
Flt_42044,VTIR,UQLN,2025/02/08 11:50:00,2025/02/08 16:20:00,321,Aft_10046,255
Flt_42045,JFWS,XGOB,2025/02/08 11:50:00,2025/02/08 14:05:00,319,Aft_10153,126
Flt_42046,XLXE,XGOB,2025/02/08 11:50:00,2025/02/08 14:40:00,321,Aft_10095,168
Flt_42047,OSYY,UQLN,2025/02/08 11:55:00,2025/02/08 14:00:00,320,Aft_10121,125
Flt_42048,DEPY,XGOB,2025/02/08 11:55:00,2025/02/08 14:05:00,321,Aft_10140,94
Flt_42049,CYBH,XGOB,2025/02/08 11:55:00,2025/02/08 15:35:00,321,Aft_10065,207
Flt_42050,VTIR,XGOB,2025/02/08 11:55:00,2025/02/08 16:45:00,321,Aft_10041,263
Flt_42051,VSBC,XGOB,2025/02/08 11:55:00,2025/02/08 14:25:00,321,Aft_10149,160
Flt_42052,XGOB,SXJJ,2025/02/08 11:55:00,2025/02/08 16:00:00,319,Aft_10129,246
Flt_42053,OMLA,VSBC,2025/02/08 12:00:00,2025/02/08 14:55:00,320,Aft_10049,184
Flt_42054,VORI,HBNQ,2025/02/08 12:00:00,2025/02/08 13:35:00,321,Aft_10151,104
Flt_42055,ERHL,XGOB,2025/02/08 12:00:00,2025/02/08 13:45:00,320,Aft_10084,104
Flt_42056,GRIG,XGOB,2025/02/08 12:00:00,2025/02/08 13:30:00,320,Aft_10086,93
Flt_42057,MVFV,UQLN,2025/02/08 12:05:00,2025/02/08 16:00:00,321,Aft_10021,232
Flt_42058,ERHL,UQLN,2025/02/08 12:05:00,2025/02/08 14:05:00,320,Aft_10037,112
Flt_42059,PKEY,UQLN,2025/02/08 12:05:00,2025/02/08 14:05:00,320,Aft_10028,108
Flt_42060,CEUN,XGOB,2025/02/08 12:05:00,2025/02/08 15:00:00,320,Aft_10092,184
Flt_42061,GGQY,NZZO,2025/02/08 12:05:00,2025/02/08 13:20:00,321,Aft_10147,70
Flt_42062,VBKF,OSYY,2025/02/08 12:10:00,2025/02/08 14:40:00,320,Aft_10005,174
Flt_42063,CLVM,ERHL,2025/02/08 12:10:00,2025/02/08 14:00:00,319,Aft_10131,106
Flt_42064,XGOB,LXHP,2025/02/08 12:10:00,2025/02/08 14:35:00,320,Aft_10023,126
Flt_42065,FFJA,UQLN,2025/02/08 12:10:00,2025/02/08 14:50:00,320,Aft_10123,159
Flt_42066,PADI,XGOB,2025/02/08 12:10:00,2025/02/08 15:35:00,320,Aft_10104,202
Flt_42067,IXQM,SNFR,2025/02/08 12:15:00,2025/02/08 14:30:00,320,Aft_10007,143
Flt_42068,XGOB,WAVK,2025/02/08 12:15:00,2025/02/08 14:20:00,321,Aft_10138,119
Flt_42069,JFWS,XGOB,2025/02/08 12:20:00,2025/02/08 14:15:00,319,Aft_10112,133
Flt_42070,QFGG,HMAL,2025/02/08 12:25:00,2025/02/08 14:30:00,320,Aft_10093,136
Flt_42071,JFWS,UQLN,2025/02/08 12:25:00,2025/02/08 15:05:00,319,Aft_10058,133
Flt_42072,AIZY,UQLN,2025/02/08 12:25:00,2025/02/08 15:00:00,319,Aft_10097,120
Flt_42073,NMPZ,JFWS,2025/02/08 12:25:00,2025/02/08 14:55:00,319,Aft_10136,136
Flt_42074,XGOB,JFWS,2025/02/08 12:30:00,2025/02/08 15:15:00,319,Aft_10079,160
Flt_42075,XBQP,XGOB,2025/02/08 12:30:00,2025/02/08 15:50:00,321,Aft_10080,189
Flt_42076,XGOB,OSYY,2025/02/08 12:35:00,2025/02/08 14:40:00,321,Aft_10030,109
Flt_42077,MGVJ,XGOB,2025/02/08 12:35:00,2025/02/08 15:25:00,320,Aft_10045,163
Flt_42078,GRIG,RSIH,2025/02/08 12:35:00,2025/02/08 14:20:00,320,Aft_10015,101
Flt_42079,NQQU,XGOB,2025/02/08 12:40:00,2025/02/08 15:45:00,321,Aft_10094,184
Flt_42080,XGOB,WVMU,2025/02/08 12:45:00,2025/02/08 17:15:00,320,Aft_10144,265
Flt_42081,UQLN,XLXE,2025/02/08 12:50:00,2025/02/08 14:45:00,321,Aft_10026,113
Flt_42082,XGOB,CYBH,2025/02/08 12:50:00,2025/02/08 15:15:00,320,Aft_10154,143
Flt_42083,LUKE,PIEK,2025/02/08 12:50:00,2025/02/08 13:45:00,320,Aft_10034,49
Flt_42084,NQQU,XGOB,2025/02/08 12:50:00,2025/02/08 16:15:00,319,Aft_10019,190
Flt_42085,XGOB,CXOJ,2025/02/08 12:50:00,2025/02/08 16:50:00,320,Aft_10105,216
Flt_42086,CXOJ,XGOB,2025/02/08 12:55:00,2025/02/08 17:00:00,321,Aft_10156,198
Flt_42087,ISAX,VORI,2025/02/08 12:55:00,2025/02/08 14:50:00,320,Aft_10077,118
Flt_42088,UQLN,OEQY,2025/02/08 12:55:00,2025/02/08 15:00:00,320,Aft_10152,124
Flt_42089,UQLN,VBRA,2025/02/08 12:55:00,2025/02/08 14:35:00,320,Aft_10076,94
Flt_42090,CEUN,ZWIO,2025/02/08 12:55:00,2025/02/08 15:40:00,320,Aft_10111,175
Flt_42091,FRMU,XGOB,2025/02/08 12:55:00,2025/02/08 15:30:00,321,Aft_10032,158
Flt_42092,MBMY,VTIR,2025/02/08 12:55:00,2025/02/08 17:55:00,321,Aft_10142,307
Flt_42093,UQLN,WZBQ,2025/02/08 13:00:00,2025/02/08 15:35:00,320,Aft_10072,141
Flt_42094,EEEG,VBKF,2025/02/08 13:00:00,2025/02/08 15:00:00,319,Aft_10061,105
Flt_42095,CYBH,VTIR,2025/02/08 13:00:00,2025/02/08 15:50:00,321,Aft_10082,175
Flt_42096,MGVJ,UQLN,2025/02/08 13:05:00,2025/02/08 15:35:00,321,Aft_10042,157
Flt_42097,VSBC,XGOB,2025/02/08 13:05:00,2025/02/08 15:25:00,320,Aft_10098,144
Flt_42098,XGOB,NMPZ,2025/02/08 13:05:00,2025/02/08 14:50:00,319,Aft_10091,96
Flt_42099,CXOJ,XGOB,2025/02/08 13:05:00,2025/02/08 17:00:00,321,Aft_10003,217
Flt_42100,DDCZ,XGOB,2025/02/08 13:10:00,2025/02/08 15:45:00,321,Aft_10145,164
Flt_42101,BQKE,JDEH,2025/02/08 13:10:00,2025/02/08 15:30:00,320,Aft_10054,137
Flt_42102,CLVM,FRMU,2025/02/08 13:10:00,2025/02/08 15:30:00,320,Aft_10101,118
Flt_42103,OEQY,VBKF,2025/02/08 13:10:00,2025/02/08 16:05:00,320,Aft_10088,155
Flt_42104,LXHP,GRIG,2025/02/08 13:10:00,2025/02/08 16:25:00,320,Aft_10099,205
Flt_42105,ERHL,ZWIO,2025/02/08 13:10:00,2025/02/08 14:45:00,320,Aft_10081,92
Flt_42106,UUKJ,XGOB,2025/02/08 13:10:00,2025/02/08 16:15:00,321,Aft_10043,166
Flt_42107,LUKE,XGOB,2025/02/08 13:10:00,2025/02/08 14:25:00,321,Aft_10134,65
Flt_42108,SRNH,IDKG,2025/02/08 13:10:00,2025/02/08 15:45:00,320,Aft_10113,169
Flt_42109,LXHP,SXIU,2025/02/08 13:15:00,2025/02/08 15:30:00,320,Aft_10102,144
Flt_42110,XGOB,ENRV,2025/02/08 13:15:00,2025/02/08 15:15:00,319,Aft_10116,119
Flt_42111,XGOB,PKEY,2025/02/08 13:15:00,2025/02/08 15:00:00,320,Aft_10125,120
Flt_42112,TYUQ,DEPY,2025/02/08 13:15:00,2025/02/08 14:45:00,320,Aft_10130,89
Flt_42113,XGOB,WIMM,2025/02/08 13:15:00,2025/02/08 14:20:00,319,Aft_10066,63
Flt_42114,PIEK,SNFR,2025/02/08 13:20:00,2025/02/08 15:55:00,320,Aft_10078,140
Flt_42115,XGOB,VBRA,2025/02/08 13:20:00,2025/02/08 15:05:00,320,Aft_10012,97
Flt_42116,XGOB,ERHL,2025/02/08 13:20:00,2025/02/08 15:25:00,319,Aft_10069,134
Flt_42117,XGOB,CEUN,2025/02/08 13:20:00,2025/02/08 15:40:00,321,Aft_10119,129
Flt_42118,XGOB,CZCU,2025/02/08 13:20:00,2025/02/08 17:20:00,320,Aft_10039,231
Flt_42119,XGOB,OEQY,2025/02/08 13:25:00,2025/02/08 15:40:00,321,Aft_10008,132
Flt_42120,EYCX,IDKG,2025/02/08 13:25:00,2025/02/08 16:10:00,320,Aft_10122,170
Flt_42121,XGOB,WZBQ,2025/02/08 13:30:00,2025/02/08 16:15:00,321,Aft_10004,148
Flt_42122,ERHL,PIEK,2025/02/08 13:30:00,2025/02/08 15:15:00,320,Aft_10137,103
Flt_42123,CKHG,XGOB,2025/02/08 13:30:00,2025/02/08 17:30:00,320,Aft_10124,240
Flt_42124,UQLN,FRMU,2025/02/08 13:35:00,2025/02/08 15:30:00,321,Aft_10033,120
Flt_42125,PKEY,ZHRG,2025/02/08 13:35:00,2025/02/08 16:15:00,320,Aft_10029,157
Flt_42126,UUKJ,VSBC,2025/02/08 13:35:00,2025/02/08 16:20:00,320,Aft_10060,131
Flt_42127,XGOB,FRMU,2025/02/08 13:40:00,2025/02/08 16:05:00,320,Aft_10068,147
Flt_42128,WZBQ,XGOB,2025/02/08 13:40:00,2025/02/08 17:00:00,321,Aft_10016,185
Flt_42129,GRIG,SNFR,2025/02/08 13:50:00,2025/02/08 16:35:00,320,Aft_10071,162
Flt_42130,IAWP,JFWS,2025/02/08 13:50:00,2025/02/08 16:15:00,319,Aft_10100,155
Flt_42131,XGOB,JDEH,2025/02/08 13:55:00,2025/02/08 16:40:00,321,Aft_10035,152
Flt_42132,XGOB,GTVX,2025/02/08 13:55:00,2025/02/08 19:00:00,320,Aft_10089,289
Flt_42133,UQLN,VORI,2025/02/08 14:00:00,2025/02/08 15:25:00,321,Aft_10006,90
Flt_42134,CKRF,XGOB,2025/02/08 14:00:00,2025/02/08 17:55:00,320,Aft_10126,216
Flt_42135,NZZO,GGQY,2025/02/08 14:05:00,2025/02/08 15:25:00,321,Aft_10147,78
Flt_42136,GRIG,QFGG,2025/02/08 14:05:00,2025/02/08 16:05:00,320,Aft_10090,111
Flt_42137,ERHL,XGOB,2025/02/08 14:10:00,2025/02/08 15:40:00,320,Aft_10128,103
Flt_42138,XGOB,PADI,2025/02/08 14:10:00,2025/02/08 16:40:00,320,Aft_10056,164
Flt_42139,XGOB,FCHN,2025/02/08 14:10:00,2025/02/08 16:05:00,319,Aft_10120,110
Flt_42140,UQLN,BQKE,2025/02/08 14:10:00,2025/02/08 15:50:00,319,Aft_10107,94
Flt_42141,XBQP,BVWV,2025/02/08 14:10:00,2025/02/08 15:50:00,319,Aft_10110,116
Flt_42142,QHPU,XGOB,2025/02/08 14:15:00,2025/02/08 17:50:00,321,Aft_10022,222
Flt_42143,MQNB,XGOB,2025/02/08 14:15:00,2025/02/08 17:05:00,321,Aft_10103,171
Flt_42144,HBNQ,VORI,2025/02/08 14:20:00,2025/02/08 16:10:00,321,Aft_10151,124
Flt_42145,UQLN,EYCX,2025/02/08 14:20:00,2025/02/08 16:00:00,320,Aft_10073,111
Flt_42146,NQQU,VSBC,2025/02/08 14:20:00,2025/02/08 17:10:00,320,Aft_10064,153
Flt_42147,DDCZ,LXHP,2025/02/08 14:20:00,2025/02/08 16:45:00,320,Aft_10010,145
Flt_42148,MVFV,CEUN,2025/02/08 14:20:00,2025/02/08 16:30:00,320,Aft_10083,127
Flt_42149,ERHL,IAWP,2025/02/08 14:25:00,2025/02/08 16:30:00,320,Aft_10052,113
Flt_42150,PIEK,HEYQ,2025/02/08 14:30:00,2025/02/08 16:55:00,320,Aft_10034,141
Flt_42151,XGOB,MVFV,2025/02/08 14:30:00,2025/02/08 17:40:00,320,Aft_10133,188
Flt_42152,LXHP,HMAL,2025/02/08 14:35:00,2025/02/08 17:50:00,319,Aft_10108,198
Flt_42153,KAIG,XGOB,2025/02/08 14:35:00,2025/02/08 17:35:00,319,Aft_10096,146
Flt_42154,FQEW,XGOB,2025/02/08 14:35:00,2025/02/08 17:15:00,319,Aft_10009,131
Flt_42155,XGOB,OEQY,2025/02/08 14:40:00,2025/02/08 17:10:00,320,Aft_10086,133
Flt_42156,XGOB,FWCS,2025/02/08 14:40:00,2025/02/08 18:40:00,321,Aft_10025,239
Flt_42157,XGOB,OTPS,2025/02/08 14:40:00,2025/02/08 18:15:00,321,Aft_10109,218
Flt_42158,VTIR,CYBH,2025/02/08 14:40:00,2025/02/08 17:40:00,321,Aft_10017,170
Flt_42159,UQLN,SNFR,2025/02/08 14:45:00,2025/02/08 17:00:00,321,Aft_10011,124
Flt_42160,UQLN,DDCZ,2025/02/08 14:45:00,2025/02/08 16:55:00,320,Aft_10121,130
Flt_42161,ERHL,CLVM,2025/02/08 14:45:00,2025/02/08 16:20:00,319,Aft_10131,91
Flt_42162,SNFR,IDKG,2025/02/08 14:45:00,2025/02/08 17:45:00,320,Aft_10067,189
Flt_42163,VTIR,EYCX,2025/02/08 14:50:00,2025/02/08 18:00:00,320,Aft_10161,177
Flt_42164,IDKG,LXHP,2025/02/08 14:50:00,2025/02/08 16:55:00,321,Aft_10002,144
Flt_42165,XGOB,DKZJ,2025/02/08 14:50:00,2025/02/08 18:55:00,320,Aft_10084,233
Flt_42166,XGOB,UIOI,2025/02/08 14:55:00,2025/02/08 17:35:00,321,Aft_10114,160
Flt_42167,VTIR,XLXE,2025/02/08 14:55:00,2025/02/08 18:05:00,320,Aft_10150,178
Flt_42168,XGOB,EQTC,2025/02/08 14:55:00,2025/02/08 17:40:00,320,Aft_10063,134
Flt_42169,XLXE,XGOB,2025/02/08 14:55:00,2025/02/08 17:45:00,321,Aft_10059,167
Flt_42170,GRIG,XGOB,2025/02/08 14:55:00,2025/02/08 16:45:00,320,Aft_10048,96
Flt_42171,CYBH,VTIR,2025/02/08 14:55:00,2025/02/08 18:00:00,320,Aft_10141,163
Flt_42172,FQEW,MVFV,2025/02/08 14:55:00,2025/02/08 16:55:00,321,Aft_10053,112
Flt_42173,XGOB,VMTM,2025/02/08 15:00:00,2025/02/08 16:50:00,319,Aft_10153,112
Flt_42174,XGOB,SNFR,2025/02/08 15:00:00,2025/02/08 17:40:00,321,Aft_10115,136
Flt_42175,XGOB,XLXE,2025/02/08 15:00:00,2025/02/08 17:30:00,320,Aft_10044,128
Flt_42176,XGOB,FFJA,2025/02/08 15:00:00,2025/02/08 17:30:00,321,Aft_10118,139
Flt_42177,CILH,XGOB,2025/02/08 15:00:00,2025/02/08 17:40:00,320,Aft_10074,150
Flt_42178,GRIG,VBKF,2025/02/08 15:05:00,2025/02/08 17:05:00,320,Aft_10018,131
Flt_42179,RSIH,XLXE,2025/02/08 15:05:00,2025/02/08 16:45:00,320,Aft_10015,90
Flt_42180,WIMM,ASBZ,2025/02/08 15:05:00,2025/02/08 17:30:00,319,Aft_10066,146
Flt_42181,UQLN,VTIR,2025/02/08 15:05:00,2025/02/08 18:30:00,321,Aft_10057,216
Flt_42182,CXOJ,WZBQ,2025/02/08 15:10:00,2025/02/08 19:15:00,320,Aft_10087,242
Flt_42183,HMAL,VBRA,2025/02/08 15:10:00,2025/02/08 17:05:00,321,Aft_10031,103
Flt_42184,YLTL,XGOB,2025/02/08 15:10:00,2025/02/08 20:35:00,321,Aft_10158,350
Flt_42185,DYXX,QHPU,2025/02/08 15:10:00,2025/02/08 16:15:00,320,Aft_10157,73
Flt_42186,UQLN,ERHL,2025/02/08 15:15:00,2025/02/08 17:20:00,320,Aft_10037,118
Flt_42187,UQLN,GRIG,2025/02/08 15:15:00,2025/02/08 16:50:00,320,Aft_10028,83
Flt_42188,WAVK,XGOB,2025/02/08 15:20:00,2025/02/08 17:50:00,321,Aft_10138,163
Flt_42189,OSYY,VBKF,2025/02/08 15:25:00,2025/02/08 17:55:00,320,Aft_10005,151
Flt_42190,OSYY,XGOB,2025/02/08 15:25:00,2025/02/08 17:40:00,321,Aft_10030,122
Flt_42191,XGOB,UUKJ,2025/02/08 15:25:00,2025/02/08 18:45:00,321,Aft_10127,193
Flt_42192,OEQY,XGOB,2025/02/08 15:25:00,2025/02/08 18:00:00,321,Aft_10038,166
Flt_42193,HMAL,QFGG,2025/02/08 15:30:00,2025/02/08 17:35:00,320,Aft_10093,127
Flt_42194,XGOB,WZBQ,2025/02/08 15:30:00,2025/02/08 18:15:00,321,Aft_10134,144
Flt_42195,XGOB,VORI,2025/02/08 15:30:00,2025/02/08 17:20:00,320,Aft_10020,99
Flt_42196,XGOB,DEPY,2025/02/08 15:30:00,2025/02/08 17:05:00,321,Aft_10140,85
Flt_42197,UQLN,QHPU,2025/02/08 15:30:00,2025/02/08 18:15:00,321,Aft_10062,166
Flt_42198,ZWIO,SNFR,2025/02/08 15:35:00,2025/02/08 17:35:00,320,Aft_10081,125
Flt_42199,XGOB,DDCZ,2025/02/08 15:35:00,2025/02/08 18:10:00,321,Aft_10149,150
Flt_42200,JFWS,NMPZ,2025/02/08 15:35:00,2025/02/08 17:35:00,319,Aft_10136,118
Flt_42201,DEPY,SNFR,2025/02/08 15:35:00,2025/02/08 18:25:00,320,Aft_10130,168
Flt_42202,SNFR,VTIR,2025/02/08 15:40:00,2025/02/08 19:15:00,320,Aft_10071,195
Flt_42203,UQLN,FWCS,2025/02/08 15:40:00,2025/02/08 19:50:00,320,Aft_10027,240
Flt_42204,FQEW,XNVE,2025/02/08 15:40:00,2025/02/08 18:25:00,321,Aft_10014,142
Flt_42205,RENC,XGOB,2025/02/08 15:40:00,2025/02/08 21:45:00,321,Aft_10155,421
Flt_42206,NMPZ,XGOB,2025/02/08 15:40:00,2025/02/08 17:35:00,319,Aft_10091,84
Flt_42207,LXHP,XGOB,2025/02/08 15:40:00,2025/02/08 18:30:00,320,Aft_10023,173
Flt_42208,XLXE,UQLN,2025/02/08 15:50:00,2025/02/08 18:20:00,321,Aft_10026,146
Flt_42209,PKEY,XGOB,2025/02/08 15:50:00,2025/02/08 17:55:00,320,Aft_10125,119
Flt_42210,VORI,CLVM,2025/02/08 15:50:00,2025/02/08 17:50:00,320,Aft_10077,112
Flt_42211,ERHL,EYCX,2025/02/08 16:00:00,2025/02/08 18:55:00,320,Aft_10051,161
Flt_42212,XGOB,NJTU,2025/02/08 16:00:00,2025/02/08 18:35:00,320,Aft_10045,139
Flt_42213,PIEK,VBKF,2025/02/08 16:00:00,2025/02/08 17:40:00,320,Aft_10137,96
Flt_42214,GRIG,HEYQ,2025/02/08 16:00:00,2025/02/08 18:40:00,320,Aft_10040,154
Flt_42215,XGOB,CYBH,2025/02/08 16:00:00,2025/02/08 18:40:00,321,Aft_10095,147
Flt_42216,ENRV,XGOB,2025/02/08 16:00:00,2025/02/08 18:25:00,319,Aft_10116,136
Flt_42217,UQLN,UUKJ,2025/02/08 16:05:00,2025/02/08 19:20:00,320,Aft_10123,202
Flt_42218,UQLN,XBQP,2025/02/08 16:05:00,2025/02/08 18:20:00,321,Aft_10036,131
Flt_42219,VSBC,OMLA,2025/02/08 16:05:00,2025/02/08 18:50:00,320,Aft_10049,159
Flt_42220,XGOB,NQQU,2025/02/08 16:05:00,2025/02/08 18:45:00,320,Aft_10092,150
Flt_42221,VBRA,UQLN,2025/02/08 16:05:00,2025/02/08 17:45:00,320,Aft_10012,95
Flt_42222,XGOB,FRMU,2025/02/08 16:10:00,2025/02/08 18:35:00,321,Aft_10106,142
Flt_42223,VBKF,JFWS,2025/02/08 16:10:00,2025/02/08 19:35:00,319,Aft_10117,220
Flt_42224,VBRA,XGOB,2025/02/08 16:10:00,2025/02/08 18:10:00,320,Aft_10076,124
Flt_42225,ERHL,XGOB,2025/02/08 16:10:00,2025/02/08 18:05:00,319,Aft_10069,108
Flt_42226,SXIU,GRIG,2025/02/08 16:15:00,2025/02/08 18:05:00,320,Aft_10102,102
Flt_42227,OEQY,UQLN,2025/02/08 16:15:00,2025/02/08 18:30:00,320,Aft_10152,144
Flt_42228,GGQY,XGOB,2025/02/08 16:15:00,2025/02/08 19:35:00,321,Aft_10147,190
Flt_42229,CXOJ,IAWP,2025/02/08 16:20:00,2025/02/08 19:40:00,320,Aft_10143,184
Flt_42230,JFWS,XGOB,2025/02/08 16:20:00,2025/02/08 18:15:00,319,Aft_10079,124
Flt_42231,VORI,UQLN,2025/02/08 16:25:00,2025/02/08 18:10:00,321,Aft_10006,95
Flt_42232,CEUN,XGOB,2025/02/08 16:25:00,2025/02/08 19:10:00,321,Aft_10119,178
Flt_42233,XGOB,LUKE,2025/02/08 16:30:00,2025/02/08 17:30:00,320,Aft_10098,68
Flt_42234,JDEH,BQKE,2025/02/08 16:30:00,2025/02/08 18:45:00,320,Aft_10054,145
Flt_42235,CYBH,XGOB,2025/02/08 16:30:00,2025/02/08 19:55:00,320,Aft_10154,202
Flt_42236,GRIG,XLXE,2025/02/08 16:35:00,2025/02/08 19:10:00,320,Aft_10047,138
Flt_42237,BVWV,XGOB,2025/02/08 16:35:00,2025/02/08 18:45:00,319,Aft_10110,137
Flt_42238,IDKG,SRNH,2025/02/08 16:40:00,2025/02/08 19:35:00,320,Aft_10113,167
Flt_42239,ZWIO,CEUN,2025/02/08 16:40:00,2025/02/08 18:55:00,320,Aft_10111,126
Flt_42240,MBMY,WZBQ,2025/02/08 16:40:00,2025/02/08 20:40:00,320,Aft_10085,223
Flt_42241,UQLN,VSBC,2025/02/08 16:40:00,2025/02/08 18:40:00,321,Aft_10046,116
Flt_42242,BQKE,TIMH,2025/02/08 16:40:00,2025/02/08 18:00:00,319,Aft_10107,78
Flt_42243,FRMU,UQLN,2025/02/08 16:45:00,2025/02/08 18:55:00,321,Aft_10033,130
Flt_42244,XGOB,OEQY,2025/02/08 16:45:00,2025/02/08 19:00:00,320,Aft_10128,137
Flt_42245,FRMU,PIEK,2025/02/08 16:45:00,2025/02/08 18:55:00,320,Aft_10101,123
Flt_42246,XGOB,DDCZ,2025/02/08 16:50:00,2025/02/08 19:15:00,320,Aft_10075,151
Flt_42247,VBKF,OSYY,2025/02/08 16:50:00,2025/02/08 19:40:00,320,Aft_10146,162
Flt_42248,QFGG,LXHP,2025/02/08 16:50:00,2025/02/08 19:00:00,320,Aft_10090,110
Flt_42249,JDEH,HEYQ,2025/02/08 16:50:00,2025/02/08 18:55:00,321,Aft_10024,139
Flt_42250,VTIR,CYBH,2025/02/08 16:50:00,2025/02/08 20:10:00,321,Aft_10082,175
Flt_42251,WZBQ,UQLN,2025/02/08 16:50:00,2025/02/08 20:00:00,320,Aft_10072,160
Flt_42252,FCHN,XGOB,2025/02/08 16:50:00,2025/02/08 18:35:00,319,Aft_10120,88
Flt_42253,XGOB,XBQP,2025/02/08 16:55:00,2025/02/08 19:35:00,321,Aft_10132,157
Flt_42254,GRIG,HEYQ,2025/02/08 16:55:00,2025/02/08 19:35:00,320,Aft_10055,151
Flt_42255,UQLN,HEYQ,2025/02/08 16:55:00,2025/02/08 19:10:00,319,Aft_10097,129
Flt_42256,OEQY,XGOB,2025/02/08 16:55:00,2025/02/08 20:00:00,321,Aft_10008,160
Flt_42257,XGOB,VSBC,2025/02/08 17:00:00,2025/02/08 19:05:00,321,Aft_10094,131
Flt_42258,IDKG,EYCX,2025/02/08 17:00:00,2025/02/08 19:50:00,320,Aft_10122,165
Flt_42259,PZRI,XGOB,2025/02/08 17:00:00,2025/02/08 21:30:00,321,Aft_10135,250
Flt_42260,SXJJ,XGOB,2025/02/08 17:00:00,2025/02/08 21:00:00,319,Aft_10129,226
Flt_42261,UQLN,XLXE,2025/02/08 17:05:00,2025/02/08 18:55:00,321,Aft_10021,115
Flt_42262,CLVM,SNFR,2025/02/08 17:05:00,2025/02/08 19:35:00,319,Aft_10131,134
Flt_42263,EYCX,UQLN,2025/02/08 17:05:00,2025/02/08 19:20:00,320,Aft_10073,118
Flt_42264,XGOB,MVFV,2025/02/08 17:05:00,2025/02/08 20:35:00,321,Aft_10080,193
Flt_42265,FRMU,XGOB,2025/02/08 17:10:00,2025/02/08 19:30:00,320,Aft_10068,135
Flt_42266,SNFR,MKHW,2025/02/08 17:15:00,2025/02/08 21:10:00,320,Aft_10078,251
Flt_42267,IAWP,WZBQ,2025/02/08 17:15:00,2025/02/08 19:55:00,320,Aft_10052,145
Flt_42268,XGOB,EYCX,2025/02/08 17:15:00,2025/02/08 19:15:00,321,Aft_10032,99
Flt_42269,XGOB,HEYQ,2025/02/08 17:15:00,2025/02/08 20:00:00,321,Aft_10145,147
Flt_42270,VORI,XGOB,2025/02/08 17:15:00,2025/02/08 19:30:00,321,Aft_10151,124
Flt_42271,VBKF,IDKG,2025/02/08 17:15:00,2025/02/08 20:10:00,320,Aft_10088,174
Flt_42272,XGOB,ZSVF,2025/02/08 17:20:00,2025/02/08 18:50:00,321,Aft_10043,97
Flt_42273,GRIG,GZHS,2025/02/08 17:20:00,2025/02/08 20:15:00,320,Aft_10139,147
Flt_42274,QHPU,DYXX,2025/02/08 17:20:00,2025/02/08 18:40:00,320,Aft_10157,70
Flt_42275,VBKF,GGQY,2025/02/08 17:20:00,2025/02/08 19:25:00,319,Aft_10061,121
Flt_42276,ZHRG,MBMY,2025/02/08 17:25:00,2025/02/08 19:10:00,320,Aft_10029,100
Flt_42277,XGOB,WZBQ,2025/02/08 17:30:00,2025/02/08 20:15:00,321,Aft_10013,143
Flt_42278,CEUN,GRIG,2025/02/08 17:30:00,2025/02/08 20:45:00,320,Aft_10083,194
Flt_42279,JFWS,UQLN,2025/02/08 17:30:00,2025/02/08 19:45:00,319,Aft_10100,143
Flt_42280,PADI,XGOB,2025/02/08 17:30:00,2025/02/08 20:35:00,320,Aft_10056,208
Flt_42281,VMTM,XGOB,2025/02/08 17:35:00,2025/02/08 19:15:00,319,Aft_10153,87
Flt_42282,DDCZ,UQLN,2025/02/08 17:40:00,2025/02/08 20:00:00,320,Aft_10121,152
Flt_42283,WZBQ,XGOB,2025/02/08 17:40:00,2025/02/08 21:00:00,321,Aft_10004,177
Flt_42284,JDEH,XGOB,2025/02/08 17:45:00,2025/02/08 21:00:00,321,Aft_10035,195
Flt_42285,LXHP,VTIR,2025/02/08 17:45:00,2025/02/08 20:15:00,320,Aft_10010,129
Flt_42286,SNFR,FRMU,2025/02/08 17:50:00,2025/02/08 20:30:00,320,Aft_10081,150
Flt_42287,HEYQ,PIEK,2025/02/08 17:55:00,2025/02/08 21:10:00,320,Aft_10034,188
Flt_42288,MVFV,FQEW,2025/02/08 17:55:00,2025/02/08 20:10:00,321,Aft_10053,138
Flt_42289,XGOB,FCHN,2025/02/08 17:55:00,2025/02/08 20:05:00,319,Aft_10019,106
Flt_42290,DEPY,ZWIO,2025/02/08 17:55:00,2025/02/08 20:10:00,321,Aft_10140,138
Flt_42291,XLXE,RSIH,2025/02/08 17:55:00,2025/02/08 20:00:00,320,Aft_10015,120
Flt_42292,UQLN,PADI,2025/02/08 18:00:00,2025/02/08 20:15:00,319,Aft_10058,138
Flt_42293,VSBC,UQLN,2025/02/08 18:00:00,2025/02/08 20:05:00,320,Aft_10060,127
Flt_42294,WVMU,XGOB,2025/02/08 18:00:00,2025/02/08 22:10:00,320,Aft_10144,236
Flt_42295,CXOJ,XGOB,2025/02/08 18:00:00,2025/02/08 21:45:00,320,Aft_10105,199
Flt_42296,XGOB,EVWP,2025/02/08 18:05:00,2025/02/08 20:20:00,321,Aft_10016,135
Flt_42297,XGOB,QFPG,2025/02/08 18:05:00,2025/02/08 20:20:00,321,Aft_10065,134
Flt_42298,LXHP,MBMY,2025/02/08 18:05:00,2025/02/08 21:40:00,321,Aft_10002,250
Flt_42299,XGOB,SNFR,2025/02/08 18:05:00,2025/02/08 20:35:00,321,Aft_10041,133
Flt_42300,ERHL,LXHP,2025/02/08 18:05:00,2025/02/08 21:35:00,320,Aft_10037,181
Flt_42301,GRIG,CYBH,2025/02/08 18:05:00,2025/02/08 21:00:00,320,Aft_10028,164
Flt_42302,CZCU,XGOB,2025/02/08 18:05:00,2025/02/08 22:00:00,320,Aft_10039,211
Flt_42303,VBRA,VTIR,2025/02/08 18:05:00,2025/02/08 21:30:00,321,Aft_10031,181
Flt_42304,VSBC,NQQU,2025/02/08 18:15:00,2025/02/08 20:25:00,320,Aft_10064,141
Flt_42305,XGOB,VORI,2025/02/08 18:15:00,2025/02/08 20:10:00,320,Aft_10104,106
Flt_42306,ASBZ,WIMM,2025/02/08 18:15:00,2025/02/08 21:00:00,319,Aft_10066,170
Flt_42307,VBKF,CXOJ,2025/02/08 18:15:00,2025/02/08 21:55:00,320,Aft_10018,230
Flt_42308,QFGG,CXOJ,2025/02/08 18:20:00,2025/02/08 21:50:00,320,Aft_10093,210
Flt_42309,VORI,XGOB,2025/02/08 18:20:00,2025/02/08 20:00:00,320,Aft_10020,114
Flt_42310,NMPZ,CXOJ,2025/02/08 18:20:00,2025/02/08 20:55:00,319,Aft_10136,156
Flt_42311,XGOB,NRTE,2025/02/08 18:35:00,2025/02/08 23:20:00,321,Aft_10103,288
Flt_42312,CLVM,WZBQ,2025/02/08 18:35:00,2025/02/08 21:10:00,320,Aft_10077,147
Flt_42313,IDKG,SNFR,2025/02/08 18:35:00,2025/02/08 21:35:00,320,Aft_10067,184
Flt_42314,XGOB,XLXE,2025/02/08 18:35:00,2025/02/08 21:00:00,321,Aft_10148,133
Flt_42315,VBKF,CYBH,2025/02/08 18:35:00,2025/02/08 20:55:00,320,Aft_10137,144
Flt_42316,UIOI,XGOB,2025/02/08 18:40:00,2025/02/08 21:20:00,321,Aft_10114,170
Flt_42317,SNFR,GRIG,2025/02/08 18:40:00,2025/02/08 21:55:00,321,Aft_10041,224
Flt_42318,FFJA,XGOB,2025/02/08 18:40:00,2025/02/08 22:00:00,321,Aft_10118,200
Flt_42319,XGOB,VSBC,2025/02/08 18:45:00,2025/02/08 21:15:00,320,Aft_10048,130
Flt_42320,TIMH,BQKE,2025/02/08 18:45:00,2025/02/08 20:30:00,319,Aft_10107,89
Flt_42321,XGOB,XNVE,2025/02/08 18:45:00,2025/02/08 21:00:00,320,Aft_10124,134
Flt_42322,CYBH,UQLN,2025/02/08 18:45:00,2025/02/08 21:55:00,321,Aft_10017,196
Flt_42323,MVFV,XGOB,2025/02/08 18:45:00,2025/02/08 23:00:00,320,Aft_10133,244
Flt_42324,XLXE,XGOB,2025/02/08 18:45:00,2025/02/08 21:45:00,320,Aft_10044,180
Flt_42325,SNFR,UQLN,2025/02/08 18:50:00,2025/02/08 22:15:00,321,Aft_10011,166
Flt_42326,UQLN,OMLA,2025/02/08 18:55:00,2025/02/08 21:05:00,320,Aft_10012,114
Flt_42327,SNFR,XGOB,2025/02/08 18:55:00,2025/02/08 22:20:00,321,Aft_10115,199
Flt_42328,DDCZ,XGOB,2025/02/08 19:00:00,2025/02/08 22:00:00,321,Aft_10149,160
Flt_42329,XGOB,HMAL,2025/02/08 19:00:00,2025/02/08 21:00:00,319,Aft_10009,108
Flt_42330,XGOB,CILH,2025/02/08 19:00:00,2025/02/08 21:25:00,321,Aft_10059,140
Flt_42331,XGOB,CEUN,2025/02/08 19:00:00,2025/02/08 21:15:00,319,Aft_10091,130
Flt_42332,OEQY,XGOB,2025/02/08 19:00:00,2025/02/08 21:40:00,320,Aft_10086,145
Flt_42333,XGOB,CXOJ,2025/02/08 19:00:00,2025/02/08 22:45:00,320,Aft_10126,228
Flt_42334,VBKF,VTIR,2025/02/08 19:05:00,2025/02/08 22:15:00,320,Aft_10005,181
Flt_42335,UQLN,MBMY,2025/02/08 19:05:00,2025/02/08 21:30:00,321,Aft_10026,143
Flt_42336,XGOB,MKHW,2025/02/08 19:05:00,2025/02/08 21:10:00,319,Aft_10096,125
Flt_42337,EYCX,GRIG,2025/02/08 19:05:00,2025/02/08 21:55:00,320,Aft_10161,172
Flt_42338,XGOB,ENRV,2025/02/08 19:10:00,2025/02/08 21:10:00,320,Aft_10125,113
Flt_42339,XGOB,KNKY,2025/02/08 19:10:00,2025/02/08 20:50:00,320,Aft_10070,93
Flt_42340,XNVE,MBMY,2025/02/08 19:10:00,2025/02/08 21:00:00,321,Aft_10014,119
Flt_42341,EQTC,XGOB,2025/02/08 19:10:00,2025/02/08 22:20:00,320,Aft_10063,186
Flt_42342,XLXE,VTIR,2025/02/08 19:10:00,2025/02/08 22:00:00,320,Aft_10150,163
Flt_42343,XGOB,SNFR,2025/02/08 19:15:00,2025/02/08 21:50:00,319,Aft_10116,144
Flt_42344,XGOB,FFJA,2025/02/08 19:15:00,2025/02/08 21:30:00,321,Aft_10003,124
Flt_42345,OTPS,XGOB,2025/02/08 19:15:00,2025/02/08 22:50:00,321,Aft_10109,195
Flt_42346,XGOB,OEQY,2025/02/08 19:20:00,2025/02/08 21:40:00,321,Aft_10038,140
Flt_42347,UQLN,OEQY,2025/02/08 19:20:00,2025/02/08 21:25:00,321,Aft_10006,118
Flt_42348,XGOB,ERHL,2025/02/08 19:20:00,2025/02/08 21:10:00,319,Aft_10120,114
Flt_42349,XBQP,UQLN,2025/02/08 19:20:00,2025/02/08 22:30:00,321,Aft_10036,170
Flt_42350,QHPU,UQLN,2025/02/08 19:20:00,2025/02/08 22:40:00,321,Aft_10062,192
Flt_42351,NJTU,XGOB,2025/02/08 19:20:00,2025/02/08 21:55:00,320,Aft_10045,141
Flt_42352,UQLN,PKEY,2025/02/08 19:25:00,2025/02/08 21:20:00,321,Aft_10042,121
Flt_42353,XGOB,FRMU,2025/02/08 19:30:00,2025/02/08 21:45:00,321,Aft_10022,134
Flt_42354,VTIR,UQLN,2025/02/08 19:30:00,2025/02/08 23:35:00,321,Aft_10057,244
Flt_42355,NQQU,XGOB,2025/02/08 19:35:00,2025/02/08 22:40:00,320,Aft_10092,190
Flt_42356,UQLN,DEPY,2025/02/08 19:35:00,2025/02/08 21:15:00,320,Aft_10152,105
Flt_42357,DYXX,XGOB,2025/02/08 19:35:00,2025/02/08 23:05:00,320,Aft_10157,210
Flt_42358,ZSVF,XGOB,2025/02/08 19:35:00,2025/02/08 21:20:00,321,Aft_10043,95
Flt_42359,XGOB,VKRE,2025/02/08 19:40:00,2025/02/08 21:15:00,319,Aft_10079,83
Flt_42360,HEYQ,GRIG,2025/02/08 19:40:00,2025/02/08 23:10:00,320,Aft_10040,209
Flt_42361,DKZJ,XGOB,2025/02/08 19:40:00,2025/02/08 23:30:00,320,Aft_10084,214
Flt_42362,WZBQ,XGOB,2025/02/08 19:40:00,2025/02/08 22:40:00,321,Aft_10134,167
Flt_42363,BQKE,HMAL,2025/02/08 19:45:00,2025/02/08 21:55:00,320,Aft_10054,126
Flt_42364,PIEK,FRMU,2025/02/08 19:45:00,2025/02/08 21:45:00,320,Aft_10101,115
Flt_42365,HEYQ,JDEH,2025/02/08 19:45:00,2025/02/08 21:55:00,321,Aft_10024,126
Flt_42366,SNFR,VTIR,2025/02/08 19:45:00,2025/02/08 22:55:00,320,Aft_10130,193
Flt_42367,FRMU,XGOB,2025/02/08 19:50:00,2025/02/08 22:25:00,321,Aft_10106,140
Flt_42368,XGOB,WCAF,2025/02/08 19:50:00,2025/02/08 21:35:00,319,Aft_10110,104
Flt_42369,VSBC,UQLN,2025/02/08 19:50:00,2025/02/08 22:30:00,321,Aft_10046,123
Flt_42370,UUKJ,XGOB,2025/02/08 19:50:00,2025/02/08 22:50:00,321,Aft_10127,165
Flt_42371,OMLA,VTIR,2025/02/08 19:50:00,2025/02/08 22:30:00,320,Aft_10049,155
Flt_42372,VTIR,WZBQ,2025/02/08 19:55:00,2025/02/08 22:10:00,320,Aft_10141,118
Flt_42373,FWCS,XGOB,2025/02/08 19:55:00,2025/02/08 23:30:00,321,Aft_10025,221
Flt_42374,CYBH,XGOB,2025/02/08 19:55:00,2025/02/08 23:25:00,321,Aft_10095,207
Flt_42375,CEUN,VTIR,2025/02/08 19:55:00,2025/02/08 22:25:00,320,Aft_10111,141
Flt_42376,XGOB,VTIR,2025/02/08 19:55:00,2025/02/08 23:30:00,321,Aft_10050,216
Flt_42377,DDCZ,XGOB,2025/02/08 20:00:00,2025/02/08 22:55:00,320,Aft_10075,164
Flt_42378,EYCX,VTIR,2025/02/08 20:00:00,2025/02/08 22:55:00,320,Aft_10051,172
Flt_42379,UQLN,WZBQ,2025/02/08 20:05:00,2025/02/08 22:20:00,321,Aft_10033,138
Flt_42380,HMAL,SNFR,2025/02/08 20:05:00,2025/02/08 22:30:00,319,Aft_10108,121
Flt_42381,LXHP,QFGG,2025/02/08 20:05:00,2025/02/08 22:20:00,320,Aft_10090,139
Flt_42382,XGOB,PSIL,2025/02/08 20:10:00,2025/02/08 22:20:00,319,Aft_10153,124
Flt_42383,VTIR,SNFR,2025/02/08 20:15:00,2025/02/08 23:30:00,320,Aft_10071,194
Flt_42384,JFWS,VBKF,2025/02/08 20:15:00,2025/02/08 22:50:00,319,Aft_10117,151
Flt_42385,VSBC,XGOB,2025/02/08 20:15:00,2025/02/08 22:40:00,321,Aft_10094,136
Flt_42386,EYCX,XGOB,2025/02/08 20:15:00,2025/02/08 22:35:00,321,Aft_10032,137
Flt_42387,XLXE,VTIR,2025/02/08 20:15:00,2025/02/08 23:10:00,321,Aft_10021,154
Flt_42388,XGOB,JDEH,2025/02/08 20:20:00,2025/02/08 22:55:00,321,Aft_10119,150
Flt_42389,XLXE,GRIG,2025/02/08 20:20:00,2025/02/08 23:25:00,320,Aft_10047,191
Flt_42390,SRNH,GRIG,2025/02/08 20:20:00,2025/02/08 22:50:00,320,Aft_10113,152
Flt_42391,UUKJ,UQLN,2025/02/08 20:20:00,2025/02/08 23:50:00,320,Aft_10123,180
Flt_42392,UQLN,FRMU,2025/02/08 20:25:00,2025/02/08 22:20:00,320,Aft_10073,121
Flt_42393,IAWP,SNFR,2025/02/08 20:25:00,2025/02/08 22:50:00,320,Aft_10143,130
Flt_42394,XGOB,WZBQ,2025/02/08 20:30:00,2025/02/08 23:15:00,321,Aft_10030,166
Flt_42395,HEYQ,UQLN,2025/02/08 20:30:00,2025/02/08 23:35:00,319,Aft_10097,162
Flt_42396,XGOB,FRMU,2025/02/08 20:35:00,2025/02/08 23:05:00,320,Aft_10023,137
Flt_42397,HEYQ,GRIG,2025/02/08 20:35:00,2025/02/08 23:50:00,320,Aft_10055,214
Flt_42398,XGOB,CLKY,2025/02/08 20:40:00,2025/02/08 23:00:00,320,Aft_10076,130
Flt_42399,UQLN,FQEW,2025/02/08 20:50:00,2025/02/08 22:35:00,320,Aft_10072,110
Flt_42400,EYCX,XGOB,2025/02/08 20:50:00,2025/02/08 23:00:00,320,Aft_10122,145
Flt_42401,FCHN,XGOB,2025/02/08 20:50:00,2025/02/08 22:45:00,319,Aft_10019,86
Flt_42402,GGQY,VBKF,2025/02/08 20:55:00,2025/02/08 23:30:00,319,Aft_10061,128
Flt_42403,XGOB,HMAL,2025/02/08 21:00:00,2025/02/08 22:55:00,321,Aft_10151,104
Flt_42404,XGOB,DEPY,2025/02/08 21:00:00,2025/02/08 22:25:00,321,Aft_10008,76
Flt_42405,RSIH,GRIG,2025/02/08 21:00:00,2025/02/08 22:50:00,320,Aft_10015,106
Flt_42406,EVWP,XGOB,2025/02/08 21:05:00,2025/02/08 23:55:00,321,Aft_10016,180
Flt_42407,XGOB,GRIG,2025/02/08 21:05:00,2025/02/08 22:30:00,320,Aft_10154,90
Flt_42408,XGOB,VMTM,2025/02/08 21:05:00,2025/02/08 23:05:00,319,Aft_10069,105
Flt_42409,XGOB,LXHP,2025/02/08 21:05:00,2025/02/08 23:20:00,320,Aft_10068,122
Flt_42410,PADI,UQLN,2025/02/08 21:10:00,2025/02/08 23:55:00,319,Aft_10058,171
Flt_42411,UQLN,NMPZ,2025/02/08 21:10:00,2025/02/08 23:10:00,319,Aft_10100,110
Flt_42412,QFPG,XGOB,2025/02/08 21:10:00,2025/02/08 23:40:00,321,Aft_10065,168
Flt_42413,UQLN,OSYY,2025/02/08 21:15:00,2025/02/08 23:00:00,320,Aft_10060,108
Flt_42414,BQKE,UQLN,2025/02/08 21:20:00,2025/02/08 23:20:00,319,Aft_10107,117
Flt_42415,VORI,XGOB,2025/02/08 21:25:00,2025/02/08 23:25:00,320,Aft_10104,110
Flt_42416,KNKY,XGOB,2025/02/08 21:35:00,2025/02/08 23:30:00,320,Aft_10070,108
Flt_42417,XGOB,GRIG,2025/02/08 21:40:00,2025/02/08 22:50:00,320,Aft_10056,104
Flt_42418,ZWIO,MBMY,2025/02/08 21:45:00,2025/02/08 23:50:00,321,Aft_10140,120
Flt_42419,WIMM,XGOB,2025/02/08 21:45:00,2025/02/08 22:55:00,319,Aft_10066,68
Flt_42420,HMAL,XGOB,2025/02/08 21:50:00,2025/02/08 23:40:00,319,Aft_10009,121
Flt_42421,PIEK,LUKE,2025/02/08 21:55:00,2025/02/08 22:55:00,320,Aft_10034,58
Flt_42422,MKHW,XGOB,2025/02/08 21:55:00,2025/02/08 23:45:00,319,Aft_10096,88
Flt_42423,ERHL,XGOB,2025/02/08 21:55:00,2025/02/08 23:50:00,319,Aft_10120,106
Flt_42424,UQLN,LXHP,2025/02/08 22:00:00,2025/02/08 23:50:00,320,Aft_10121,120
Flt_42425,GRIG,MKHW,2025/02/08 22:00:00,2025/02/08 23:10:00,320,Aft_10083,73
Flt_42426,VKRE,XGOB,2025/02/08 22:00:00,2025/02/08 23:30:00,319,Aft_10079,73
Flt_42427,DEPY,UQLN,2025/02/08 22:05:00,2025/02/08 23:55:00,320,Aft_10152,90
