id,depaAirport,arriAirport,td,ta
ddh_10001,MEEP,PNOJ,2024/12/30 16:45,2024/12/30 18:55
ddh_10002,PNOJ,MEEP,2024/12/30 19:45,2024/12/30 21:45
ddh_10003,MEEP,ZBRM,2024/12/30 8:50,2024/12/30 11:10
ddh_10004,ZBRM,MEEP,2024/12/30 13:10,2024/12/30 15:30
ddh_10005,MEEP,VEYC,2024/12/30 10:25,2024/12/30 12:50
ddh_10006,VEYC,MEEP,2024/12/30 7:00,2024/12/30 9:15
ddh_10007,YELV,MEEP,2024/12/30 17:50,2024/12/30 20:30
ddh_10008,UNUN,ZFTY,2024/12/30 15:10,2024/12/30 19:15
ddh_10009,ZFTY,UNUN,2024/12/30 20:30,2024/12/31 0:50
ddh_10010,MEEP,YELV,2024/12/30 21:55,2024/12/31 0:10
ddh_10011,YELV,CGHU,2024/12/30 15:40,2024/12/30 19:15
ddh_10012,ZFTY,TIDB,2024/12/30 7:40,2024/12/30 9:50
ddh_10013,CGHU,YELV,2024/12/30 20:15,2024/12/30 23:30
ddh_10014,TIDB,IGVH,2024/12/30 10:40,2024/12/30 13:10
ddh_10015,IGVH,TIDB,2024/12/30 14:20,2024/12/30 16:40
ddh_10016,ZFTY,ZOEV,2024/12/30 21:55,2024/12/31 1:55
ddh_10017,TIDB,ZFTY,2024/12/30 17:25,2024/12/30 19:30
ddh_10018,ZOEV,ZFTY,2024/12/30 16:40,2024/12/30 20:40
ddh_10019,YELV,MEEP,2024/12/30 7:50,2024/12/30 10:15
ddh_10020,MEEP,YELV,2024/12/30 11:35,2024/12/30 13:35
ddh_10021,YELV,XCDO,2024/12/30 14:45,2024/12/30 17:45
ddh_10022,XCDO,YELV,2024/12/30 18:35,2024/12/30 21:35
ddh_10023,YELV,YKHO,2024/12/30 7:50,2024/12/30 11:10
ddh_10024,YKHO,YELV,2024/12/30 12:10,2024/12/30 14:30
ddh_10025,YELV,XALQ,2024/12/30 8:35,2024/12/30 11:25
ddh_10026,YELV,CGHU,2024/12/30 19:45,2024/12/30 23:00
ddh_10027,YELV,ZBRM,2024/12/30 8:00,2024/12/30 11:10
ddh_10028,XALQ,CFEV,2024/12/30 12:40,2024/12/30 15:35
ddh_10029,CGHU,YELV,2024/12/30 21:15,2024/12/31 0:40
ddh_10030,ZBRM,JXKD,2024/12/30 12:00,2024/12/30 13:40
ddh_10031,CFEV,XALQ,2024/12/30 16:40,2024/12/30 19:10
ddh_10032,JXKD,ZBRM,2024/12/30 14:30,2024/12/30 16:10
ddh_10033,ZBRM,YELV,2024/12/30 17:05,2024/12/30 19:40
ddh_10034,XALQ,YELV,2024/12/30 20:30,2024/12/30 22:30
ddh_10035,DJQK,ZOEV,2024/12/30 11:40,2024/12/30 14:45
ddh_10036,UTFU,IRVV,2024/12/30 14:45,2024/12/30 16:40
ddh_10037,IRVV,UTFU,2024/12/30 17:50,2024/12/30 20:05
ddh_10038,UTFU,ZOEV,2024/12/30 21:00,2024/12/31 0:35
ddh_10039,YELV,LRNO,2024/12/30 6:25,2024/12/30 9:30
ddh_10040,ZOEV,PNOJ,2024/12/30 7:25,2024/12/30 9:50
ddh_10041,PNOJ,QFKO,2024/12/30 10:35,2024/12/30 12:25
ddh_10042,ZOEV,DIZB,2024/12/30 7:05,2024/12/30 10:30
ddh_10043,LRNO,YELV,2024/12/30 20:05,2024/12/30 22:35
ddh_10044,QFKO,PNOJ,2024/12/30 18:25,2024/12/30 20:10
ddh_10045,PNOJ,ZOEV,2024/12/30 20:55,2024/12/30 23:05
ddh_10046,ZOEV,XALQ,2024/12/30 8:20,2024/12/30 10:45
ddh_10047,DIZB,XCDO,2024/12/30 11:40,2024/12/30 13:40
ddh_10048,XALQ,UNUN,2024/12/30 12:00,2024/12/30 16:00
ddh_10049,XCDO,DIZB,2024/12/30 14:45,2024/12/30 16:55
ddh_10050,UNUN,XALQ,2024/12/30 17:50,2024/12/30 21:55
ddh_10051,DIZB,ZOEV,2024/12/30 18:05,2024/12/30 21:40
ddh_10052,XALQ,ZOEV,2024/12/30 23:10,2024/12/31 1:30
ddh_10053,ZOEV,DJQK,2024/12/30 8:05,2024/12/30 10:50
ddh_10054,ZOEV,UTFU,2024/12/30 10:20,2024/12/30 13:45
ddh_10055,XCDO,WDWO,2024/12/30 21:05,2024/12/31 0:50
ddh_10056,WDWO,LCYY,2024/12/30 17:20,2024/12/30 19:35
ddh_10057,LCYY,WDWO,2024/12/30 20:50,2024/12/30 23:30
ddh_10058,WDWO,PNOJ,2024/12/30 7:55,2024/12/30 9:45
ddh_10059,WDWO,CFEV,2024/12/30 8:35,2024/12/30 12:10
ddh_10060,WDWO,ZBRM,2024/12/30 19:05,2024/12/30 20:45
ddh_10061,PNOJ,JXKD,2024/12/30 10:50,2024/12/30 12:40
ddh_10062,CFEV,WDWO,2024/12/30 12:55,2024/12/30 15:40
ddh_10063,ZBRM,ZOEV,2024/12/30 21:45,2024/12/31 0:20
ddh_10064,WDWO,GPWJ,2024/12/30 7:20,2024/12/30 10:20
ddh_10065,WDWO,CFEV,2024/12/30 16:10,2024/12/30 19:35
ddh_10066,ZOEV,ZBRM,2024/12/30 6:25,2024/12/30 8:50
ddh_10067,JXKD,PNOJ,2024/12/30 13:30,2024/12/30 15:15
ddh_10068,ZBRM,WDWO,2024/12/30 9:35,2024/12/30 11:05
ddh_10069,GPWJ,WDWO,2024/12/30 11:00,2024/12/30 13:35
ddh_10070,CFEV,WDWO,2024/12/30 20:15,2024/12/30 22:50
ddh_10071,PNOJ,WDWO,2024/12/30 16:00,2024/12/30 17:40
ddh_10072,WDWO,XCDO,2024/12/30 17:15,2024/12/30 20:10
ddh_10073,ZOEV,CGHU,2024/12/30 15:05,2024/12/30 20:05
ddh_10074,ZKXC,CGHU,2024/12/30 19:50,2024/12/30 22:30
ddh_10075,CGHU,LCYY,2024/12/30 6:55,2024/12/30 9:50
ddh_10076,LCYY,CGHU,2024/12/30 10:55,2024/12/30 13:55
ddh_10077,CGHU,LCYY,2024/12/30 16:50,2024/12/30 20:10
ddh_10078,CGHU,TJFR,2024/12/30 7:00,2024/12/30 9:45
ddh_10079,LCYY,CGHU,2024/12/30 21:20,2024/12/31 0:25
ddh_10080,TJFR,IGVH,2024/12/30 10:55,2024/12/30 14:10
ddh_10081,IGVH,TJFR,2024/12/30 15:35,2024/12/30 18:20
ddh_10082,TJFR,CGHU,2024/12/30 19:20,2024/12/30 22:00
ddh_10083,CGHU,ZKXC,2024/12/30 8:05,2024/12/30 11:10
ddh_10084,CGHU,ZOEV,2024/12/30 7:10,2024/12/30 12:45
ddh_10085,ZKXC,WGZL,2024/12/30 12:00,2024/12/30 14:55
ddh_10086,WGZL,ZKXC,2024/12/30 16:05,2024/12/30 18:50
ddh_10087,CGHU,KHPY,2024/12/30 7:25,2024/12/30 10:40
ddh_10088,LBMY,LRNO,2024/12/30 11:50,2024/12/30 13:55
ddh_10089,KHPY,JXKD,2024/12/30 11:45,2024/12/30 15:15
ddh_10090,WDWO,CGHU,2024/12/30 19:05,2024/12/30 22:15
ddh_10091,LRNO,LBMY,2024/12/30 15:10,2024/12/30 17:00
ddh_10092,CGHU,UTFU,2024/12/30 8:50,2024/12/30 11:50
ddh_10093,JXKD,KHPY,2024/12/30 16:00,2024/12/30 19:05
ddh_10094,KHPY,CGHU,2024/12/30 20:05,2024/12/30 22:55
ddh_10095,LBMY,CGHU,2024/12/30 18:10,2024/12/30 21:30
ddh_10096,UTFU,DQBQ,2024/12/30 12:55,2024/12/30 15:40
ddh_10097,DQBQ,UTFU,2024/12/30 16:25,2024/12/30 19:25
ddh_10098,CGHU,WDWO,2024/12/30 7:10,2024/12/30 11:05
ddh_10099,UTFU,CGHU,2024/12/30 20:15,2024/12/30 22:55
ddh_10100,WDWO,DQBQ,2024/12/30 12:10,2024/12/30 14:40
ddh_10101,CGHU,LBMY,2024/12/30 7:10,2024/12/30 10:50
ddh_10102,DQBQ,WDWO,2024/12/30 15:25,2024/12/30 17:55
ddh_10103,UNUN,PNOJ,2024/12/30 7:10,2024/12/30 10:35
ddh_10104,VEYC,PNOJ,2024/12/30 13:45,2024/12/30 14:45
ddh_10105,PNOJ,SSNS,2024/12/30 15:30,2024/12/30 17:45
ddh_10106,SSNS,PNOJ,2024/12/30 18:55,2024/12/30 21:40
ddh_10107,PNOJ,VEYC,2024/12/30 22:25,2024/12/30 23:35
ddh_10108,TLRK,LUEM,2024/12/30 10:25,2024/12/30 12:10
ddh_10109,LUEM,TLRK,2024/12/30 12:55,2024/12/30 14:50
ddh_10110,PNOJ,LRNO,2024/12/30 11:20,2024/12/30 12:55
ddh_10111,TLRK,ZBRM,2024/12/30 15:50,2024/12/30 17:50
ddh_10112,DJQK,JXKD,2024/12/30 15:45,2024/12/30 19:45
ddh_10113,LRNO,PNOJ,2024/12/30 13:55,2024/12/30 15:45
ddh_10114,PNOJ,UNUN,2024/12/30 16:30,2024/12/30 20:35
ddh_10115,ZBRM,ZFTY,2024/12/30 18:35,2024/12/30 21:10
ddh_10116,ZFTY,ZBRM,2024/12/30 21:15,2024/12/31 0:25
ddh_10117,JXKD,DIZB,2024/12/30 20:30,2024/12/30 23:50
ddh_10118,ZBRM,TLRK,2024/12/30 7:55,2024/12/30 9:25
ddh_10119,DIZB,JXKD,2024/12/30 7:00,2024/12/30 11:00
ddh_10120,JXKD,DJQK,2024/12/30 11:45,2024/12/30 14:55
ddh_10121,PERX,DULL,2024/12/30 16:30,2024/12/30 18:45
ddh_10122,DULL,PERX,2024/12/30 13:10,2024/12/30 15:30
ddh_10123,DULL,LRNO,2024/12/30 19:45,2024/12/30 21:55
ddh_10124,LRNO,DULL,2024/12/30 10:20,2024/12/30 12:10
ddh_10125,IGVH,GAGH,2024/12/30 8:45,2024/12/30 10:25
ddh_10126,GAGH,IGVH,2024/12/30 11:25,2024/12/30 13:00
ddh_10127,KXUZ,VEYC,2024/12/30 19:55,2024/12/30 22:25
ddh_10128,VEYC,KXUZ,2024/12/30 23:10,2024/12/31 1:20
ddh_10129,XALQ,DFQN,2024/12/30 15:30,2024/12/30 19:50
ddh_10130,DFQN,XALQ,2024/12/30 20:45,2024/12/31 0:40
ddh_10131,JTZV,XQKV,2024/12/30 1:40,2024/12/30 12:25
ddh_10132,JTZV,EKVT,2024/12/30 1:30,2024/12/30 11:50
ddh_10133,XQKV,JTZV,2024/12/30 17:50,2024/12/31 5:00
ddh_10134,EKVT,JTZV,2024/12/30 20:30,2024/12/31 5:15
ddh_10135,WVZF,YELV,2024/12/30 13:30,2024/12/31 4:15
ddh_10136,JTZV,ZFTY,2024/12/30 11:30,2024/12/30 14:10
ddh_10137,JTZV,GGSC,2024/12/30 1:30,2024/12/30 11:45
ddh_10138,ZFTY,JTZV,2024/12/30 20:15,2024/12/30 23:00
ddh_10139,GGSC,JTZV,2024/12/30 18:30,2024/12/31 5:10
ddh_10140,JTZV,ZWTY,2024/12/30 1:45,2024/12/30 12:45
ddh_10141,JTZV,WCBB,2024/12/30 16:30,2024/12/31 1:00
ddh_10142,JTZV,UEWE,2024/12/30 16:30,2024/12/31 1:20
ddh_10143,FCRV,LRNO,2024/12/30 4:25,2024/12/30 8:50
ddh_10144,ZWTY,JTZV,2024/12/30 20:00,2024/12/31 5:20
ddh_10145,WCBB,JTZV,2024/12/30 2:55,2024/12/30 11:05
ddh_10146,JTZV,PVTT,2024/12/30 10:20,2024/12/30 15:35
ddh_10147,JTZV,YNHL,2024/12/30 14:55,2024/12/30 17:35
ddh_10148,JTZV,DFQN,2024/12/30 14:40,2024/12/30 18:40
ddh_10149,DFQN,JTZV,2024/12/30 19:55,2024/12/30 23:30
ddh_10150,JTZV,SIBL,2024/12/30 13:30,2024/12/30 16:45
ddh_10151,SIBL,JTZV,2024/12/30 18:05,2024/12/30 21:45
ddh_10152,JTZV,KZXO,2024/12/30 10:10,2024/12/30 13:35
ddh_10153,JTZV,FCVG,2024/12/30 15:25,2024/12/30 18:45
ddh_10154,KZXO,JTZV,2024/12/30 14:35,2024/12/30 17:35
ddh_10155,YNHL,JTZV,2024/12/30 18:40,2024/12/30 21:20
ddh_10156,PVTT,JTZV,2024/12/30 17:00,2024/12/30 21:30
ddh_10157,JTZV,BCHA,2024/12/30 16:05,2024/12/31 0:30
ddh_10158,FCVG,JTZV,2024/12/30 19:50,2024/12/30 22:50
ddh_10159,JTZV,CTIG,2024/12/30 20:35,2024/12/31 0:15
ddh_10160,JTZV,LPNC,2024/12/30 9:35,2024/12/30 14:10
ddh_10161,JTZV,FCVG,2024/12/30 9:00,2024/12/30 12:10
ddh_10162,CTIG,JTZV,2024/12/30 10:00,2024/12/30 13:35
ddh_10163,LPNC,JTZV,2024/12/30 15:40,2024/12/30 21:45
ddh_10164,FCVG,JTZV,2024/12/30 13:10,2024/12/30 16:15
ddh_10165,JTZV,TXMD,2024/12/30 9:35,2024/12/30 13:35
ddh_10166,JTZV,QQGB,2024/12/30 20:40,2024/12/30 23:00
ddh_10167,QQGB,JTZV,2024/12/30 10:00,2024/12/30 12:10
ddh_10168,TXMD,JTZV,2024/12/30 15:10,2024/12/30 20:35
ddh_10169,JTZV,EZNJ,2024/12/30 7:25,2024/12/30 9:15
ddh_10170,EZNJ,JTZV,2024/12/30 10:05,2024/12/30 12:15
ddh_10171,JTZV,XCDO,2024/12/30 8:35,2024/12/30 12:20
ddh_10172,XCDO,JTZV,2024/12/30 13:30,2024/12/30 17:50
ddh_10173,GSWW,JTZV,2024/12/30 15:55,2024/12/30 18:00
ddh_10174,JTZV,XTNT,2024/12/30 15:40,2024/12/30 18:15
ddh_10175,JTZV,EJUF,2024/12/30 18:35,2024/12/30 23:20
ddh_10176,XTNT,JTZV,2024/12/30 19:00,2024/12/30 21:45
ddh_10177,JTZV,IOWC,2024/12/30 15:10,2024/12/30 16:25
ddh_10178,EJUF,JTZV,2024/12/30 0:20,2024/12/30 5:00
ddh_10179,IOWC,JTZV,2024/12/30 17:10,2024/12/30 18:30
ddh_10180,JTZV,WDWO,2024/12/30 15:35,2024/12/30 17:20
ddh_10181,JTZV,CGHU,2024/12/30 14:35,2024/12/30 18:20
ddh_10182,CGHU,JTZV,2024/12/30 19:20,2024/12/31 0:05
ddh_10183,WDWO,JTZV,2024/12/30 12:20,2024/12/30 14:20
ddh_10184,JTZV,GSWW,2024/12/30 13:40,2024/12/30 15:10
ddh_10185,CFEV,JTZV,2024/12/30 11:50,2024/12/30 13:55
ddh_10186,TKCE,JTZV,2024/12/30 18:05,2024/12/30 21:55
ddh_10187,JTZV,VAYQ,2024/12/30 14:50,2024/12/30 18:55
ddh_10188,JTZV,CFEV,2024/12/30 12:30,2024/12/30 15:15
ddh_10189,VAYQ,JTZV,2024/12/30 19:40,2024/12/30 23:30
ddh_10190,CFEV,JTZV,2024/12/30 16:20,2024/12/30 18:15
ddh_10191,JTZV,IRVV,2024/12/30 14:30,2024/12/30 17:45
ddh_10192,JTZV,IGVH,2024/12/30 20:50,2024/12/30 22:30
ddh_10193,JTZV,UNUN,2024/12/30 10:25,2024/12/30 14:10
ddh_10194,IGVH,JTZV,2024/12/30 7:50,2024/12/30 9:10
ddh_10195,IRVV,JTZV,2024/12/30 18:45,2024/12/30 23:00
ddh_10196,JTZV,FTOI,2024/12/30 8:35,2024/12/30 10:00
ddh_10197,UNUN,JTZV,2024/12/30 6:55,2024/12/30 10:35
ddh_10198,JTZV,RPOA,2024/12/30 8:20,2024/12/30 11:35
ddh_10199,RPOA,JTZV,2024/12/30 12:20,2024/12/30 16:30
ddh_10200,JTZV,MKLY,2024/12/30 9:00,2024/12/30 13:55
ddh_10201,JTZV,IGVH,2024/12/30 9:20,2024/12/30 10:45
ddh_10202,FTOI,JTZV,2024/12/30 10:45,2024/12/30 12:10
ddh_10203,MKLY,JTZV,2024/12/30 14:40,2024/12/30 19:10
ddh_10204,JTZV,CFEV,2024/12/30 8:00,2024/12/30 10:45
ddh_10205,JTZV,TKCE,2024/12/30 13:20,2024/12/30 17:20
ddh_10206,IGVH,JTZV,2024/12/30 11:50,2024/12/30 13:30
ddh_10207,JTZV,NPHA,2024/12/30 19:05,2024/12/30 21:10
ddh_10208,GPWJ,JTZV,2024/12/30 10:55,2024/12/30 13:10
ddh_10209,JTZV,MEEP,2024/12/30 13:00,2024/12/30 15:25
ddh_10210,JTZV,JXKD,2024/12/30 19:20,2024/12/30 21:10
ddh_10211,JXKD,JTZV,2024/12/30 21:55,2024/12/30 23:50
ddh_10212,JTZV,UXIL,2024/12/30 14:10,2024/12/30 16:05
ddh_10213,NPHA,JTZV,2024/12/30 21:55,2024/12/30 23:45
ddh_10214,JTZV,BKVZ,2024/12/30 7:25,2024/12/30 9:05
ddh_10215,JTZV,JXKD,2024/12/30 7:45,2024/12/30 9:40
ddh_10216,JXKD,JTZV,2024/12/30 10:25,2024/12/30 12:10
ddh_10217,UXIL,JTZV,2024/12/30 16:50,2024/12/30 18:35
ddh_10218,JTZV,XGWY,2024/12/30 8:40,2024/12/30 10:10
ddh_10219,XGWY,JTZV,2024/12/30 10:55,2024/12/30 12:15
ddh_10220,BKVZ,JTZV,2024/12/30 9:50,2024/12/30 11:25
ddh_10221,JTZV,JXKD,2024/12/30 9:05,2024/12/30 11:05
ddh_10222,JTZV,GPWJ,2024/12/30 7:55,2024/12/30 10:10
ddh_10223,JXKD,JTZV,2024/12/30 12:00,2024/12/30 13:45
ddh_10224,JTZV,LRNO,2024/12/30 21:00,2024/12/30 22:55
ddh_10225,JTZV,WAQQ,2024/12/30 16:50,2024/12/30 19:15
ddh_10226,JTZV,TLRK,2024/12/30 15:30,2024/12/30 17:20
ddh_10227,WAQQ,JTZV,2024/12/30 13:10,2024/12/30 15:45
ddh_10228,TLRK,JTZV,2024/12/30 18:20,2024/12/30 20:00
ddh_10229,MEEP,JTZV,2024/12/30 16:40,2024/12/30 18:55
ddh_10230,LRNO,JTZV,2024/12/30 7:55,2024/12/30 9:55
ddh_10231,JTZV,MEEP,2024/12/30 19:30,2024/12/30 21:45
ddh_10232,JTZV,KHPY,2024/12/30 10:25,2024/12/30 12:25
ddh_10233,MEEP,JTZV,2024/12/30 6:25,2024/12/30 8:50
ddh_10234,KHPY,XCDO,2024/12/30 13:25,2024/12/30 16:10
ddh_10235,JTZV,MEEP,2024/12/30 15:00,2024/12/30 17:25
ddh_10236,MEEP,JTZV,2024/12/30 19:10,2024/12/30 21:45
ddh_10237,XCDO,KHPY,2024/12/30 17:00,2024/12/30 19:50
ddh_10238,JTZV,ZOEV,2024/12/30 20:15,2024/12/30 22:35
ddh_10239,JTZV,DQBQ,2024/12/30 12:35,2024/12/30 14:40
ddh_10240,ZOEV,JTZV,2024/12/30 9:05,2024/12/30 11:45
ddh_10241,DQBQ,JTZV,2024/12/30 15:25,2024/12/30 17:40
ddh_10242,KHPY,JTZV,2024/12/30 20:50,2024/12/30 23:00
ddh_10243,JTZV,RMNJ,2024/12/30 8:55,2024/12/30 11:15
ddh_10244,JTZV,LBMY,2024/12/30 13:20,2024/12/30 15:05
ddh_10245,RMNJ,JTZV,2024/12/30 12:00,2024/12/30 14:40
ddh_10246,LBMY,JTZV,2024/12/30 16:10,2024/12/30 18:10
ddh_10247,JTZV,IQOA,2024/12/30 11:40,2024/12/30 13:50
ddh_10248,JTZV,JNLE,2024/12/30 13:15,2024/12/30 15:15
ddh_10249,JTZV,OJAV,2024/12/30 16:00,2024/12/30 18:35
ddh_10250,JTZV,MJTP,2024/12/30 19:10,2024/12/30 20:50
ddh_10251,JNLE,JTZV,2024/12/30 16:00,2024/12/30 18:25
ddh_10252,IQOA,JTZV,2024/12/30 15:00,2024/12/30 17:40
ddh_10253,JTZV,JNLE,2024/12/30 19:10,2024/12/30 21:10
ddh_10254,OJAV,JTZV,2024/12/30 19:20,2024/12/30 21:55
ddh_10255,MJTP,JTZV,2024/12/30 21:35,2024/12/30 23:30
ddh_10256,JTZV,KXUZ,2024/12/30 10:35,2024/12/30 12:50
ddh_10257,JNLE,JTZV,2024/12/30 21:55,2024/12/31 0:20
ddh_10258,JTZV,WZOH,2024/12/30 15:55,2024/12/30 18:05
ddh_10259,WZOH,JTZV,2024/12/30 18:50,2024/12/30 21:15
ddh_10260,KXUZ,JTZV,2024/12/30 6:55,2024/12/30 9:30
ddh_10261,JTZV,ZFTY,2024/12/30 16:30,2024/12/30 19:00
ddh_10262,JTZV,YELV,2024/12/30 19:15,2024/12/30 21:50
ddh_10263,JTZV,CHCY,2024/12/30 16:05,2024/12/30 18:45
ddh_10264,CHCY,JTZV,2024/12/30 19:35,2024/12/30 22:40
ddh_10265,YELV,JTZV,2024/12/30 7:40,2024/12/30 10:55
ddh_10266,JTZV,QKWB,2024/12/30 14:10,2024/12/30 17:00
ddh_10267,JTZV,DIZB,2024/12/30 21:25,2024/12/30 23:40
ddh_10268,ZFTY,JTZV,2024/12/30 15:30,2024/12/30 18:35
ddh_10269,QKWB,JTZV,2024/12/30 17:50,2024/12/30 20:55
ddh_10270,DIZB,JTZV,2024/12/30 8:20,2024/12/30 11:00
ddh_10271,JTZV,ZFTY,2024/12/30 20:30,2024/12/30 23:15
ddh_10272,JTZV,AJDW,2024/12/30 7:55,2024/12/30 9:55
ddh_10273,JTZV,SSNS,2024/12/30 10:15,2024/12/30 12:35
ddh_10274,AJDW,JTZV,2024/12/30 10:40,2024/12/30 12:55
ddh_10275,SSNS,JTZV,2024/12/30 13:50,2024/12/30 16:40
ddh_10276,ZFTY,JTZV,2024/12/30 8:30,2024/12/30 11:35
ddh_10277,JTZV,SSNS,2024/12/30 16:10,2024/12/30 18:25
ddh_10278,JTZV,CHCY,2024/12/30 9:15,2024/12/30 11:50
ddh_10279,JTZV,UHBK,2024/12/30 7:45,2024/12/30 9:45
ddh_10280,SSNS,JTZV,2024/12/30 19:40,2024/12/30 22:35
ddh_10281,CHCY,JTZV,2024/12/30 12:40,2024/12/30 15:45
ddh_10282,UHBK,JTZV,2024/12/30 10:30,2024/12/30 12:45
ddh_10283,JTZV,DULL,2024/12/30 7:55,2024/12/30 10:10
ddh_10284,JTZV,OZOS,2024/12/30 10:20,2024/12/30 13:00
ddh_10285,JTZV,DJQK,2024/12/30 17:00,2024/12/30 19:35
ddh_10286,OZOS,JTZV,2024/12/30 14:00,2024/12/30 17:10
ddh_10287,DULL,JTZV,2024/12/30 11:00,2024/12/30 13:25
ddh_10288,DJQK,JTZV,2024/12/30 12:35,2024/12/30 15:55
ddh_10289,JTZV,TJFR,2024/12/30 17:20,2024/12/30 19:45
ddh_10290,JTZV,TJFR,2024/12/30 9:05,2024/12/30 11:20
ddh_10291,TJFR,JTZV,2024/12/30 20:30,2024/12/30 23:25
ddh_10292,JTZV,SGXO,2024/12/30 13:15,2024/12/30 14:20
ddh_10293,TJFR,JTZV,2024/12/30 12:05,2024/12/30 15:00
ddh_10294,SGXO,EEJN,2024/12/30 15:05,2024/12/30 17:30
ddh_10295,JTZV,TJFR,2024/12/30 13:20,2024/12/30 15:40
ddh_10296,EEJN,SGXO,2024/12/30 18:15,2024/12/30 21:15
ddh_10297,JTZV,LCYY,2024/12/30 12:50,2024/12/30 15:15
ddh_10298,SGXO,JTZV,2024/12/30 22:00,2024/12/30 23:15
ddh_10299,TJFR,JTZV,2024/12/30 16:25,2024/12/30 19:10
ddh_10300,LCYY,JTZV,2024/12/30 16:30,2024/12/30 19:55
ddh_10301,XALQ,SSNS,2024/12/30 12:50,2024/12/30 14:45
ddh_10302,SSNS,XALQ,2024/12/30 15:50,2024/12/30 18:20
ddh_10303,XALQ,SSNS,2024/12/30 17:05,2024/12/30 18:55
ddh_10304,XALQ,XBQP,2024/12/30 21:25,2024/12/30 23:00
ddh_10305,XALQ,WAQQ,2024/12/30 6:30,2024/12/30 8:40
ddh_10306,CHCY,XALQ,2024/12/30 11:00,2024/12/30 14:00
ddh_10307,XALQ,GPWJ,2024/12/30 9:00,2024/12/30 11:35
ddh_10308,XBQP,XALQ,2024/12/30 23:45,2024/12/31 1:35
ddh_10309,WAQQ,XALQ,2024/12/30 9:25,2024/12/30 11:55
ddh_10310,GPWJ,XALQ,2024/12/30 12:25,2024/12/30 14:40
ddh_10311,XALQ,PERX,2024/12/30 6:40,2024/12/30 9:20
ddh_10312,XALQ,ZMZW,2024/12/30 16:05,2024/12/30 18:20
ddh_10313,XALQ,SSNS,2024/12/30 7:40,2024/12/30 9:35
ddh_10314,PERX,XALQ,2024/12/30 10:25,2024/12/30 13:20
ddh_10315,ZMZW,XALQ,2024/12/30 19:20,2024/12/30 22:30
ddh_10316,XALQ,GSWW,2024/12/30 19:35,2024/12/30 21:15
ddh_10317,SSNS,XALQ,2024/12/30 10:40,2024/12/30 13:15
ddh_10318,XALQ,TLRK,2024/12/30 14:00,2024/12/30 15:25
ddh_10319,XALQ,CHCY,2024/12/30 7:55,2024/12/30 10:05
ddh_10320,GSWW,XALQ,2024/12/30 22:05,2024/12/30 23:50
ddh_10321,TLRK,XALQ,2024/12/30 16:25,2024/12/30 18:10
ddh_10322,WGZL,XALQ,2024/12/30 19:50,2024/12/30 22:15
ddh_10323,XALQ,XXZT,2024/12/30 10:15,2024/12/30 12:20
ddh_10324,XALQ,DJQK,2024/12/30 14:35,2024/12/30 16:50
ddh_10325,XXZT,XALQ,2024/12/30 13:05,2024/12/30 15:35
ddh_10326,DJQK,XALQ,2024/12/30 18:00,2024/12/30 20:55
ddh_10327,XALQ,DQBQ,2024/12/30 20:50,2024/12/30 22:50
ddh_10328,DIZB,XALQ,2024/12/30 9:50,2024/12/30 12:25
ddh_10329,SSNS,XALQ,2024/12/30 20:15,2024/12/30 23:00
ddh_10330,XALQ,YELV,2024/12/30 7:10,2024/12/30 9:15
ddh_10331,XALQ,IQOA,2024/12/30 6:50,2024/12/30 9:05
ddh_10332,YELV,XALQ,2024/12/30 10:30,2024/12/30 13:40
ddh_10333,XALQ,ZOEV,2024/12/30 19:05,2024/12/30 21:30
ddh_10334,IQOA,XALQ,2024/12/30 9:55,2024/12/30 12:15
ddh_10335,ZOEV,XALQ,2024/12/30 22:40,2024/12/31 0:55
ddh_10336,XALQ,UTFU,2024/12/30 20:05,2024/12/30 21:50
ddh_10337,UTFU,XALQ,2024/12/30 22:40,2024/12/31 0:55
ddh_10338,XALQ,YELV,2024/12/30 14:45,2024/12/30 16:55
ddh_10339,XALQ,WGZL,2024/12/30 16:40,2024/12/30 18:40
ddh_10340,YELV,XALQ,2024/12/30 18:50,2024/12/30 21:55
ddh_10341,XALQ,DIZB,2024/12/30 23:25,2024/12/31 1:30
ddh_10342,MEEP,IGVH,2024/12/30 20:20,2024/12/30 23:00
ddh_10343,IGVH,LQVJ,2024/12/30 14:00,2024/12/30 15:25
ddh_10344,XALQ,YEQV,2024/12/30 6:20,2024/12/30 8:20
ddh_10345,YEQV,XALQ,2024/12/30 9:05,2024/12/30 11:40
ddh_10346,LQVJ,KXUZ,2024/12/30 16:10,2024/12/30 17:10
ddh_10347,KXUZ,LQVJ,2024/12/30 18:55,2024/12/30 20:10
ddh_10348,DQBQ,XALQ,2024/12/30 23:35,2024/12/31 1:30
ddh_10349,LBMY,XALQ,2024/12/30 16:05,2024/12/30 17:45
ddh_10350,XALQ,KIJU,2024/12/30 8:05,2024/12/30 9:45
ddh_10351,XALQ,KHPY,2024/12/30 14:20,2024/12/30 16:05
ddh_10352,KIJU,XALQ,2024/12/30 10:50,2024/12/30 13:05
ddh_10353,XALQ,LRNO,2024/12/30 6:55,2024/12/30 8:45
ddh_10354,XALQ,DULL,2024/12/30 14:10,2024/12/30 15:50
ddh_10355,KHPY,XALQ,2024/12/30 17:05,2024/12/30 19:20
ddh_10356,LRNO,XALQ,2024/12/30 9:50,2024/12/30 11:35
ddh_10357,DULL,EEJN,2024/12/30 16:40,2024/12/30 18:00
ddh_10358,XALQ,CGHU,2024/12/30 7:00,2024/12/30 10:40
ddh_10359,EEJN,DULL,2024/12/30 18:45,2024/12/30 20:30
ddh_10360,IGVH,MEEP,2024/12/30 17:15,2024/12/30 19:15
ddh_10361,CGHU,XALQ,2024/12/30 11:50,2024/12/30 16:20
ddh_10362,DULL,XALQ,2024/12/30 21:20,2024/12/30 23:20
ddh_10363,XALQ,LBMY,2024/12/30 13:00,2024/12/30 14:35
ddh_10364,IGVH,GCFX,2024/12/30 14:10,2024/12/30 16:05
ddh_10365,LQVJ,IGVH,2024/12/30 20:55,2024/12/30 22:45
ddh_10366,GCFX,DIZB,2024/12/30 16:50,2024/12/30 19:00
ddh_10367,IGVH,WDWO,2024/12/30 6:30,2024/12/30 8:45
ddh_10368,DIZB,GCFX,2024/12/30 20:05,2024/12/30 22:20
ddh_10369,WDWO,UNUN,2024/12/30 9:50,2024/12/30 13:30
ddh_10370,GCFX,IGVH,2024/12/30 23:05,2024/12/31 0:55
ddh_10371,IGVH,DIZB,2024/12/30 9:00,2024/12/30 11:50
ddh_10372,UNUN,WDWO,2024/12/30 14:30,2024/12/30 17:50
ddh_10373,IGVH,SSNS,2024/12/30 16:35,2024/12/30 19:10
ddh_10374,WDWO,IGVH,2024/12/30 18:55,2024/12/30 21:20
ddh_10375,DIZB,IGVH,2024/12/30 12:55,2024/12/30 16:25
ddh_10376,SSNS,IGVH,2024/12/30 20:20,2024/12/30 23:25
ddh_10377,XCDO,JTZV,2024/12/30 11:40,2024/12/30 16:25
ddh_10378,KHPY,CGHU,2024/12/30 10:55,2024/12/30 13:40
ddh_10379,CGHU,KHPY,2024/12/30 14:55,2024/12/30 18:00
ddh_10380,JTZV,IRVV,2024/12/30 7:15,2024/12/30 10:25
ddh_10381,IRVV,JTZV,2024/12/30 11:35,2024/12/30 15:50
ddh_10382,KHPY,IGVH,2024/12/30 19:05,2024/12/30 22:05
ddh_10383,IGVH,TJFR,2024/12/30 7:25,2024/12/30 10:10
ddh_10384,IGVH,XALQ,2024/12/30 6:35,2024/12/30 8:20
ddh_10385,IGVH,KXUZ,2024/12/30 6:55,2024/12/30 8:45
ddh_10386,XALQ,EZNJ,2024/12/30 9:25,2024/12/30 11:15
ddh_10387,TJFR,IRVV,2024/12/30 11:05,2024/12/30 13:15
ddh_10388,KXUZ,IGVH,2024/12/30 9:55,2024/12/30 12:30
ddh_10389,JTZV,GSWW,2024/12/30 6:25,2024/12/30 7:50
ddh_10390,EZNJ,XALQ,2024/12/30 12:05,2024/12/30 14:05
ddh_10391,XALQ,IGVH,2024/12/30 15:15,2024/12/30 16:50
ddh_10392,IRVV,TJFR,2024/12/30 14:20,2024/12/30 16:30
ddh_10393,GSWW,JTZV,2024/12/30 8:40,2024/12/30 10:15
ddh_10394,TJFR,IGVH,2024/12/30 17:30,2024/12/30 20:45
ddh_10395,JTZV,XCDO,2024/12/30 6:50,2024/12/30 10:30
ddh_10396,IGVH,KHPY,2024/12/30 7:15,2024/12/30 9:55
ddh_10397,CFEV,XALQ,2024/12/30 12:25,2024/12/30 15:05
ddh_10398,JTZV,IGVH,2024/12/30 7:10,2024/12/30 8:55
ddh_10399,IGVH,JTZV,2024/12/30 15:05,2024/12/30 16:45
ddh_10400,JTZV,IGVH,2024/12/30 23:25,2024/12/31 1:05
ddh_10401,JTZV,JXKD,2024/12/30 13:20,2024/12/30 15:25
ddh_10402,IGVH,JTZV,2024/12/30 22:00,2024/12/30 23:40
ddh_10403,MKLY,JTZV,2024/12/30 19:45,2024/12/31 0:10
ddh_10404,JXKD,JTZV,2024/12/30 16:10,2024/12/30 18:15
ddh_10405,JTZV,CGHU,2024/12/30 7:00,2024/12/30 10:45
ddh_10406,JTZV,UNUN,2024/12/30 8:15,2024/12/30 11:40
ddh_10407,CGHU,JTZV,2024/12/30 11:55,2024/12/30 17:00
ddh_10408,UNUN,JTZV,2024/12/30 12:55,2024/12/30 16:40
ddh_10409,JTZV,GPWJ,2024/12/30 6:40,2024/12/30 9:00
ddh_10410,JTZV,KMEK,2024/12/30 7:40,2024/12/30 8:50
ddh_10411,GPWJ,JTZV,2024/12/30 10:15,2024/12/30 12:10
ddh_10412,KMEK,JTZV,2024/12/30 9:35,2024/12/30 10:35
ddh_10413,JTZV,UNUN,2024/12/30 12:50,2024/12/30 16:50
ddh_10414,XALQ,CFEV,2024/12/30 8:15,2024/12/30 11:20
ddh_10415,UNUN,JTZV,2024/12/30 18:00,2024/12/30 21:45
ddh_10416,JTZV,MKLY,2024/12/30 14:00,2024/12/30 19:00
ddh_10417,JTZV,MEEP,2024/12/30 13:30,2024/12/30 16:05
ddh_10418,MEEP,JTZV,2024/12/30 17:10,2024/12/30 19:30
ddh_10419,JTZV,KXUZ,2024/12/30 13:25,2024/12/30 15:40
ddh_10420,JTZV,MEEP,2024/12/30 16:15,2024/12/30 18:35
ddh_10421,KXUZ,JTZV,2024/12/30 16:55,2024/12/30 20:00
ddh_10422,JTZV,CFEV,2024/12/30 15:30,2024/12/30 18:25
ddh_10423,JTZV,CFEV,2024/12/30 7:30,2024/12/30 10:05
ddh_10424,WAQQ,JTZV,2024/12/30 20:00,2024/12/30 22:55
ddh_10425,JTZV,KXUZ,2024/12/30 16:45,2024/12/30 19:05
ddh_10426,CFEV,JTZV,2024/12/30 11:15,2024/12/30 13:10
ddh_10427,JTZV,LRNO,2024/12/30 18:50,2024/12/30 21:00
ddh_10428,CFEV,JTZV,2024/12/30 19:30,2024/12/30 21:25
ddh_10429,KXUZ,JTZV,2024/12/30 20:25,2024/12/30 23:20
ddh_10430,JTZV,KXUZ,2024/12/30 7:05,2024/12/30 9:35
ddh_10431,JTZV,CFEV,2024/12/30 8:30,2024/12/30 11:05
ddh_10432,LRNO,JTZV,2024/12/30 21:50,2024/12/30 23:40
ddh_10433,JTZV,KXUZ,2024/12/30 19:20,2024/12/30 21:40
ddh_10434,KXUZ,JTZV,2024/12/30 10:50,2024/12/30 13:45
ddh_10435,CFEV,JTZV,2024/12/30 12:20,2024/12/30 14:15
ddh_10436,JTZV,MEEP,2024/12/30 9:15,2024/12/30 11:40
ddh_10437,KXUZ,JTZV,2024/12/30 8:05,2024/12/30 10:40
ddh_10438,JTZV,CFEV,2024/12/30 14:30,2024/12/30 17:15
ddh_10439,MEEP,JTZV,2024/12/30 12:55,2024/12/30 15:25
ddh_10440,JTZV,KXUZ,2024/12/30 11:45,2024/12/30 14:00
ddh_10441,JTZV,WAQQ,2024/12/30 10:15,2024/12/30 12:25
ddh_10442,KXUZ,JTZV,2024/12/30 15:25,2024/12/30 18:00
ddh_10443,CFEV,JTZV,2024/12/30 18:20,2024/12/30 20:15
ddh_10444,ZOEV,JTZV,2024/12/30 12:10,2024/12/30 14:45
ddh_10445,JTZV,KHPY,2024/12/30 17:05,2024/12/30 19:15
ddh_10446,KXUZ,XALQ,2024/12/30 10:40,2024/12/30 13:00
ddh_10447,XALQ,KXUZ,2024/12/30 12:55,2024/12/30 15:00
ddh_10448,KHPY,JTZV,2024/12/30 20:15,2024/12/30 22:35
ddh_10449,KXUZ,XALQ,2024/12/30 16:15,2024/12/30 18:30
ddh_10450,XALQ,MEEP,2024/12/30 13:35,2024/12/30 15:30
ddh_10451,MEEP,JTZV,2024/12/30 19:50,2024/12/30 22:25
ddh_10452,JTZV,IQOA,2024/12/30 19:05,2024/12/30 21:25
ddh_10453,TLRK,JTZV,2024/12/30 21:15,2024/12/30 23:25
ddh_10454,MEEP,XALQ,2024/12/30 16:45,2024/12/30 18:55
ddh_10455,JTZV,MEEP,2024/12/30 20:35,2024/12/30 22:50
ddh_10456,IQOA,JTZV,2024/12/30 22:15,2024/12/31 0:40
ddh_10457,JTZV,WGZL,2024/12/30 8:15,2024/12/30 10:35
ddh_10458,XALQ,MEEP,2024/12/30 20:25,2024/12/30 22:20
ddh_10459,MEEP,JTZV,2024/12/30 9:20,2024/12/30 11:40
ddh_10460,JTZV,TLRK,2024/12/30 7:20,2024/12/30 9:25
ddh_10461,WGZL,JTZV,2024/12/30 11:55,2024/12/30 14:25
ddh_10462,XALQ,MEEP,2024/12/30 6:50,2024/12/30 9:05
ddh_10463,MEEP,XALQ,2024/12/30 7:10,2024/12/30 9:10
ddh_10464,TLRK,JTZV,2024/12/30 10:25,2024/12/30 12:20
ddh_10465,JTZV,ZOEV,2024/12/30 8:05,2024/12/30 11:00
ddh_10466,MEEP,XALQ,2024/12/30 10:20,2024/12/30 12:35
ddh_10467,JTZV,TLRK,2024/12/30 18:05,2024/12/30 20:00
ddh_10468,XALQ,KXUZ,2024/12/30 7:10,2024/12/30 9:15
ddh_10469,ZFTY,JTZV,2024/12/30 11:40,2024/12/30 14:40
ddh_10470,JTZV,UTFU,2024/12/30 11:50,2024/12/30 13:45
ddh_10471,UTFU,JTZV,2024/12/30 14:35,2024/12/30 17:15
ddh_10472,JTZV,ZFTY,2024/12/30 9:30,2024/12/30 12:15
ddh_10473,XALQ,KXUZ,2024/12/30 19:20,2024/12/30 21:25
ddh_10474,XALQ,ZFTY,2024/12/30 13:00,2024/12/30 15:35
ddh_10475,JTZV,NYKQ,2024/12/30 7:25,2024/12/30 9:40
ddh_10476,KXUZ,XALQ,2024/12/30 22:30,2024/12/31 0:40
ddh_10477,JTZV,EFIK,2024/12/30 17:05,2024/12/30 19:25
ddh_10478,ZFTY,XALQ,2024/12/30 16:50,2024/12/30 19:50
ddh_10479,NYKQ,JTZV,2024/12/30 10:25,2024/12/30 12:40
ddh_10480,JTZV,LBMY,2024/12/30 18:00,2024/12/30 19:45
ddh_10481,EFIK,JTZV,2024/12/30 20:15,2024/12/30 22:40
ddh_10482,XALQ,ZFTY,2024/12/30 19:45,2024/12/30 22:15
ddh_10483,JTZV,PERX,2024/12/30 6:25,2024/12/30 9:15
ddh_10484,ZFTY,XALQ,2024/12/30 22:15,2024/12/31 0:55
ddh_10485,LBMY,JTZV,2024/12/30 20:50,2024/12/30 22:55
ddh_10486,JTZV,ZFTY,2024/12/30 6:30,2024/12/30 9:10
ddh_10487,PERX,JTZV,2024/12/30 10:30,2024/12/30 13:25
ddh_10488,ZFTY,JTZV,2024/12/30 10:25,2024/12/30 13:45
ddh_10489,ZFTY,SZVM,2024/12/30 6:50,2024/12/30 9:30
ddh_10490,XALQ,ZFTY,2024/12/30 6:55,2024/12/30 9:10
ddh_10491,JTZV,PERX,2024/12/30 13:55,2024/12/30 16:40
ddh_10492,SZVM,IGVH,2024/12/30 10:15,2024/12/30 12:15
ddh_10493,IGVH,SZVM,2024/12/30 18:05,2024/12/30 19:50
ddh_10494,PERX,JTZV,2024/12/30 17:45,2024/12/30 21:00
ddh_10495,JTZV,ZFTY,2024/12/30 7:30,2024/12/30 10:15
ddh_10496,SZVM,ZFTY,2024/12/30 20:35,2024/12/30 22:40
ddh_10497,ZFTY,XALQ,2024/12/30 10:30,2024/12/30 13:30
ddh_10498,YELV,JTZV,2024/12/30 18:55,2024/12/30 22:20
ddh_10499,ZMZW,JTZV,2024/12/30 21:10,2024/12/31 0:35
ddh_10500,JTZV,QKWB,2024/12/30 8:25,2024/12/30 11:20
ddh_10501,QKWB,JTZV,2024/12/30 12:10,2024/12/30 15:35
ddh_10502,JTZV,ZNIR,2024/12/30 15:00,2024/12/30 17:40
ddh_10503,ZFTY,JTZV,2024/12/30 13:40,2024/12/30 17:00
ddh_10504,ZNIR,JTZV,2024/12/30 19:10,2024/12/30 22:20
ddh_10505,ZFTY,JTZV,2024/12/30 6:55,2024/12/30 10:00
ddh_10506,JTZV,VEYC,2024/12/30 11:05,2024/12/30 12:25
ddh_10507,JTZV,ZFTY,2024/12/30 13:30,2024/12/30 16:15
ddh_10508,JTZV,YELV,2024/12/30 18:05,2024/12/30 20:35
ddh_10509,JTZV,ZFTY,2024/12/30 17:30,2024/12/30 20:15
ddh_10510,ZFTY,JTZV,2024/12/30 17:40,2024/12/30 21:00
ddh_10511,JTZV,YELV,2024/12/30 7:00,2024/12/30 9:35
ddh_10512,YELV,JTZV,2024/12/30 9:15,2024/12/30 12:25
ddh_10513,ZFTY,JTZV,2024/12/30 19:40,2024/12/30 22:40
ddh_10514,VEYC,JTZV,2024/12/30 13:10,2024/12/30 14:25
ddh_10515,YELV,JTZV,2024/12/30 10:45,2024/12/30 13:50
ddh_10516,JTZV,ZMZW,2024/12/30 8:35,2024/12/30 11:20
ddh_10517,JTZV,ZFTY,2024/12/30 19:30,2024/12/30 22:15
ddh_10518,JTZV,ZFTY,2024/12/30 15:30,2024/12/30 18:15
ddh_10519,ZMZW,JTZV,2024/12/30 12:30,2024/12/30 15:50
ddh_10520,JTZV,YELV,2024/12/30 15:00,2024/12/30 17:40
ddh_10521,ZFTY,JTZV,2024/12/30 7:40,2024/12/30 10:45
ddh_10522,JTZV,ZMZW,2024/12/30 17:05,2024/12/30 20:00
ddh_10523,ZKXC,JTZV,2024/12/30 9:55,2024/12/30 12:50
ddh_10524,JTZV,RXPU,2024/12/30 9:00,2024/12/30 11:25
ddh_10525,RXPU,JTZV,2024/12/30 12:30,2024/12/30 15:40
ddh_10526,JTZV,DIZB,2024/12/30 7:55,2024/12/30 10:20
ddh_10527,JTZV,LCYY,2024/12/30 8:00,2024/12/30 10:40
ddh_10528,DIZB,JTZV,2024/12/30 11:10,2024/12/30 13:50
ddh_10529,LCYY,JTZV,2024/12/30 11:55,2024/12/30 15:35
ddh_10530,XALQ,LCYY,2024/12/30 15:05,2024/12/30 17:30
ddh_10531,JTZV,DIZB,2024/12/30 12:10,2024/12/30 14:35
ddh_10532,JTZV,KIJU,2024/12/30 18:15,2024/12/30 20:20
ddh_10533,JTZV,LCYY,2024/12/30 16:00,2024/12/30 18:40
ddh_10534,LCYY,XALQ,2024/12/30 18:45,2024/12/30 22:05
ddh_10535,DIZB,JTZV,2024/12/30 15:40,2024/12/30 18:30
ddh_10536,KIJU,JTZV,2024/12/30 21:10,2024/12/30 23:40
ddh_10537,LCYY,JTZV,2024/12/30 19:55,2024/12/30 23:25
ddh_10538,JTZV,DIZB,2024/12/30 15:35,2024/12/30 17:50
ddh_10539,JTZV,ZKXC,2024/12/30 6:55,2024/12/30 9:10
ddh_10540,JTZV,LCYY,2024/12/30 6:00,2024/12/30 8:40
ddh_10541,LCYY,JTZV,2024/12/30 9:55,2024/12/30 13:30
ddh_10542,DIZB,JTZV,2024/12/30 19:00,2024/12/30 21:55
ddh_10543,SSNS,JTZV,2024/12/30 22:10,2024/12/31 0:55
ddh_10544,JTZV,ELNG,2024/12/30 10:00,2024/12/30 15:10
ddh_10545,JTZV,SSNS,2024/12/30 18:35,2024/12/30 21:00
ddh_10546,ELNG,JTZV,2024/12/30 17:10,2024/12/30 21:20
ddh_10547,SSNS,JTZV,2024/12/30 11:50,2024/12/30 14:40
ddh_10548,JTZV,RXPU,2024/12/30 15:00,2024/12/30 17:30
ddh_10549,JTZV,SSNS,2024/12/30 11:00,2024/12/30 13:35
ddh_10550,RXPU,JTZV,2024/12/30 18:40,2024/12/30 21:50
ddh_10551,SSNS,JTZV,2024/12/30 14:55,2024/12/30 17:45
ddh_10552,JTZV,RXPU,2024/12/30 17:05,2024/12/30 19:30
ddh_10553,LRNO,AGDH,2024/12/30 13:30,2024/12/30 16:00
ddh_10554,JTZV,YDUD,2024/12/30 0:55,2024/12/30 9:55
ddh_10555,YDUD,CYND,2024/12/30 11:25,2024/12/30 13:55
ddh_10556,CYND,JTZV,2024/12/30 16:25,2024/12/31 2:50
ddh_10557,AGDH,LRNO,2024/12/30 17:30,2024/12/30 19:35
ddh_10558,JTZV,SSNS,2024/12/30 15:00,2024/12/30 17:30
ddh_10559,RXPU,JTZV,2024/12/30 20:35,2024/12/30 23:40
ddh_10560,LRNO,PVTT,2024/12/30 2:00,2024/12/30 5:30
ddh_10561,PVTT,LRNO,2024/12/30 6:40,2024/12/30 10:00
ddh_10562,SSNS,JTZV,2024/12/30 18:45,2024/12/30 21:45
ddh_10563,JTZV,SSNS,2024/12/30 8:15,2024/12/30 10:35
ddh_10564,JTZV,NDZU,2024/12/30 14:50,2024/12/30 19:55
ddh_10565,NDZU,JTZV,2024/12/30 22:00,2024/12/31 2:00
ddh_10566,LRNO,EJUF,2024/12/30 1:50,2024/12/30 5:10
ddh_10567,EJUF,LRNO,2024/12/30 6:40,2024/12/30 10:20
ddh_10568,ZOEV,TLRK,2024/12/30 6:45,2024/12/30 8:50
ddh_10569,TLRK,CGHU,2024/12/30 9:50,2024/12/30 13:30
ddh_10570,CGHU,TLRK,2024/12/30 14:30,2024/12/30 18:30
ddh_10571,TLRK,ZOEV,2024/12/30 19:30,2024/12/30 21:45
ddh_10572,KXUZ,WDWO,2024/12/30 13:10,2024/12/30 16:05
ddh_10573,WDWO,KXUZ,2024/12/30 9:10,2024/12/30 11:55
ddh_10574,JTZV,CGHU,2024/12/30 19:55,2024/12/30 23:30
ddh_10575,JTZV,QFKO,2024/12/30 16:05,2024/12/30 17:40
ddh_10576,CGHU,JTZV,2024/12/30 7:25,2024/12/30 11:55
ddh_10577,QFKO,JTZV,2024/12/30 13:10,2024/12/30 14:55
ddh_10578,JTZV,WGZL,2024/12/30 16:55,2024/12/30 19:05
ddh_10579,WGZL,JTZV,2024/12/30 20:15,2024/12/30 22:40
ddh_10580,JTZV,LQVJ,2024/12/30 7:45,2024/12/30 9:45
ddh_10581,LQVJ,JTZV,2024/12/30 10:30,2024/12/30 12:45
ddh_10582,JTZV,KHPY,2024/12/30 8:40,2024/12/30 10:40
ddh_10583,KHPY,JTZV,2024/12/30 11:45,2024/12/30 14:10
ddh_10584,BNGY,JTZV,2024/12/30 20:05,2024/12/30 21:55
ddh_10585,JTZV,BNGY,2024/12/30 17:35,2024/12/30 19:20
ddh_10586,IGVH,ZMZW,2024/12/30 7:05,2024/12/30 9:35
ddh_10587,ZMZW,IGVH,2024/12/30 10:45,2024/12/30 14:00
ddh_10588,JTZV,SEWU,2024/12/30 11:40,2024/12/30 16:00
ddh_10589,SEWU,JTZV,2024/12/30 17:00,2024/12/30 21:00
ddh_10590,JTZV,DJQK,2024/12/30 9:05,2024/12/30 11:45
ddh_10591,DJQK,JTZV,2024/12/30 20:40,2024/12/31 0:05
ddh_10592,XALQ,FCVG,2024/12/30 16:05,2024/12/30 19:20
ddh_10593,FCVG,XALQ,2024/12/30 20:20,2024/12/30 23:40
ddh_10594,JTZV,DFQN,2024/12/30 19:55,2024/12/31 0:25
ddh_10595,DFQN,JTZV,2024/12/30 9:25,2024/12/30 14:00
ddh_10596,LRNO,QPCR,2024/12/30 13:00,2024/12/30 16:25
ddh_10597,QPCR,LRNO,2024/12/30 17:55,2024/12/30 20:40
ddh_10598,SPSE,JTZV,2024/12/30 7:00,2024/12/30 20:25
ddh_10599,JTZV,ZOEV,2024/12/30 15:05,2024/12/30 17:30
ddh_10600,ZOEV,JTZV,2024/12/30 18:40,2024/12/30 21:25
ddh_10601,UNUN,QFKO,2024/12/30 10:00,2024/12/30 12:30
ddh_10602,QFKO,CFEV,2024/12/30 13:15,2024/12/30 15:50
ddh_10603,CFEV,QFKO,2024/12/30 16:40,2024/12/30 18:40
ddh_10604,QFKO,UNUN,2024/12/30 19:25,2024/12/30 22:20
ddh_10605,JTZV,MEEP,2024/12/30 8:00,2024/12/30 10:25
ddh_10606,MEEP,JTZV,2024/12/30 11:55,2024/12/30 14:15
ddh_10607,JTZV,QFKO,2024/12/30 21:05,2024/12/30 22:40
ddh_10608,QFKO,JTZV,2024/12/30 23:25,2024/12/31 1:15
ddh_10609,YELV,NPHA,2024/12/30 8:50,2024/12/30 12:50
ddh_10610,NPHA,YELV,2024/12/30 13:50,2024/12/30 16:35
ddh_10611,JTZV,WAQQ,2024/12/30 13:15,2024/12/30 15:50
ddh_10612,WAQQ,JTZV,2024/12/30 16:35,2024/12/30 19:35
ddh_10613,VEYC,JTZV,2024/12/30 7:30,2024/12/30 8:35
ddh_10614,JTZV,WGZL,2024/12/30 9:45,2024/12/30 12:00
ddh_10615,WGZL,JTZV,2024/12/30 13:45,2024/12/30 16:15
ddh_10616,JTZV,VEYC,2024/12/30 17:20,2024/12/30 18:30
ddh_10617,CGHU,LCYY,2024/12/30 7:50,2024/12/30 11:25
ddh_10618,LCYY,CGHU,2024/12/30 13:00,2024/12/30 15:50
ddh_10619,JTZV,UWKM,2024/12/30 19:00,2024/12/30 20:10
ddh_10620,UWKM,JTZV,2024/12/30 21:00,2024/12/30 22:20
ddh_10621,UEWE,JTZV,2024/12/30 3:10,2024/12/30 11:50
ddh_10622,JTZV,JTZV,2024/12/30 0:05,2024/12/30 0:45
ddh_10623,GPVK,CFJT,2024/12/30 21:30,2024/12/31 4:00
ddh_10624,MEEP,PNOJ,2024/12/31 16:45,2024/12/31 18:55
ddh_10625,PNOJ,MEEP,2024/12/31 19:45,2024/12/31 21:45
ddh_10626,MEEP,ZBRM,2024/12/31 8:50,2024/12/31 11:10
ddh_10627,ZBRM,MEEP,2024/12/31 13:10,2024/12/31 15:30
ddh_10628,ZFTY,CGHU,2024/12/31 23:20,2025/1/1 1:25
ddh_10629,YELV,MEEP,2024/12/31 17:50,2024/12/31 20:30
ddh_10630,UNUN,ZFTY,2024/12/31 15:10,2024/12/31 19:15
ddh_10631,ZFTY,UNUN,2024/12/31 20:30,2025/1/1 0:50
ddh_10632,MEEP,YELV,2024/12/31 21:55,2025/1/1 0:10
ddh_10633,YELV,CGHU,2024/12/31 15:40,2024/12/31 19:15
ddh_10634,CGHU,ZFTY,2024/12/31 20:00,2024/12/31 22:10
ddh_10635,ZFTY,ZOEV,2024/12/31 21:55,2025/1/1 1:55
ddh_10636,ZOEV,ZFTY,2024/12/31 16:40,2024/12/31 20:40
ddh_10637,ZFTY,MOXE,2024/12/31 7:15,2024/12/31 10:05
ddh_10638,MOXE,JXKD,2024/12/31 10:50,2024/12/31 12:55
ddh_10639,YELV,MEEP,2024/12/31 7:50,2024/12/31 10:15
ddh_10640,JXKD,MOXE,2024/12/31 14:25,2024/12/31 16:30
ddh_10641,MOXE,ZFTY,2024/12/31 17:15,2024/12/31 19:55
ddh_10642,MEEP,YELV,2024/12/31 11:35,2024/12/31 13:35
ddh_10643,JXKD,ZBRM,2024/12/31 14:30,2024/12/31 16:10
ddh_10644,YELV,XCDO,2024/12/31 14:45,2024/12/31 17:45
ddh_10645,XCDO,YELV,2024/12/31 18:35,2024/12/31 21:35
ddh_10646,CGHU,YELV,2024/12/31 20:15,2024/12/31 23:30
ddh_10647,YELV,LRNO,2024/12/31 6:25,2024/12/31 9:40
ddh_10648,ZBRM,YELV,2024/12/31 16:55,2024/12/31 19:35
ddh_10649,YELV,YKHO,2024/12/31 8:20,2024/12/31 11:30
ddh_10650,YELV,PNOJ,2024/12/31 9:25,2024/12/31 12:30
ddh_10651,YKHO,YELV,2024/12/31 12:15,2024/12/31 14:30
ddh_10652,PNOJ,YELV,2024/12/31 13:20,2024/12/31 15:55
ddh_10653,YELV,XALQ,2024/12/31 8:35,2024/12/31 11:25
ddh_10654,YELV,CGHU,2024/12/31 19:45,2024/12/31 23:05
ddh_10655,XALQ,CFEV,2024/12/31 12:40,2024/12/31 15:35
ddh_10656,CGHU,YELV,2024/12/31 21:15,2025/1/1 0:40
ddh_10657,YELV,ZBRM,2024/12/31 8:15,2024/12/31 11:20
ddh_10658,ZBRM,JXKD,2024/12/31 12:05,2024/12/31 13:45
ddh_10659,CFEV,XALQ,2024/12/31 16:40,2024/12/31 19:10
ddh_10660,XALQ,YELV,2024/12/31 20:30,2024/12/31 22:30
ddh_10661,PADO,ZOEV,2024/12/31 17:25,2024/12/31 19:10
ddh_10662,UTFU,IRVV,2024/12/31 14:45,2024/12/31 16:40
ddh_10663,IRVV,UTFU,2024/12/31 17:50,2024/12/31 20:05
ddh_10664,UTFU,ZOEV,2024/12/31 21:00,2025/1/1 0:35
ddh_10665,ZOEV,SVBC,2024/12/31 9:15,2024/12/31 11:05
ddh_10666,ZOEV,MOXE,2024/12/31 6:25,2024/12/31 9:25
ddh_10667,MOXE,ZOEV,2024/12/31 10:10,2024/12/31 12:45
ddh_10668,ZOEV,DIZB,2024/12/31 7:05,2024/12/31 10:30
ddh_10669,LRNO,YELV,2024/12/31 20:05,2024/12/31 22:30
ddh_10670,DIZB,XCDO,2024/12/31 11:40,2024/12/31 13:40
ddh_10671,ZOEV,XALQ,2024/12/31 8:25,2024/12/31 10:45
ddh_10672,XCDO,DIZB,2024/12/31 14:45,2024/12/31 16:55
ddh_10673,XALQ,UNUN,2024/12/31 12:00,2024/12/31 16:00
ddh_10674,DIZB,ZOEV,2024/12/31 18:05,2024/12/31 21:40
ddh_10675,ZOEV,PADO,2024/12/31 7:25,2024/12/31 9:00
ddh_10676,UNUN,XALQ,2024/12/31 17:50,2024/12/31 21:55
ddh_10677,PADO,EZNJ,2024/12/31 10:05,2024/12/31 12:30
ddh_10678,XALQ,ZOEV,2024/12/31 23:10,2025/1/1 1:30
ddh_10679,EZNJ,PADO,2024/12/31 13:35,2024/12/31 16:15
ddh_10680,ZOEV,UTFU,2024/12/31 10:20,2024/12/31 13:45
ddh_10681,SVBC,UTFU,2024/12/31 12:00,2024/12/31 14:50
ddh_10682,UTFU,SVBC,2024/12/31 15:40,2024/12/31 18:25
ddh_10683,WDWO,LCYY,2024/12/31 18:35,2024/12/31 20:55
ddh_10684,WDWO,RNVU,2024/12/31 9:40,2024/12/31 12:00
ddh_10685,SVBC,ZOEV,2024/12/31 19:10,2024/12/31 21:00
ddh_10686,LCYY,WDWO,2024/12/31 22:00,2025/1/1 0:35
ddh_10687,RNVU,WDWO,2024/12/31 13:00,2024/12/31 15:00
ddh_10688,WDWO,PNOJ,2024/12/31 8:25,2024/12/31 10:15
ddh_10689,WDWO,GPWJ,2024/12/31 7:20,2024/12/31 10:20
ddh_10690,PNOJ,JXKD,2024/12/31 11:00,2024/12/31 12:45
ddh_10691,WDWO,CFEV,2024/12/31 16:10,2024/12/31 19:35
ddh_10692,GPWJ,WDWO,2024/12/31 11:00,2024/12/31 13:35
ddh_10693,CFEV,WDWO,2024/12/31 20:15,2024/12/31 22:50
ddh_10694,WDWO,ZBRM,2024/12/31 8:35,2024/12/31 10:15
ddh_10695,ZBRM,XBQP,2024/12/31 11:05,2024/12/31 12:15
ddh_10696,JXKD,PNOJ,2024/12/31 13:30,2024/12/31 15:15
ddh_10697,XBQP,ZBRM,2024/12/31 13:40,2024/12/31 14:50
ddh_10698,PNOJ,WDWO,2024/12/31 16:00,2024/12/31 17:40
ddh_10699,ZBRM,WDWO,2024/12/31 15:50,2024/12/31 17:20
ddh_10700,ZOEV,CGHU,2024/12/31 12:55,2024/12/31 17:55
ddh_10701,SSNS,CGHU,2024/12/31 19:10,2024/12/31 22:00
ddh_10702,CGHU,LCYY,2024/12/31 10:30,2024/12/31 13:45
ddh_10703,LCYY,CGHU,2024/12/31 14:55,2024/12/31 18:00
ddh_10704,CGHU,ZOEV,2024/12/31 6:15,2024/12/31 11:45
ddh_10705,CGHU,SSNS,2024/12/31 14:55,2024/12/31 18:05
ddh_10706,TJFR,CGHU,2024/12/31 19:55,2024/12/31 22:25
ddh_10707,CGHU,KHPY,2024/12/31 7:25,2024/12/31 10:50
ddh_10708,KHPY,JXKD,2024/12/31 11:50,2024/12/31 15:15
ddh_10709,LBMY,LRNO,2024/12/31 11:50,2024/12/31 13:55
ddh_10710,WDWO,CGHU,2024/12/31 19:05,2024/12/31 22:15
ddh_10711,LRNO,LBMY,2024/12/31 15:10,2024/12/31 17:00
ddh_10712,CGHU,UTFU,2024/12/31 8:50,2024/12/31 11:50
ddh_10713,LBMY,CGHU,2024/12/31 18:10,2024/12/31 21:30
ddh_10714,UTFU,DQBQ,2024/12/31 12:55,2024/12/31 15:40
ddh_10715,JXKD,KHPY,2024/12/31 16:00,2024/12/31 18:55
ddh_10716,KHPY,CGHU,2024/12/31 20:00,2024/12/31 22:55
ddh_10717,CGHU,TJFR,2024/12/31 9:00,2024/12/31 11:55
ddh_10718,DQBQ,UTFU,2024/12/31 16:25,2024/12/31 19:25
ddh_10719,CGHU,WDWO,2024/12/31 7:10,2024/12/31 11:05
ddh_10720,TJFR,WJBU,2024/12/31 12:55,2024/12/31 15:40
ddh_10721,UTFU,CGHU,2024/12/31 20:15,2024/12/31 22:55
ddh_10722,WDWO,DQBQ,2024/12/31 12:10,2024/12/31 14:40
ddh_10723,WJBU,TJFR,2024/12/31 16:40,2024/12/31 18:55
ddh_10724,CGHU,LBMY,2024/12/31 7:10,2024/12/31 10:50
ddh_10725,DQBQ,WDWO,2024/12/31 15:25,2024/12/31 17:55
ddh_10726,UNUN,GCFX,2024/12/31 8:20,2024/12/31 11:40
ddh_10727,GCFX,LRNO,2024/12/31 12:25,2024/12/31 14:30
ddh_10728,LRNO,GCFX,2024/12/31 15:30,2024/12/31 17:35
ddh_10729,GCFX,UNUN,2024/12/31 18:20,2024/12/31 21:50
ddh_10730,VEYC,WDWO,2024/12/31 6:45,2024/12/31 8:35
ddh_10731,VEYC,PNOJ,2024/12/31 12:50,2024/12/31 13:45
ddh_10732,PNOJ,DJQK,2024/12/31 14:30,2024/12/31 16:55
ddh_10733,WDWO,VEYC,2024/12/31 9:50,2024/12/31 12:00
ddh_10734,DJQK,PNOJ,2024/12/31 17:55,2024/12/31 21:10
ddh_10735,PNOJ,VEYC,2024/12/31 21:55,2024/12/31 22:55
ddh_10736,LUEM,TLRK,2024/12/31 12:55,2024/12/31 14:50
ddh_10737,TLRK,ZBRM,2024/12/31 15:50,2024/12/31 17:50
ddh_10738,ZBRM,ZFTY,2024/12/31 18:35,2024/12/31 21:10
ddh_10739,ZFTY,ZBRM,2024/12/31 21:15,2025/1/1 0:25
ddh_10740,ZBRM,TLRK,2024/12/31 7:55,2024/12/31 9:25
ddh_10741,JXKD,DIZB,2024/12/31 18:05,2024/12/31 21:35
ddh_10742,TLRK,LUEM,2024/12/31 10:25,2024/12/31 12:10
ddh_10743,DIZB,JXKD,2024/12/31 7:00,2024/12/31 11:00
ddh_10744,DULL,PERX,2024/12/31 13:10,2024/12/31 15:30
ddh_10745,PERX,DULL,2024/12/31 16:30,2024/12/31 18:45
ddh_10746,DULL,LRNO,2024/12/31 19:45,2024/12/31 21:55
ddh_10747,LRNO,DIZB,2024/12/31 10:55,2024/12/31 13:45
ddh_10748,DIZB,LRNO,2024/12/31 14:35,2024/12/31 17:50
ddh_10749,LRNO,DULL,2024/12/31 10:20,2024/12/31 12:10
ddh_10750,IGVH,GAGH,2024/12/31 8:45,2024/12/31 10:25
ddh_10751,GAGH,IGVH,2024/12/31 11:25,2024/12/31 12:55
ddh_10752,JTZV,XQKV,2024/12/31 1:40,2024/12/31 12:25
ddh_10753,JTZV,WVZF,2024/12/31 22:30,2025/1/1 11:00
ddh_10754,XQKV,JTZV,2024/12/31 17:50,2025/1/1 5:00
ddh_10755,YELV,JTZV,2024/12/31 5:15,2024/12/31 8:10
ddh_10756,JTZV,OYXD,2024/12/31 1:35,2024/12/31 13:45
ddh_10757,OYXD,JTZV,2024/12/31 18:20,2025/1/1 5:10
ddh_10758,JTZV,YHJF,2024/12/31 1:00,2024/12/31 12:45
ddh_10759,JTZV,GGSC,2024/12/31 1:30,2024/12/31 11:45
ddh_10760,GGSC,JTZV,2024/12/31 18:30,2025/1/1 5:10
ddh_10761,JTZV,ZWTY,2024/12/31 1:45,2024/12/31 12:45
ddh_10762,ZWTY,JTZV,2024/12/31 20:00,2025/1/1 5:20
ddh_10763,JTZV,WCBB,2024/12/31 16:30,2025/1/1 1:00
ddh_10764,JTZV,ZFTY,2024/12/31 11:30,2024/12/31 14:10
ddh_10765,WCBB,JTZV,2024/12/31 2:55,2024/12/31 11:05
ddh_10766,JTZV,UEWE,2024/12/31 16:30,2025/1/1 1:20
ddh_10767,UEWE,JTZV,2024/12/31 3:10,2024/12/31 12:00
ddh_10768,ZFTY,JTZV,2024/12/31 20:15,2024/12/31 23:00
ddh_10769,JTZV,PVTT,2024/12/31 10:20,2024/12/31 15:35
ddh_10770,JTZV,YNHL,2024/12/31 14:55,2024/12/31 17:35
ddh_10771,JTZV,VBSP,2024/12/31 9:15,2024/12/31 12:30
ddh_10772,VBSP,JTZV,2024/12/31 13:30,2024/12/31 17:30
ddh_10773,JTZV,DFQN,2024/12/31 14:40,2024/12/31 18:40
ddh_10774,JTZV,KZXO,2024/12/31 10:10,2024/12/31 13:35
ddh_10775,DFQN,JTZV,2024/12/31 19:55,2024/12/31 23:30
ddh_10776,JTZV,FCVG,2024/12/31 15:25,2024/12/31 18:45
ddh_10777,KZXO,JTZV,2024/12/31 14:35,2024/12/31 17:35
ddh_10778,YNHL,JTZV,2024/12/31 18:40,2024/12/31 21:20
ddh_10779,PVTT,JTZV,2024/12/31 17:00,2024/12/31 21:30
ddh_10780,FCVG,JTZV,2024/12/31 19:50,2024/12/31 22:50
ddh_10781,JTZV,BCHA,2024/12/31 16:05,2025/1/1 0:30
ddh_10782,JTZV,CTIG,2024/12/31 20:35,2025/1/1 0:15
ddh_10783,JTZV,LPNC,2024/12/31 9:35,2024/12/31 14:10
ddh_10784,BCHA,JTZV,2024/12/31 2:30,2024/12/31 9:05
ddh_10785,JTZV,FCVG,2024/12/31 9:00,2024/12/31 12:10
ddh_10786,CTIG,JTZV,2024/12/31 10:00,2024/12/31 13:35
ddh_10787,LPNC,JTZV,2024/12/31 15:40,2024/12/31 21:45
ddh_10788,FCVG,JTZV,2024/12/31 13:10,2024/12/31 16:15
ddh_10789,JTZV,TXMD,2024/12/31 9:35,2024/12/31 13:35
ddh_10790,JTZV,QQGB,2024/12/31 20:40,2024/12/31 23:00
ddh_10791,JTZV,GYYK,2024/12/31 14:40,2024/12/31 18:15
ddh_10792,GYYK,JTZV,2024/12/31 19:15,2024/12/31 22:50
ddh_10793,QQGB,JTZV,2024/12/31 10:00,2024/12/31 12:10
ddh_10794,TXMD,JTZV,2024/12/31 15:10,2024/12/31 20:35
ddh_10795,JTZV,GSWW,2024/12/31 15:30,2024/12/31 17:05
ddh_10796,JTZV,EZNJ,2024/12/31 7:25,2024/12/31 9:15
ddh_10797,EZNJ,JTZV,2024/12/31 10:05,2024/12/31 12:15
ddh_10798,JTZV,XCDO,2024/12/31 8:35,2024/12/31 12:20
ddh_10799,GSWW,JTZV,2024/12/31 11:55,2024/12/31 14:05
ddh_10800,JTZV,EJUF,2024/12/31 18:35,2024/12/31 23:20
ddh_10801,EJUF,JTZV,2024/12/31 0:20,2024/12/31 5:00
ddh_10802,JTZV,CGHU,2024/12/31 14:35,2024/12/31 18:20
ddh_10803,JTZV,WDWO,2024/12/31 21:40,2024/12/31 23:10
ddh_10804,WDWO,JTZV,2024/12/31 18:55,2024/12/31 20:35
ddh_10805,JTZV,UNUN,2024/12/31 8:35,2024/12/31 12:25
ddh_10806,IGVH,JTZV,2024/12/31 12:00,2024/12/31 13:30
ddh_10807,TKCE,JTZV,2024/12/31 18:05,2024/12/31 22:00
ddh_10808,CFEV,JTZV,2024/12/31 11:50,2024/12/31 14:05
ddh_10809,JTZV,CFEV,2024/12/31 12:30,2024/12/31 15:15
ddh_10810,CFEV,JTZV,2024/12/31 16:20,2024/12/31 18:15
ddh_10811,XCDO,JTZV,2024/12/31 13:30,2024/12/31 17:50
ddh_10812,UNUN,JTZV,2024/12/31 13:25,2024/12/31 17:00
ddh_10813,JTZV,IRVV,2024/12/31 14:30,2024/12/31 17:45
ddh_10814,JTZV,IGVH,2024/12/31 20:50,2024/12/31 22:30
ddh_10815,JTZV,UNUN,2024/12/31 10:25,2024/12/31 14:10
ddh_10816,IGVH,JTZV,2024/12/31 7:50,2024/12/31 9:10
ddh_10817,IRVV,JTZV,2024/12/31 18:45,2024/12/31 23:00
ddh_10818,JTZV,AWPD,2024/12/31 13:00,2024/12/31 17:15
ddh_10819,UNUN,JTZV,2024/12/31 6:55,2024/12/31 10:35
ddh_10820,JTZV,FTOI,2024/12/31 8:35,2024/12/31 10:00
ddh_10821,AWPD,JTZV,2024/12/31 18:00,2024/12/31 22:10
ddh_10822,JTZV,OZOS,2024/12/31 8:35,2024/12/31 11:15
ddh_10823,FTOI,JTZV,2024/12/31 10:45,2024/12/31 12:10
ddh_10824,OZOS,HPGC,2024/12/31 12:05,2024/12/31 13:20
ddh_10825,HPGC,OZOS,2024/12/31 14:05,2024/12/31 15:25
ddh_10826,JTZV,IGVH,2024/12/31 9:25,2024/12/31 10:55
ddh_10827,JTZV,CFEV,2024/12/31 8:00,2024/12/31 10:45
ddh_10828,JTZV,TKCE,2024/12/31 13:20,2024/12/31 17:20
ddh_10829,OZOS,JTZV,2024/12/31 16:15,2024/12/31 19:35
ddh_10830,JTZV,NPHA,2024/12/31 19:05,2024/12/31 21:10
ddh_10831,GPWJ,JTZV,2024/12/31 10:55,2024/12/31 13:10
ddh_10832,JTZV,MEEP,2024/12/31 13:00,2024/12/31 15:25
ddh_10833,JTZV,JXKD,2024/12/31 19:20,2024/12/31 21:10
ddh_10834,JTZV,OWAI,2024/12/31 8:10,2024/12/31 10:00
ddh_10835,OWAI,JTZV,2024/12/31 10:45,2024/12/31 12:10
ddh_10836,JXKD,JTZV,2024/12/31 21:55,2024/12/31 23:50
ddh_10837,JTZV,JXKD,2024/12/31 7:40,2024/12/31 9:40
ddh_10838,JTZV,UXIL,2024/12/31 14:10,2024/12/31 16:05
ddh_10839,NPHA,JTZV,2024/12/31 21:55,2024/12/31 23:45
ddh_10840,JTZV,BKVZ,2024/12/31 7:25,2024/12/31 9:05
ddh_10841,JXKD,JTZV,2024/12/31 10:25,2024/12/31 12:10
ddh_10842,UXIL,JTZV,2024/12/31 16:50,2024/12/31 18:35
ddh_10843,JTZV,XGWY,2024/12/31 8:40,2024/12/31 10:10
ddh_10844,BKVZ,JTZV,2024/12/31 9:50,2024/12/31 11:25
ddh_10845,XGWY,JTZV,2024/12/31 10:55,2024/12/31 12:15
ddh_10846,JTZV,JXKD,2024/12/31 9:15,2024/12/31 11:05
ddh_10847,JTZV,GPWJ,2024/12/31 7:55,2024/12/31 10:10
ddh_10848,JXKD,JTZV,2024/12/31 12:00,2024/12/31 13:45
ddh_10849,JTZV,LRNO,2024/12/31 21:00,2024/12/31 22:55
ddh_10850,JTZV,WAQQ,2024/12/31 16:50,2024/12/31 19:15
ddh_10851,JTZV,TLRK,2024/12/31 15:30,2024/12/31 17:20
ddh_10852,WAQQ,JTZV,2024/12/31 13:10,2024/12/31 15:45
ddh_10853,TLRK,JTZV,2024/12/31 18:20,2024/12/31 20:00
ddh_10854,MEEP,JTZV,2024/12/31 16:40,2024/12/31 18:55
ddh_10855,LRNO,JTZV,2024/12/31 7:55,2024/12/31 9:55
ddh_10856,JTZV,MEEP,2024/12/31 19:30,2024/12/31 21:45
ddh_10857,JTZV,KHPY,2024/12/31 10:25,2024/12/31 12:25
ddh_10858,MEEP,JTZV,2024/12/31 6:25,2024/12/31 8:50
ddh_10859,KHPY,XCDO,2024/12/31 13:25,2024/12/31 16:10
ddh_10860,XCDO,KHPY,2024/12/31 17:00,2024/12/31 19:50
ddh_10861,JTZV,DQBQ,2024/12/31 12:35,2024/12/31 14:40
ddh_10862,JTZV,ZOEV,2024/12/31 20:15,2024/12/31 22:35
ddh_10863,DQBQ,JTZV,2024/12/31 15:25,2024/12/31 17:40
ddh_10864,KHPY,JTZV,2024/12/31 20:50,2024/12/31 23:00
ddh_10865,ZOEV,JTZV,2024/12/31 8:20,2024/12/31 11:00
ddh_10866,JTZV,RMNJ,2024/12/31 8:55,2024/12/31 11:15
ddh_10867,KXUZ,JTZV,2024/12/31 19:00,2024/12/31 21:40
ddh_10868,JTZV,XTHX,2024/12/31 17:20,2024/12/31 18:50
ddh_10869,JTZV,LBMY,2024/12/31 13:20,2024/12/31 15:05
ddh_10870,XTHX,JTZV,2024/12/31 19:35,2024/12/31 21:20
ddh_10871,RMNJ,JTZV,2024/12/31 12:00,2024/12/31 14:40
ddh_10872,LBMY,JTZV,2024/12/31 16:10,2024/12/31 18:10
ddh_10873,JTZV,IQOA,2024/12/31 11:40,2024/12/31 13:50
ddh_10874,JTZV,JNLE,2024/12/31 13:15,2024/12/31 15:15
ddh_10875,JTZV,OJAV,2024/12/31 16:00,2024/12/31 18:35
ddh_10876,JTZV,MJTP,2024/12/31 19:10,2024/12/31 20:50
ddh_10877,JNLE,JTZV,2024/12/31 16:00,2024/12/31 18:25
ddh_10878,IQOA,JTZV,2024/12/31 15:00,2024/12/31 17:40
ddh_10879,JTZV,JNLE,2024/12/31 19:10,2024/12/31 21:10
ddh_10880,OJAV,JTZV,2024/12/31 19:20,2024/12/31 21:55
ddh_10881,MJTP,JTZV,2024/12/31 21:35,2024/12/31 23:30
ddh_10882,JTZV,KXUZ,2024/12/31 10:35,2024/12/31 12:50
ddh_10883,KXUZ,JTZV,2024/12/31 6:50,2024/12/31 9:30
ddh_10884,JNLE,JTZV,2024/12/31 21:55,2025/1/1 0:20
ddh_10885,JTZV,KXUZ,2024/12/31 14:40,2024/12/31 17:10
ddh_10886,JTZV,YELV,2024/12/31 19:15,2024/12/31 21:50
ddh_10887,JTZV,CHCY,2024/12/31 16:05,2024/12/31 18:45
ddh_10888,CHCY,JTZV,2024/12/31 19:35,2024/12/31 22:40
ddh_10889,YELV,JTZV,2024/12/31 7:40,2024/12/31 10:55
ddh_10890,JTZV,ZFTY,2024/12/31 16:30,2024/12/31 19:00
ddh_10891,JTZV,DIZB,2024/12/31 21:25,2024/12/31 23:40
ddh_10892,JTZV,QKWB,2024/12/31 14:10,2024/12/31 17:00
ddh_10893,ZFTY,JTZV,2024/12/31 15:30,2024/12/31 18:35
ddh_10894,DIZB,JTZV,2024/12/31 8:20,2024/12/31 11:00
ddh_10895,QKWB,JTZV,2024/12/31 17:50,2024/12/31 21:05
ddh_10896,JTZV,ZFTY,2024/12/31 20:30,2024/12/31 23:15
ddh_10897,JTZV,KIJU,2024/12/31 12:15,2024/12/31 14:20
ddh_10898,ZFTY,JTZV,2024/12/31 8:30,2024/12/31 11:35
ddh_10899,KIJU,JTZV,2024/12/31 15:20,2024/12/31 17:50
ddh_10900,JTZV,UHBK,2024/12/31 7:40,2024/12/31 9:45
ddh_10901,JTZV,SSNS,2024/12/31 16:10,2024/12/31 18:25
ddh_10902,JTZV,CHCY,2024/12/31 9:15,2024/12/31 11:50
ddh_10903,SSNS,JTZV,2024/12/31 19:40,2024/12/31 22:35
ddh_10904,CHCY,JTZV,2024/12/31 12:40,2024/12/31 15:45
ddh_10905,UHBK,JTZV,2024/12/31 10:30,2024/12/31 12:45
ddh_10906,LSYF,JTZV,2024/12/31 16:35,2024/12/31 18:45
ddh_10907,LCYY,JTZV,2024/12/31 16:30,2024/12/31 19:55
ddh_10908,JTZV,DJQK,2024/12/31 17:00,2024/12/31 19:35
ddh_10909,DJQK,JTZV,2024/12/31 12:35,2024/12/31 15:55
ddh_10910,JTZV,TJFR,2024/12/31 19:00,2024/12/31 21:15
ddh_10911,JTZV,LUEM,2024/12/31 7:50,2024/12/31 10:25
ddh_10912,JTZV,TJFR,2024/12/31 9:05,2024/12/31 11:20
ddh_10913,TJFR,JTZV,2024/12/31 22:00,2025/1/1 0:50
ddh_10914,LUEM,JTZV,2024/12/31 11:10,2024/12/31 14:20
ddh_10915,JTZV,SGXO,2024/12/31 13:15,2024/12/31 14:20
ddh_10916,TJFR,JTZV,2024/12/31 12:05,2024/12/31 15:00
ddh_10917,SGXO,ZGGH,2024/12/31 15:05,2024/12/31 17:30
ddh_10918,ZGGH,SGXO,2024/12/31 18:15,2024/12/31 21:00
ddh_10919,JTZV,TJFR,2024/12/31 13:20,2024/12/31 15:40
ddh_10920,SGXO,JTZV,2024/12/31 21:45,2024/12/31 22:55
ddh_10921,JTZV,LSYF,2024/12/31 9:05,2024/12/31 11:00
ddh_10922,JTZV,LCYY,2024/12/31 12:50,2024/12/31 15:15
ddh_10923,LSYF,ZMZW,2024/12/31 11:45,2024/12/31 13:10
ddh_10924,TJFR,JTZV,2024/12/31 16:25,2024/12/31 19:10
ddh_10925,ZMZW,LSYF,2024/12/31 14:10,2024/12/31 15:50
ddh_10926,XALQ,SSNS,2024/12/31 12:50,2024/12/31 14:45
ddh_10927,XALQ,RXPU,2024/12/31 8:45,2024/12/31 10:55
ddh_10928,SSNS,XALQ,2024/12/31 15:50,2024/12/31 18:20
ddh_10929,XALQ,SSNS,2024/12/31 17:05,2024/12/31 18:55
ddh_10930,XALQ,WAQQ,2024/12/31 6:30,2024/12/31 8:40
ddh_10931,RXPU,XALQ,2024/12/31 12:10,2024/12/31 14:50
ddh_10932,XALQ,XBQP,2024/12/31 20:55,2024/12/31 22:30
ddh_10933,XALQ,GPWJ,2024/12/31 9:00,2024/12/31 11:35
ddh_10934,WAQQ,XALQ,2024/12/31 9:25,2024/12/31 11:55
ddh_10935,XBQP,XALQ,2024/12/31 23:15,2025/1/1 1:00
ddh_10936,XALQ,PERX,2024/12/31 6:55,2024/12/31 9:20
ddh_10937,GPWJ,XALQ,2024/12/31 12:25,2024/12/31 15:00
ddh_10938,XALQ,ZMZW,2024/12/31 16:05,2024/12/31 18:20
ddh_10939,XALQ,SSNS,2024/12/31 7:40,2024/12/31 9:35
ddh_10940,PERX,XALQ,2024/12/31 10:25,2024/12/31 13:20
ddh_10941,ZMZW,XALQ,2024/12/31 19:20,2024/12/31 22:30
ddh_10942,XALQ,GSWW,2024/12/31 19:35,2024/12/31 21:15
ddh_10943,XALQ,TLRK,2024/12/31 14:00,2024/12/31 15:25
ddh_10944,SSNS,XALQ,2024/12/31 10:40,2024/12/31 13:15
ddh_10945,GSWW,XALQ,2024/12/31 22:05,2024/12/31 23:55
ddh_10946,TLRK,XALQ,2024/12/31 16:25,2024/12/31 18:10
ddh_10947,WGZL,XALQ,2024/12/31 19:50,2024/12/31 22:15
ddh_10948,XALQ,XXZT,2024/12/31 10:15,2024/12/31 12:20
ddh_10949,QKWB,XALQ,2024/12/31 21:10,2024/12/31 23:55
ddh_10950,XXZT,XALQ,2024/12/31 13:05,2024/12/31 15:35
ddh_10951,XALQ,DQBQ,2024/12/31 21:10,2024/12/31 23:00
ddh_10952,DIZB,XALQ,2024/12/31 9:50,2024/12/31 12:25
ddh_10953,SSNS,XALQ,2024/12/31 20:15,2024/12/31 23:00
ddh_10954,XALQ,QFKO,2024/12/31 7:05,2024/12/31 9:05
ddh_10955,XALQ,YELV,2024/12/31 7:10,2024/12/31 9:15
ddh_10956,YELV,XALQ,2024/12/31 10:30,2024/12/31 13:40
ddh_10957,XALQ,ZOEV,2024/12/31 19:05,2024/12/31 21:30
ddh_10958,QFKO,XALQ,2024/12/31 9:50,2024/12/31 11:45
ddh_10959,XALQ,JXKD,2024/12/31 15:15,2024/12/31 17:20
ddh_10960,ZOEV,XALQ,2024/12/31 22:40,2025/1/1 1:05
ddh_10961,JXKD,XALQ,2024/12/31 12:05,2024/12/31 14:05
ddh_10962,XALQ,WGZL,2024/12/31 16:40,2024/12/31 18:40
ddh_10963,XALQ,YELV,2024/12/31 14:45,2024/12/31 16:55
ddh_10964,XALQ,QKWB,2024/12/31 18:00,2024/12/31 20:15
ddh_10965,XALQ,DIZB,2024/12/31 23:25,2025/1/1 1:30
ddh_10966,XALQ,LBMY,2024/12/31 12:55,2024/12/31 14:35
ddh_10967,MEEP,IGVH,2024/12/31 10:25,2024/12/31 13:00
ddh_10968,LBMY,XALQ,2024/12/31 16:05,2024/12/31 17:45
ddh_10969,DQBQ,XALQ,2024/12/31 23:45,2025/1/1 1:40
ddh_10970,XALQ,KIJU,2024/12/31 8:05,2024/12/31 9:45
ddh_10971,XALQ,LRNO,2024/12/31 6:55,2024/12/31 8:45
ddh_10972,KIJU,XALQ,2024/12/31 10:50,2024/12/31 13:05
ddh_10973,XALQ,KHPY,2024/12/31 14:20,2024/12/31 16:00
ddh_10974,XALQ,DULL,2024/12/31 14:10,2024/12/31 15:50
ddh_10975,KHPY,XALQ,2024/12/31 17:05,2024/12/31 19:20
ddh_10976,LRNO,XALQ,2024/12/31 9:50,2024/12/31 11:35
ddh_10977,IGVH,LCYY,2024/12/31 18:05,2024/12/31 21:00
ddh_10978,DULL,EEJN,2024/12/31 16:40,2024/12/31 18:00
ddh_10979,XALQ,CGHU,2024/12/31 7:00,2024/12/31 10:40
ddh_10980,LCYY,IGVH,2024/12/31 22:10,2025/1/1 1:55
ddh_10981,EEJN,DULL,2024/12/31 18:45,2024/12/31 20:30
ddh_10982,CGHU,XALQ,2024/12/31 11:50,2024/12/31 16:20
ddh_10983,DULL,XALQ,2024/12/31 21:20,2024/12/31 23:20
ddh_10984,IGVH,MEEP,2024/12/31 7:20,2024/12/31 9:20
ddh_10985,IGVH,ZFTY,2024/12/31 20:30,2025/1/1 0:15
ddh_10986,ZFTY,IGVH,2024/12/31 7:35,2024/12/31 11:30
ddh_10987,IGVH,DJQK,2024/12/31 7:15,2024/12/31 9:55
ddh_10988,DJQK,IGVH,2024/12/31 11:25,2024/12/31 14:45
ddh_10989,IGVH,GCFX,2024/12/31 14:05,2024/12/31 16:05
ddh_10990,GCFX,DIZB,2024/12/31 16:50,2024/12/31 19:00
ddh_10991,DIZB,GCFX,2024/12/31 20:05,2024/12/31 22:20
ddh_10992,IGVH,WDWO,2024/12/31 14:55,2024/12/31 17:05
ddh_10993,GCFX,IGVH,2024/12/31 23:05,2025/1/1 0:55
ddh_10994,WDWO,UNUN,2024/12/31 18:15,2024/12/31 21:55
ddh_10995,IGVH,DIZB,2024/12/31 9:00,2024/12/31 11:50
ddh_10996,IGVH,SSNS,2024/12/31 16:35,2024/12/31 19:10
ddh_10997,DIZB,IGVH,2024/12/31 13:10,2024/12/31 16:25
ddh_10998,SSNS,IGVH,2024/12/31 20:20,2024/12/31 23:25
ddh_10999,UNUN,WDWO,2024/12/31 7:00,2024/12/31 10:20
ddh_11000,WDWO,IGVH,2024/12/31 11:30,2024/12/31 13:50
ddh_11001,XCDO,JTZV,2024/12/31 11:40,2024/12/31 16:25
ddh_11002,KHPY,CGHU,2024/12/31 10:55,2024/12/31 13:40
ddh_11003,CGHU,KHPY,2024/12/31 14:55,2024/12/31 18:00
ddh_11004,JTZV,IRVV,2024/12/31 7:15,2024/12/31 10:25
ddh_11005,KHPY,IGVH,2024/12/31 19:05,2024/12/31 22:05
ddh_11006,IGVH,DJQK,2024/12/31 17:20,2024/12/31 19:50
ddh_11007,IGVH,XALQ,2024/12/31 6:40,2024/12/31 8:20
ddh_11008,XALQ,EZNJ,2024/12/31 9:25,2024/12/31 11:15
ddh_11009,DJQK,IGVH,2024/12/31 20:40,2025/1/1 0:10
ddh_11010,IGVH,TJFR,2024/12/31 7:25,2024/12/31 10:10
ddh_11011,TJFR,IRVV,2024/12/31 11:05,2024/12/31 13:15
ddh_11012,JTZV,GSWW,2024/12/31 6:25,2024/12/31 7:50
ddh_11013,IRVV,TJFR,2024/12/31 14:20,2024/12/31 16:30
ddh_11014,EZNJ,XALQ,2024/12/31 12:05,2024/12/31 14:05
ddh_11015,GSWW,JTZV,2024/12/31 8:40,2024/12/31 10:15
ddh_11016,XALQ,IGVH,2024/12/31 15:15,2024/12/31 16:50
ddh_11017,TJFR,IGVH,2024/12/31 17:30,2024/12/31 20:45
ddh_11018,JTZV,XCDO,2024/12/31 6:50,2024/12/31 10:30
ddh_11019,IGVH,KHPY,2024/12/31 7:15,2024/12/31 9:55
ddh_11020,JTZV,MKLY,2024/12/31 13:55,2024/12/31 19:00
ddh_11021,CFEV,XALQ,2024/12/31 12:25,2024/12/31 15:05
ddh_11022,IGVH,JTZV,2024/12/31 15:05,2024/12/31 16:45
ddh_11023,JTZV,IGVH,2024/12/31 23:25,2025/1/1 1:15
ddh_11024,IRVV,JTZV,2024/12/31 11:35,2024/12/31 15:50
ddh_11025,JTZV,JXKD,2024/12/31 13:20,2024/12/31 15:25
ddh_11026,IGVH,JTZV,2024/12/31 22:05,2024/12/31 23:25
ddh_11027,JTZV,CGHU,2024/12/31 7:00,2024/12/31 10:45
ddh_11028,MKLY,JTZV,2024/12/31 19:45,2025/1/1 0:10
ddh_11029,JXKD,JTZV,2024/12/31 16:10,2024/12/31 18:05
ddh_11030,JTZV,UNUN,2024/12/31 8:15,2024/12/31 11:40
ddh_11031,JTZV,GPWJ,2024/12/31 6:55,2024/12/31 9:10
ddh_11032,CGHU,JTZV,2024/12/31 11:55,2024/12/31 16:45
ddh_11033,UNUN,JTZV,2024/12/31 12:55,2024/12/31 16:40
ddh_11034,GPWJ,JTZV,2024/12/31 10:05,2024/12/31 12:10
ddh_11035,JTZV,BKVZ,2024/12/31 6:40,2024/12/31 8:20
ddh_11036,JTZV,UNUN,2024/12/31 12:50,2024/12/31 16:50
ddh_11037,XALQ,CFEV,2024/12/31 8:15,2024/12/31 11:20
ddh_11038,BKVZ,JTZV,2024/12/31 9:05,2024/12/31 10:35
ddh_11039,UNUN,JTZV,2024/12/31 18:00,2024/12/31 21:45
ddh_11040,JTZV,IGVH,2024/12/31 7:15,2024/12/31 8:55
ddh_11041,JTZV,MEEP,2024/12/31 13:30,2024/12/31 16:05
ddh_11042,JTZV,KXUZ,2024/12/31 13:25,2024/12/31 15:40
ddh_11043,MEEP,JTZV,2024/12/31 17:10,2024/12/31 19:30
ddh_11044,KXUZ,JTZV,2024/12/31 16:55,2024/12/31 20:00
ddh_11045,JTZV,MEEP,2024/12/31 16:10,2024/12/31 18:35
ddh_11046,JTZV,CFEV,2024/12/31 15:30,2024/12/31 18:25
ddh_11047,JTZV,CFEV,2024/12/31 7:30,2024/12/31 10:05
ddh_11048,WAQQ,JTZV,2024/12/31 20:00,2024/12/31 22:55
ddh_11049,JTZV,KXUZ,2024/12/31 16:45,2024/12/31 19:05
ddh_11050,CFEV,JTZV,2024/12/31 11:15,2024/12/31 13:10
ddh_11051,JTZV,LRNO,2024/12/31 19:00,2024/12/31 21:00
ddh_11052,CFEV,JTZV,2024/12/31 19:30,2024/12/31 21:25
ddh_11053,KXUZ,JTZV,2024/12/31 20:25,2024/12/31 23:20
ddh_11054,JTZV,KXUZ,2024/12/31 7:05,2024/12/31 9:35
ddh_11055,JTZV,CFEV,2024/12/31 8:30,2024/12/31 11:05
ddh_11056,LRNO,JTZV,2024/12/31 21:50,2024/12/31 23:40
ddh_11057,JTZV,KXUZ,2024/12/31 19:20,2024/12/31 21:40
ddh_11058,KXUZ,JTZV,2024/12/31 10:50,2024/12/31 13:45
ddh_11059,CFEV,JTZV,2024/12/31 12:20,2024/12/31 14:15
ddh_11060,KXUZ,JTZV,2024/12/31 8:05,2024/12/31 10:40
ddh_11061,JTZV,MEEP,2024/12/31 9:15,2024/12/31 11:40
ddh_11062,JTZV,CFEV,2024/12/31 14:30,2024/12/31 17:15
ddh_11063,JTZV,KXUZ,2024/12/31 11:45,2024/12/31 14:00
ddh_11064,MEEP,JTZV,2024/12/31 12:55,2024/12/31 15:30
ddh_11065,JTZV,WAQQ,2024/12/31 10:15,2024/12/31 12:25
ddh_11066,KXUZ,JTZV,2024/12/31 15:25,2024/12/31 18:00
ddh_11067,CFEV,JTZV,2024/12/31 18:20,2024/12/31 20:15
ddh_11068,JTZV,TLRK,2024/12/31 18:05,2024/12/31 20:10
ddh_11069,KXUZ,XALQ,2024/12/31 10:40,2024/12/31 13:00
ddh_11070,ZOEV,JTZV,2024/12/31 11:40,2024/12/31 14:30
ddh_11071,JTZV,KHPY,2024/12/31 17:15,2024/12/31 19:15
ddh_11072,XALQ,KXUZ,2024/12/31 12:55,2024/12/31 15:00
ddh_11073,KHPY,JTZV,2024/12/31 20:15,2024/12/31 22:35
ddh_11074,KXUZ,XALQ,2024/12/31 16:15,2024/12/31 18:30
ddh_11075,XALQ,MEEP,2024/12/31 13:35,2024/12/31 15:30
ddh_11076,MEEP,JTZV,2024/12/31 19:50,2024/12/31 22:25
ddh_11077,JTZV,IQOA,2024/12/31 19:00,2024/12/31 21:25
ddh_11078,TLRK,JTZV,2024/12/31 21:25,2024/12/31 23:25
ddh_11079,MEEP,XALQ,2024/12/31 16:45,2024/12/31 18:55
ddh_11080,JTZV,MEEP,2024/12/31 20:35,2024/12/31 23:05
ddh_11081,IQOA,JTZV,2024/12/31 22:15,2025/1/1 0:40
ddh_11082,JTZV,WGZL,2024/12/31 8:15,2024/12/31 10:35
ddh_11083,XALQ,MEEP,2024/12/31 20:25,2024/12/31 22:20
ddh_11084,MEEP,JTZV,2024/12/31 9:20,2024/12/31 11:40
ddh_11085,JTZV,TLRK,2024/12/31 7:20,2024/12/31 9:25
ddh_11086,WGZL,JTZV,2024/12/31 11:55,2024/12/31 14:25
ddh_11087,MEEP,XALQ,2024/12/31 6:50,2024/12/31 9:10
ddh_11088,XALQ,MEEP,2024/12/31 6:50,2024/12/31 9:05
ddh_11089,JTZV,WGZL,2024/12/31 18:45,2024/12/31 21:15
ddh_11090,TLRK,JTZV,2024/12/31 10:25,2024/12/31 12:20
ddh_11091,WGZL,JTZV,2024/12/31 22:15,2025/1/1 0:40
ddh_11092,MEEP,XALQ,2024/12/31 10:20,2024/12/31 12:35
ddh_11093,JTZV,ZOEV,2024/12/31 8:05,2024/12/31 10:30
ddh_11094,XALQ,KXUZ,2024/12/31 7:10,2024/12/31 9:15
ddh_11095,PERX,JTZV,2024/12/31 17:45,2024/12/31 21:00
ddh_11096,JTZV,UTFU,2024/12/31 11:50,2024/12/31 13:45
ddh_11097,ZFTY,JTZV,2024/12/31 11:40,2024/12/31 14:40
ddh_11098,UTFU,JTZV,2024/12/31 14:35,2024/12/31 17:15
ddh_11099,JTZV,ZFTY,2024/12/31 9:30,2024/12/31 12:15
ddh_11100,XALQ,KXUZ,2024/12/31 19:20,2024/12/31 21:25
ddh_11101,JTZV,NYKQ,2024/12/31 7:25,2024/12/31 9:40
ddh_11102,XALQ,ZFTY,2024/12/31 13:00,2024/12/31 15:35
ddh_11103,JTZV,EFIK,2024/12/31 17:05,2024/12/31 19:25
ddh_11104,ZFTY,XALQ,2024/12/31 16:50,2024/12/31 20:05
ddh_11105,KXUZ,XALQ,2024/12/31 22:30,2025/1/1 0:55
ddh_11106,NYKQ,JTZV,2024/12/31 10:25,2024/12/31 12:40
ddh_11107,EFIK,JTZV,2024/12/31 20:15,2024/12/31 22:40
ddh_11108,XALQ,ZFTY,2024/12/31 19:45,2024/12/31 22:15
ddh_11109,JTZV,LBMY,2024/12/31 17:50,2024/12/31 19:45
ddh_11110,JTZV,PERX,2024/12/31 6:25,2024/12/31 9:15
ddh_11111,LBMY,JTZV,2024/12/31 20:50,2024/12/31 22:55
ddh_11112,JTZV,ZFTY,2024/12/31 6:30,2024/12/31 9:10
ddh_11113,PERX,JTZV,2024/12/31 10:30,2024/12/31 13:25
ddh_11114,ZFTY,XALQ,2024/12/31 22:15,2025/1/1 1:10
ddh_11115,ZFTY,JTZV,2024/12/31 10:25,2024/12/31 13:40
ddh_11116,XALQ,ZFTY,2024/12/31 6:55,2024/12/31 9:10
ddh_11117,JTZV,PERX,2024/12/31 13:55,2024/12/31 16:40
ddh_11118,JTZV,ZFTY,2024/12/31 7:30,2024/12/31 10:15
ddh_11119,ZFTY,XALQ,2024/12/31 10:30,2024/12/31 13:30
ddh_11120,JTZV,VEYC,2024/12/31 11:05,2024/12/31 12:25
ddh_11121,YELV,JTZV,2024/12/31 18:55,2024/12/31 22:20
ddh_11122,JTZV,ZMZW,2024/12/31 16:55,2024/12/31 19:35
ddh_11123,JTZV,QKWB,2024/12/31 8:25,2024/12/31 11:20
ddh_11124,QKWB,JTZV,2024/12/31 12:10,2024/12/31 15:35
ddh_11125,ZMZW,JTZV,2024/12/31 20:50,2025/1/1 0:10
ddh_11126,JTZV,ZNIR,2024/12/31 15:00,2024/12/31 17:40
ddh_11127,ZFTY,JTZV,2024/12/31 13:40,2024/12/31 17:00
ddh_11128,JTZV,YEQV,2024/12/31 18:05,2024/12/31 20:20
ddh_11129,ZNIR,JTZV,2024/12/31 19:10,2024/12/31 22:20
ddh_11130,JTZV,ZFTY,2024/12/31 13:30,2024/12/31 16:15
ddh_11131,YEQV,JTZV,2024/12/31 21:05,2024/12/31 23:55
ddh_11132,JTZV,YELV,2024/12/31 18:05,2024/12/31 20:35
ddh_11133,JTZV,ZFTY,2024/12/31 17:30,2024/12/31 20:15
ddh_11134,ZFTY,JTZV,2024/12/31 17:40,2024/12/31 21:00
ddh_11135,JTZV,YELV,2024/12/31 7:00,2024/12/31 9:35
ddh_11136,YELV,JTZV,2024/12/31 9:15,2024/12/31 12:25
ddh_11137,ZFTY,JTZV,2024/12/31 19:40,2024/12/31 22:40
ddh_11138,VEYC,JTZV,2024/12/31 13:10,2024/12/31 14:25
ddh_11139,YELV,JTZV,2024/12/31 10:45,2024/12/31 13:50
ddh_11140,JTZV,ZMZW,2024/12/31 8:35,2024/12/31 11:20
ddh_11141,JTZV,ZFTY,2024/12/31 19:30,2024/12/31 22:15
ddh_11142,JTZV,ZFTY,2024/12/31 15:30,2024/12/31 18:15
ddh_11143,ZMZW,JTZV,2024/12/31 12:30,2024/12/31 15:50
ddh_11144,JTZV,YELV,2024/12/31 15:00,2024/12/31 17:40
ddh_11145,ZFTY,JTZV,2024/12/31 7:40,2024/12/31 10:45
ddh_11146,ZFTY,JTZV,2024/12/31 6:55,2024/12/31 9:55
ddh_11147,ZKXC,JTZV,2024/12/31 10:00,2024/12/31 12:50
ddh_11148,JTZV,RXPU,2024/12/31 9:00,2024/12/31 11:25
ddh_11149,RXPU,JTZV,2024/12/31 12:30,2024/12/31 15:40
ddh_11150,JTZV,DIZB,2024/12/31 7:55,2024/12/31 10:20
ddh_11151,JTZV,LCYY,2024/12/31 8:00,2024/12/31 10:40
ddh_11152,DIZB,JTZV,2024/12/31 11:10,2024/12/31 13:50
ddh_11153,LCYY,JTZV,2024/12/31 11:55,2024/12/31 15:35
ddh_11154,JTZV,DIZB,2024/12/31 12:10,2024/12/31 14:35
ddh_11155,JTZV,KIJU,2024/12/31 18:15,2024/12/31 20:20
ddh_11156,XALQ,LCYY,2024/12/31 15:05,2024/12/31 17:30
ddh_11157,JTZV,LCYY,2024/12/31 16:00,2024/12/31 18:40
ddh_11158,DIZB,JTZV,2024/12/31 15:40,2024/12/31 18:30
ddh_11159,LCYY,XALQ,2024/12/31 18:45,2024/12/31 22:15
ddh_11160,KIJU,JTZV,2024/12/31 21:10,2024/12/31 23:40
ddh_11161,LCYY,JTZV,2024/12/31 19:55,2024/12/31 23:25
ddh_11162,JTZV,ZKXC,2024/12/31 6:40,2024/12/31 9:10
ddh_11163,JTZV,DIZB,2024/12/31 15:35,2024/12/31 17:50
ddh_11164,DIZB,JTZV,2024/12/31 19:00,2024/12/31 21:55
ddh_11165,JTZV,WCBB,2024/12/31 5:50,2024/12/31 14:25
ddh_11166,WCBB,NBPB,2024/12/31 16:25,2024/12/31 19:50
ddh_11167,SSNS,JTZV,2024/12/31 22:10,2025/1/1 0:55
ddh_11168,JTZV,SSNS,2024/12/31 18:35,2024/12/31 21:00
ddh_11169,JTZV,KSJP,2024/12/31 2:00,2024/12/31 7:20
ddh_11170,KSJP,JTZV,2024/12/31 9:35,2024/12/31 14:10
ddh_11171,SSNS,JTZV,2024/12/31 11:50,2024/12/31 14:40
ddh_11172,JTZV,RXPU,2024/12/31 15:00,2024/12/31 17:30
ddh_11173,NBPB,JTZV,2024/12/31 22:20,2025/1/1 7:55
ddh_11174,JTZV,SSNS,2024/12/31 11:00,2024/12/31 13:35
ddh_11175,RXPU,JTZV,2024/12/31 18:40,2024/12/31 21:50
ddh_11176,SSNS,JTZV,2024/12/31 14:55,2024/12/31 17:45
ddh_11177,JTZV,RXPU,2024/12/31 17:05,2024/12/31 19:30
ddh_11178,LRNO,AGDH,2024/12/31 13:30,2024/12/31 16:00
ddh_11179,AGDH,LRNO,2024/12/31 17:30,2024/12/31 19:35
ddh_11180,JTZV,SSNS,2024/12/31 15:00,2024/12/31 17:30
ddh_11181,RXPU,JTZV,2024/12/31 20:35,2024/12/31 23:40
ddh_11182,SSNS,JTZV,2024/12/31 18:45,2024/12/31 21:45
ddh_11183,JTZV,SSNS,2024/12/31 8:15,2024/12/31 10:35
ddh_11184,JTZV,NDZU,2024/12/31 14:50,2024/12/31 19:55
ddh_11185,NDZU,JTZV,2024/12/31 22:00,2025/1/1 2:00
ddh_11186,JTZV,GSWF,2024/12/31 5:00,2024/12/31 9:30
ddh_11187,GSWF,COMY,2024/12/31 11:30,2024/12/31 18:40
ddh_11188,COMY,JTZV,2024/12/31 21:10,2025/1/1 6:55
ddh_11189,LRNO,EJUF,2024/12/31 1:50,2024/12/31 5:10
ddh_11190,EJUF,LRNO,2024/12/31 6:40,2024/12/31 10:20
ddh_11191,JTZV,QPCR,2024/12/31 17:55,2024/12/31 21:00
ddh_11192,QPCR,JTZV,2024/12/31 23:00,2025/1/1 2:00
ddh_11193,YELV,GSWW,2024/12/31 6:55,2024/12/31 9:55
ddh_11194,GSWW,BKCE,2024/12/31 10:45,2024/12/31 12:30
ddh_11195,BKCE,GSWW,2024/12/31 13:15,2024/12/31 14:45
ddh_11196,GSWW,YELV,2024/12/31 15:35,2024/12/31 18:25
ddh_11197,ZOEV,WJBU,2024/12/31 6:00,2024/12/31 7:55
ddh_11198,WJBU,GSWW,2024/12/31 8:55,2024/12/31 11:05
ddh_11199,GSWW,WJBU,2024/12/31 17:55,2024/12/31 20:10
ddh_11200,WJBU,ZOEV,2024/12/31 21:45,2024/12/31 23:50
ddh_11201,KXUZ,WDWO,2024/12/31 13:10,2024/12/31 16:05
ddh_11202,WDWO,KXUZ,2024/12/31 9:10,2024/12/31 11:55
ddh_11203,JTZV,QFKO,2024/12/31 13:05,2024/12/31 14:50
ddh_11204,JTZV,CGHU,2024/12/31 19:55,2024/12/31 23:30
ddh_11205,QFKO,JTZV,2024/12/31 15:40,2024/12/31 17:35
ddh_11206,JTZV,XLQE,2024/12/31 9:05,2024/12/31 13:15
ddh_11207,XLQE,JTZV,2024/12/31 14:00,2024/12/31 17:55
ddh_11208,JTZV,WGZL,2024/12/31 16:55,2024/12/31 19:05
ddh_11209,WGZL,JTZV,2024/12/31 20:15,2024/12/31 22:40
ddh_11210,JTZV,KHPY,2024/12/31 8:40,2024/12/31 10:45
ddh_11211,KHPY,JTZV,2024/12/31 11:45,2024/12/31 14:10
ddh_11212,JTZV,PERX,2024/12/31 20:20,2024/12/31 22:55
ddh_11213,IGVH,TSRM,2024/12/31 7:55,2024/12/31 9:50
ddh_11214,TSRM,DIZB,2024/12/31 10:35,2024/12/31 12:25
ddh_11215,DIZB,TSRM,2024/12/31 13:15,2024/12/31 15:30
ddh_11216,TSRM,IGVH,2024/12/31 16:15,2024/12/31 18:05
ddh_11217,IGVH,AJDW,2024/12/31 10:00,2024/12/31 12:25
ddh_11218,AJDW,XCDO,2024/12/31 13:10,2024/12/31 15:45
ddh_11219,XCDO,AJDW,2024/12/31 16:40,2024/12/31 19:55
ddh_11220,AJDW,IGVH,2024/12/31 20:40,2024/12/31 23:15
ddh_11221,JTZV,SEWU,2024/12/31 11:40,2024/12/31 16:00
ddh_11222,SEWU,JTZV,2024/12/31 17:00,2024/12/31 21:00
ddh_11223,JTZV,DJQK,2024/12/31 9:05,2024/12/31 11:45
ddh_11224,DJQK,JTZV,2024/12/31 20:40,2025/1/1 0:05
ddh_11225,XALQ,FCVG,2024/12/31 16:05,2024/12/31 19:20
ddh_11226,FCVG,XALQ,2024/12/31 20:20,2024/12/31 23:50
ddh_11227,WGZL,FCVG,2024/12/31 9:55,2024/12/31 12:35
ddh_11228,FCVG,WGZL,2024/12/31 13:35,2024/12/31 16:20
ddh_11229,JTZV,DFQN,2024/12/31 19:55,2025/1/1 0:25
ddh_11230,DFQN,JTZV,2024/12/31 9:35,2024/12/31 14:00
ddh_11231,XALQ,WGZL,2024/12/31 7:00,2024/12/31 8:55
ddh_11232,WGZL,XALQ,2024/12/31 18:00,2024/12/31 20:35
ddh_11233,LRNO,QPCR,2024/12/31 13:00,2024/12/31 16:25
ddh_11234,QPCR,LRNO,2024/12/31 17:55,2024/12/31 20:40
ddh_11235,JTZV,UNUN,2024/12/31 19:00,2024/12/31 22:45
ddh_11236,UNUN,JTZV,2024/12/31 7:25,2024/12/31 11:20
ddh_11237,ZOEV,JTZV,2024/12/31 18:40,2024/12/31 21:25
ddh_11238,JTZV,ZOEV,2024/12/31 15:05,2024/12/31 17:25
ddh_11239,YHJF,JTZV,2024/12/31 16:40,2025/1/1 5:55
ddh_11240,JTZV,MEEP,2024/12/31 8:00,2024/12/31 10:25
ddh_11241,MEEP,JTZV,2024/12/31 11:55,2024/12/31 14:15
ddh_11242,JTZV,QFKO,2024/12/31 21:05,2024/12/31 22:40
ddh_11243,QFKO,JTZV,2024/12/31 23:25,2025/1/1 1:15
ddh_11244,JTZV,WAQQ,2024/12/31 13:15,2024/12/31 15:50
ddh_11245,WAQQ,JTZV,2024/12/31 16:35,2024/12/31 19:35
ddh_11246,VEYC,JTZV,2024/12/31 7:30,2024/12/31 8:35
ddh_11247,JTZV,WGZL,2024/12/31 9:45,2024/12/31 12:00
ddh_11248,WGZL,JTZV,2024/12/31 13:45,2024/12/31 16:15
ddh_11249,JTZV,VEYC,2024/12/31 17:20,2024/12/31 18:30
ddh_11250,CGHU,LCYY,2024/12/31 7:50,2024/12/31 11:25
ddh_11251,LCYY,CGHU,2024/12/31 13:00,2024/12/31 15:50
ddh_11252,CFJT,JTZV,2024/12/31 1:30,2024/12/31 5:50
ddh_11253,JTZV,EKVT,2025/1/1 1:30,2025/1/1 11:50
ddh_11254,JTZV,GGSC,2025/1/1 1:30,2025/1/1 11:45
ddh_11255,JTZV,XQKV,2025/1/1 1:40,2025/1/1 12:25
ddh_11256,JTZV,ZWTY,2025/1/1 1:45,2025/1/1 12:45
ddh_11257,LRNO,FCVG,2025/1/1 2:00,2025/1/1 4:05
ddh_11258,JTZV,CGHU,2025/1/1 2:00,2025/1/1 5:55
ddh_11259,BCHA,JTZV,2025/1/1 2:30,2025/1/1 9:00
ddh_11260,UEWE,JTZV,2025/1/1 3:10,2025/1/1 11:50
ddh_11261,FCVG,LRNO,2025/1/1 5:30,2025/1/1 7:30
ddh_11262,JTZV,GSWF,2025/1/1 5:00,2025/1/1 9:30
ddh_11263,JTZV,YDUD,2025/1/1 5:40,2025/1/1 14:30
ddh_11264,XALQ,CGHU,2025/1/1 7:00,2025/1/1 10:40
ddh_11265,JTZV,ZFTY,2025/1/1 7:30,2025/1/1 10:15
ddh_11266,JTZV,MEEP,2025/1/1 8:00,2025/1/1 10:25
ddh_11267,JTZV,CFEV,2025/1/1 8:00,2025/1/1 10:45
ddh_11268,JTZV,ZOEV,2025/1/1 8:05,2025/1/1 11:00
ddh_11269,JTZV,XCDO,2025/1/1 8:35,2025/1/1 12:20
ddh_11270,GSWF,COMY,2025/1/1 11:30,2025/1/1 18:40
ddh_11271,JTZV,ZFTY,2025/1/1 11:30,2025/1/1 14:10
ddh_11272,ZFTY,JTZV,2025/1/1 11:40,2025/1/1 14:40
ddh_11273,CGHU,XALQ,2025/1/1 11:50,2025/1/1 16:20
ddh_11274,CFEV,JTZV,2025/1/1 11:50,2025/1/1 14:05
ddh_11275,MEEP,JTZV,2025/1/1 11:55,2025/1/1 14:15
ddh_11276,ZOEV,JTZV,2025/1/1 12:10,2025/1/1 14:45
ddh_11277,JTZV,CFEV,2025/1/1 12:30,2025/1/1 15:15
ddh_11278,JTZV,LCYY,2025/1/1 12:50,2025/1/1 15:15
ddh_11279,WVZF,YELV,2025/1/1 13:30,2025/1/2 4:15
ddh_11280,XCDO,JTZV,2025/1/1 13:30,2025/1/1 17:50
ddh_11281,JTZV,IRVV,2025/1/1 14:30,2025/1/1 17:45
ddh_11282,JTZV,ZOEV,2025/1/1 15:05,2025/1/1 17:30
ddh_11283,ZFTY,JTZV,2025/1/1 15:30,2025/1/1 18:35
ddh_11284,JTZV,BCHA,2025/1/1 16:05,2025/1/2 0:30
ddh_11285,JTZV,SSNS,2025/1/1 16:10,2025/1/1 18:25
ddh_11286,JTZV,MEEP,2025/1/1 16:15,2025/1/1 18:35
ddh_11287,CFEV,JTZV,2025/1/1 16:20,2025/1/1 18:15
ddh_11288,YDUD,NBPB,2025/1/1 16:30,2025/1/1 19:00
ddh_11289,JTZV,UEWE,2025/1/1 16:30,2025/1/2 1:20
ddh_11290,JTZV,ZFTY,2025/1/1 16:30,2025/1/1 19:00
ddh_11291,LCYY,JTZV,2025/1/1 16:30,2025/1/1 19:55
ddh_11292,XQKV,JTZV,2025/1/1 17:50,2025/1/2 5:00
ddh_11293,GGSC,JTZV,2025/1/1 18:30,2025/1/2 5:10
ddh_11294,ZOEV,JTZV,2025/1/1 18:40,2025/1/1 21:25
ddh_11295,IRVV,JTZV,2025/1/1 18:45,2025/1/1 23:00
ddh_11296,SSNS,JTZV,2025/1/1 19:40,2025/1/1 22:35
ddh_11297,MEEP,JTZV,2025/1/1 19:50,2025/1/1 22:25
ddh_11298,ZWTY,JTZV,2025/1/1 20:00,2025/1/2 5:20
ddh_11299,ZFTY,JTZV,2025/1/1 20:15,2025/1/1 23:00
ddh_11300,EKVT,JTZV,2025/1/1 20:30,2025/1/2 5:15
ddh_11301,COMY,JTZV,2025/1/1 21:10,2025/1/2 6:40
ddh_11302,NBPB,JTZV,2025/1/1 21:30,2025/1/2 7:40
ddh_11303,JTZV,WCBB,2025/1/1 16:30,2025/1/2 1:00
ddh_11304,WCBB,JTZV,2025/1/1 2:55,2025/1/1 11:05
ddh_11305,EJUF,JTZV,2025/1/1 0:20,2025/1/1 5:00
ddh_11306,JTZV,GGSC,2025/1/2 1:30,2025/1/2 11:45
ddh_11307,JTZV,OYXD,2025/1/2 1:35,2025/1/2 13:45
ddh_11308,JTZV,XQKV,2025/1/2 1:40,2025/1/2 12:25
ddh_11309,JTZV,ZWTY,2025/1/2 1:45,2025/1/2 12:45
ddh_11310,BCHA,JTZV,2025/1/2 2:30,2025/1/2 9:05
ddh_11311,UEWE,JTZV,2025/1/2 3:10,2025/1/2 11:50
ddh_11312,YELV,JTZV,2025/1/2 5:15,2025/1/2 8:10
ddh_11313,XALQ,ZFTY,2025/1/2 6:55,2025/1/2 9:10
ddh_11314,JTZV,ZFTY,2025/1/2 7:30,2025/1/2 10:15
ddh_11315,JTZV,CFEV,2025/1/2 7:30,2025/1/2 10:05
ddh_11316,JTZV,MEEP,2025/1/2 8:00,2025/1/2 10:25
ddh_11317,JTZV,CFEV,2025/1/2 8:00,2025/1/2 10:45
ddh_11318,JTZV,XCDO,2025/1/2 8:35,2025/1/2 12:20
ddh_11319,ZFTY,XALQ,2025/1/2 10:30,2025/1/2 13:30
ddh_11320,CFEV,JTZV,2025/1/2 11:15,2025/1/2 13:10
ddh_11321,JTZV,EZNJ,2025/1/2 11:20,2025/1/2 13:20
ddh_11322,JTZV,ZFTY,2025/1/2 11:30,2025/1/2 14:10
ddh_11323,ZFTY,JTZV,2025/1/2 11:40,2025/1/2 14:40
ddh_11324,CFEV,JTZV,2025/1/2 11:50,2025/1/2 14:05
ddh_11325,MEEP,JTZV,2025/1/2 11:55,2025/1/2 14:15
ddh_11326,JTZV,MEEP,2025/1/2 13:00,2025/1/2 15:25
ddh_11327,XCDO,JTZV,2025/1/2 13:30,2025/1/2 17:50
ddh_11328,JTZV,ELNG,2025/1/2 14:15,2025/1/2 19:25
ddh_11329,JTZV,CFEV,2025/1/2 14:30,2025/1/2 17:15
ddh_11330,JTZV,IRVV,2025/1/2 14:30,2025/1/2 17:45
ddh_11331,JTZV,KXUZ,2025/1/2 14:40,2025/1/2 17:10
ddh_11332,XALQ,YELV,2025/1/2 14:45,2025/1/2 16:55
ddh_11333,JTZV,ZOEV,2025/1/2 15:05,2025/1/2 17:30
ddh_11334,EZNJ,BCHA,2025/1/2 15:20,2025/1/3 0:30
ddh_11335,ZFTY,JTZV,2025/1/2 15:30,2025/1/2 18:35
ddh_11336,JTZV,SSNS,2025/1/2 16:10,2025/1/2 18:25
ddh_11337,NBPB,JTZV,2025/1/2 16:30,2025/1/3 2:30
ddh_11338,JTZV,UEWE,2025/1/2 16:30,2025/1/3 1:20
ddh_11339,JTZV,ZFTY,2025/1/2 16:30,2025/1/2 19:00
ddh_11340,MEEP,JTZV,2025/1/2 16:40,2025/1/2 18:55
ddh_11341,XQKV,JTZV,2025/1/2 17:50,2025/1/3 5:00
ddh_11342,OYXD,JTZV,2025/1/2 18:20,2025/1/3 5:10
ddh_11343,CFEV,JTZV,2025/1/2 18:20,2025/1/2 20:15
ddh_11344,ZOEV,JTZV,2025/1/2 18:40,2025/1/2 21:25
ddh_11345,IRVV,JTZV,2025/1/2 18:45,2025/1/2 23:00
ddh_11346,YELV,XALQ,2025/1/2 18:50,2025/1/2 21:55
ddh_11347,KXUZ,JTZV,2025/1/2 19:00,2025/1/2 21:40
ddh_11348,SSNS,JTZV,2025/1/2 19:40,2025/1/2 22:35
ddh_11349,ZWTY,JTZV,2025/1/2 20:00,2025/1/3 5:20
ddh_11350,ZFTY,JTZV,2025/1/2 20:15,2025/1/2 23:00
ddh_11351,ELNG,JTZV,2025/1/2 21:30,2025/1/3 2:00
ddh_11352,JTZV,WCBB,2025/1/2 16:30,2025/1/3 1:00
ddh_11353,WCBB,JTZV,2025/1/2 2:55,2025/1/2 11:05
ddh_11354,JTZV,WCBB,2025/1/2 0:05,2025/1/2 8:25
ddh_11355,WCBB,NBPB,2025/1/2 10:25,2025/1/2 14:10
ddh_11356,JTZV,JTZV,2025/1/3 0:05,2025/1/3 0:45
ddh_11357,JTZV,JTZV,2025/1/3 0:05,2025/1/3 0:45
ddh_11358,JTZV,YHJF,2025/1/3 1:00,2025/1/3 12:45
ddh_11359,JTZV,EKVT,2025/1/3 1:30,2025/1/3 11:50
ddh_11360,JTZV,GGSC,2025/1/3 1:30,2025/1/3 11:45
ddh_11361,JTZV,XQKV,2025/1/3 1:40,2025/1/3 12:25
ddh_11362,JTZV,ZWTY,2025/1/3 1:45,2025/1/3 12:45
ddh_11363,BCHA,EZNJ,2025/1/3 2:30,2025/1/3 10:30
ddh_11364,UEWE,JTZV,2025/1/3 3:10,2025/1/3 11:50
ddh_11365,JTZV,YDUD,2025/1/3 5:00,2025/1/3 14:00
ddh_11366,JTZV,GSWF,2025/1/3 5:55,2025/1/3 10:25
ddh_11367,XALQ,ZFTY,2025/1/3 6:55,2025/1/3 9:10
ddh_11368,JTZV,CGHU,2025/1/3 7:00,2025/1/3 10:45
ddh_11369,JTZV,KSJP,2025/1/3 7:55,2025/1/3 13:15
ddh_11370,JTZV,CFEV,2025/1/3 8:00,2025/1/3 10:45
ddh_11371,JTZV,MEEP,2025/1/3 8:00,2025/1/3 10:25
ddh_11372,EPLG,EPLG,2025/1/3 8:00,2025/1/3 12:00
ddh_11373,JTZV,XCDO,2025/1/3 8:35,2025/1/3 12:20
ddh_11374,JTZV,DJQK,2025/1/3 9:05,2025/1/3 11:45
ddh_11375,ZFTY,XALQ,2025/1/3 10:30,2025/1/3 13:30
ddh_11376,JTZV,ZFTY,2025/1/3 11:30,2025/1/3 14:10
ddh_11377,CFEV,JTZV,2025/1/3 11:50,2025/1/3 14:05
ddh_11378,MEEP,JTZV,2025/1/3 11:55,2025/1/3 14:15
ddh_11379,CGHU,JTZV,2025/1/3 11:55,2025/1/3 17:00
ddh_11380,GSWF,COMY,2025/1/3 12:25,2025/1/3 19:35
ddh_11381,JTZV,CFEV,2025/1/3 12:30,2025/1/3 15:15
ddh_11382,EZNJ,JTZV,2025/1/3 12:30,2025/1/3 15:00
ddh_11383,DJQK,JTZV,2025/1/3 12:35,2025/1/3 15:55
ddh_11384,EPLG,EPLG,2025/1/3 13:00,2025/1/3 19:00
ddh_11385,XCDO,JTZV,2025/1/3 13:30,2025/1/3 17:50
ddh_11386,JTZV,IRVV,2025/1/3 14:30,2025/1/3 17:45
ddh_11387,XALQ,YELV,2025/1/3 14:45,2025/1/3 16:55
ddh_11388,JTZV,ZOEV,2025/1/3 15:05,2025/1/3 17:30
ddh_11389,YHJF,JTZV,2025/1/3 15:10,2025/1/4 6:50
ddh_11390,KSJP,JTZV,2025/1/3 15:20,2025/1/3 20:00
ddh_11391,YDUD,CYND,2025/1/3 15:30,2025/1/3 18:00
ddh_11392,ZFTY,JTZV,2025/1/3 15:30,2025/1/3 18:25
ddh_11393,JTZV,BCHA,2025/1/3 16:05,2025/1/4 0:30
ddh_11394,JTZV,SSNS,2025/1/3 16:10,2025/1/3 18:25
ddh_11395,CFEV,JTZV,2025/1/3 16:20,2025/1/3 18:15
ddh_11396,JTZV,UEWE,2025/1/3 16:30,2025/1/4 1:20
ddh_11397,JTZV,ZFTY,2025/1/3 16:30,2025/1/3 19:00
ddh_11398,XQKV,JTZV,2025/1/3 17:50,2025/1/4 5:00
ddh_11399,JTZV,TLRK,2025/1/3 18:05,2025/1/3 20:00
ddh_11400,GGSC,JTZV,2025/1/3 18:30,2025/1/4 5:10
ddh_11401,ZOEV,JTZV,2025/1/3 18:40,2025/1/3 21:25
ddh_11402,IRVV,JTZV,2025/1/3 18:45,2025/1/3 23:00
ddh_11403,YELV,XALQ,2025/1/3 18:50,2025/1/3 21:55
ddh_11404,SSNS,JTZV,2025/1/3 19:40,2025/1/3 22:35
ddh_11405,ZWTY,JTZV,2025/1/3 20:00,2025/1/4 5:20
ddh_11406,JTZV,ZOEV,2025/1/3 20:15,2025/1/3 22:35
ddh_11407,ZFTY,JTZV,2025/1/3 20:15,2025/1/3 23:00
ddh_11408,CYND,JTZV,2025/1/3 20:30,2025/1/4 6:55
ddh_11409,EKVT,JTZV,2025/1/3 20:30,2025/1/4 5:15
ddh_11410,TLRK,JTZV,2025/1/3 21:15,2025/1/3 23:25
ddh_11411,COMY,JTZV,2025/1/3 22:05,2025/1/4 7:50
ddh_11412,JTZV,WVZF,2025/1/3 22:30,2025/1/4 11:00
ddh_11413,JTZV,WCBB,2025/1/3 16:30,2025/1/4 1:00
ddh_11414,WCBB,JTZV,2025/1/3 2:55,2025/1/3 11:05
ddh_11415,JTZV,JTZV,2025/1/4 0:05,2025/1/4 0:45
ddh_11416,JTZV,GGSC,2025/1/4 1:30,2025/1/4 11:45
ddh_11417,JTZV,OYXD,2025/1/4 1:35,2025/1/4 13:45
ddh_11418,JTZV,XQKV,2025/1/4 1:40,2025/1/4 12:25
ddh_11419,JTZV,ZWTY,2025/1/4 1:45,2025/1/4 12:45
ddh_11420,BCHA,JTZV,2025/1/4 2:30,2025/1/4 9:05
ddh_11421,UEWE,JTZV,2025/1/4 3:10,2025/1/4 11:50
ddh_11422,JTZV,GSWF,2025/1/4 5:55,2025/1/4 10:25
ddh_11423,JTZV,QPCR,2025/1/4 17:55,2025/1/4 21:00
ddh_11424,JTZV,ZFTY,2025/1/4 6:30,2025/1/4 9:10
ddh_11425,XALQ,ZFTY,2025/1/4 6:55,2025/1/4 9:10
ddh_11426,EPLG,EPLG,2025/1/4 7:00,2025/1/4 12:00
ddh_11427,ZOEV,DIZB,2025/1/4 7:05,2025/1/4 10:30
ddh_11428,JTZV,CFEV,2025/1/4 7:30,2025/1/4 10:05
ddh_11429,JTZV,MEEP,2025/1/4 8:00,2025/1/4 10:25
ddh_11430,JTZV,CFEV,2025/1/4 8:00,2025/1/4 10:45
ddh_11431,JTZV,XCDO,2025/1/4 8:35,2025/1/4 12:20
ddh_11432,ZFTY,JTZV,2025/1/4 10:25,2025/1/4 13:40
ddh_11433,ZFTY,XALQ,2025/1/4 10:30,2025/1/4 13:30
ddh_11434,CFEV,JTZV,2025/1/4 11:15,2025/1/4 13:10
ddh_11435,JTZV,ZFTY,2025/1/4 11:30,2025/1/4 14:10
ddh_11436,DIZB,XCDO,2025/1/4 11:40,2025/1/4 13:40
ddh_11437,CFEV,JTZV,2025/1/4 11:50,2025/1/4 14:05
ddh_11438,MEEP,JTZV,2025/1/4 11:55,2025/1/4 14:15
ddh_11439,GSWF,KPVN,2025/1/4 12:25,2025/1/4 18:35
ddh_11440,WVZF,YELV,2025/1/4 13:30,2025/1/5 4:15
ddh_11441,XCDO,JTZV,2025/1/4 13:30,2025/1/4 17:50
ddh_11442,JTZV,NDZU,2025/1/4 14:50,2025/1/4 19:55
ddh_11443,JTZV,CFEV,2025/1/4 14:30,2025/1/4 17:15
ddh_11444,JTZV,IRVV,2025/1/4 14:30,2025/1/4 17:45
ddh_11445,JTZV,KXUZ,2025/1/4 14:40,2025/1/4 17:10
ddh_11446,XCDO,DIZB,2025/1/4 14:50,2025/1/4 16:55
ddh_11447,JTZV,ZOEV,2025/1/4 15:05,2025/1/4 17:30
ddh_11448,ZFTY,JTZV,2025/1/4 15:30,2025/1/4 18:35
ddh_11449,JTZV,BCHA,2025/1/4 16:05,2025/1/5 0:30
ddh_11450,JTZV,SSNS,2025/1/4 16:10,2025/1/4 18:25
ddh_11451,JTZV,UEWE,2025/1/4 16:30,2025/1/5 1:20
ddh_11452,JTZV,ZFTY,2025/1/4 16:30,2025/1/4 19:00
ddh_11453,XQKV,JTZV,2025/1/4 17:50,2025/1/5 5:00
ddh_11454,DIZB,ZOEV,2025/1/4 18:05,2025/1/4 21:40
ddh_11455,OYXD,JTZV,2025/1/4 18:20,2025/1/5 5:10
ddh_11456,CFEV,JTZV,2025/1/4 18:20,2025/1/4 20:15
ddh_11457,GGSC,JTZV,2025/1/4 18:30,2025/1/5 5:10
ddh_11458,ZOEV,JTZV,2025/1/4 18:40,2025/1/4 21:25
ddh_11459,IRVV,JTZV,2025/1/4 18:45,2025/1/4 23:00
ddh_11460,KXUZ,JTZV,2025/1/4 19:00,2025/1/4 21:40
ddh_11461,SSNS,JTZV,2025/1/4 19:40,2025/1/4 22:35
ddh_11462,ZWTY,JTZV,2025/1/4 20:00,2025/1/5 5:20
ddh_11463,ZFTY,JTZV,2025/1/4 20:15,2025/1/4 23:00
ddh_11464,KPVN,COMY,2025/1/4 20:40,2025/1/4 21:35
ddh_11465,NBPB,JTZV,2025/1/4 21:20,2025/1/5 6:55
ddh_11466,NDZU,JTZV,2025/1/4 22:00,2025/1/5 2:00
ddh_11467,QPCR,JTZV,2025/1/4 23:00,2025/1/5 2:00
ddh_11468,COMY,JTZV,2025/1/4 23:35,2025/1/5 9:45
ddh_11469,JTZV,WCBB,2025/1/4 16:30,2025/1/5 1:00
ddh_11470,WCBB,JTZV,2025/1/4 2:55,2025/1/4 11:05
ddh_11471,JTZV,WCBB,2025/1/4 5:00,2025/1/4 13:20
ddh_11472,WCBB,NBPB,2025/1/4 15:20,2025/1/4 18:50
ddh_11473,JTZV,EKVT,2025/1/5 1:30,2025/1/5 11:50
ddh_11474,JTZV,GGSC,2025/1/5 1:30,2025/1/5 11:45
ddh_11475,JTZV,OYXD,2025/1/5 1:35,2025/1/5 13:45
ddh_11476,JTZV,XQKV,2025/1/5 1:40,2025/1/5 12:25
ddh_11477,JTZV,ZWTY,2025/1/5 1:45,2025/1/5 12:45
ddh_11478,BCHA,JTZV,2025/1/5 2:30,2025/1/5 9:00
ddh_11479,UEWE,JTZV,2025/1/5 3:10,2025/1/5 11:50
ddh_11480,JTZV,GSWF,2025/1/5 5:00,2025/1/5 9:30
ddh_11481,JTZV,YDUD,2025/1/5 5:00,2025/1/5 14:00
ddh_11482,YELV,JTZV,2025/1/5 5:15,2025/1/5 8:10
ddh_11483,JTZV,FWPH,2025/1/5 13:50,2025/1/5 18:55
ddh_11484,XALQ,ZFTY,2025/1/5 6:55,2025/1/5 9:10
ddh_11485,JTZV,CFEV,2025/1/5 7:30,2025/1/5 10:05
ddh_11486,JTZV,MEEP,2025/1/5 8:00,2025/1/5 10:25
ddh_11487,ZOEV,DJQK,2025/1/5 8:05,2025/1/5 10:40
ddh_11488,JTZV,XCDO,2025/1/5 8:35,2025/1/5 12:20
ddh_11489,ZFTY,XALQ,2025/1/5 10:30,2025/1/5 13:30
ddh_11490,CFEV,JTZV,2025/1/5 11:15,2025/1/5 13:10
ddh_11491,GSWF,COMY,2025/1/5 11:30,2025/1/5 18:40
ddh_11492,JTZV,ZFTY,2025/1/5 11:30,2025/1/5 14:10
ddh_11493,DJQK,ZOEV,2025/1/5 11:50,2025/1/5 14:45
ddh_11494,MEEP,JTZV,2025/1/5 11:55,2025/1/5 14:15
ddh_11495,JTZV,MEEP,2025/1/5 13:00,2025/1/5 15:25
ddh_11496,EPLG,EPLG,2025/1/5 13:00,2025/1/5 18:00
ddh_11497,XCDO,JTZV,2025/1/5 13:30,2025/1/5 17:50
ddh_11498,JTZV,CFEV,2025/1/5 14:30,2025/1/5 17:15
ddh_11499,JTZV,IRVV,2025/1/5 14:30,2025/1/5 17:45
ddh_11500,YDUD,CYND,2025/1/5 15:30,2025/1/5 18:00
ddh_11501,ZFTY,JTZV,2025/1/5 15:30,2025/1/5 18:25
ddh_11502,JTZV,UEWE,2025/1/5 16:30,2025/1/6 1:20
ddh_11503,JTZV,ZFTY,2025/1/5 16:30,2025/1/5 19:00
ddh_11504,ZOEV,ZFTY,2025/1/5 16:40,2025/1/5 20:40
ddh_11505,MEEP,JTZV,2025/1/5 16:40,2025/1/5 18:55
ddh_11506,JTZV,DJQK,2025/1/5 17:00,2025/1/5 19:40
ddh_11507,XQKV,JTZV,2025/1/5 17:50,2025/1/6 5:00
ddh_11508,JTZV,LBMY,2025/1/5 18:00,2025/1/5 19:45
ddh_11509,OYXD,JTZV,2025/1/5 18:20,2025/1/6 5:10
ddh_11510,CFEV,JTZV,2025/1/5 18:20,2025/1/5 20:15
ddh_11511,GGSC,JTZV,2025/1/5 18:30,2025/1/6 5:10
ddh_11512,IRVV,JTZV,2025/1/5 18:45,2025/1/5 23:00
ddh_11513,FWPH,JTZV,2025/1/5 20:55,2025/1/6 2:00
ddh_11514,ZWTY,JTZV,2025/1/5 20:00,2025/1/6 5:20
ddh_11515,ZFTY,JTZV,2025/1/5 20:15,2025/1/5 23:00
ddh_11516,EKVT,JTZV,2025/1/5 20:30,2025/1/6 5:15
ddh_11517,DJQK,JTZV,2025/1/5 20:40,2025/1/6 0:05
ddh_11518,CYND,JTZV,2025/1/5 20:45,2025/1/6 6:55
ddh_11519,LBMY,JTZV,2025/1/5 20:50,2025/1/5 22:55
ddh_11520,COMY,JTZV,2025/1/5 21:10,2025/1/6 6:55
ddh_11521,ZFTY,ZOEV,2025/1/5 21:55,2025/1/6 1:55
ddh_11522,JTZV,WVZF,2025/1/5 22:30,2025/1/6 11:00
ddh_11523,JTZV,WCBB,2025/1/5 16:30,2025/1/6 1:00
ddh_11524,WCBB,JTZV,2025/1/5 2:55,2025/1/5 11:05
ddh_11525,JTZV,SPSE,2025/1/5 0:15,2025/1/5 13:00
ddh_11526,JTZV,YDUD,2025/1/6 0:55,2025/1/6 9:55
ddh_11527,JTZV,EKVT,2025/1/6 1:30,2025/1/6 11:50
ddh_11528,JTZV,GGSC,2025/1/6 1:30,2025/1/6 11:45
ddh_11529,JTZV,XQKV,2025/1/6 1:40,2025/1/6 12:25
ddh_11530,ELNG,JTZV,2025/1/6 17:10,2025/1/6 21:20
ddh_11531,JTZV,ZWTY,2025/1/6 1:45,2025/1/6 12:45
ddh_11532,UEWE,JTZV,2025/1/6 3:10,2025/1/6 11:50
ddh_11533,JTZV,ELNG,2025/1/6 10:00,2025/1/6 15:10
ddh_11534,JTZV,GSWF,2025/1/6 5:55,2025/1/6 10:25
ddh_11535,JTZV,ZFTY,2025/1/6 6:30,2025/1/6 9:10
ddh_11536,XALQ,ZFTY,2025/1/6 6:55,2025/1/6 9:10
ddh_11537,JTZV,CFEV,2025/1/6 7:30,2025/1/6 10:05
ddh_11538,ZOEV,XALQ,2025/1/6 8:20,2025/1/6 10:45
ddh_11539,JTZV,CFEV,2025/1/6 8:30,2025/1/6 11:05
ddh_11540,JTZV,XCDO,2025/1/6 8:35,2025/1/6 12:20
ddh_11541,ZFTY,JTZV,2025/1/6 10:25,2025/1/6 13:45
ddh_11542,JTZV,ZOEV,2025/1/6 10:30,2025/1/6 12:50
ddh_11543,ZFTY,XALQ,2025/1/6 10:30,2025/1/6 13:30
ddh_11544,CFEV,JTZV,2025/1/6 11:15,2025/1/6 13:10
ddh_11545,YDUD,CYND,2025/1/6 11:25,2025/1/6 13:55
ddh_11546,XALQ,UNUN,2025/1/6 12:00,2025/1/6 16:00
ddh_11547,CFEV,JTZV,2025/1/6 12:20,2025/1/6 14:15
ddh_11548,GSWF,KPVN,2025/1/6 12:25,2025/1/6 18:35
ddh_11549,WVZF,YELV,2025/1/6 13:30,2025/1/7 4:15
ddh_11550,XCDO,JTZV,2025/1/6 13:30,2025/1/6 17:50
ddh_11551,JTZV,NDZU,2025/1/6 14:50,2025/1/6 19:55
ddh_11552,JTZV,CFEV,2025/1/6 14:30,2025/1/6 17:15
ddh_11553,JTZV,IRVV,2025/1/6 14:30,2025/1/6 17:45
ddh_11554,JTZV,ZOEV,2025/1/6 15:05,2025/1/6 17:30
ddh_11555,JTZV,CFEV,2025/1/6 15:30,2025/1/6 18:25
ddh_11556,JTZV,BCHA,2025/1/6 16:05,2025/1/7 0:30
ddh_11557,CYND,JTZV,2025/1/6 16:25,2025/1/7 2:50
ddh_11558,JTZV,UEWE,2025/1/6 16:30,2025/1/7 1:20
ddh_11559,JTZV,ZFTY,2025/1/6 16:30,2025/1/6 19:00
ddh_11560,ZOEV,ZFTY,2025/1/6 16:40,2025/1/6 20:40
ddh_11561,UNUN,XALQ,2025/1/6 17:50,2025/1/6 21:55
ddh_11562,XQKV,JTZV,2025/1/6 17:50,2025/1/7 5:00
ddh_11563,CFEV,JTZV,2025/1/6 18:20,2025/1/6 20:15
ddh_11564,GGSC,JTZV,2025/1/6 18:30,2025/1/7 5:10
ddh_11565,ZOEV,JTZV,2025/1/6 18:40,2025/1/6 21:25
ddh_11566,IRVV,JTZV,2025/1/6 18:45,2025/1/6 23:00
ddh_11567,CFEV,JTZV,2025/1/6 19:30,2025/1/6 21:25
ddh_11568,ZWTY,JTZV,2025/1/6 20:00,2025/1/7 5:20
ddh_11569,ZFTY,JTZV,2025/1/6 20:15,2025/1/6 23:00
ddh_11570,EKVT,JTZV,2025/1/6 20:30,2025/1/7 5:15
ddh_11571,KPVN,COMY,2025/1/6 20:35,2025/1/6 21:35
ddh_11572,ZFTY,ZOEV,2025/1/6 21:55,2025/1/7 1:55
ddh_11573,NDZU,JTZV,2025/1/6 22:00,2025/1/7 2:00
ddh_11574,XALQ,ZOEV,2025/1/6 23:10,2025/1/7 1:30
ddh_11575,COMY,JTZV,2025/1/6 23:35,2025/1/7 9:45
ddh_11576,JTZV,WCBB,2025/1/6 16:30,2025/1/7 1:00
ddh_11577,WCBB,JTZV,2025/1/6 2:55,2025/1/6 11:05
ddh_11578,SPSE,JTZV,2025/1/6 7:00,2025/1/6 20:25
ddh_11579,JTZV,YHJF,2025/1/7 1:00,2025/1/7 12:45
ddh_11580,JTZV,GGSC,2025/1/7 1:30,2025/1/7 11:45
ddh_11581,JTZV,OYXD,2025/1/7 1:35,2025/1/7 13:45
ddh_11582,JTZV,XQKV,2025/1/7 1:40,2025/1/7 12:25
ddh_11583,JTZV,ZWTY,2025/1/7 1:45,2025/1/7 12:45
ddh_11584,JTZV,KSJP,2025/1/7 2:00,2025/1/7 7:20
ddh_11585,BCHA,JTZV,2025/1/7 2:30,2025/1/7 9:05
ddh_11586,UEWE,JTZV,2025/1/7 3:10,2025/1/7 12:00
ddh_11587,JTZV,GSWF,2025/1/7 5:00,2025/1/7 9:30
ddh_11588,YELV,JTZV,2025/1/7 5:15,2025/1/7 8:10
ddh_11589,JTZV,QPCR,2025/1/7 17:55,2025/1/7 21:00
ddh_11590,JTZV,ZFTY,2025/1/7 6:30,2025/1/7 9:10
ddh_11591,XALQ,ZFTY,2025/1/7 6:55,2025/1/7 9:10
ddh_11592,JTZV,CFEV,2025/1/7 7:30,2025/1/7 10:05
ddh_11593,ZOEV,XALQ,2025/1/7 7:40,2025/1/7 10:35
ddh_11594,JTZV,MEEP,2025/1/7 8:00,2025/1/7 10:25
ddh_11595,ZOEV,JTZV,2025/1/7 8:20,2025/1/7 11:00
ddh_11596,JTZV,CFEV,2025/1/7 8:30,2025/1/7 11:05
ddh_11597,JTZV,XCDO,2025/1/7 8:35,2025/1/7 12:20
ddh_11598,KSJP,JTZV,2025/1/7 9:35,2025/1/7 14:10
ddh_11599,ZFTY,JTZV,2025/1/7 10:25,2025/1/7 13:40
ddh_11600,ZFTY,XALQ,2025/1/7 10:30,2025/1/7 13:30
ddh_11601,CFEV,JTZV,2025/1/7 11:15,2025/1/7 13:10
ddh_11602,GSWF,COMY,2025/1/7 11:30,2025/1/7 18:40
ddh_11603,JTZV,ZFTY,2025/1/7 11:30,2025/1/7 14:10
ddh_11604,MEEP,JTZV,2025/1/7 11:55,2025/1/7 14:15
ddh_11605,XALQ,UNUN,2025/1/7 12:00,2025/1/7 16:00
ddh_11606,CFEV,JTZV,2025/1/7 12:20,2025/1/7 14:15
ddh_11607,JTZV,LCYY,2025/1/7 12:50,2025/1/7 15:15
ddh_11608,TIDB,TIDB,2025/1/7 13:00,2025/1/7 19:00
ddh_11609,XCDO,JTZV,2025/1/7 13:30,2025/1/7 17:50
ddh_11610,JTZV,CFEV,2025/1/7 14:30,2025/1/7 17:15
ddh_11611,JTZV,IRVV,2025/1/7 14:30,2025/1/7 17:45
ddh_11612,JTZV,KXUZ,2025/1/7 14:40,2025/1/7 17:10
ddh_11613,JTZV,ZOEV,2025/1/7 15:05,2025/1/7 17:25
ddh_11614,JTZV,CFEV,2025/1/7 15:30,2025/1/7 18:25
ddh_11615,ZFTY,JTZV,2025/1/7 15:30,2025/1/7 18:25
ddh_11616,JTZV,ZFTY,2025/1/7 16:30,2025/1/7 19:00
ddh_11617,LCYY,JTZV,2025/1/7 16:30,2025/1/7 19:55
ddh_11618,UNUN,XALQ,2025/1/7 17:50,2025/1/7 21:55
ddh_11619,CFEV,JTZV,2025/1/7 18:20,2025/1/7 20:15
ddh_11620,ZOEV,JTZV,2025/1/7 18:40,2025/1/7 21:25
ddh_11621,IRVV,JTZV,2025/1/7 18:45,2025/1/7 23:00
ddh_11622,KXUZ,JTZV,2025/1/7 19:00,2025/1/7 21:40
ddh_11623,CFEV,JTZV,2025/1/7 19:30,2025/1/7 21:25
ddh_11624,JTZV,ZOEV,2025/1/7 20:15,2025/1/7 22:35
ddh_11625,ZFTY,JTZV,2025/1/7 20:15,2025/1/7 23:00
ddh_11626,WCBB,JTZV,2025/1/7 2:55,2025/1/7 11:05
ddh_11627,JTZV,WCBB,2025/1/7 5:50,2025/1/7 14:25
ddh_11628,WCBB,NBPB,2025/1/7 16:25,2025/1/7 19:50
ddh_11629,JTZV,CGHU,2024/12/30 9:30,2024/12/30 12:30
ddh_11630,JTZV,CGHU,2024/12/31 9:30,2024/12/31 12:30
ddh_11631,JTZV,CGHU,2025/1/1 9:30,2025/1/1 12:30
ddh_11632,JTZV,CGHU,2025/1/2 9:30,2025/1/2 12:30
ddh_11633,JTZV,CGHU,2025/1/3 9:30,2025/1/3 12:30
ddh_11634,JTZV,CGHU,2025/1/4 9:30,2025/1/4 12:30
ddh_11635,JTZV,CGHU,2025/1/5 9:30,2025/1/5 12:30
ddh_11636,JTZV,CGHU,2025/1/6 9:30,2025/1/6 12:30
ddh_11637,JTZV,CGHU,2025/1/7 9:30,2025/1/7 12:30
ddh_11638,JTZV,MOXE,2024/12/30 7:00,2024/12/30 9:00
ddh_11639,JTZV,MOXE,2024/12/31 7:00,2024/12/31 9:00
ddh_11640,JTZV,MOXE,2025/1/1 7:00,2025/1/1 9:00
ddh_11641,JTZV,MOXE,2025/1/2 7:00,2025/1/2 9:00
ddh_11642,JTZV,MOXE,2025/1/3 7:00,2025/1/3 9:00
ddh_11643,JTZV,MOXE,2025/1/4 7:00,2025/1/4 9:00
ddh_11644,JTZV,MOXE,2025/1/5 7:00,2025/1/5 9:00
ddh_11645,JTZV,MOXE,2025/1/6 7:00,2025/1/6 9:00
ddh_11646,JTZV,MOXE,2025/1/7 7:00,2025/1/7 9:00
ddh_11647,JTZV,MOXE,2024/12/30 7:00,2024/12/30 9:00
ddh_11648,JTZV,MOXE,2024/12/31 7:00,2024/12/31 9:00
ddh_11649,JTZV,MOXE,2025/1/1 7:00,2025/1/1 9:00
ddh_11650,JTZV,MOXE,2025/1/2 7:00,2025/1/2 9:00
ddh_11651,JTZV,MOXE,2025/1/3 7:00,2025/1/3 9:00
ddh_11652,JTZV,MOXE,2025/1/4 7:00,2025/1/4 9:00
ddh_11653,JTZV,MOXE,2025/1/5 7:00,2025/1/5 9:00
ddh_11654,JTZV,MOXE,2025/1/6 7:00,2025/1/6 9:00
ddh_11655,JTZV,MOXE,2025/1/7 7:00,2025/1/7 9:00
ddh_11656,JTZV,JIKE,2024/12/30 6:00,2024/12/30 9:00
ddh_11657,JTZV,JIKE,2024/12/31 6:00,2024/12/31 9:00
ddh_11658,JTZV,JIKE,2025/1/1 6:00,2025/1/1 9:00
ddh_11659,JTZV,JIKE,2025/1/2 6:00,2025/1/2 9:00
ddh_11660,JTZV,JIKE,2025/1/3 6:00,2025/1/3 9:00
ddh_11661,JTZV,JIKE,2025/1/4 6:00,2025/1/4 9:00
ddh_11662,JTZV,JIKE,2025/1/5 6:00,2025/1/5 9:00
ddh_11663,JTZV,JIKE,2025/1/6 6:00,2025/1/6 9:00
ddh_11664,JTZV,JIKE,2025/1/7 6:00,2025/1/7 9:00
ddh_11665,JTZV,WDWO,2024/12/30 7:00,2024/12/30 11:00
ddh_11666,JTZV,WDWO,2024/12/31 7:00,2024/12/31 11:00
ddh_11667,JTZV,WDWO,2025/1/1 7:00,2025/1/1 11:00
ddh_11668,JTZV,WDWO,2025/1/2 7:00,2025/1/2 11:00
ddh_11669,JTZV,WDWO,2025/1/3 7:00,2025/1/3 11:00
ddh_11670,JTZV,WDWO,2025/1/4 7:00,2025/1/4 11:00
ddh_11671,JTZV,WDWO,2025/1/5 7:00,2025/1/5 11:00
ddh_11672,JTZV,WDWO,2025/1/6 7:00,2025/1/6 11:00
ddh_11673,JTZV,WDWO,2025/1/7 7:00,2025/1/7 11:00
ddh_11674,XALQ,WDWO,2024/12/30 7:00,2024/12/30 9:00
ddh_11675,XALQ,WDWO,2024/12/31 7:00,2024/12/31 9:00
ddh_11676,XALQ,WDWO,2025/1/1 7:00,2025/1/1 9:00
ddh_11677,XALQ,WDWO,2025/1/2 7:00,2025/1/2 9:00
ddh_11678,XALQ,WDWO,2025/1/3 7:00,2025/1/3 9:00
ddh_11679,XALQ,WDWO,2025/1/4 7:00,2025/1/4 9:00
ddh_11680,XALQ,WDWO,2025/1/5 7:00,2025/1/5 9:00
ddh_11681,XALQ,WDWO,2025/1/6 7:00,2025/1/6 9:00
ddh_11682,XALQ,WDWO,2025/1/7 7:00,2025/1/7 9:00
ddh_11683,XALQ,JIKE,2024/12/30 7:00,2024/12/30 8:00
ddh_11684,XALQ,JIKE,2024/12/31 7:00,2024/12/31 8:00
ddh_11685,XALQ,JIKE,2025/1/1 7:00,2025/1/1 8:00
ddh_11686,XALQ,JIKE,2025/1/2 7:00,2025/1/2 8:00
ddh_11687,XALQ,JIKE,2025/1/3 7:00,2025/1/3 8:00
ddh_11688,XALQ,JIKE,2025/1/4 7:00,2025/1/4 8:00
ddh_11689,XALQ,JIKE,2025/1/5 7:00,2025/1/5 8:00
ddh_11690,XALQ,JIKE,2025/1/6 7:00,2025/1/6 8:00
ddh_11691,XALQ,JIKE,2025/1/7 7:00,2025/1/7 8:00
ddh_11692,JIKE,XALQ,2024/12/30 7:00,2024/12/30 8:00
ddh_11693,JIKE,XALQ,2024/12/31 7:00,2024/12/31 8:00
ddh_11694,JIKE,XALQ,2025/1/1 7:00,2025/1/1 8:00
ddh_11695,JIKE,XALQ,2025/1/2 7:00,2025/1/2 8:00
ddh_11696,JIKE,XALQ,2025/1/3 7:00,2025/1/3 8:00
ddh_11697,JIKE,XALQ,2025/1/4 7:00,2025/1/4 8:00
ddh_11698,JIKE,XALQ,2025/1/5 7:00,2025/1/5 8:00
ddh_11699,JIKE,XALQ,2025/1/6 7:00,2025/1/6 8:00
ddh_11700,JIKE,XALQ,2025/1/7 7:00,2025/1/7 8:00
ddh_11701,IGVH,JTZV,2024/12/30 17:50,2024/12/30 19:25
ddh_11702,IGVH,JTZV,2024/12/31 17:50,2024/12/31 19:25
ddh_11703,IGVH,JTZV,2025/1/1 17:50,2025/1/1 19:25
ddh_11704,IGVH,JTZV,2025/1/2 17:50,2025/1/2 19:25
ddh_11705,IGVH,JTZV,2025/1/3 17:50,2025/1/3 19:25
ddh_11706,IGVH,JTZV,2025/1/4 17:50,2025/1/4 19:25
ddh_11707,IGVH,JTZV,2025/1/5 17:50,2025/1/5 19:25
ddh_11708,IGVH,JTZV,2025/1/6 17:50,2025/1/6 19:25
ddh_11709,IGVH,JTZV,2025/1/7 17:50,2025/1/7 19:25
ddh_11710,JTZV,MOXE,2024/12/30 19:00,2024/12/30 21:00
ddh_11711,JTZV,MOXE,2024/12/31 19:00,2024/12/31 21:00
ddh_11712,JTZV,MOXE,2025/1/1 19:00,2025/1/1 21:00
ddh_11713,JTZV,MOXE,2025/1/2 19:00,2025/1/2 21:00
ddh_11714,JTZV,MOXE,2025/1/3 19:00,2025/1/3 21:00
ddh_11715,JTZV,MOXE,2025/1/4 19:00,2025/1/4 21:00
ddh_11716,JTZV,MOXE,2025/1/5 19:00,2025/1/5 21:00
ddh_11717,JTZV,MOXE,2025/1/6 19:00,2025/1/6 21:00
ddh_11718,JTZV,MOXE,2025/1/7 19:00,2025/1/7 21:00
ddh_11719,MOXE,JTZV,2024/12/30 19:45,2024/12/30 21:45
ddh_11720,MOXE,JTZV,2024/12/31 19:45,2024/12/31 21:45
ddh_11721,MOXE,JTZV,2025/1/1 19:45,2025/1/1 21:45
ddh_11722,MOXE,JTZV,2025/1/2 19:45,2025/1/2 21:45
ddh_11723,MOXE,JTZV,2025/1/3 19:45,2025/1/3 21:45
ddh_11724,MOXE,JTZV,2025/1/4 19:45,2025/1/4 21:45
ddh_11725,MOXE,JTZV,2025/1/5 19:45,2025/1/5 21:45
ddh_11726,MOXE,JTZV,2025/1/6 19:45,2025/1/6 21:45
ddh_11727,MOXE,JTZV,2025/1/7 19:45,2025/1/7 21:45
ddh_11728,JTZV,WDWO,2024/12/30 15:00,2024/12/30 18:18
ddh_11729,JTZV,WDWO,2024/12/31 15:00,2024/12/31 18:18
ddh_11730,JTZV,WDWO,2025/1/1 15:00,2025/1/1 18:18
ddh_11731,JTZV,WDWO,2025/1/2 15:00,2025/1/2 18:18
ddh_11732,JTZV,WDWO,2025/1/3 15:00,2025/1/3 18:18
ddh_11733,JTZV,WDWO,2025/1/4 15:00,2025/1/4 18:18
ddh_11734,JTZV,WDWO,2025/1/5 15:00,2025/1/5 18:18
ddh_11735,JTZV,WDWO,2025/1/6 15:00,2025/1/6 18:18
ddh_11736,JTZV,WDWO,2025/1/7 15:00,2025/1/7 18:18
ddh_11737,WDWO,JTZV,2024/12/30 14:50,2024/12/30 18:39
ddh_11738,WDWO,JTZV,2024/12/31 14:50,2024/12/31 18:39
ddh_11739,WDWO,JTZV,2025/1/1 14:50,2025/1/1 18:39
ddh_11740,WDWO,JTZV,2025/1/2 14:50,2025/1/2 18:39
ddh_11741,WDWO,JTZV,2025/1/3 14:50,2025/1/3 18:39
ddh_11742,WDWO,JTZV,2025/1/4 14:50,2025/1/4 18:39
ddh_11743,WDWO,JTZV,2025/1/5 14:50,2025/1/5 18:39
ddh_11744,WDWO,JTZV,2025/1/6 14:50,2025/1/6 18:39
ddh_11745,WDWO,JTZV,2025/1/7 14:50,2025/1/7 18:39
ddh_11746,XALQ,JTZV,2024/12/30 18:15,2024/12/30 20:34
ddh_11747,XALQ,JTZV,2024/12/31 18:15,2024/12/31 20:34
ddh_11748,XALQ,JTZV,2025/1/1 18:15,2025/1/1 20:34
ddh_11749,XALQ,JTZV,2025/1/2 18:15,2025/1/2 20:34
ddh_11750,XALQ,JTZV,2025/1/3 18:15,2025/1/3 20:34
ddh_11751,XALQ,JTZV,2025/1/4 18:15,2025/1/4 20:34
ddh_11752,XALQ,JTZV,2025/1/5 18:15,2025/1/5 20:34
ddh_11753,XALQ,JTZV,2025/1/6 18:15,2025/1/6 20:34
ddh_11754,XALQ,JTZV,2025/1/7 18:15,2025/1/7 20:34
ddh_11755,JTZV,ZBRM,2024/12/30 20:13,2024/12/30 21:30
ddh_11756,JTZV,ZBRM,2024/12/31 20:13,2024/12/31 21:30
ddh_11757,JTZV,ZBRM,2025/1/1 20:13,2025/1/1 21:30
ddh_11758,JTZV,ZBRM,2025/1/2 20:13,2025/1/2 21:30
ddh_11759,JTZV,ZBRM,2025/1/3 20:13,2025/1/3 21:30
ddh_11760,JTZV,ZBRM,2025/1/4 20:13,2025/1/4 21:30
ddh_11761,JTZV,ZBRM,2025/1/5 20:13,2025/1/5 21:30
ddh_11762,JTZV,ZBRM,2025/1/6 20:13,2025/1/6 21:30
ddh_11763,JTZV,ZBRM,2025/1/7 20:13,2025/1/7 21:30
ddh_11764,ZBRM,JTZV,2024/12/30 18:27,2024/12/30 20:01
ddh_11765,ZBRM,JTZV,2024/12/31 18:27,2024/12/31 20:01
ddh_11766,ZBRM,JTZV,2025/1/1 18:27,2025/1/1 20:01
ddh_11767,ZBRM,JTZV,2025/1/2 18:27,2025/1/2 20:01
ddh_11768,ZBRM,JTZV,2025/1/3 18:27,2025/1/3 20:01
ddh_11769,ZBRM,JTZV,2025/1/4 18:27,2025/1/4 20:01
ddh_11770,ZBRM,JTZV,2025/1/5 18:27,2025/1/5 20:01
ddh_11771,ZBRM,JTZV,2025/1/6 18:27,2025/1/6 20:01
ddh_11772,ZBRM,JTZV,2025/1/7 18:27,2025/1/7 20:01
ddh_11773,WDWO,JTZV,2024/12/30 16:41,2024/12/30 20:33
ddh_11774,WDWO,JTZV,2024/12/31 16:41,2024/12/31 20:33
ddh_11775,WDWO,JTZV,2025/1/1 16:41,2025/1/1 20:33
ddh_11776,WDWO,JTZV,2025/1/2 16:41,2025/1/2 20:33
ddh_11777,WDWO,JTZV,2025/1/3 16:41,2025/1/3 20:33
ddh_11778,WDWO,JTZV,2025/1/4 16:41,2025/1/4 20:33
ddh_11779,WDWO,JTZV,2025/1/5 16:41,2025/1/5 20:33
ddh_11780,WDWO,JTZV,2025/1/6 16:41,2025/1/6 20:33
ddh_11781,WDWO,JTZV,2025/1/7 16:41,2025/1/7 20:33
ddh_11782,MOXE,JTZV,2024/12/30 17:00,2024/12/30 20:00
ddh_11783,MOXE,JTZV,2024/12/31 17:00,2024/12/31 20:00
ddh_11784,MOXE,JTZV,2025/1/1 17:00,2025/1/1 20:00
ddh_11785,MOXE,JTZV,2025/1/2 17:00,2025/1/2 20:00
ddh_11786,MOXE,JTZV,2025/1/3 17:00,2025/1/3 20:00
ddh_11787,MOXE,JTZV,2025/1/4 17:00,2025/1/4 20:00
ddh_11788,MOXE,JTZV,2025/1/5 17:00,2025/1/5 20:00
ddh_11789,MOXE,JTZV,2025/1/6 17:00,2025/1/6 20:00
ddh_11790,MOXE,JTZV,2025/1/7 17:00,2025/1/7 20:00
ddh_11791,ZBRM,JTZV,2024/12/30 18:42,2024/12/30 20:05
ddh_11792,ZBRM,JTZV,2024/12/31 18:42,2024/12/31 20:05
ddh_11793,ZBRM,JTZV,2025/1/1 18:42,2025/1/1 20:05
ddh_11794,ZBRM,JTZV,2025/1/2 18:42,2025/1/2 20:05
ddh_11795,ZBRM,JTZV,2025/1/3 18:42,2025/1/3 20:05
ddh_11796,ZBRM,JTZV,2025/1/4 18:42,2025/1/4 20:05
ddh_11797,ZBRM,JTZV,2025/1/5 18:42,2025/1/5 20:05
ddh_11798,ZBRM,JTZV,2025/1/6 18:42,2025/1/6 20:05
ddh_11799,ZBRM,JTZV,2025/1/7 18:42,2025/1/7 20:05
ddh_11800,JTZV,MOXE,2024/12/30 19:45,2024/12/30 21:45
ddh_11801,JTZV,MOXE,2024/12/31 19:45,2024/12/31 21:45
ddh_11802,JTZV,MOXE,2025/1/1 19:45,2025/1/1 21:45
ddh_11803,JTZV,MOXE,2025/1/2 19:45,2025/1/2 21:45
ddh_11804,JTZV,MOXE,2025/1/3 19:45,2025/1/3 21:45
ddh_11805,JTZV,MOXE,2025/1/4 19:45,2025/1/4 21:45
ddh_11806,JTZV,MOXE,2025/1/5 19:45,2025/1/5 21:45
ddh_11807,JTZV,MOXE,2025/1/6 19:45,2025/1/6 21:45
ddh_11808,JTZV,MOXE,2025/1/7 19:45,2025/1/7 21:45
ddh_11809,MOXE,JTZV,2024/12/30 19:00,2024/12/30 21:00
ddh_11810,MOXE,JTZV,2024/12/31 19:00,2024/12/31 21:00
ddh_11811,MOXE,JTZV,2025/1/1 19:00,2025/1/1 21:00
ddh_11812,MOXE,JTZV,2025/1/2 19:00,2025/1/2 21:00
ddh_11813,MOXE,JTZV,2025/1/3 19:00,2025/1/3 21:00
ddh_11814,MOXE,JTZV,2025/1/4 19:00,2025/1/4 21:00
ddh_11815,MOXE,JTZV,2025/1/5 19:00,2025/1/5 21:00
ddh_11816,MOXE,JTZV,2025/1/6 19:00,2025/1/6 21:00
ddh_11817,MOXE,JTZV,2025/1/7 19:00,2025/1/7 21:00
ddh_11818,LCYY,RKSA,2024/12/30 12:15,2024/12/30 20:50
ddh_11819,LCYY,RKSA,2024/12/31 12:15,2024/12/31 20:50
ddh_11820,LCYY,RKSA,2025/1/1 12:15,2025/1/1 20:50
ddh_11821,LCYY,RKSA,2025/1/2 12:15,2025/1/2 20:50
ddh_11822,LCYY,RKSA,2025/1/3 12:15,2025/1/3 20:50
ddh_11823,LCYY,RKSA,2025/1/4 12:15,2025/1/4 20:50
ddh_11824,LCYY,RKSA,2025/1/5 12:15,2025/1/5 20:50
ddh_11825,LCYY,RKSA,2025/1/6 12:15,2025/1/6 20:50
ddh_11826,LCYY,RKSA,2025/1/7 12:15,2025/1/7 20:50
ddh_11827,WDWO,JTZV,2024/12/30 15:02,2024/12/30 18:50
ddh_11828,WDWO,JTZV,2024/12/31 15:02,2024/12/31 18:50
ddh_11829,WDWO,JTZV,2025/1/1 15:02,2025/1/1 18:50
ddh_11830,WDWO,JTZV,2025/1/2 15:02,2025/1/2 18:50
ddh_11831,WDWO,JTZV,2025/1/3 15:02,2025/1/3 18:50
ddh_11832,WDWO,JTZV,2025/1/4 15:02,2025/1/4 18:50
ddh_11833,WDWO,JTZV,2025/1/5 15:02,2025/1/5 18:50
ddh_11834,WDWO,JTZV,2025/1/6 15:02,2025/1/6 18:50
ddh_11835,WDWO,JTZV,2025/1/7 15:02,2025/1/7 18:50
ddh_11836,WDWO,JTZV,2024/12/30 17:57,2024/12/30 21:50
ddh_11837,WDWO,JTZV,2024/12/31 17:57,2024/12/31 21:50
ddh_11838,WDWO,JTZV,2025/1/1 17:57,2025/1/1 21:50
ddh_11839,WDWO,JTZV,2025/1/2 17:57,2025/1/2 21:50
ddh_11840,WDWO,JTZV,2025/1/3 17:57,2025/1/3 21:50
ddh_11841,WDWO,JTZV,2025/1/4 17:57,2025/1/4 21:50
ddh_11842,WDWO,JTZV,2025/1/5 17:57,2025/1/5 21:50
ddh_11843,WDWO,JTZV,2025/1/6 17:57,2025/1/6 21:50
ddh_11844,WDWO,JTZV,2025/1/7 17:57,2025/1/7 21:50
ddh_11845,JTZV,ZBRM,2024/12/30 19:55,2024/12/30 21:30
ddh_11846,JTZV,ZBRM,2024/12/31 19:55,2024/12/31 21:30
ddh_11847,JTZV,ZBRM,2025/1/1 19:55,2025/1/1 21:30
ddh_11848,JTZV,ZBRM,2025/1/2 19:55,2025/1/2 21:30
ddh_11849,JTZV,ZBRM,2025/1/3 19:55,2025/1/3 21:30
ddh_11850,JTZV,ZBRM,2025/1/4 19:55,2025/1/4 21:30
ddh_11851,JTZV,ZBRM,2025/1/5 19:55,2025/1/5 21:30
ddh_11852,JTZV,ZBRM,2025/1/6 19:55,2025/1/6 21:30
ddh_11853,JTZV,ZBRM,2025/1/7 19:55,2025/1/7 21:30
ddh_11854,ZBRM,JTZV,2024/12/30 20:07,2024/12/30 21:58
ddh_11855,ZBRM,JTZV,2024/12/31 20:07,2024/12/31 21:58
ddh_11856,ZBRM,JTZV,2025/1/1 20:07,2025/1/1 21:58
ddh_11857,ZBRM,JTZV,2025/1/2 20:07,2025/1/2 21:58
ddh_11858,ZBRM,JTZV,2025/1/3 20:07,2025/1/3 21:58
ddh_11859,ZBRM,JTZV,2025/1/4 20:07,2025/1/4 21:58
ddh_11860,ZBRM,JTZV,2025/1/5 20:07,2025/1/5 21:58
ddh_11861,ZBRM,JTZV,2025/1/6 20:07,2025/1/6 21:58
ddh_11862,ZBRM,JTZV,2025/1/7 20:07,2025/1/7 21:58
ddh_11863,WDWO,JTZV,2024/12/30 17:10,2024/12/30 21:03
ddh_11864,WDWO,JTZV,2024/12/31 17:10,2024/12/31 21:03
ddh_11865,WDWO,JTZV,2025/1/1 17:10,2025/1/1 21:03
ddh_11866,WDWO,JTZV,2025/1/2 17:10,2025/1/2 21:03
ddh_11867,WDWO,JTZV,2025/1/3 17:10,2025/1/3 21:03
ddh_11868,WDWO,JTZV,2025/1/4 17:10,2025/1/4 21:03
ddh_11869,WDWO,JTZV,2025/1/5 17:10,2025/1/5 21:03
ddh_11870,WDWO,JTZV,2025/1/6 17:10,2025/1/6 21:03
ddh_11871,WDWO,JTZV,2025/1/7 17:10,2025/1/7 21:03
ddh_11872,JTZV,XALQ,2024/12/30 10:53,2024/12/30 13:02
ddh_11873,JTZV,XALQ,2024/12/31 10:53,2024/12/31 13:02
ddh_11874,JTZV,XALQ,2025/1/1 10:53,2025/1/1 13:02
ddh_11875,JTZV,XALQ,2025/1/2 10:53,2025/1/2 13:02
ddh_11876,JTZV,XALQ,2025/1/3 10:53,2025/1/3 13:02
ddh_11877,JTZV,XALQ,2025/1/4 10:53,2025/1/4 13:02
ddh_11878,JTZV,XALQ,2025/1/5 10:53,2025/1/5 13:02
ddh_11879,JTZV,XALQ,2025/1/6 10:53,2025/1/6 13:02
ddh_11880,JTZV,XALQ,2025/1/7 10:53,2025/1/7 13:02
ddh_11881,XALQ,JTZV,2024/12/30 16:05,2024/12/30 18:39
ddh_11882,XALQ,JTZV,2024/12/31 16:05,2024/12/31 18:39
ddh_11883,XALQ,JTZV,2025/1/1 16:05,2025/1/1 18:39
ddh_11884,XALQ,JTZV,2025/1/2 16:05,2025/1/2 18:39
ddh_11885,XALQ,JTZV,2025/1/3 16:05,2025/1/3 18:39
ddh_11886,XALQ,JTZV,2025/1/4 16:05,2025/1/4 18:39
ddh_11887,XALQ,JTZV,2025/1/5 16:05,2025/1/5 18:39
ddh_11888,XALQ,JTZV,2025/1/6 16:05,2025/1/6 18:39
ddh_11889,XALQ,JTZV,2025/1/7 16:05,2025/1/7 18:39
ddh_11890,JTZV,ZBRM,2024/12/30 19:55,2024/12/30 21:16
ddh_11891,JTZV,ZBRM,2024/12/31 19:55,2024/12/31 21:16
ddh_11892,JTZV,ZBRM,2025/1/1 19:55,2025/1/1 21:16
ddh_11893,JTZV,ZBRM,2025/1/2 19:55,2025/1/2 21:16
ddh_11894,JTZV,ZBRM,2025/1/3 19:55,2025/1/3 21:16
ddh_11895,JTZV,ZBRM,2025/1/4 19:55,2025/1/4 21:16
ddh_11896,JTZV,ZBRM,2025/1/5 19:55,2025/1/5 21:16
ddh_11897,JTZV,ZBRM,2025/1/6 19:55,2025/1/6 21:16
ddh_11898,JTZV,ZBRM,2025/1/7 19:55,2025/1/7 21:16
ddh_11899,ZBRM,JTZV,2024/12/30 18:36,2024/12/30 20:26
ddh_11900,ZBRM,JTZV,2024/12/31 18:36,2024/12/31 20:26
ddh_11901,ZBRM,JTZV,2025/1/1 18:36,2025/1/1 20:26
ddh_11902,ZBRM,JTZV,2025/1/2 18:36,2025/1/2 20:26
ddh_11903,ZBRM,JTZV,2025/1/3 18:36,2025/1/3 20:26
ddh_11904,ZBRM,JTZV,2025/1/4 18:36,2025/1/4 20:26
ddh_11905,ZBRM,JTZV,2025/1/5 18:36,2025/1/5 20:26
ddh_11906,ZBRM,JTZV,2025/1/6 18:36,2025/1/6 20:26
ddh_11907,ZBRM,JTZV,2025/1/7 18:36,2025/1/7 20:26
ddh_11908,JTZV,WDWO,2024/12/30 8:08,2024/12/30 12:05
ddh_11909,JTZV,WDWO,2024/12/31 8:08,2024/12/31 12:05
ddh_11910,JTZV,WDWO,2025/1/1 8:08,2025/1/1 12:05
ddh_11911,JTZV,WDWO,2025/1/2 8:08,2025/1/2 12:05
ddh_11912,JTZV,WDWO,2025/1/3 8:08,2025/1/3 12:05
ddh_11913,JTZV,WDWO,2025/1/4 8:08,2025/1/4 12:05
ddh_11914,JTZV,WDWO,2025/1/5 8:08,2025/1/5 12:05
ddh_11915,JTZV,WDWO,2025/1/6 8:08,2025/1/6 12:05
ddh_11916,JTZV,WDWO,2025/1/7 8:08,2025/1/7 12:05
ddh_11917,ZBRM,JTZV,2024/12/30 17:16,2024/12/30 18:57
ddh_11918,ZBRM,JTZV,2024/12/31 17:16,2024/12/31 18:57
ddh_11919,ZBRM,JTZV,2025/1/1 17:16,2025/1/1 18:57
ddh_11920,ZBRM,JTZV,2025/1/2 17:16,2025/1/2 18:57
ddh_11921,ZBRM,JTZV,2025/1/3 17:16,2025/1/3 18:57
ddh_11922,ZBRM,JTZV,2025/1/4 17:16,2025/1/4 18:57
ddh_11923,ZBRM,JTZV,2025/1/5 17:16,2025/1/5 18:57
ddh_11924,ZBRM,JTZV,2025/1/6 17:16,2025/1/6 18:57
ddh_11925,ZBRM,JTZV,2025/1/7 17:16,2025/1/7 18:57
ddh_11926,IGVH,JTZV,2024/12/30 20:20,2024/12/30 21:35
ddh_11927,IGVH,JTZV,2024/12/31 20:20,2024/12/31 21:35
ddh_11928,IGVH,JTZV,2025/1/1 20:20,2025/1/1 21:35
ddh_11929,IGVH,JTZV,2025/1/2 20:20,2025/1/2 21:35
ddh_11930,IGVH,JTZV,2025/1/3 20:20,2025/1/3 21:35
ddh_11931,IGVH,JTZV,2025/1/4 20:20,2025/1/4 21:35
ddh_11932,IGVH,JTZV,2025/1/5 20:20,2025/1/5 21:35
ddh_11933,IGVH,JTZV,2025/1/6 20:20,2025/1/6 21:35
ddh_11934,IGVH,JTZV,2025/1/7 20:20,2025/1/7 21:35
ddh_11935,JTZV,WDWO,2024/12/30 18:43,2024/12/30 22:36
ddh_11936,JTZV,WDWO,2024/12/31 18:43,2024/12/31 22:36
ddh_11937,JTZV,WDWO,2025/1/1 18:43,2025/1/1 22:36
ddh_11938,JTZV,WDWO,2025/1/2 18:43,2025/1/2 22:36
ddh_11939,JTZV,WDWO,2025/1/3 18:43,2025/1/3 22:36
ddh_11940,JTZV,WDWO,2025/1/4 18:43,2025/1/4 22:36
ddh_11941,JTZV,WDWO,2025/1/5 18:43,2025/1/5 22:36
ddh_11942,JTZV,WDWO,2025/1/6 18:43,2025/1/6 22:36
ddh_11943,JTZV,WDWO,2025/1/7 18:43,2025/1/7 22:36
ddh_11944,ZBRM,JTZV,2024/12/30 19:09,2024/12/30 20:51
ddh_11945,ZBRM,JTZV,2024/12/31 19:09,2024/12/31 20:51
ddh_11946,ZBRM,JTZV,2025/1/1 19:09,2025/1/1 20:51
ddh_11947,ZBRM,JTZV,2025/1/2 19:09,2025/1/2 20:51
ddh_11948,ZBRM,JTZV,2025/1/3 19:09,2025/1/3 20:51
ddh_11949,ZBRM,JTZV,2025/1/4 19:09,2025/1/4 20:51
ddh_11950,ZBRM,JTZV,2025/1/5 19:09,2025/1/5 20:51
ddh_11951,ZBRM,JTZV,2025/1/6 19:09,2025/1/6 20:51
ddh_11952,ZBRM,JTZV,2025/1/7 19:09,2025/1/7 20:51
ddh_11953,JTZV,XALQ,2024/12/30 15:20,2024/12/30 18:04
ddh_11954,JTZV,XALQ,2024/12/31 15:20,2024/12/31 18:04
ddh_11955,JTZV,XALQ,2025/1/1 15:20,2025/1/1 18:04
ddh_11956,JTZV,XALQ,2025/1/2 15:20,2025/1/2 18:04
ddh_11957,JTZV,XALQ,2025/1/3 15:20,2025/1/3 18:04
ddh_11958,JTZV,XALQ,2025/1/4 15:20,2025/1/4 18:04
ddh_11959,JTZV,XALQ,2025/1/5 15:20,2025/1/5 18:04
ddh_11960,JTZV,XALQ,2025/1/6 15:20,2025/1/6 18:04
ddh_11961,JTZV,XALQ,2025/1/7 15:20,2025/1/7 18:04
ddh_11962,XALQ,JTZV,2024/12/30 13:12,2024/12/30 15:13
ddh_11963,XALQ,JTZV,2024/12/31 13:12,2024/12/31 15:13
ddh_11964,XALQ,JTZV,2025/1/1 13:12,2025/1/1 15:13
ddh_11965,XALQ,JTZV,2025/1/2 13:12,2025/1/2 15:13
ddh_11966,XALQ,JTZV,2025/1/3 13:12,2025/1/3 15:13
ddh_11967,XALQ,JTZV,2025/1/4 13:12,2025/1/4 15:13
ddh_11968,XALQ,JTZV,2025/1/5 13:12,2025/1/5 15:13
ddh_11969,XALQ,JTZV,2025/1/6 13:12,2025/1/6 15:13
ddh_11970,XALQ,JTZV,2025/1/7 13:12,2025/1/7 15:13
ddh_11971,ZFTY,ZOEV,2024/12/30 14:30,2024/12/30 18:50
ddh_11972,ZFTY,ZOEV,2024/12/31 14:30,2024/12/31 18:50
ddh_11973,ZFTY,ZOEV,2025/1/1 14:30,2025/1/1 18:50
ddh_11974,ZFTY,ZOEV,2025/1/2 14:30,2025/1/2 18:50
ddh_11975,ZFTY,ZOEV,2025/1/3 14:30,2025/1/3 18:50
ddh_11976,ZFTY,ZOEV,2025/1/4 14:30,2025/1/4 18:50
ddh_11977,ZFTY,ZOEV,2025/1/5 14:30,2025/1/5 18:50
ddh_11978,ZFTY,ZOEV,2025/1/6 14:30,2025/1/6 18:50
ddh_11979,ZFTY,ZOEV,2025/1/7 14:30,2025/1/7 18:50
ddh_11980,XALQ,JTZV,2024/12/30 23:00,2024/12/30 23:59
ddh_11981,XALQ,JTZV,2024/12/31 23:00,2024/12/31 23:59
ddh_11982,XALQ,JTZV,2025/1/1 23:00,2025/1/1 23:59
ddh_11983,XALQ,JTZV,2025/1/2 23:00,2025/1/2 23:59
ddh_11984,XALQ,JTZV,2025/1/3 23:00,2025/1/3 23:59
ddh_11985,XALQ,JTZV,2025/1/4 23:00,2025/1/4 23:59
ddh_11986,XALQ,JTZV,2025/1/5 23:00,2025/1/5 23:59
ddh_11987,XALQ,JTZV,2025/1/6 23:00,2025/1/6 23:59
ddh_11988,XALQ,JTZV,2025/1/7 23:00,2025/1/7 23:59
ddh_11989,JTZV,IGVH,2024/12/30 21:15,2024/12/30 22:30
ddh_11990,JTZV,IGVH,2024/12/31 21:15,2024/12/31 22:30
ddh_11991,JTZV,IGVH,2025/1/1 21:15,2025/1/1 22:30
ddh_11992,JTZV,IGVH,2025/1/2 21:15,2025/1/2 22:30
ddh_11993,JTZV,IGVH,2025/1/3 21:15,2025/1/3 22:30
ddh_11994,JTZV,IGVH,2025/1/4 21:15,2025/1/4 22:30
ddh_11995,JTZV,IGVH,2025/1/5 21:15,2025/1/5 22:30
ddh_11996,JTZV,IGVH,2025/1/6 21:15,2025/1/6 22:30
ddh_11997,JTZV,IGVH,2025/1/7 21:15,2025/1/7 22:30
ddh_11998,XALQ,JTZV,2024/12/30 20:28,2024/12/30 22:02
ddh_11999,XALQ,JTZV,2024/12/31 20:28,2024/12/31 22:02
ddh_12000,XALQ,JTZV,2025/1/1 20:28,2025/1/1 22:02
ddh_12001,XALQ,JTZV,2025/1/2 20:28,2025/1/2 22:02
ddh_12002,XALQ,JTZV,2025/1/3 20:28,2025/1/3 22:02
ddh_12003,XALQ,JTZV,2025/1/4 20:28,2025/1/4 22:02
ddh_12004,XALQ,JTZV,2025/1/5 20:28,2025/1/5 22:02
ddh_12005,XALQ,JTZV,2025/1/6 20:28,2025/1/6 22:02
ddh_12006,XALQ,JTZV,2025/1/7 20:28,2025/1/7 22:02
ddh_12007,JTZV,ZBRM,2024/12/30 19:38,2024/12/30 21:00
ddh_12008,JTZV,ZBRM,2024/12/31 19:38,2024/12/31 21:00
ddh_12009,JTZV,ZBRM,2025/1/1 19:38,2025/1/1 21:00
ddh_12010,JTZV,ZBRM,2025/1/2 19:38,2025/1/2 21:00
ddh_12011,JTZV,ZBRM,2025/1/3 19:38,2025/1/3 21:00
ddh_12012,JTZV,ZBRM,2025/1/4 19:38,2025/1/4 21:00
ddh_12013,JTZV,ZBRM,2025/1/5 19:38,2025/1/5 21:00
ddh_12014,JTZV,ZBRM,2025/1/6 19:38,2025/1/6 21:00
ddh_12015,JTZV,ZBRM,2025/1/7 19:38,2025/1/7 21:00
ddh_12016,ZBRM,JTZV,2024/12/30 18:46,2024/12/30 20:22
ddh_12017,ZBRM,JTZV,2024/12/31 18:46,2024/12/31 20:22
ddh_12018,ZBRM,JTZV,2025/1/1 18:46,2025/1/1 20:22
ddh_12019,ZBRM,JTZV,2025/1/2 18:46,2025/1/2 20:22
ddh_12020,ZBRM,JTZV,2025/1/3 18:46,2025/1/3 20:22
ddh_12021,ZBRM,JTZV,2025/1/4 18:46,2025/1/4 20:22
ddh_12022,ZBRM,JTZV,2025/1/5 18:46,2025/1/5 20:22
ddh_12023,ZBRM,JTZV,2025/1/6 18:46,2025/1/6 20:22
ddh_12024,ZBRM,JTZV,2025/1/7 18:46,2025/1/7 20:22
ddh_12025,JTZV,ZBRM,2024/12/30 18:25,2024/12/30 19:42
ddh_12026,JTZV,ZBRM,2024/12/31 18:25,2024/12/31 19:42
ddh_12027,JTZV,ZBRM,2025/1/1 18:25,2025/1/1 19:42
ddh_12028,JTZV,ZBRM,2025/1/2 18:25,2025/1/2 19:42
ddh_12029,JTZV,ZBRM,2025/1/3 18:25,2025/1/3 19:42
ddh_12030,JTZV,ZBRM,2025/1/4 18:25,2025/1/4 19:42
ddh_12031,JTZV,ZBRM,2025/1/5 18:25,2025/1/5 19:42
ddh_12032,JTZV,ZBRM,2025/1/6 18:25,2025/1/6 19:42
ddh_12033,JTZV,ZBRM,2025/1/7 18:25,2025/1/7 19:42
ddh_12034,ZBRM,JTZV,2024/12/30 18:36,2024/12/30 20:05
ddh_12035,ZBRM,JTZV,2024/12/31 18:36,2024/12/31 20:05
ddh_12036,ZBRM,JTZV,2025/1/1 18:36,2025/1/1 20:05
ddh_12037,ZBRM,JTZV,2025/1/2 18:36,2025/1/2 20:05
ddh_12038,ZBRM,JTZV,2025/1/3 18:36,2025/1/3 20:05
ddh_12039,ZBRM,JTZV,2025/1/4 18:36,2025/1/4 20:05
ddh_12040,ZBRM,JTZV,2025/1/5 18:36,2025/1/5 20:05
ddh_12041,ZBRM,JTZV,2025/1/6 18:36,2025/1/6 20:05
ddh_12042,ZBRM,JTZV,2025/1/7 18:36,2025/1/7 20:05
ddh_12043,JTZV,ZBRM,2024/12/30 18:19,2024/12/30 19:30
ddh_12044,JTZV,ZBRM,2024/12/31 18:19,2024/12/31 19:30
ddh_12045,JTZV,ZBRM,2025/1/1 18:19,2025/1/1 19:30
ddh_12046,JTZV,ZBRM,2025/1/2 18:19,2025/1/2 19:30
ddh_12047,JTZV,ZBRM,2025/1/3 18:19,2025/1/3 19:30
ddh_12048,JTZV,ZBRM,2025/1/4 18:19,2025/1/4 19:30
ddh_12049,JTZV,ZBRM,2025/1/5 18:19,2025/1/5 19:30
ddh_12050,JTZV,ZBRM,2025/1/6 18:19,2025/1/6 19:30
ddh_12051,JTZV,ZBRM,2025/1/7 18:19,2025/1/7 19:30
ddh_12052,JTZV,XALQ,2024/12/30 9:09,2024/12/30 11:23
ddh_12053,JTZV,XALQ,2024/12/31 9:09,2024/12/31 11:23
ddh_12054,JTZV,XALQ,2025/1/1 9:09,2025/1/1 11:23
ddh_12055,JTZV,XALQ,2025/1/2 9:09,2025/1/2 11:23
ddh_12056,JTZV,XALQ,2025/1/3 9:09,2025/1/3 11:23
ddh_12057,JTZV,XALQ,2025/1/4 9:09,2025/1/4 11:23
ddh_12058,JTZV,XALQ,2025/1/5 9:09,2025/1/5 11:23
ddh_12059,JTZV,XALQ,2025/1/6 9:09,2025/1/6 11:23
ddh_12060,JTZV,XALQ,2025/1/7 9:09,2025/1/7 11:23
ddh_12061,XALQ,JTZV,2024/12/30 11:37,2024/12/30 13:08
ddh_12062,XALQ,JTZV,2024/12/31 11:37,2024/12/31 13:08
ddh_12063,XALQ,JTZV,2025/1/1 11:37,2025/1/1 13:08
ddh_12064,XALQ,JTZV,2025/1/2 11:37,2025/1/2 13:08
ddh_12065,XALQ,JTZV,2025/1/3 11:37,2025/1/3 13:08
ddh_12066,XALQ,JTZV,2025/1/4 11:37,2025/1/4 13:08
ddh_12067,XALQ,JTZV,2025/1/5 11:37,2025/1/5 13:08
ddh_12068,XALQ,JTZV,2025/1/6 11:37,2025/1/6 13:08
ddh_12069,XALQ,JTZV,2025/1/7 11:37,2025/1/7 13:08
ddh_12070,WDWO,JTZV,2024/12/30 9:56,2024/12/30 13:44
ddh_12071,WDWO,JTZV,2024/12/31 9:56,2024/12/31 13:44
ddh_12072,WDWO,JTZV,2025/1/1 9:56,2025/1/1 13:44
ddh_12073,WDWO,JTZV,2025/1/2 9:56,2025/1/2 13:44
ddh_12074,WDWO,JTZV,2025/1/3 9:56,2025/1/3 13:44
ddh_12075,WDWO,JTZV,2025/1/4 9:56,2025/1/4 13:44
ddh_12076,WDWO,JTZV,2025/1/5 9:56,2025/1/5 13:44
ddh_12077,WDWO,JTZV,2025/1/6 9:56,2025/1/6 13:44
ddh_12078,WDWO,JTZV,2025/1/7 9:56,2025/1/7 13:44
ddh_12079,ZBRM,JTZV,2024/12/30 19:04,2024/12/30 20:21
ddh_12080,ZBRM,JTZV,2024/12/31 19:04,2024/12/31 20:21
ddh_12081,ZBRM,JTZV,2025/1/1 19:04,2025/1/1 20:21
ddh_12082,ZBRM,JTZV,2025/1/2 19:04,2025/1/2 20:21
ddh_12083,ZBRM,JTZV,2025/1/3 19:04,2025/1/3 20:21
ddh_12084,ZBRM,JTZV,2025/1/4 19:04,2025/1/4 20:21
ddh_12085,ZBRM,JTZV,2025/1/5 19:04,2025/1/5 20:21
ddh_12086,ZBRM,JTZV,2025/1/6 19:04,2025/1/6 20:21
ddh_12087,ZBRM,JTZV,2025/1/7 19:04,2025/1/7 20:21
ddh_12088,UNUN,XALQ,2024/12/30 9:15,2024/12/30 13:10
ddh_12089,UNUN,XALQ,2024/12/31 9:15,2024/12/31 13:10
ddh_12090,UNUN,XALQ,2025/1/1 9:15,2025/1/1 13:10
ddh_12091,UNUN,XALQ,2025/1/2 9:15,2025/1/2 13:10
ddh_12092,UNUN,XALQ,2025/1/3 9:15,2025/1/3 13:10
ddh_12093,UNUN,XALQ,2025/1/4 9:15,2025/1/4 13:10
ddh_12094,UNUN,XALQ,2025/1/5 9:15,2025/1/5 13:10
ddh_12095,UNUN,XALQ,2025/1/6 9:15,2025/1/6 13:10
ddh_12096,UNUN,XALQ,2025/1/7 9:15,2025/1/7 13:10
ddh_12097,JTZV,LRNO,2024/12/30 11:05,2024/12/30 12:55
ddh_12098,JTZV,LRNO,2024/12/31 11:05,2024/12/31 12:55
ddh_12099,JTZV,LRNO,2025/1/1 11:05,2025/1/1 12:55
ddh_12100,JTZV,LRNO,2025/1/2 11:05,2025/1/2 12:55
ddh_12101,JTZV,LRNO,2025/1/3 11:05,2025/1/3 12:55
ddh_12102,JTZV,LRNO,2025/1/4 11:05,2025/1/4 12:55
ddh_12103,JTZV,LRNO,2025/1/5 11:05,2025/1/5 12:55
ddh_12104,JTZV,LRNO,2025/1/6 11:05,2025/1/6 12:55
ddh_12105,JTZV,LRNO,2025/1/7 11:05,2025/1/7 12:55
ddh_12106,XALQ,JTZV,2024/12/30 9:39,2024/12/30 10:58
ddh_12107,XALQ,JTZV,2024/12/31 9:39,2024/12/31 10:58
ddh_12108,XALQ,JTZV,2025/1/1 9:39,2025/1/1 10:58
ddh_12109,XALQ,JTZV,2025/1/2 9:39,2025/1/2 10:58
ddh_12110,XALQ,JTZV,2025/1/3 9:39,2025/1/3 10:58
ddh_12111,XALQ,JTZV,2025/1/4 9:39,2025/1/4 10:58
ddh_12112,XALQ,JTZV,2025/1/5 9:39,2025/1/5 10:58
ddh_12113,XALQ,JTZV,2025/1/6 9:39,2025/1/6 10:58
ddh_12114,XALQ,JTZV,2025/1/7 9:39,2025/1/7 10:58
ddh_12115,JTZV,ZBRM,2024/12/30 16:03,2024/12/30 17:40
ddh_12116,JTZV,ZBRM,2024/12/31 16:03,2024/12/31 17:40
ddh_12117,JTZV,ZBRM,2025/1/1 16:03,2025/1/1 17:40
ddh_12118,JTZV,ZBRM,2025/1/2 16:03,2025/1/2 17:40
ddh_12119,JTZV,ZBRM,2025/1/3 16:03,2025/1/3 17:40
ddh_12120,JTZV,ZBRM,2025/1/4 16:03,2025/1/4 17:40
ddh_12121,JTZV,ZBRM,2025/1/5 16:03,2025/1/5 17:40
ddh_12122,JTZV,ZBRM,2025/1/6 16:03,2025/1/6 17:40
ddh_12123,JTZV,ZBRM,2025/1/7 16:03,2025/1/7 17:40
ddh_12124,JTZV,IGVH,2024/12/30 19:55,2024/12/30 21:30
ddh_12125,JTZV,IGVH,2024/12/31 19:55,2024/12/31 21:30
ddh_12126,JTZV,IGVH,2025/1/1 19:55,2025/1/1 21:30
ddh_12127,JTZV,IGVH,2025/1/2 19:55,2025/1/2 21:30
ddh_12128,JTZV,IGVH,2025/1/3 19:55,2025/1/3 21:30
ddh_12129,JTZV,IGVH,2025/1/4 19:55,2025/1/4 21:30
ddh_12130,JTZV,IGVH,2025/1/5 19:55,2025/1/5 21:30
ddh_12131,JTZV,IGVH,2025/1/6 19:55,2025/1/6 21:30
ddh_12132,JTZV,IGVH,2025/1/7 19:55,2025/1/7 21:30
ddh_12133,JTZV,ZBRM,2024/12/30 15:04,2024/12/30 16:26
ddh_12134,JTZV,ZBRM,2024/12/31 15:04,2024/12/31 16:26
ddh_12135,JTZV,ZBRM,2025/1/1 15:04,2025/1/1 16:26
ddh_12136,JTZV,ZBRM,2025/1/2 15:04,2025/1/2 16:26
ddh_12137,JTZV,ZBRM,2025/1/3 15:04,2025/1/3 16:26
ddh_12138,JTZV,ZBRM,2025/1/4 15:04,2025/1/4 16:26
ddh_12139,JTZV,ZBRM,2025/1/5 15:04,2025/1/5 16:26
ddh_12140,JTZV,ZBRM,2025/1/6 15:04,2025/1/6 16:26
ddh_12141,JTZV,ZBRM,2025/1/7 15:04,2025/1/7 16:26
ddh_12142,IGVH,TJFR,2024/12/30 14:05,2024/12/30 16:45
ddh_12143,IGVH,TJFR,2024/12/31 14:05,2024/12/31 16:45
ddh_12144,IGVH,TJFR,2025/1/1 14:05,2025/1/1 16:45
ddh_12145,IGVH,TJFR,2025/1/2 14:05,2025/1/2 16:45
ddh_12146,IGVH,TJFR,2025/1/3 14:05,2025/1/3 16:45
ddh_12147,IGVH,TJFR,2025/1/4 14:05,2025/1/4 16:45
ddh_12148,IGVH,TJFR,2025/1/5 14:05,2025/1/5 16:45
ddh_12149,IGVH,TJFR,2025/1/6 14:05,2025/1/6 16:45
ddh_12150,IGVH,TJFR,2025/1/7 14:05,2025/1/7 16:45
ddh_12151,XALQ,JTZV,2024/12/30 17:00,2024/12/30 18:24
ddh_12152,XALQ,JTZV,2024/12/31 17:00,2024/12/31 18:24
ddh_12153,XALQ,JTZV,2025/1/1 17:00,2025/1/1 18:24
ddh_12154,XALQ,JTZV,2025/1/2 17:00,2025/1/2 18:24
ddh_12155,XALQ,JTZV,2025/1/3 17:00,2025/1/3 18:24
ddh_12156,XALQ,JTZV,2025/1/4 17:00,2025/1/4 18:24
ddh_12157,XALQ,JTZV,2025/1/5 17:00,2025/1/5 18:24
ddh_12158,XALQ,JTZV,2025/1/6 17:00,2025/1/6 18:24
ddh_12159,XALQ,JTZV,2025/1/7 17:00,2025/1/7 18:24
ddh_12160,JTZV,XALQ,2024/12/30 8:39,2024/12/30 11:18
ddh_12161,JTZV,XALQ,2024/12/31 8:39,2024/12/31 11:18
ddh_12162,JTZV,XALQ,2025/1/1 8:39,2025/1/1 11:18
ddh_12163,JTZV,XALQ,2025/1/2 8:39,2025/1/2 11:18
ddh_12164,JTZV,XALQ,2025/1/3 8:39,2025/1/3 11:18
ddh_12165,JTZV,XALQ,2025/1/4 8:39,2025/1/4 11:18
ddh_12166,JTZV,XALQ,2025/1/5 8:39,2025/1/5 11:18
ddh_12167,JTZV,XALQ,2025/1/6 8:39,2025/1/6 11:18
ddh_12168,JTZV,XALQ,2025/1/7 8:39,2025/1/7 11:18
ddh_12169,XALQ,JTZV,2024/12/30 19:21,2024/12/30 21:27
ddh_12170,XALQ,JTZV,2024/12/31 19:21,2024/12/31 21:27
ddh_12171,XALQ,JTZV,2025/1/1 19:21,2025/1/1 21:27
ddh_12172,XALQ,JTZV,2025/1/2 19:21,2025/1/2 21:27
ddh_12173,XALQ,JTZV,2025/1/3 19:21,2025/1/3 21:27
ddh_12174,XALQ,JTZV,2025/1/4 19:21,2025/1/4 21:27
ddh_12175,XALQ,JTZV,2025/1/5 19:21,2025/1/5 21:27
ddh_12176,XALQ,JTZV,2025/1/6 19:21,2025/1/6 21:27
ddh_12177,XALQ,JTZV,2025/1/7 19:21,2025/1/7 21:27
ddh_12178,JTZV,XALQ,2024/12/30 18:18,2024/12/30 21:28
ddh_12179,JTZV,XALQ,2024/12/31 18:18,2024/12/31 21:28
ddh_12180,JTZV,XALQ,2025/1/1 18:18,2025/1/1 21:28
ddh_12181,JTZV,XALQ,2025/1/2 18:18,2025/1/2 21:28
ddh_12182,JTZV,XALQ,2025/1/3 18:18,2025/1/3 21:28
ddh_12183,JTZV,XALQ,2025/1/4 18:18,2025/1/4 21:28
ddh_12184,JTZV,XALQ,2025/1/5 18:18,2025/1/5 21:28
ddh_12185,JTZV,XALQ,2025/1/6 18:18,2025/1/6 21:28
ddh_12186,JTZV,XALQ,2025/1/7 18:18,2025/1/7 21:28
ddh_12187,XALQ,JTZV,2024/12/30 13:03,2024/12/30 15:02
ddh_12188,XALQ,JTZV,2024/12/31 13:03,2024/12/31 15:02
ddh_12189,XALQ,JTZV,2025/1/1 13:03,2025/1/1 15:02
ddh_12190,XALQ,JTZV,2025/1/2 13:03,2025/1/2 15:02
ddh_12191,XALQ,JTZV,2025/1/3 13:03,2025/1/3 15:02
ddh_12192,XALQ,JTZV,2025/1/4 13:03,2025/1/4 15:02
ddh_12193,XALQ,JTZV,2025/1/5 13:03,2025/1/5 15:02
ddh_12194,XALQ,JTZV,2025/1/6 13:03,2025/1/6 15:02
ddh_12195,XALQ,JTZV,2025/1/7 13:03,2025/1/7 15:02
ddh_12196,JTZV,WDWO,2024/12/30 19:19,2024/12/30 23:03
ddh_12197,JTZV,WDWO,2024/12/31 19:19,2024/12/31 23:03
ddh_12198,JTZV,WDWO,2025/1/1 19:19,2025/1/1 23:03
ddh_12199,JTZV,WDWO,2025/1/2 19:19,2025/1/2 23:03
ddh_12200,JTZV,WDWO,2025/1/3 19:19,2025/1/3 23:03
ddh_12201,JTZV,WDWO,2025/1/4 19:19,2025/1/4 23:03
ddh_12202,JTZV,WDWO,2025/1/5 19:19,2025/1/5 23:03
ddh_12203,JTZV,WDWO,2025/1/6 19:19,2025/1/6 23:03
ddh_12204,JTZV,WDWO,2025/1/7 19:19,2025/1/7 23:03
ddh_12205,JTZV,WDWO,2024/12/30 16:40,2024/12/30 18:20
ddh_12206,JTZV,WDWO,2024/12/31 16:40,2024/12/31 18:20
ddh_12207,JTZV,WDWO,2025/1/1 16:40,2025/1/1 18:20
ddh_12208,JTZV,WDWO,2025/1/2 16:40,2025/1/2 18:20
ddh_12209,JTZV,WDWO,2025/1/3 16:40,2025/1/3 18:20
ddh_12210,JTZV,WDWO,2025/1/4 16:40,2025/1/4 18:20
ddh_12211,JTZV,WDWO,2025/1/5 16:40,2025/1/5 18:20
ddh_12212,JTZV,WDWO,2025/1/6 16:40,2025/1/6 18:20
ddh_12213,JTZV,WDWO,2025/1/7 16:40,2025/1/7 18:20
ddh_12214,WDWO,JTZV,2024/12/30 15:00,2024/12/30 18:00
ddh_12215,WDWO,JTZV,2024/12/31 15:00,2024/12/31 18:00
ddh_12216,WDWO,JTZV,2025/1/1 15:00,2025/1/1 18:00
ddh_12217,WDWO,JTZV,2025/1/2 15:00,2025/1/2 18:00
ddh_12218,WDWO,JTZV,2025/1/3 15:00,2025/1/3 18:00
ddh_12219,WDWO,JTZV,2025/1/4 15:00,2025/1/4 18:00
ddh_12220,WDWO,JTZV,2025/1/5 15:00,2025/1/5 18:00
ddh_12221,WDWO,JTZV,2025/1/6 15:00,2025/1/6 18:00
ddh_12222,WDWO,JTZV,2025/1/7 15:00,2025/1/7 18:00
ddh_12223,XALQ,JTZV,2024/12/30 11:53,2024/12/30 13:44
ddh_12224,XALQ,JTZV,2024/12/31 11:53,2024/12/31 13:44
ddh_12225,XALQ,JTZV,2025/1/1 11:53,2025/1/1 13:44
ddh_12226,XALQ,JTZV,2025/1/2 11:53,2025/1/2 13:44
ddh_12227,XALQ,JTZV,2025/1/3 11:53,2025/1/3 13:44
ddh_12228,XALQ,JTZV,2025/1/4 11:53,2025/1/4 13:44
ddh_12229,XALQ,JTZV,2025/1/5 11:53,2025/1/5 13:44
ddh_12230,XALQ,JTZV,2025/1/6 11:53,2025/1/6 13:44
ddh_12231,XALQ,JTZV,2025/1/7 11:53,2025/1/7 13:44
ddh_12232,JTZV,XALQ,2024/12/30 13:10,2024/12/30 15:34
ddh_12233,JTZV,XALQ,2024/12/31 13:10,2024/12/31 15:34
ddh_12234,JTZV,XALQ,2025/1/1 13:10,2025/1/1 15:34
ddh_12235,JTZV,XALQ,2025/1/2 13:10,2025/1/2 15:34
ddh_12236,JTZV,XALQ,2025/1/3 13:10,2025/1/3 15:34
ddh_12237,JTZV,XALQ,2025/1/4 13:10,2025/1/4 15:34
ddh_12238,JTZV,XALQ,2025/1/5 13:10,2025/1/5 15:34
ddh_12239,JTZV,XALQ,2025/1/6 13:10,2025/1/6 15:34
ddh_12240,JTZV,XALQ,2025/1/7 13:10,2025/1/7 15:34
ddh_12241,XALQ,JTZV,2024/12/30 10:52,2024/12/30 12:50
ddh_12242,XALQ,JTZV,2024/12/31 10:52,2024/12/31 12:50
ddh_12243,XALQ,JTZV,2025/1/1 10:52,2025/1/1 12:50
ddh_12244,XALQ,JTZV,2025/1/2 10:52,2025/1/2 12:50
ddh_12245,XALQ,JTZV,2025/1/3 10:52,2025/1/3 12:50
ddh_12246,XALQ,JTZV,2025/1/4 10:52,2025/1/4 12:50
ddh_12247,XALQ,JTZV,2025/1/5 10:52,2025/1/5 12:50
ddh_12248,XALQ,JTZV,2025/1/6 10:52,2025/1/6 12:50
ddh_12249,XALQ,JTZV,2025/1/7 10:52,2025/1/7 12:50
ddh_12250,XALQ,JTZV,2024/12/30 20:21,2024/12/30 21:34
ddh_12251,XALQ,JTZV,2024/12/31 20:21,2024/12/31 21:34
ddh_12252,XALQ,JTZV,2025/1/1 20:21,2025/1/1 21:34
ddh_12253,XALQ,JTZV,2025/1/2 20:21,2025/1/2 21:34
ddh_12254,XALQ,JTZV,2025/1/3 20:21,2025/1/3 21:34
ddh_12255,XALQ,JTZV,2025/1/4 20:21,2025/1/4 21:34
ddh_12256,XALQ,JTZV,2025/1/5 20:21,2025/1/5 21:34
ddh_12257,XALQ,JTZV,2025/1/6 20:21,2025/1/6 21:34
ddh_12258,XALQ,JTZV,2025/1/7 20:21,2025/1/7 21:34
ddh_12259,XALQ,JTZV,2024/12/30 14:17,2024/12/30 15:20
ddh_12260,XALQ,JTZV,2024/12/31 14:17,2024/12/31 15:20
ddh_12261,XALQ,JTZV,2025/1/1 14:17,2025/1/1 15:20
ddh_12262,XALQ,JTZV,2025/1/2 14:17,2025/1/2 15:20
ddh_12263,XALQ,JTZV,2025/1/3 14:17,2025/1/3 15:20
ddh_12264,XALQ,JTZV,2025/1/4 14:17,2025/1/4 15:20
ddh_12265,XALQ,JTZV,2025/1/5 14:17,2025/1/5 15:20
ddh_12266,XALQ,JTZV,2025/1/6 14:17,2025/1/6 15:20
ddh_12267,XALQ,JTZV,2025/1/7 14:17,2025/1/7 15:20
ddh_12268,JTZV,XALQ,2024/12/30 17:09,2024/12/30 19:14
ddh_12269,JTZV,XALQ,2024/12/31 17:09,2024/12/31 19:14
ddh_12270,JTZV,XALQ,2025/1/1 17:09,2025/1/1 19:14
ddh_12271,JTZV,XALQ,2025/1/2 17:09,2025/1/2 19:14
ddh_12272,JTZV,XALQ,2025/1/3 17:09,2025/1/3 19:14
ddh_12273,JTZV,XALQ,2025/1/4 17:09,2025/1/4 19:14
ddh_12274,JTZV,XALQ,2025/1/5 17:09,2025/1/5 19:14
ddh_12275,JTZV,XALQ,2025/1/6 17:09,2025/1/6 19:14
ddh_12276,JTZV,XALQ,2025/1/7 17:09,2025/1/7 19:14
ddh_12277,JTZV,XALQ,2024/12/30 15:17,2024/12/30 16:55
ddh_12278,JTZV,XALQ,2024/12/31 15:17,2024/12/31 16:55
ddh_12279,JTZV,XALQ,2025/1/1 15:17,2025/1/1 16:55
ddh_12280,JTZV,XALQ,2025/1/2 15:17,2025/1/2 16:55
ddh_12281,JTZV,XALQ,2025/1/3 15:17,2025/1/3 16:55
ddh_12282,JTZV,XALQ,2025/1/4 15:17,2025/1/4 16:55
ddh_12283,JTZV,XALQ,2025/1/5 15:17,2025/1/5 16:55
ddh_12284,JTZV,XALQ,2025/1/6 15:17,2025/1/6 16:55
ddh_12285,JTZV,XALQ,2025/1/7 15:17,2025/1/7 16:55
ddh_12286,ZBRM,JTZV,2024/12/30 13:39,2024/12/30 15:47
ddh_12287,ZBRM,JTZV,2024/12/31 13:39,2024/12/31 15:47
ddh_12288,ZBRM,JTZV,2025/1/1 13:39,2025/1/1 15:47
ddh_12289,ZBRM,JTZV,2025/1/2 13:39,2025/1/2 15:47
ddh_12290,ZBRM,JTZV,2025/1/3 13:39,2025/1/3 15:47
ddh_12291,ZBRM,JTZV,2025/1/4 13:39,2025/1/4 15:47
ddh_12292,ZBRM,JTZV,2025/1/5 13:39,2025/1/5 15:47
ddh_12293,ZBRM,JTZV,2025/1/6 13:39,2025/1/6 15:47
ddh_12294,ZBRM,JTZV,2025/1/7 13:39,2025/1/7 15:47
ddh_12295,XALQ,JTZV,2024/12/30 18:50,2024/12/30 20:45
ddh_12296,XALQ,JTZV,2024/12/31 18:50,2024/12/31 20:45
ddh_12297,XALQ,JTZV,2025/1/1 18:50,2025/1/1 20:45
ddh_12298,XALQ,JTZV,2025/1/2 18:50,2025/1/2 20:45
ddh_12299,XALQ,JTZV,2025/1/3 18:50,2025/1/3 20:45
ddh_12300,XALQ,JTZV,2025/1/4 18:50,2025/1/4 20:45
ddh_12301,XALQ,JTZV,2025/1/5 18:50,2025/1/5 20:45
ddh_12302,XALQ,JTZV,2025/1/6 18:50,2025/1/6 20:45
ddh_12303,XALQ,JTZV,2025/1/7 18:50,2025/1/7 20:45
ddh_12304,WDWO,JTZV,2024/12/30 11:30,2024/12/30 14:58
ddh_12305,WDWO,JTZV,2024/12/31 11:30,2024/12/31 14:58
ddh_12306,WDWO,JTZV,2025/1/1 11:30,2025/1/1 14:58
ddh_12307,WDWO,JTZV,2025/1/2 11:30,2025/1/2 14:58
ddh_12308,WDWO,JTZV,2025/1/3 11:30,2025/1/3 14:58
ddh_12309,WDWO,JTZV,2025/1/4 11:30,2025/1/4 14:58
ddh_12310,WDWO,JTZV,2025/1/5 11:30,2025/1/5 14:58
ddh_12311,WDWO,JTZV,2025/1/6 11:30,2025/1/6 14:58
ddh_12312,WDWO,JTZV,2025/1/7 11:30,2025/1/7 14:58
ddh_12313,ZOEV,JTZV,2024/12/30 7:30,2024/12/30 10:05
ddh_12314,ZOEV,JTZV,2024/12/31 7:30,2024/12/31 10:05
ddh_12315,ZOEV,JTZV,2025/1/1 7:30,2025/1/1 10:05
ddh_12316,ZOEV,JTZV,2025/1/2 7:30,2025/1/2 10:05
ddh_12317,ZOEV,JTZV,2025/1/3 7:30,2025/1/3 10:05
ddh_12318,ZOEV,JTZV,2025/1/4 7:30,2025/1/4 10:05
ddh_12319,ZOEV,JTZV,2025/1/5 7:30,2025/1/5 10:05
ddh_12320,ZOEV,JTZV,2025/1/6 7:30,2025/1/6 10:05
ddh_12321,ZOEV,JTZV,2025/1/7 7:30,2025/1/7 10:05
ddh_12322,LPTE,JTZV,2024/12/30 8:20,2024/12/30 11:25
ddh_12323,LPTE,JTZV,2024/12/31 8:20,2024/12/31 11:25
ddh_12324,LPTE,JTZV,2025/1/1 8:20,2025/1/1 11:25
ddh_12325,LPTE,JTZV,2025/1/2 8:20,2025/1/2 11:25
ddh_12326,LPTE,JTZV,2025/1/3 8:20,2025/1/3 11:25
ddh_12327,LPTE,JTZV,2025/1/4 8:20,2025/1/4 11:25
ddh_12328,LPTE,JTZV,2025/1/5 8:20,2025/1/5 11:25
ddh_12329,LPTE,JTZV,2025/1/6 8:20,2025/1/6 11:25
ddh_12330,LPTE,JTZV,2025/1/7 8:20,2025/1/7 11:25
ddh_12331,WDWO,JTZV,2024/12/30 8:50,2024/12/30 12:11
ddh_12332,WDWO,JTZV,2024/12/31 8:50,2024/12/31 12:11
ddh_12333,WDWO,JTZV,2025/1/1 8:50,2025/1/1 12:11
ddh_12334,WDWO,JTZV,2025/1/2 8:50,2025/1/2 12:11
ddh_12335,WDWO,JTZV,2025/1/3 8:50,2025/1/3 12:11
ddh_12336,WDWO,JTZV,2025/1/4 8:50,2025/1/4 12:11
ddh_12337,WDWO,JTZV,2025/1/5 8:50,2025/1/5 12:11
ddh_12338,WDWO,JTZV,2025/1/6 8:50,2025/1/6 12:11
ddh_12339,WDWO,JTZV,2025/1/7 8:50,2025/1/7 12:11
ddh_12340,XALQ,JTZV,2024/12/30 12:15,2024/12/30 13:42
ddh_12341,XALQ,JTZV,2024/12/31 12:15,2024/12/31 13:42
ddh_12342,XALQ,JTZV,2025/1/1 12:15,2025/1/1 13:42
ddh_12343,XALQ,JTZV,2025/1/2 12:15,2025/1/2 13:42
ddh_12344,XALQ,JTZV,2025/1/3 12:15,2025/1/3 13:42
ddh_12345,XALQ,JTZV,2025/1/4 12:15,2025/1/4 13:42
ddh_12346,XALQ,JTZV,2025/1/5 12:15,2025/1/5 13:42
ddh_12347,XALQ,JTZV,2025/1/6 12:15,2025/1/6 13:42
ddh_12348,XALQ,JTZV,2025/1/7 12:15,2025/1/7 13:42
ddh_12349,XALQ,JTZV,2024/12/30 11:25,2024/12/30 14:16
ddh_12350,XALQ,JTZV,2024/12/31 11:25,2024/12/31 14:16
ddh_12351,XALQ,JTZV,2025/1/1 11:25,2025/1/1 14:16
ddh_12352,XALQ,JTZV,2025/1/2 11:25,2025/1/2 14:16
ddh_12353,XALQ,JTZV,2025/1/3 11:25,2025/1/3 14:16
ddh_12354,XALQ,JTZV,2025/1/4 11:25,2025/1/4 14:16
ddh_12355,XALQ,JTZV,2025/1/5 11:25,2025/1/5 14:16
ddh_12356,XALQ,JTZV,2025/1/6 11:25,2025/1/6 14:16
ddh_12357,XALQ,JTZV,2025/1/7 11:25,2025/1/7 14:16
ddh_12358,WDWO,JTZV,2024/12/30 15:14,2024/12/30 18:55
ddh_12359,WDWO,JTZV,2024/12/31 15:14,2024/12/31 18:55
ddh_12360,WDWO,JTZV,2025/1/1 15:14,2025/1/1 18:55
ddh_12361,WDWO,JTZV,2025/1/2 15:14,2025/1/2 18:55
ddh_12362,WDWO,JTZV,2025/1/3 15:14,2025/1/3 18:55
ddh_12363,WDWO,JTZV,2025/1/4 15:14,2025/1/4 18:55
ddh_12364,WDWO,JTZV,2025/1/5 15:14,2025/1/5 18:55
ddh_12365,WDWO,JTZV,2025/1/6 15:14,2025/1/6 18:55
ddh_12366,WDWO,JTZV,2025/1/7 15:14,2025/1/7 18:55
ddh_12367,IGVH,JTZV,2024/12/30 23:05,2024/12/30 23:59
ddh_12368,IGVH,JTZV,2024/12/31 23:05,2024/12/31 23:59
ddh_12369,IGVH,JTZV,2025/1/1 23:05,2025/1/1 23:59
ddh_12370,IGVH,JTZV,2025/1/2 23:05,2025/1/2 23:59
ddh_12371,IGVH,JTZV,2025/1/3 23:05,2025/1/3 23:59
ddh_12372,IGVH,JTZV,2025/1/4 23:05,2025/1/4 23:59
ddh_12373,IGVH,JTZV,2025/1/5 23:05,2025/1/5 23:59
ddh_12374,IGVH,JTZV,2025/1/6 23:05,2025/1/6 23:59
ddh_12375,IGVH,JTZV,2025/1/7 23:05,2025/1/7 23:59
ddh_12376,IGVH,JTZV,2024/12/30 0:00,2024/12/30 0:30
ddh_12377,IGVH,JTZV,2024/12/31 0:00,2024/12/31 0:30
ddh_12378,IGVH,JTZV,2025/1/1 0:00,2025/1/1 0:30
ddh_12379,IGVH,JTZV,2025/1/2 0:00,2025/1/2 0:30
ddh_12380,IGVH,JTZV,2025/1/3 0:00,2025/1/3 0:30
ddh_12381,IGVH,JTZV,2025/1/4 0:00,2025/1/4 0:30
ddh_12382,IGVH,JTZV,2025/1/5 0:00,2025/1/5 0:30
ddh_12383,IGVH,JTZV,2025/1/6 0:00,2025/1/6 0:30
ddh_12384,IGVH,JTZV,2025/1/7 0:00,2025/1/7 0:30
ddh_12385,ZBRM,JTZV,2024/12/30 19:50,2024/12/30 21:07
ddh_12386,ZBRM,JTZV,2024/12/31 19:50,2024/12/31 21:07
ddh_12387,ZBRM,JTZV,2025/1/1 19:50,2025/1/1 21:07
ddh_12388,ZBRM,JTZV,2025/1/2 19:50,2025/1/2 21:07
ddh_12389,ZBRM,JTZV,2025/1/3 19:50,2025/1/3 21:07
ddh_12390,ZBRM,JTZV,2025/1/4 19:50,2025/1/4 21:07
ddh_12391,ZBRM,JTZV,2025/1/5 19:50,2025/1/5 21:07
ddh_12392,ZBRM,JTZV,2025/1/6 19:50,2025/1/6 21:07
ddh_12393,ZBRM,JTZV,2025/1/7 19:50,2025/1/7 21:07
ddh_12394,XALQ,JTZV,2024/12/30 19:15,2024/12/30 20:57
ddh_12395,XALQ,JTZV,2024/12/31 19:15,2024/12/31 20:57
ddh_12396,XALQ,JTZV,2025/1/1 19:15,2025/1/1 20:57
ddh_12397,XALQ,JTZV,2025/1/2 19:15,2025/1/2 20:57
ddh_12398,XALQ,JTZV,2025/1/3 19:15,2025/1/3 20:57
ddh_12399,XALQ,JTZV,2025/1/4 19:15,2025/1/4 20:57
ddh_12400,XALQ,JTZV,2025/1/5 19:15,2025/1/5 20:57
ddh_12401,XALQ,JTZV,2025/1/6 19:15,2025/1/6 20:57
ddh_12402,XALQ,JTZV,2025/1/7 19:15,2025/1/7 20:57
ddh_12403,JTZV,XALQ,2024/12/30 16:30,2024/12/30 18:34
ddh_12404,JTZV,XALQ,2024/12/31 16:30,2024/12/31 18:34
ddh_12405,JTZV,XALQ,2025/1/1 16:30,2025/1/1 18:34
ddh_12406,JTZV,XALQ,2025/1/2 16:30,2025/1/2 18:34
ddh_12407,JTZV,XALQ,2025/1/3 16:30,2025/1/3 18:34
ddh_12408,JTZV,XALQ,2025/1/4 16:30,2025/1/4 18:34
ddh_12409,JTZV,XALQ,2025/1/5 16:30,2025/1/5 18:34
ddh_12410,JTZV,XALQ,2025/1/6 16:30,2025/1/6 18:34
ddh_12411,JTZV,XALQ,2025/1/7 16:30,2025/1/7 18:34
ddh_12412,XALQ,JTZV,2024/12/30 6:32,2024/12/30 8:09
ddh_12413,XALQ,JTZV,2024/12/31 6:32,2024/12/31 8:09
ddh_12414,XALQ,JTZV,2025/1/1 6:32,2025/1/1 8:09
ddh_12415,XALQ,JTZV,2025/1/2 6:32,2025/1/2 8:09
ddh_12416,XALQ,JTZV,2025/1/3 6:32,2025/1/3 8:09
ddh_12417,XALQ,JTZV,2025/1/4 6:32,2025/1/4 8:09
ddh_12418,XALQ,JTZV,2025/1/5 6:32,2025/1/5 8:09
ddh_12419,XALQ,JTZV,2025/1/6 6:32,2025/1/6 8:09
ddh_12420,XALQ,JTZV,2025/1/7 6:32,2025/1/7 8:09
ddh_12421,JTZV,XALQ,2024/12/30 8:52,2024/12/30 11:23
ddh_12422,JTZV,XALQ,2024/12/31 8:52,2024/12/31 11:23
ddh_12423,JTZV,XALQ,2025/1/1 8:52,2025/1/1 11:23
ddh_12424,JTZV,XALQ,2025/1/2 8:52,2025/1/2 11:23
ddh_12425,JTZV,XALQ,2025/1/3 8:52,2025/1/3 11:23
ddh_12426,JTZV,XALQ,2025/1/4 8:52,2025/1/4 11:23
ddh_12427,JTZV,XALQ,2025/1/5 8:52,2025/1/5 11:23
ddh_12428,JTZV,XALQ,2025/1/6 8:52,2025/1/6 11:23
ddh_12429,JTZV,XALQ,2025/1/7 8:52,2025/1/7 11:23
ddh_12430,XALQ,JTZV,2024/12/30 19:08,2024/12/30 20:35
ddh_12431,XALQ,JTZV,2024/12/31 19:08,2024/12/31 20:35
ddh_12432,XALQ,JTZV,2025/1/1 19:08,2025/1/1 20:35
ddh_12433,XALQ,JTZV,2025/1/2 19:08,2025/1/2 20:35
ddh_12434,XALQ,JTZV,2025/1/3 19:08,2025/1/3 20:35
ddh_12435,XALQ,JTZV,2025/1/4 19:08,2025/1/4 20:35
ddh_12436,XALQ,JTZV,2025/1/5 19:08,2025/1/5 20:35
ddh_12437,XALQ,JTZV,2025/1/6 19:08,2025/1/6 20:35
ddh_12438,XALQ,JTZV,2025/1/7 19:08,2025/1/7 20:35
ddh_12439,JTZV,XALQ,2024/12/30 15:20,2024/12/30 17:40
ddh_12440,JTZV,XALQ,2024/12/31 15:20,2024/12/31 17:40
ddh_12441,JTZV,XALQ,2025/1/1 15:20,2025/1/1 17:40
ddh_12442,JTZV,XALQ,2025/1/2 15:20,2025/1/2 17:40
ddh_12443,JTZV,XALQ,2025/1/3 15:20,2025/1/3 17:40
ddh_12444,JTZV,XALQ,2025/1/4 15:20,2025/1/4 17:40
ddh_12445,JTZV,XALQ,2025/1/5 15:20,2025/1/5 17:40
ddh_12446,JTZV,XALQ,2025/1/6 15:20,2025/1/6 17:40
ddh_12447,JTZV,XALQ,2025/1/7 15:20,2025/1/7 17:40
ddh_12448,XALQ,JTZV,2024/12/30 18:50,2024/12/30 21:21
ddh_12449,XALQ,JTZV,2024/12/31 18:50,2024/12/31 21:21
ddh_12450,XALQ,JTZV,2025/1/1 18:50,2025/1/1 21:21
ddh_12451,XALQ,JTZV,2025/1/2 18:50,2025/1/2 21:21
ddh_12452,XALQ,JTZV,2025/1/3 18:50,2025/1/3 21:21
ddh_12453,XALQ,JTZV,2025/1/4 18:50,2025/1/4 21:21
ddh_12454,XALQ,JTZV,2025/1/5 18:50,2025/1/5 21:21
ddh_12455,XALQ,JTZV,2025/1/6 18:50,2025/1/6 21:21
ddh_12456,XALQ,JTZV,2025/1/7 18:50,2025/1/7 21:21
ddh_12457,JTZV,XALQ,2024/12/30 13:00,2024/12/30 15:40
ddh_12458,JTZV,XALQ,2024/12/31 13:00,2024/12/31 15:40
ddh_12459,JTZV,XALQ,2025/1/1 13:00,2025/1/1 15:40
ddh_12460,JTZV,XALQ,2025/1/2 13:00,2025/1/2 15:40
ddh_12461,JTZV,XALQ,2025/1/3 13:00,2025/1/3 15:40
ddh_12462,JTZV,XALQ,2025/1/4 13:00,2025/1/4 15:40
ddh_12463,JTZV,XALQ,2025/1/5 13:00,2025/1/5 15:40
ddh_12464,JTZV,XALQ,2025/1/6 13:00,2025/1/6 15:40
ddh_12465,JTZV,XALQ,2025/1/7 13:00,2025/1/7 15:40
ddh_12466,JTZV,MOXE,2024/12/30 16:55,2024/12/30 17:38
ddh_12467,JTZV,MOXE,2024/12/31 16:55,2024/12/31 17:38
ddh_12468,JTZV,MOXE,2025/1/1 16:55,2025/1/1 17:38
ddh_12469,JTZV,MOXE,2025/1/2 16:55,2025/1/2 17:38
ddh_12470,JTZV,MOXE,2025/1/3 16:55,2025/1/3 17:38
ddh_12471,JTZV,MOXE,2025/1/4 16:55,2025/1/4 17:38
ddh_12472,JTZV,MOXE,2025/1/5 16:55,2025/1/5 17:38
ddh_12473,JTZV,MOXE,2025/1/6 16:55,2025/1/6 17:38
ddh_12474,JTZV,MOXE,2025/1/7 16:55,2025/1/7 17:38
ddh_12475,MOXE,JTZV,2024/12/30 17:49,2024/12/30 18:33
ddh_12476,MOXE,JTZV,2024/12/31 17:49,2024/12/31 18:33
ddh_12477,MOXE,JTZV,2025/1/1 17:49,2025/1/1 18:33
ddh_12478,MOXE,JTZV,2025/1/2 17:49,2025/1/2 18:33
ddh_12479,MOXE,JTZV,2025/1/3 17:49,2025/1/3 18:33
ddh_12480,MOXE,JTZV,2025/1/4 17:49,2025/1/4 18:33
ddh_12481,MOXE,JTZV,2025/1/5 17:49,2025/1/5 18:33
ddh_12482,MOXE,JTZV,2025/1/6 17:49,2025/1/6 18:33
ddh_12483,MOXE,JTZV,2025/1/7 17:49,2025/1/7 18:33
ddh_12484,JTZV,XALQ,2024/12/30 12:05,2024/12/30 15:11
ddh_12485,JTZV,XALQ,2024/12/31 12:05,2024/12/31 15:11
ddh_12486,JTZV,XALQ,2025/1/1 12:05,2025/1/1 15:11
ddh_12487,JTZV,XALQ,2025/1/2 12:05,2025/1/2 15:11
ddh_12488,JTZV,XALQ,2025/1/3 12:05,2025/1/3 15:11
ddh_12489,JTZV,XALQ,2025/1/4 12:05,2025/1/4 15:11
ddh_12490,JTZV,XALQ,2025/1/5 12:05,2025/1/5 15:11
ddh_12491,JTZV,XALQ,2025/1/6 12:05,2025/1/6 15:11
ddh_12492,JTZV,XALQ,2025/1/7 12:05,2025/1/7 15:11
ddh_12493,JTZV,XALQ,2024/12/30 17:15,2024/12/30 19:26
ddh_12494,JTZV,XALQ,2024/12/31 17:15,2024/12/31 19:26
ddh_12495,JTZV,XALQ,2025/1/1 17:15,2025/1/1 19:26
ddh_12496,JTZV,XALQ,2025/1/2 17:15,2025/1/2 19:26
ddh_12497,JTZV,XALQ,2025/1/3 17:15,2025/1/3 19:26
ddh_12498,JTZV,XALQ,2025/1/4 17:15,2025/1/4 19:26
ddh_12499,JTZV,XALQ,2025/1/5 17:15,2025/1/5 19:26
ddh_12500,JTZV,XALQ,2025/1/6 17:15,2025/1/6 19:26
ddh_12501,JTZV,XALQ,2025/1/7 17:15,2025/1/7 19:26
ddh_12502,ZFTY,PERX,2024/12/30 12:00,2024/12/30 14:00
ddh_12503,ZFTY,PERX,2024/12/31 12:00,2024/12/31 14:00
ddh_12504,ZFTY,PERX,2025/1/1 12:00,2025/1/1 14:00
ddh_12505,ZFTY,PERX,2025/1/2 12:00,2025/1/2 14:00
ddh_12506,ZFTY,PERX,2025/1/3 12:00,2025/1/3 14:00
ddh_12507,ZFTY,PERX,2025/1/4 12:00,2025/1/4 14:00
ddh_12508,ZFTY,PERX,2025/1/5 12:00,2025/1/5 14:00
ddh_12509,ZFTY,PERX,2025/1/6 12:00,2025/1/6 14:00
ddh_12510,ZFTY,PERX,2025/1/7 12:00,2025/1/7 14:00
ddh_12511,JTZV,XALQ,2024/12/30 14:43,2024/12/30 17:34
ddh_12512,JTZV,XALQ,2024/12/31 14:43,2024/12/31 17:34
ddh_12513,JTZV,XALQ,2025/1/1 14:43,2025/1/1 17:34
ddh_12514,JTZV,XALQ,2025/1/2 14:43,2025/1/2 17:34
ddh_12515,JTZV,XALQ,2025/1/3 14:43,2025/1/3 17:34
ddh_12516,JTZV,XALQ,2025/1/4 14:43,2025/1/4 17:34
ddh_12517,JTZV,XALQ,2025/1/5 14:43,2025/1/5 17:34
ddh_12518,JTZV,XALQ,2025/1/6 14:43,2025/1/6 17:34
ddh_12519,JTZV,XALQ,2025/1/7 14:43,2025/1/7 17:34
ddh_12520,WDWO,JTZV,2024/12/30 15:19,2024/12/30 19:17
ddh_12521,WDWO,JTZV,2024/12/31 15:19,2024/12/31 19:17
ddh_12522,WDWO,JTZV,2025/1/1 15:19,2025/1/1 19:17
ddh_12523,WDWO,JTZV,2025/1/2 15:19,2025/1/2 19:17
ddh_12524,WDWO,JTZV,2025/1/3 15:19,2025/1/3 19:17
ddh_12525,WDWO,JTZV,2025/1/4 15:19,2025/1/4 19:17
ddh_12526,WDWO,JTZV,2025/1/5 15:19,2025/1/5 19:17
ddh_12527,WDWO,JTZV,2025/1/6 15:19,2025/1/6 19:17
ddh_12528,WDWO,JTZV,2025/1/7 15:19,2025/1/7 19:17
ddh_12529,JTZV,WDWO,2024/12/30 11:03,2024/12/30 15:20
ddh_12530,JTZV,WDWO,2024/12/31 11:03,2024/12/31 15:20
ddh_12531,JTZV,WDWO,2025/1/1 11:03,2025/1/1 15:20
ddh_12532,JTZV,WDWO,2025/1/2 11:03,2025/1/2 15:20
ddh_12533,JTZV,WDWO,2025/1/3 11:03,2025/1/3 15:20
ddh_12534,JTZV,WDWO,2025/1/4 11:03,2025/1/4 15:20
ddh_12535,JTZV,WDWO,2025/1/5 11:03,2025/1/5 15:20
ddh_12536,JTZV,WDWO,2025/1/6 11:03,2025/1/6 15:20
ddh_12537,JTZV,WDWO,2025/1/7 11:03,2025/1/7 15:20
ddh_12538,JTZV,ZBRM,2024/12/30 19:49,2024/12/30 21:24
ddh_12539,JTZV,ZBRM,2024/12/31 19:49,2024/12/31 21:24
ddh_12540,JTZV,ZBRM,2025/1/1 19:49,2025/1/1 21:24
ddh_12541,JTZV,ZBRM,2025/1/2 19:49,2025/1/2 21:24
ddh_12542,JTZV,ZBRM,2025/1/3 19:49,2025/1/3 21:24
ddh_12543,JTZV,ZBRM,2025/1/4 19:49,2025/1/4 21:24
ddh_12544,JTZV,ZBRM,2025/1/5 19:49,2025/1/5 21:24
ddh_12545,JTZV,ZBRM,2025/1/6 19:49,2025/1/6 21:24
ddh_12546,JTZV,ZBRM,2025/1/7 19:49,2025/1/7 21:24
ddh_12547,WDWO,JTZV,2024/12/30 19:50,2024/12/30 23:18
ddh_12548,WDWO,JTZV,2024/12/31 19:50,2024/12/31 23:18
ddh_12549,WDWO,JTZV,2025/1/1 19:50,2025/1/1 23:18
ddh_12550,WDWO,JTZV,2025/1/2 19:50,2025/1/2 23:18
ddh_12551,WDWO,JTZV,2025/1/3 19:50,2025/1/3 23:18
ddh_12552,WDWO,JTZV,2025/1/4 19:50,2025/1/4 23:18
ddh_12553,WDWO,JTZV,2025/1/5 19:50,2025/1/5 23:18
ddh_12554,WDWO,JTZV,2025/1/6 19:50,2025/1/6 23:18
ddh_12555,WDWO,JTZV,2025/1/7 19:50,2025/1/7 23:18
ddh_12556,JTZV,XALQ,2024/12/30 18:50,2024/12/30 20:00
ddh_12557,JTZV,XALQ,2024/12/31 18:50,2024/12/31 20:00
ddh_12558,JTZV,XALQ,2025/1/1 18:50,2025/1/1 20:00
ddh_12559,JTZV,XALQ,2025/1/2 18:50,2025/1/2 20:00
ddh_12560,JTZV,XALQ,2025/1/3 18:50,2025/1/3 20:00
ddh_12561,JTZV,XALQ,2025/1/4 18:50,2025/1/4 20:00
ddh_12562,JTZV,XALQ,2025/1/5 18:50,2025/1/5 20:00
ddh_12563,JTZV,XALQ,2025/1/6 18:50,2025/1/6 20:00
ddh_12564,JTZV,XALQ,2025/1/7 18:50,2025/1/7 20:00
ddh_12565,VEYC,JTZV,2024/12/30 15:00,2024/12/30 18:00
ddh_12566,VEYC,JTZV,2024/12/31 15:00,2024/12/31 18:00
ddh_12567,VEYC,JTZV,2025/1/1 15:00,2025/1/1 18:00
ddh_12568,VEYC,JTZV,2025/1/2 15:00,2025/1/2 18:00
ddh_12569,VEYC,JTZV,2025/1/3 15:00,2025/1/3 18:00
ddh_12570,VEYC,JTZV,2025/1/4 15:00,2025/1/4 18:00
ddh_12571,VEYC,JTZV,2025/1/5 15:00,2025/1/5 18:00
ddh_12572,VEYC,JTZV,2025/1/6 15:00,2025/1/6 18:00
ddh_12573,VEYC,JTZV,2025/1/7 15:00,2025/1/7 18:00
ddh_12574,XALQ,JTZV,2024/12/30 14:14,2024/12/30 16:10
ddh_12575,XALQ,JTZV,2024/12/31 14:14,2024/12/31 16:10
ddh_12576,XALQ,JTZV,2025/1/1 14:14,2025/1/1 16:10
ddh_12577,XALQ,JTZV,2025/1/2 14:14,2025/1/2 16:10
ddh_12578,XALQ,JTZV,2025/1/3 14:14,2025/1/3 16:10
ddh_12579,XALQ,JTZV,2025/1/4 14:14,2025/1/4 16:10
ddh_12580,XALQ,JTZV,2025/1/5 14:14,2025/1/5 16:10
ddh_12581,XALQ,JTZV,2025/1/6 14:14,2025/1/6 16:10
ddh_12582,XALQ,JTZV,2025/1/7 14:14,2025/1/7 16:10
ddh_12583,JTZV,XALQ,2024/12/30 17:00,2024/12/30 18:10
ddh_12584,JTZV,XALQ,2024/12/31 17:00,2024/12/31 18:10
ddh_12585,JTZV,XALQ,2025/1/1 17:00,2025/1/1 18:10
ddh_12586,JTZV,XALQ,2025/1/2 17:00,2025/1/2 18:10
ddh_12587,JTZV,XALQ,2025/1/3 17:00,2025/1/3 18:10
ddh_12588,JTZV,XALQ,2025/1/4 17:00,2025/1/4 18:10
ddh_12589,JTZV,XALQ,2025/1/5 17:00,2025/1/5 18:10
ddh_12590,JTZV,XALQ,2025/1/6 17:00,2025/1/6 18:10
ddh_12591,JTZV,XALQ,2025/1/7 17:00,2025/1/7 18:10
ddh_12592,JTZV,XALQ,2024/12/30 17:03,2024/12/30 18:40
ddh_12593,JTZV,XALQ,2024/12/31 17:03,2024/12/31 18:40
ddh_12594,JTZV,XALQ,2025/1/1 17:03,2025/1/1 18:40
ddh_12595,JTZV,XALQ,2025/1/2 17:03,2025/1/2 18:40
ddh_12596,JTZV,XALQ,2025/1/3 17:03,2025/1/3 18:40
ddh_12597,JTZV,XALQ,2025/1/4 17:03,2025/1/4 18:40
ddh_12598,JTZV,XALQ,2025/1/5 17:03,2025/1/5 18:40
ddh_12599,JTZV,XALQ,2025/1/6 17:03,2025/1/6 18:40
ddh_12600,JTZV,XALQ,2025/1/7 17:03,2025/1/7 18:40
ddh_12601,XALQ,JTZV,2024/12/30 11:37,2024/12/30 13:08
ddh_12602,XALQ,JTZV,2024/12/31 11:37,2024/12/31 13:08
ddh_12603,XALQ,JTZV,2025/1/1 11:37,2025/1/1 13:08
ddh_12604,XALQ,JTZV,2025/1/2 11:37,2025/1/2 13:08
ddh_12605,XALQ,JTZV,2025/1/3 11:37,2025/1/3 13:08
ddh_12606,XALQ,JTZV,2025/1/4 11:37,2025/1/4 13:08
ddh_12607,XALQ,JTZV,2025/1/5 11:37,2025/1/5 13:08
ddh_12608,XALQ,JTZV,2025/1/6 11:37,2025/1/6 13:08
ddh_12609,XALQ,JTZV,2025/1/7 11:37,2025/1/7 13:08
ddh_12610,JTZV,WDWO,2024/12/30 15:00,2024/12/30 18:00
ddh_12611,JTZV,WDWO,2024/12/31 15:00,2024/12/31 18:00
ddh_12612,JTZV,WDWO,2025/1/1 15:00,2025/1/1 18:00
ddh_12613,JTZV,WDWO,2025/1/2 15:00,2025/1/2 18:00
ddh_12614,JTZV,WDWO,2025/1/3 15:00,2025/1/3 18:00
ddh_12615,JTZV,WDWO,2025/1/4 15:00,2025/1/4 18:00
ddh_12616,JTZV,WDWO,2025/1/5 15:00,2025/1/5 18:00
ddh_12617,JTZV,WDWO,2025/1/6 15:00,2025/1/6 18:00
ddh_12618,JTZV,WDWO,2025/1/7 15:00,2025/1/7 18:00
ddh_12619,JTZV,XALQ,2024/12/30 19:50,2024/12/30 21:12
ddh_12620,JTZV,XALQ,2024/12/31 19:50,2024/12/31 21:12
ddh_12621,JTZV,XALQ,2025/1/1 19:50,2025/1/1 21:12
ddh_12622,JTZV,XALQ,2025/1/2 19:50,2025/1/2 21:12
ddh_12623,JTZV,XALQ,2025/1/3 19:50,2025/1/3 21:12
ddh_12624,JTZV,XALQ,2025/1/4 19:50,2025/1/4 21:12
ddh_12625,JTZV,XALQ,2025/1/5 19:50,2025/1/5 21:12
ddh_12626,JTZV,XALQ,2025/1/6 19:50,2025/1/6 21:12
ddh_12627,JTZV,XALQ,2025/1/7 19:50,2025/1/7 21:12
ddh_12628,JTZV,WDWO,2024/12/30 13:56,2024/12/30 18:10
ddh_12629,JTZV,WDWO,2024/12/31 13:56,2024/12/31 18:10
ddh_12630,JTZV,WDWO,2025/1/1 13:56,2025/1/1 18:10
ddh_12631,JTZV,WDWO,2025/1/2 13:56,2025/1/2 18:10
ddh_12632,JTZV,WDWO,2025/1/3 13:56,2025/1/3 18:10
ddh_12633,JTZV,WDWO,2025/1/4 13:56,2025/1/4 18:10
ddh_12634,JTZV,WDWO,2025/1/5 13:56,2025/1/5 18:10
ddh_12635,JTZV,WDWO,2025/1/6 13:56,2025/1/6 18:10
ddh_12636,JTZV,WDWO,2025/1/7 13:56,2025/1/7 18:10
ddh_12637,JTZV,XALQ,2024/12/30 20:30,2024/12/30 22:00
ddh_12638,JTZV,XALQ,2024/12/31 20:30,2024/12/31 22:00
ddh_12639,JTZV,XALQ,2025/1/1 20:30,2025/1/1 22:00
ddh_12640,JTZV,XALQ,2025/1/2 20:30,2025/1/2 22:00
ddh_12641,JTZV,XALQ,2025/1/3 20:30,2025/1/3 22:00
ddh_12642,JTZV,XALQ,2025/1/4 20:30,2025/1/4 22:00
ddh_12643,JTZV,XALQ,2025/1/5 20:30,2025/1/5 22:00
ddh_12644,JTZV,XALQ,2025/1/6 20:30,2025/1/6 22:00
ddh_12645,JTZV,XALQ,2025/1/7 20:30,2025/1/7 22:00
ddh_12646,XALQ,JTZV,2024/12/30 6:44,2024/12/30 8:03
ddh_12647,XALQ,JTZV,2024/12/31 6:44,2024/12/31 8:03
ddh_12648,XALQ,JTZV,2025/1/1 6:44,2025/1/1 8:03
ddh_12649,XALQ,JTZV,2025/1/2 6:44,2025/1/2 8:03
ddh_12650,XALQ,JTZV,2025/1/3 6:44,2025/1/3 8:03
ddh_12651,XALQ,JTZV,2025/1/4 6:44,2025/1/4 8:03
ddh_12652,XALQ,JTZV,2025/1/5 6:44,2025/1/5 8:03
ddh_12653,XALQ,JTZV,2025/1/6 6:44,2025/1/6 8:03
ddh_12654,XALQ,JTZV,2025/1/7 6:44,2025/1/7 8:03
ddh_12655,JTZV,XALQ,2024/12/30 18:23,2024/12/30 19:40
ddh_12656,JTZV,XALQ,2024/12/31 18:23,2024/12/31 19:40
ddh_12657,JTZV,XALQ,2025/1/1 18:23,2025/1/1 19:40
ddh_12658,JTZV,XALQ,2025/1/2 18:23,2025/1/2 19:40
ddh_12659,JTZV,XALQ,2025/1/3 18:23,2025/1/3 19:40
ddh_12660,JTZV,XALQ,2025/1/4 18:23,2025/1/4 19:40
ddh_12661,JTZV,XALQ,2025/1/5 18:23,2025/1/5 19:40
ddh_12662,JTZV,XALQ,2025/1/6 18:23,2025/1/6 19:40
ddh_12663,JTZV,XALQ,2025/1/7 18:23,2025/1/7 19:40
ddh_12664,IGVH,JTZV,2024/12/30 8:00,2024/12/30 9:35
ddh_12665,IGVH,JTZV,2024/12/31 8:00,2024/12/31 9:35
ddh_12666,IGVH,JTZV,2025/1/1 8:00,2025/1/1 9:35
ddh_12667,IGVH,JTZV,2025/1/2 8:00,2025/1/2 9:35
ddh_12668,IGVH,JTZV,2025/1/3 8:00,2025/1/3 9:35
ddh_12669,IGVH,JTZV,2025/1/4 8:00,2025/1/4 9:35
ddh_12670,IGVH,JTZV,2025/1/5 8:00,2025/1/5 9:35
ddh_12671,IGVH,JTZV,2025/1/6 8:00,2025/1/6 9:35
ddh_12672,IGVH,JTZV,2025/1/7 8:00,2025/1/7 9:35
ddh_12673,WDWO,JTZV,2024/12/30 15:25,2024/12/30 19:00
ddh_12674,WDWO,JTZV,2024/12/31 15:25,2024/12/31 19:00
ddh_12675,WDWO,JTZV,2025/1/1 15:25,2025/1/1 19:00
ddh_12676,WDWO,JTZV,2025/1/2 15:25,2025/1/2 19:00
ddh_12677,WDWO,JTZV,2025/1/3 15:25,2025/1/3 19:00
ddh_12678,WDWO,JTZV,2025/1/4 15:25,2025/1/4 19:00
ddh_12679,WDWO,JTZV,2025/1/5 15:25,2025/1/5 19:00
ddh_12680,WDWO,JTZV,2025/1/6 15:25,2025/1/6 19:00
ddh_12681,WDWO,JTZV,2025/1/7 15:25,2025/1/7 19:00
ddh_12682,JTZV,XALQ,2024/12/30 12:16,2024/12/30 13:18
ddh_12683,JTZV,XALQ,2024/12/31 12:16,2024/12/31 13:18
ddh_12684,JTZV,XALQ,2025/1/1 12:16,2025/1/1 13:18
ddh_12685,JTZV,XALQ,2025/1/2 12:16,2025/1/2 13:18
ddh_12686,JTZV,XALQ,2025/1/3 12:16,2025/1/3 13:18
ddh_12687,JTZV,XALQ,2025/1/4 12:16,2025/1/4 13:18
ddh_12688,JTZV,XALQ,2025/1/5 12:16,2025/1/5 13:18
ddh_12689,JTZV,XALQ,2025/1/6 12:16,2025/1/6 13:18
ddh_12690,JTZV,XALQ,2025/1/7 12:16,2025/1/7 13:18
ddh_12691,JTZV,XALQ,2024/12/30 16:39,2024/12/30 17:49
ddh_12692,JTZV,XALQ,2024/12/31 16:39,2024/12/31 17:49
ddh_12693,JTZV,XALQ,2025/1/1 16:39,2025/1/1 17:49
ddh_12694,JTZV,XALQ,2025/1/2 16:39,2025/1/2 17:49
ddh_12695,JTZV,XALQ,2025/1/3 16:39,2025/1/3 17:49
ddh_12696,JTZV,XALQ,2025/1/4 16:39,2025/1/4 17:49
ddh_12697,JTZV,XALQ,2025/1/5 16:39,2025/1/5 17:49
ddh_12698,JTZV,XALQ,2025/1/6 16:39,2025/1/6 17:49
ddh_12699,JTZV,XALQ,2025/1/7 16:39,2025/1/7 17:49
ddh_12700,XALQ,JTZV,2024/12/30 14:45,2024/12/30 16:40
ddh_12701,XALQ,JTZV,2024/12/31 14:45,2024/12/31 16:40
ddh_12702,XALQ,JTZV,2025/1/1 14:45,2025/1/1 16:40
ddh_12703,XALQ,JTZV,2025/1/2 14:45,2025/1/2 16:40
ddh_12704,XALQ,JTZV,2025/1/3 14:45,2025/1/3 16:40
ddh_12705,XALQ,JTZV,2025/1/4 14:45,2025/1/4 16:40
ddh_12706,XALQ,JTZV,2025/1/5 14:45,2025/1/5 16:40
ddh_12707,XALQ,JTZV,2025/1/6 14:45,2025/1/6 16:40
ddh_12708,XALQ,JTZV,2025/1/7 14:45,2025/1/7 16:40
ddh_12709,JTZV,XALQ,2024/12/30 19:49,2024/12/30 21:29
ddh_12710,JTZV,XALQ,2024/12/31 19:49,2024/12/31 21:29
ddh_12711,JTZV,XALQ,2025/1/1 19:49,2025/1/1 21:29
ddh_12712,JTZV,XALQ,2025/1/2 19:49,2025/1/2 21:29
ddh_12713,JTZV,XALQ,2025/1/3 19:49,2025/1/3 21:29
ddh_12714,JTZV,XALQ,2025/1/4 19:49,2025/1/4 21:29
ddh_12715,JTZV,XALQ,2025/1/5 19:49,2025/1/5 21:29
ddh_12716,JTZV,XALQ,2025/1/6 19:49,2025/1/6 21:29
ddh_12717,JTZV,XALQ,2025/1/7 19:49,2025/1/7 21:29
ddh_12718,ZBRM,JTZV,2024/12/30 10:22,2024/12/30 11:57
ddh_12719,ZBRM,JTZV,2024/12/31 10:22,2024/12/31 11:57
ddh_12720,ZBRM,JTZV,2025/1/1 10:22,2025/1/1 11:57
ddh_12721,ZBRM,JTZV,2025/1/2 10:22,2025/1/2 11:57
ddh_12722,ZBRM,JTZV,2025/1/3 10:22,2025/1/3 11:57
ddh_12723,ZBRM,JTZV,2025/1/4 10:22,2025/1/4 11:57
ddh_12724,ZBRM,JTZV,2025/1/5 10:22,2025/1/5 11:57
ddh_12725,ZBRM,JTZV,2025/1/6 10:22,2025/1/6 11:57
ddh_12726,ZBRM,JTZV,2025/1/7 10:22,2025/1/7 11:57
ddh_12727,JTZV,XALQ,2024/12/30 20:24,2024/12/30 21:27
ddh_12728,JTZV,XALQ,2024/12/31 20:24,2024/12/31 21:27
ddh_12729,JTZV,XALQ,2025/1/1 20:24,2025/1/1 21:27
ddh_12730,JTZV,XALQ,2025/1/2 20:24,2025/1/2 21:27
ddh_12731,JTZV,XALQ,2025/1/3 20:24,2025/1/3 21:27
ddh_12732,JTZV,XALQ,2025/1/4 20:24,2025/1/4 21:27
ddh_12733,JTZV,XALQ,2025/1/5 20:24,2025/1/5 21:27
ddh_12734,JTZV,XALQ,2025/1/6 20:24,2025/1/6 21:27
ddh_12735,JTZV,XALQ,2025/1/7 20:24,2025/1/7 21:27
ddh_12736,JTZV,UNUN,2024/12/30 12:55,2024/12/30 16:35
ddh_12737,JTZV,UNUN,2024/12/31 12:55,2024/12/31 16:35
ddh_12738,JTZV,UNUN,2025/1/1 12:55,2025/1/1 16:35
ddh_12739,JTZV,UNUN,2025/1/2 12:55,2025/1/2 16:35
ddh_12740,JTZV,UNUN,2025/1/3 12:55,2025/1/3 16:35
ddh_12741,JTZV,UNUN,2025/1/4 12:55,2025/1/4 16:35
ddh_12742,JTZV,UNUN,2025/1/5 12:55,2025/1/5 16:35
ddh_12743,JTZV,UNUN,2025/1/6 12:55,2025/1/6 16:35
ddh_12744,JTZV,UNUN,2025/1/7 12:55,2025/1/7 16:35
ddh_12745,ZBRM,JTZV,2024/12/30 13:10,2024/12/30 14:39
ddh_12746,ZBRM,JTZV,2024/12/31 13:10,2024/12/31 14:39
ddh_12747,ZBRM,JTZV,2025/1/1 13:10,2025/1/1 14:39
ddh_12748,ZBRM,JTZV,2025/1/2 13:10,2025/1/2 14:39
ddh_12749,ZBRM,JTZV,2025/1/3 13:10,2025/1/3 14:39
ddh_12750,ZBRM,JTZV,2025/1/4 13:10,2025/1/4 14:39
ddh_12751,ZBRM,JTZV,2025/1/5 13:10,2025/1/5 14:39
ddh_12752,ZBRM,JTZV,2025/1/6 13:10,2025/1/6 14:39
ddh_12753,ZBRM,JTZV,2025/1/7 13:10,2025/1/7 14:39
ddh_12754,JTZV,WDWO,2024/12/30 9:16,2024/12/30 13:23
ddh_12755,JTZV,WDWO,2024/12/31 9:16,2024/12/31 13:23
ddh_12756,JTZV,WDWO,2025/1/1 9:16,2025/1/1 13:23
ddh_12757,JTZV,WDWO,2025/1/2 9:16,2025/1/2 13:23
ddh_12758,JTZV,WDWO,2025/1/3 9:16,2025/1/3 13:23
ddh_12759,JTZV,WDWO,2025/1/4 9:16,2025/1/4 13:23
ddh_12760,JTZV,WDWO,2025/1/5 9:16,2025/1/5 13:23
ddh_12761,JTZV,WDWO,2025/1/6 9:16,2025/1/6 13:23
ddh_12762,JTZV,WDWO,2025/1/7 9:16,2025/1/7 13:23
ddh_12763,WDWO,JTZV,2024/12/30 10:43,2024/12/30 14:26
ddh_12764,WDWO,JTZV,2024/12/31 10:43,2024/12/31 14:26
ddh_12765,WDWO,JTZV,2025/1/1 10:43,2025/1/1 14:26
ddh_12766,WDWO,JTZV,2025/1/2 10:43,2025/1/2 14:26
ddh_12767,WDWO,JTZV,2025/1/3 10:43,2025/1/3 14:26
ddh_12768,WDWO,JTZV,2025/1/4 10:43,2025/1/4 14:26
ddh_12769,WDWO,JTZV,2025/1/5 10:43,2025/1/5 14:26
ddh_12770,WDWO,JTZV,2025/1/6 10:43,2025/1/6 14:26
ddh_12771,WDWO,JTZV,2025/1/7 10:43,2025/1/7 14:26
ddh_12772,WDWO,JTZV,2024/12/30 6:38,2024/12/30 10:40
ddh_12773,WDWO,JTZV,2024/12/31 6:38,2024/12/31 10:40
ddh_12774,WDWO,JTZV,2025/1/1 6:38,2025/1/1 10:40
ddh_12775,WDWO,JTZV,2025/1/2 6:38,2025/1/2 10:40
ddh_12776,WDWO,JTZV,2025/1/3 6:38,2025/1/3 10:40
ddh_12777,WDWO,JTZV,2025/1/4 6:38,2025/1/4 10:40
ddh_12778,WDWO,JTZV,2025/1/5 6:38,2025/1/5 10:40
ddh_12779,WDWO,JTZV,2025/1/6 6:38,2025/1/6 10:40
ddh_12780,WDWO,JTZV,2025/1/7 6:38,2025/1/7 10:40
ddh_12781,JTZV,ZBRM,2024/12/30 13:41,2024/12/30 15:21
ddh_12782,JTZV,ZBRM,2024/12/31 13:41,2024/12/31 15:21
ddh_12783,JTZV,ZBRM,2025/1/1 13:41,2025/1/1 15:21
ddh_12784,JTZV,ZBRM,2025/1/2 13:41,2025/1/2 15:21
ddh_12785,JTZV,ZBRM,2025/1/3 13:41,2025/1/3 15:21
ddh_12786,JTZV,ZBRM,2025/1/4 13:41,2025/1/4 15:21
ddh_12787,JTZV,ZBRM,2025/1/5 13:41,2025/1/5 15:21
ddh_12788,JTZV,ZBRM,2025/1/6 13:41,2025/1/6 15:21
ddh_12789,JTZV,ZBRM,2025/1/7 13:41,2025/1/7 15:21
ddh_12790,DIZB,ZFTY,2024/12/30 10:18,2024/12/30 12:42
ddh_12791,DIZB,ZFTY,2024/12/31 10:18,2024/12/31 12:42
ddh_12792,DIZB,ZFTY,2025/1/1 10:18,2025/1/1 12:42
ddh_12793,DIZB,ZFTY,2025/1/2 10:18,2025/1/2 12:42
ddh_12794,DIZB,ZFTY,2025/1/3 10:18,2025/1/3 12:42
ddh_12795,DIZB,ZFTY,2025/1/4 10:18,2025/1/4 12:42
ddh_12796,DIZB,ZFTY,2025/1/5 10:18,2025/1/5 12:42
ddh_12797,DIZB,ZFTY,2025/1/6 10:18,2025/1/6 12:42
ddh_12798,DIZB,ZFTY,2025/1/7 10:18,2025/1/7 12:42
ddh_12799,JTZV,XALQ,2024/12/30 13:50,2024/12/30 15:05
ddh_12800,JTZV,XALQ,2024/12/31 13:50,2024/12/31 15:05
ddh_12801,JTZV,XALQ,2025/1/1 13:50,2025/1/1 15:05
ddh_12802,JTZV,XALQ,2025/1/2 13:50,2025/1/2 15:05
ddh_12803,JTZV,XALQ,2025/1/3 13:50,2025/1/3 15:05
ddh_12804,JTZV,XALQ,2025/1/4 13:50,2025/1/4 15:05
ddh_12805,JTZV,XALQ,2025/1/5 13:50,2025/1/5 15:05
ddh_12806,JTZV,XALQ,2025/1/6 13:50,2025/1/6 15:05
ddh_12807,JTZV,XALQ,2025/1/7 13:50,2025/1/7 15:05
ddh_12808,ZFTY,PERX,2024/12/30 13:00,2024/12/30 13:30
ddh_12809,ZFTY,PERX,2024/12/31 13:00,2024/12/31 13:30
ddh_12810,ZFTY,PERX,2025/1/1 13:00,2025/1/1 13:30
ddh_12811,ZFTY,PERX,2025/1/2 13:00,2025/1/2 13:30
ddh_12812,ZFTY,PERX,2025/1/3 13:00,2025/1/3 13:30
ddh_12813,ZFTY,PERX,2025/1/4 13:00,2025/1/4 13:30
ddh_12814,ZFTY,PERX,2025/1/5 13:00,2025/1/5 13:30
ddh_12815,ZFTY,PERX,2025/1/6 13:00,2025/1/6 13:30
ddh_12816,ZFTY,PERX,2025/1/7 13:00,2025/1/7 13:30
ddh_12817,JTZV,WDWO,2024/12/30 10:35,2024/12/30 14:21
ddh_12818,JTZV,WDWO,2024/12/31 10:35,2024/12/31 14:21
ddh_12819,JTZV,WDWO,2025/1/1 10:35,2025/1/1 14:21
ddh_12820,JTZV,WDWO,2025/1/2 10:35,2025/1/2 14:21
ddh_12821,JTZV,WDWO,2025/1/3 10:35,2025/1/3 14:21
ddh_12822,JTZV,WDWO,2025/1/4 10:35,2025/1/4 14:21
ddh_12823,JTZV,WDWO,2025/1/5 10:35,2025/1/5 14:21
ddh_12824,JTZV,WDWO,2025/1/6 10:35,2025/1/6 14:21
ddh_12825,JTZV,WDWO,2025/1/7 10:35,2025/1/7 14:21
ddh_12826,ZBRM,JTZV,2024/12/30 11:10,2024/12/30 12:46
ddh_12827,ZBRM,JTZV,2024/12/31 11:10,2024/12/31 12:46
ddh_12828,ZBRM,JTZV,2025/1/1 11:10,2025/1/1 12:46
ddh_12829,ZBRM,JTZV,2025/1/2 11:10,2025/1/2 12:46
ddh_12830,ZBRM,JTZV,2025/1/3 11:10,2025/1/3 12:46
ddh_12831,ZBRM,JTZV,2025/1/4 11:10,2025/1/4 12:46
ddh_12832,ZBRM,JTZV,2025/1/5 11:10,2025/1/5 12:46
ddh_12833,ZBRM,JTZV,2025/1/6 11:10,2025/1/6 12:46
ddh_12834,ZBRM,JTZV,2025/1/7 11:10,2025/1/7 12:46
ddh_12835,JTZV,MOXE,2024/12/30 19:50,2024/12/30 21:50
ddh_12836,JTZV,MOXE,2024/12/31 19:50,2024/12/31 21:50
ddh_12837,JTZV,MOXE,2025/1/1 19:50,2025/1/1 21:50
ddh_12838,JTZV,MOXE,2025/1/2 19:50,2025/1/2 21:50
ddh_12839,JTZV,MOXE,2025/1/3 19:50,2025/1/3 21:50
ddh_12840,JTZV,MOXE,2025/1/4 19:50,2025/1/4 21:50
ddh_12841,JTZV,MOXE,2025/1/5 19:50,2025/1/5 21:50
ddh_12842,JTZV,MOXE,2025/1/6 19:50,2025/1/6 21:50
ddh_12843,JTZV,MOXE,2025/1/7 19:50,2025/1/7 21:50
ddh_12844,JTZV,XALQ,2024/12/30 17:15,2024/12/30 19:00
ddh_12845,JTZV,XALQ,2024/12/31 17:15,2024/12/31 19:00
ddh_12846,JTZV,XALQ,2025/1/1 17:15,2025/1/1 19:00
ddh_12847,JTZV,XALQ,2025/1/2 17:15,2025/1/2 19:00
ddh_12848,JTZV,XALQ,2025/1/3 17:15,2025/1/3 19:00
ddh_12849,JTZV,XALQ,2025/1/4 17:15,2025/1/4 19:00
ddh_12850,JTZV,XALQ,2025/1/5 17:15,2025/1/5 19:00
ddh_12851,JTZV,XALQ,2025/1/6 17:15,2025/1/6 19:00
ddh_12852,JTZV,XALQ,2025/1/7 17:15,2025/1/7 19:00
ddh_12853,JTZV,XALQ,2024/12/30 18:20,2024/12/30 19:28
ddh_12854,JTZV,XALQ,2024/12/31 18:20,2024/12/31 19:28
ddh_12855,JTZV,XALQ,2025/1/1 18:20,2025/1/1 19:28
ddh_12856,JTZV,XALQ,2025/1/2 18:20,2025/1/2 19:28
ddh_12857,JTZV,XALQ,2025/1/3 18:20,2025/1/3 19:28
ddh_12858,JTZV,XALQ,2025/1/4 18:20,2025/1/4 19:28
ddh_12859,JTZV,XALQ,2025/1/5 18:20,2025/1/5 19:28
ddh_12860,JTZV,XALQ,2025/1/6 18:20,2025/1/6 19:28
ddh_12861,JTZV,XALQ,2025/1/7 18:20,2025/1/7 19:28
ddh_12862,JTZV,LPTE,2024/12/30 12:40,2024/12/30 15:10
ddh_12863,JTZV,LPTE,2024/12/31 12:40,2024/12/31 15:10
ddh_12864,JTZV,LPTE,2025/1/1 12:40,2025/1/1 15:10
ddh_12865,JTZV,LPTE,2025/1/2 12:40,2025/1/2 15:10
ddh_12866,JTZV,LPTE,2025/1/3 12:40,2025/1/3 15:10
ddh_12867,JTZV,LPTE,2025/1/4 12:40,2025/1/4 15:10
ddh_12868,JTZV,LPTE,2025/1/5 12:40,2025/1/5 15:10
ddh_12869,JTZV,LPTE,2025/1/6 12:40,2025/1/6 15:10
ddh_12870,JTZV,LPTE,2025/1/7 12:40,2025/1/7 15:10
ddh_12871,JTZV,WDWO,2024/12/30 17:51,2024/12/30 21:45
ddh_12872,JTZV,WDWO,2024/12/31 17:51,2024/12/31 21:45
ddh_12873,JTZV,WDWO,2025/1/1 17:51,2025/1/1 21:45
ddh_12874,JTZV,WDWO,2025/1/2 17:51,2025/1/2 21:45
ddh_12875,JTZV,WDWO,2025/1/3 17:51,2025/1/3 21:45
ddh_12876,JTZV,WDWO,2025/1/4 17:51,2025/1/4 21:45
ddh_12877,JTZV,WDWO,2025/1/5 17:51,2025/1/5 21:45
ddh_12878,JTZV,WDWO,2025/1/6 17:51,2025/1/6 21:45
ddh_12879,JTZV,WDWO,2025/1/7 17:51,2025/1/7 21:45
ddh_12880,ZBRM,JTZV,2024/12/30 17:04,2024/12/30 18:28
ddh_12881,ZBRM,JTZV,2024/12/31 17:04,2024/12/31 18:28
ddh_12882,ZBRM,JTZV,2025/1/1 17:04,2025/1/1 18:28
ddh_12883,ZBRM,JTZV,2025/1/2 17:04,2025/1/2 18:28
ddh_12884,ZBRM,JTZV,2025/1/3 17:04,2025/1/3 18:28
ddh_12885,ZBRM,JTZV,2025/1/4 17:04,2025/1/4 18:28
ddh_12886,ZBRM,JTZV,2025/1/5 17:04,2025/1/5 18:28
ddh_12887,ZBRM,JTZV,2025/1/6 17:04,2025/1/6 18:28
ddh_12888,ZBRM,JTZV,2025/1/7 17:04,2025/1/7 18:28
ddh_12889,JTZV,WDWO,2024/12/30 10:22,2024/12/30 14:05
ddh_12890,JTZV,WDWO,2024/12/31 10:22,2024/12/31 14:05
ddh_12891,JTZV,WDWO,2025/1/1 10:22,2025/1/1 14:05
ddh_12892,JTZV,WDWO,2025/1/2 10:22,2025/1/2 14:05
ddh_12893,JTZV,WDWO,2025/1/3 10:22,2025/1/3 14:05
ddh_12894,JTZV,WDWO,2025/1/4 10:22,2025/1/4 14:05
ddh_12895,JTZV,WDWO,2025/1/5 10:22,2025/1/5 14:05
ddh_12896,JTZV,WDWO,2025/1/6 10:22,2025/1/6 14:05
ddh_12897,JTZV,WDWO,2025/1/7 10:22,2025/1/7 14:05
ddh_12898,ZBRM,JTZV,2024/12/30 13:10,2024/12/30 14:29
ddh_12899,ZBRM,JTZV,2024/12/31 13:10,2024/12/31 14:29
ddh_12900,ZBRM,JTZV,2025/1/1 13:10,2025/1/1 14:29
ddh_12901,ZBRM,JTZV,2025/1/2 13:10,2025/1/2 14:29
ddh_12902,ZBRM,JTZV,2025/1/3 13:10,2025/1/3 14:29
ddh_12903,ZBRM,JTZV,2025/1/4 13:10,2025/1/4 14:29
ddh_12904,ZBRM,JTZV,2025/1/5 13:10,2025/1/5 14:29
ddh_12905,ZBRM,JTZV,2025/1/6 13:10,2025/1/6 14:29
ddh_12906,ZBRM,JTZV,2025/1/7 13:10,2025/1/7 14:29
ddh_12907,XALQ,JTZV,2024/12/30 8:23,2024/12/30 10:08
ddh_12908,XALQ,JTZV,2024/12/31 8:23,2024/12/31 10:08
ddh_12909,XALQ,JTZV,2025/1/1 8:23,2025/1/1 10:08
ddh_12910,XALQ,JTZV,2025/1/2 8:23,2025/1/2 10:08
ddh_12911,XALQ,JTZV,2025/1/3 8:23,2025/1/3 10:08
ddh_12912,XALQ,JTZV,2025/1/4 8:23,2025/1/4 10:08
ddh_12913,XALQ,JTZV,2025/1/5 8:23,2025/1/5 10:08
ddh_12914,XALQ,JTZV,2025/1/6 8:23,2025/1/6 10:08
ddh_12915,XALQ,JTZV,2025/1/7 8:23,2025/1/7 10:08
ddh_12916,WDWO,JTZV,2024/12/30 18:05,2024/12/30 21:55
ddh_12917,WDWO,JTZV,2024/12/31 18:05,2024/12/31 21:55
ddh_12918,WDWO,JTZV,2025/1/1 18:05,2025/1/1 21:55
ddh_12919,WDWO,JTZV,2025/1/2 18:05,2025/1/2 21:55
ddh_12920,WDWO,JTZV,2025/1/3 18:05,2025/1/3 21:55
ddh_12921,WDWO,JTZV,2025/1/4 18:05,2025/1/4 21:55
ddh_12922,WDWO,JTZV,2025/1/5 18:05,2025/1/5 21:55
ddh_12923,WDWO,JTZV,2025/1/6 18:05,2025/1/6 21:55
ddh_12924,WDWO,JTZV,2025/1/7 18:05,2025/1/7 21:55
ddh_12925,JTZV,WDWO,2024/12/30 19:35,2024/12/30 23:21
ddh_12926,JTZV,WDWO,2024/12/31 19:35,2024/12/31 23:21
ddh_12927,JTZV,WDWO,2025/1/1 19:35,2025/1/1 23:21
ddh_12928,JTZV,WDWO,2025/1/2 19:35,2025/1/2 23:21
ddh_12929,JTZV,WDWO,2025/1/3 19:35,2025/1/3 23:21
ddh_12930,JTZV,WDWO,2025/1/4 19:35,2025/1/4 23:21
ddh_12931,JTZV,WDWO,2025/1/5 19:35,2025/1/5 23:21
ddh_12932,JTZV,WDWO,2025/1/6 19:35,2025/1/6 23:21
ddh_12933,JTZV,WDWO,2025/1/7 19:35,2025/1/7 23:21
ddh_12934,JTZV,XALQ,2024/12/30 16:12,2024/12/30 18:43
ddh_12935,JTZV,XALQ,2024/12/31 16:12,2024/12/31 18:43
ddh_12936,JTZV,XALQ,2025/1/1 16:12,2025/1/1 18:43
ddh_12937,JTZV,XALQ,2025/1/2 16:12,2025/1/2 18:43
ddh_12938,JTZV,XALQ,2025/1/3 16:12,2025/1/3 18:43
ddh_12939,JTZV,XALQ,2025/1/4 16:12,2025/1/4 18:43
ddh_12940,JTZV,XALQ,2025/1/5 16:12,2025/1/5 18:43
ddh_12941,JTZV,XALQ,2025/1/6 16:12,2025/1/6 18:43
ddh_12942,JTZV,XALQ,2025/1/7 16:12,2025/1/7 18:43
ddh_12943,WDWO,JTZV,2024/12/30 14:06,2024/12/30 17:47
ddh_12944,WDWO,JTZV,2024/12/31 14:06,2024/12/31 17:47
ddh_12945,WDWO,JTZV,2025/1/1 14:06,2025/1/1 17:47
ddh_12946,WDWO,JTZV,2025/1/2 14:06,2025/1/2 17:47
ddh_12947,WDWO,JTZV,2025/1/3 14:06,2025/1/3 17:47
ddh_12948,WDWO,JTZV,2025/1/4 14:06,2025/1/4 17:47
ddh_12949,WDWO,JTZV,2025/1/5 14:06,2025/1/5 17:47
ddh_12950,WDWO,JTZV,2025/1/6 14:06,2025/1/6 17:47
ddh_12951,WDWO,JTZV,2025/1/7 14:06,2025/1/7 17:47
ddh_12952,ZOEV,WGZL,2024/12/30 13:10,2024/12/30 14:39
ddh_12953,ZOEV,WGZL,2024/12/31 13:10,2024/12/31 14:39
ddh_12954,ZOEV,WGZL,2025/1/1 13:10,2025/1/1 14:39
ddh_12955,ZOEV,WGZL,2025/1/2 13:10,2025/1/2 14:39
ddh_12956,ZOEV,WGZL,2025/1/3 13:10,2025/1/3 14:39
ddh_12957,ZOEV,WGZL,2025/1/4 13:10,2025/1/4 14:39
ddh_12958,ZOEV,WGZL,2025/1/5 13:10,2025/1/5 14:39
ddh_12959,ZOEV,WGZL,2025/1/6 13:10,2025/1/6 14:39
ddh_12960,ZOEV,WGZL,2025/1/7 13:10,2025/1/7 14:39
ddh_12961,ZBRM,JTZV,2024/12/30 10:22,2024/12/30 11:40
ddh_12962,ZBRM,JTZV,2024/12/31 10:22,2024/12/31 11:40
ddh_12963,ZBRM,JTZV,2025/1/1 10:22,2025/1/1 11:40
ddh_12964,ZBRM,JTZV,2025/1/2 10:22,2025/1/2 11:40
ddh_12965,ZBRM,JTZV,2025/1/3 10:22,2025/1/3 11:40
ddh_12966,ZBRM,JTZV,2025/1/4 10:22,2025/1/4 11:40
ddh_12967,ZBRM,JTZV,2025/1/5 10:22,2025/1/5 11:40
ddh_12968,ZBRM,JTZV,2025/1/6 10:22,2025/1/6 11:40
ddh_12969,ZBRM,JTZV,2025/1/7 10:22,2025/1/7 11:40
ddh_12970,JTZV,ZBRM,2024/12/30 17:10,2024/12/30 18:30
ddh_12971,JTZV,ZBRM,2024/12/31 17:10,2024/12/31 18:30
ddh_12972,JTZV,ZBRM,2025/1/1 17:10,2025/1/1 18:30
ddh_12973,JTZV,ZBRM,2025/1/2 17:10,2025/1/2 18:30
ddh_12974,JTZV,ZBRM,2025/1/3 17:10,2025/1/3 18:30
ddh_12975,JTZV,ZBRM,2025/1/4 17:10,2025/1/4 18:30
ddh_12976,JTZV,ZBRM,2025/1/5 17:10,2025/1/5 18:30
ddh_12977,JTZV,ZBRM,2025/1/6 17:10,2025/1/6 18:30
ddh_12978,JTZV,ZBRM,2025/1/7 17:10,2025/1/7 18:30
ddh_12979,XALQ,JTZV,2024/12/30 8:21,2024/12/30 10:03
ddh_12980,XALQ,JTZV,2024/12/31 8:21,2024/12/31 10:03
ddh_12981,XALQ,JTZV,2025/1/1 8:21,2025/1/1 10:03
ddh_12982,XALQ,JTZV,2025/1/2 8:21,2025/1/2 10:03
ddh_12983,XALQ,JTZV,2025/1/3 8:21,2025/1/3 10:03
ddh_12984,XALQ,JTZV,2025/1/4 8:21,2025/1/4 10:03
ddh_12985,XALQ,JTZV,2025/1/5 8:21,2025/1/5 10:03
ddh_12986,XALQ,JTZV,2025/1/6 8:21,2025/1/6 10:03
ddh_12987,XALQ,JTZV,2025/1/7 8:21,2025/1/7 10:03
ddh_12988,IGVH,XALQ,2024/12/30 11:30,2024/12/30 13:05
ddh_12989,IGVH,XALQ,2024/12/31 11:30,2024/12/31 13:05
ddh_12990,IGVH,XALQ,2025/1/1 11:30,2025/1/1 13:05
ddh_12991,IGVH,XALQ,2025/1/2 11:30,2025/1/2 13:05
ddh_12992,IGVH,XALQ,2025/1/3 11:30,2025/1/3 13:05
ddh_12993,IGVH,XALQ,2025/1/4 11:30,2025/1/4 13:05
ddh_12994,IGVH,XALQ,2025/1/5 11:30,2025/1/5 13:05
ddh_12995,IGVH,XALQ,2025/1/6 11:30,2025/1/6 13:05
ddh_12996,IGVH,XALQ,2025/1/7 11:30,2025/1/7 13:05
ddh_12997,JTZV,XALQ,2024/12/30 7:51,2024/12/30 9:50
ddh_12998,JTZV,XALQ,2024/12/31 7:51,2024/12/31 9:50
ddh_12999,JTZV,XALQ,2025/1/1 7:51,2025/1/1 9:50
ddh_13000,JTZV,XALQ,2025/1/2 7:51,2025/1/2 9:50
ddh_13001,JTZV,XALQ,2025/1/3 7:51,2025/1/3 9:50
ddh_13002,JTZV,XALQ,2025/1/4 7:51,2025/1/4 9:50
ddh_13003,JTZV,XALQ,2025/1/5 7:51,2025/1/5 9:50
ddh_13004,JTZV,XALQ,2025/1/6 7:51,2025/1/6 9:50
ddh_13005,JTZV,XALQ,2025/1/7 7:51,2025/1/7 9:50
ddh_13006,WDWO,JTZV,2024/12/30 17:31,2024/12/30 21:38
ddh_13007,WDWO,JTZV,2024/12/31 17:31,2024/12/31 21:38
ddh_13008,WDWO,JTZV,2025/1/1 17:31,2025/1/1 21:38
ddh_13009,WDWO,JTZV,2025/1/2 17:31,2025/1/2 21:38
ddh_13010,WDWO,JTZV,2025/1/3 17:31,2025/1/3 21:38
ddh_13011,WDWO,JTZV,2025/1/4 17:31,2025/1/4 21:38
ddh_13012,WDWO,JTZV,2025/1/5 17:31,2025/1/5 21:38
ddh_13013,WDWO,JTZV,2025/1/6 17:31,2025/1/6 21:38
ddh_13014,WDWO,JTZV,2025/1/7 17:31,2025/1/7 21:38
ddh_13015,JTZV,WDWO,2024/12/30 15:29,2024/12/30 19:30
ddh_13016,JTZV,WDWO,2024/12/31 15:29,2024/12/31 19:30
ddh_13017,JTZV,WDWO,2025/1/1 15:29,2025/1/1 19:30
ddh_13018,JTZV,WDWO,2025/1/2 15:29,2025/1/2 19:30
ddh_13019,JTZV,WDWO,2025/1/3 15:29,2025/1/3 19:30
ddh_13020,JTZV,WDWO,2025/1/4 15:29,2025/1/4 19:30
ddh_13021,JTZV,WDWO,2025/1/5 15:29,2025/1/5 19:30
ddh_13022,JTZV,WDWO,2025/1/6 15:29,2025/1/6 19:30
ddh_13023,JTZV,WDWO,2025/1/7 15:29,2025/1/7 19:30
ddh_13024,PNOJ,XALQ,2024/12/30 11:09,2024/12/30 11:59
ddh_13025,PNOJ,XALQ,2024/12/31 11:09,2024/12/31 11:59
ddh_13026,PNOJ,XALQ,2025/1/1 11:09,2025/1/1 11:59
ddh_13027,PNOJ,XALQ,2025/1/2 11:09,2025/1/2 11:59
ddh_13028,PNOJ,XALQ,2025/1/3 11:09,2025/1/3 11:59
ddh_13029,PNOJ,XALQ,2025/1/4 11:09,2025/1/4 11:59
ddh_13030,PNOJ,XALQ,2025/1/5 11:09,2025/1/5 11:59
ddh_13031,PNOJ,XALQ,2025/1/6 11:09,2025/1/6 11:59
ddh_13032,PNOJ,XALQ,2025/1/7 11:09,2025/1/7 11:59
ddh_13033,JTZV,WDWO,2024/12/30 8:50,2024/12/30 12:35
ddh_13034,JTZV,WDWO,2024/12/31 8:50,2024/12/31 12:35
ddh_13035,JTZV,WDWO,2025/1/1 8:50,2025/1/1 12:35
ddh_13036,JTZV,WDWO,2025/1/2 8:50,2025/1/2 12:35
ddh_13037,JTZV,WDWO,2025/1/3 8:50,2025/1/3 12:35
ddh_13038,JTZV,WDWO,2025/1/4 8:50,2025/1/4 12:35
ddh_13039,JTZV,WDWO,2025/1/5 8:50,2025/1/5 12:35
ddh_13040,JTZV,WDWO,2025/1/6 8:50,2025/1/6 12:35
ddh_13041,JTZV,WDWO,2025/1/7 8:50,2025/1/7 12:35
ddh_13042,IGVH,YELV,2024/12/30 13:50,2024/12/30 16:40
ddh_13043,IGVH,YELV,2024/12/31 13:50,2024/12/31 16:40
ddh_13044,IGVH,YELV,2025/1/1 13:50,2025/1/1 16:40
ddh_13045,IGVH,YELV,2025/1/2 13:50,2025/1/2 16:40
ddh_13046,IGVH,YELV,2025/1/3 13:50,2025/1/3 16:40
ddh_13047,IGVH,YELV,2025/1/4 13:50,2025/1/4 16:40
ddh_13048,IGVH,YELV,2025/1/5 13:50,2025/1/5 16:40
ddh_13049,IGVH,YELV,2025/1/6 13:50,2025/1/6 16:40
ddh_13050,IGVH,YELV,2025/1/7 13:50,2025/1/7 16:40
ddh_13051,WDWO,JTZV,2024/12/30 11:25,2024/12/30 14:32
ddh_13052,WDWO,JTZV,2024/12/31 11:25,2024/12/31 14:32
ddh_13053,WDWO,JTZV,2025/1/1 11:25,2025/1/1 14:32
ddh_13054,WDWO,JTZV,2025/1/2 11:25,2025/1/2 14:32
ddh_13055,WDWO,JTZV,2025/1/3 11:25,2025/1/3 14:32
ddh_13056,WDWO,JTZV,2025/1/4 11:25,2025/1/4 14:32
ddh_13057,WDWO,JTZV,2025/1/5 11:25,2025/1/5 14:32
ddh_13058,WDWO,JTZV,2025/1/6 11:25,2025/1/6 14:32
ddh_13059,WDWO,JTZV,2025/1/7 11:25,2025/1/7 14:32
ddh_13060,JTZV,XALQ,2024/12/30 10:13,2024/12/30 12:08
ddh_13061,JTZV,XALQ,2024/12/31 10:13,2024/12/31 12:08
ddh_13062,JTZV,XALQ,2025/1/1 10:13,2025/1/1 12:08
ddh_13063,JTZV,XALQ,2025/1/2 10:13,2025/1/2 12:08
ddh_13064,JTZV,XALQ,2025/1/3 10:13,2025/1/3 12:08
ddh_13065,JTZV,XALQ,2025/1/4 10:13,2025/1/4 12:08
ddh_13066,JTZV,XALQ,2025/1/5 10:13,2025/1/5 12:08
ddh_13067,JTZV,XALQ,2025/1/6 10:13,2025/1/6 12:08
ddh_13068,JTZV,XALQ,2025/1/7 10:13,2025/1/7 12:08
ddh_13069,JTZV,XALQ,2024/12/30 17:47,2024/12/30 19:30
ddh_13070,JTZV,XALQ,2024/12/31 17:47,2024/12/31 19:30
ddh_13071,JTZV,XALQ,2025/1/1 17:47,2025/1/1 19:30
ddh_13072,JTZV,XALQ,2025/1/2 17:47,2025/1/2 19:30
ddh_13073,JTZV,XALQ,2025/1/3 17:47,2025/1/3 19:30
ddh_13074,JTZV,XALQ,2025/1/4 17:47,2025/1/4 19:30
ddh_13075,JTZV,XALQ,2025/1/5 17:47,2025/1/5 19:30
ddh_13076,JTZV,XALQ,2025/1/6 17:47,2025/1/6 19:30
ddh_13077,JTZV,XALQ,2025/1/7 17:47,2025/1/7 19:30
ddh_13078,XALQ,JTZV,2024/12/30 11:53,2024/12/30 14:02
ddh_13079,XALQ,JTZV,2024/12/31 11:53,2024/12/31 14:02
ddh_13080,XALQ,JTZV,2025/1/1 11:53,2025/1/1 14:02
ddh_13081,XALQ,JTZV,2025/1/2 11:53,2025/1/2 14:02
ddh_13082,XALQ,JTZV,2025/1/3 11:53,2025/1/3 14:02
ddh_13083,XALQ,JTZV,2025/1/4 11:53,2025/1/4 14:02
ddh_13084,XALQ,JTZV,2025/1/5 11:53,2025/1/5 14:02
ddh_13085,XALQ,JTZV,2025/1/6 11:53,2025/1/6 14:02
ddh_13086,XALQ,JTZV,2025/1/7 11:53,2025/1/7 14:02
ddh_13087,JTZV,ZBRM,2024/12/30 20:19,2024/12/30 21:37
ddh_13088,JTZV,ZBRM,2024/12/31 20:19,2024/12/31 21:37
ddh_13089,JTZV,ZBRM,2025/1/1 20:19,2025/1/1 21:37
ddh_13090,JTZV,ZBRM,2025/1/2 20:19,2025/1/2 21:37
ddh_13091,JTZV,ZBRM,2025/1/3 20:19,2025/1/3 21:37
ddh_13092,JTZV,ZBRM,2025/1/4 20:19,2025/1/4 21:37
ddh_13093,JTZV,ZBRM,2025/1/5 20:19,2025/1/5 21:37
ddh_13094,JTZV,ZBRM,2025/1/6 20:19,2025/1/6 21:37
ddh_13095,JTZV,ZBRM,2025/1/7 20:19,2025/1/7 21:37
ddh_13096,WDWO,JTZV,2024/12/30 18:35,2024/12/30 22:10
ddh_13097,WDWO,JTZV,2024/12/31 18:35,2024/12/31 22:10
ddh_13098,WDWO,JTZV,2025/1/1 18:35,2025/1/1 22:10
ddh_13099,WDWO,JTZV,2025/1/2 18:35,2025/1/2 22:10
ddh_13100,WDWO,JTZV,2025/1/3 18:35,2025/1/3 22:10
ddh_13101,WDWO,JTZV,2025/1/4 18:35,2025/1/4 22:10
ddh_13102,WDWO,JTZV,2025/1/5 18:35,2025/1/5 22:10
ddh_13103,WDWO,JTZV,2025/1/6 18:35,2025/1/6 22:10
ddh_13104,WDWO,JTZV,2025/1/7 18:35,2025/1/7 22:10
ddh_13105,XALQ,JTZV,2024/12/30 16:56,2024/12/30 19:16
ddh_13106,XALQ,JTZV,2024/12/31 16:56,2024/12/31 19:16
ddh_13107,XALQ,JTZV,2025/1/1 16:56,2025/1/1 19:16
ddh_13108,XALQ,JTZV,2025/1/2 16:56,2025/1/2 19:16
ddh_13109,XALQ,JTZV,2025/1/3 16:56,2025/1/3 19:16
ddh_13110,XALQ,JTZV,2025/1/4 16:56,2025/1/4 19:16
ddh_13111,XALQ,JTZV,2025/1/5 16:56,2025/1/5 19:16
ddh_13112,XALQ,JTZV,2025/1/6 16:56,2025/1/6 19:16
ddh_13113,XALQ,JTZV,2025/1/7 16:56,2025/1/7 19:16
ddh_13114,JTZV,XALQ,2024/12/30 15:12,2024/12/30 16:29
ddh_13115,JTZV,XALQ,2024/12/31 15:12,2024/12/31 16:29
ddh_13116,JTZV,XALQ,2025/1/1 15:12,2025/1/1 16:29
ddh_13117,JTZV,XALQ,2025/1/2 15:12,2025/1/2 16:29
ddh_13118,JTZV,XALQ,2025/1/3 15:12,2025/1/3 16:29
ddh_13119,JTZV,XALQ,2025/1/4 15:12,2025/1/4 16:29
ddh_13120,JTZV,XALQ,2025/1/5 15:12,2025/1/5 16:29
ddh_13121,JTZV,XALQ,2025/1/6 15:12,2025/1/6 16:29
ddh_13122,JTZV,XALQ,2025/1/7 15:12,2025/1/7 16:29
ddh_13123,XALQ,JTZV,2024/12/30 15:34,2024/12/30 16:52
ddh_13124,XALQ,JTZV,2024/12/31 15:34,2024/12/31 16:52
ddh_13125,XALQ,JTZV,2025/1/1 15:34,2025/1/1 16:52
ddh_13126,XALQ,JTZV,2025/1/2 15:34,2025/1/2 16:52
ddh_13127,XALQ,JTZV,2025/1/3 15:34,2025/1/3 16:52
ddh_13128,XALQ,JTZV,2025/1/4 15:34,2025/1/4 16:52
ddh_13129,XALQ,JTZV,2025/1/5 15:34,2025/1/5 16:52
ddh_13130,XALQ,JTZV,2025/1/6 15:34,2025/1/6 16:52
ddh_13131,XALQ,JTZV,2025/1/7 15:34,2025/1/7 16:52
ddh_13132,JTZV,XALQ,2024/12/30 7:51,2024/12/30 9:36
ddh_13133,JTZV,XALQ,2024/12/31 7:51,2024/12/31 9:36
ddh_13134,JTZV,XALQ,2025/1/1 7:51,2025/1/1 9:36
ddh_13135,JTZV,XALQ,2025/1/2 7:51,2025/1/2 9:36
ddh_13136,JTZV,XALQ,2025/1/3 7:51,2025/1/3 9:36
ddh_13137,JTZV,XALQ,2025/1/4 7:51,2025/1/4 9:36
ddh_13138,JTZV,XALQ,2025/1/5 7:51,2025/1/5 9:36
ddh_13139,JTZV,XALQ,2025/1/6 7:51,2025/1/6 9:36
ddh_13140,JTZV,XALQ,2025/1/7 7:51,2025/1/7 9:36
ddh_13141,XALQ,JTZV,2024/12/30 19:19,2024/12/30 21:21
ddh_13142,XALQ,JTZV,2024/12/31 19:19,2024/12/31 21:21
ddh_13143,XALQ,JTZV,2025/1/1 19:19,2025/1/1 21:21
ddh_13144,XALQ,JTZV,2025/1/2 19:19,2025/1/2 21:21
ddh_13145,XALQ,JTZV,2025/1/3 19:19,2025/1/3 21:21
ddh_13146,XALQ,JTZV,2025/1/4 19:19,2025/1/4 21:21
ddh_13147,XALQ,JTZV,2025/1/5 19:19,2025/1/5 21:21
ddh_13148,XALQ,JTZV,2025/1/6 19:19,2025/1/6 21:21
ddh_13149,XALQ,JTZV,2025/1/7 19:19,2025/1/7 21:21
ddh_13150,ZFTY,YELV,2024/12/30 19:05,2024/12/30 21:05
ddh_13151,ZFTY,YELV,2024/12/31 19:05,2024/12/31 21:05
ddh_13152,ZFTY,YELV,2025/1/1 19:05,2025/1/1 21:05
ddh_13153,ZFTY,YELV,2025/1/2 19:05,2025/1/2 21:05
ddh_13154,ZFTY,YELV,2025/1/3 19:05,2025/1/3 21:05
ddh_13155,ZFTY,YELV,2025/1/4 19:05,2025/1/4 21:05
ddh_13156,ZFTY,YELV,2025/1/5 19:05,2025/1/5 21:05
ddh_13157,ZFTY,YELV,2025/1/6 19:05,2025/1/6 21:05
ddh_13158,ZFTY,YELV,2025/1/7 19:05,2025/1/7 21:05
ddh_13159,XALQ,JTZV,2024/12/30 13:29,2024/12/30 14:45
ddh_13160,XALQ,JTZV,2024/12/31 13:29,2024/12/31 14:45
ddh_13161,XALQ,JTZV,2025/1/1 13:29,2025/1/1 14:45
ddh_13162,XALQ,JTZV,2025/1/2 13:29,2025/1/2 14:45
ddh_13163,XALQ,JTZV,2025/1/3 13:29,2025/1/3 14:45
ddh_13164,XALQ,JTZV,2025/1/4 13:29,2025/1/4 14:45
ddh_13165,XALQ,JTZV,2025/1/5 13:29,2025/1/5 14:45
ddh_13166,XALQ,JTZV,2025/1/6 13:29,2025/1/6 14:45
ddh_13167,XALQ,JTZV,2025/1/7 13:29,2025/1/7 14:45
ddh_13168,XALQ,JTZV,2024/12/30 17:40,2024/12/30 19:16
ddh_13169,XALQ,JTZV,2024/12/31 17:40,2024/12/31 19:16
ddh_13170,XALQ,JTZV,2025/1/1 17:40,2025/1/1 19:16
ddh_13171,XALQ,JTZV,2025/1/2 17:40,2025/1/2 19:16
ddh_13172,XALQ,JTZV,2025/1/3 17:40,2025/1/3 19:16
ddh_13173,XALQ,JTZV,2025/1/4 17:40,2025/1/4 19:16
ddh_13174,XALQ,JTZV,2025/1/5 17:40,2025/1/5 19:16
ddh_13175,XALQ,JTZV,2025/1/6 17:40,2025/1/6 19:16
ddh_13176,XALQ,JTZV,2025/1/7 17:40,2025/1/7 19:16
ddh_13177,JTZV,XALQ,2024/12/30 22:06,2024/12/30 23:41
ddh_13178,JTZV,XALQ,2024/12/31 22:06,2024/12/31 23:41
ddh_13179,JTZV,XALQ,2025/1/1 22:06,2025/1/1 23:41
ddh_13180,JTZV,XALQ,2025/1/2 22:06,2025/1/2 23:41
ddh_13181,JTZV,XALQ,2025/1/3 22:06,2025/1/3 23:41
ddh_13182,JTZV,XALQ,2025/1/4 22:06,2025/1/4 23:41
ddh_13183,JTZV,XALQ,2025/1/5 22:06,2025/1/5 23:41
ddh_13184,JTZV,XALQ,2025/1/6 22:06,2025/1/6 23:41
ddh_13185,JTZV,XALQ,2025/1/7 22:06,2025/1/7 23:41
ddh_13186,XALQ,JTZV,2024/12/30 18:55,2024/12/30 19:59
ddh_13187,XALQ,JTZV,2024/12/31 18:55,2024/12/31 19:59
ddh_13188,XALQ,JTZV,2025/1/1 18:55,2025/1/1 19:59
ddh_13189,XALQ,JTZV,2025/1/2 18:55,2025/1/2 19:59
ddh_13190,XALQ,JTZV,2025/1/3 18:55,2025/1/3 19:59
ddh_13191,XALQ,JTZV,2025/1/4 18:55,2025/1/4 19:59
ddh_13192,XALQ,JTZV,2025/1/5 18:55,2025/1/5 19:59
ddh_13193,XALQ,JTZV,2025/1/6 18:55,2025/1/6 19:59
ddh_13194,XALQ,JTZV,2025/1/7 18:55,2025/1/7 19:59
ddh_13195,JTZV,XALQ,2024/12/30 19:50,2024/12/30 21:11
ddh_13196,JTZV,XALQ,2024/12/31 19:50,2024/12/31 21:11
ddh_13197,JTZV,XALQ,2025/1/1 19:50,2025/1/1 21:11
ddh_13198,JTZV,XALQ,2025/1/2 19:50,2025/1/2 21:11
ddh_13199,JTZV,XALQ,2025/1/3 19:50,2025/1/3 21:11
ddh_13200,JTZV,XALQ,2025/1/4 19:50,2025/1/4 21:11
ddh_13201,JTZV,XALQ,2025/1/5 19:50,2025/1/5 21:11
ddh_13202,JTZV,XALQ,2025/1/6 19:50,2025/1/6 21:11
ddh_13203,JTZV,XALQ,2025/1/7 19:50,2025/1/7 21:11
ddh_13204,JTZV,XALQ,2024/12/30 9:49,2024/12/30 10:59
ddh_13205,JTZV,XALQ,2024/12/31 9:49,2024/12/31 10:59
ddh_13206,JTZV,XALQ,2025/1/1 9:49,2025/1/1 10:59
ddh_13207,JTZV,XALQ,2025/1/2 9:49,2025/1/2 10:59
ddh_13208,JTZV,XALQ,2025/1/3 9:49,2025/1/3 10:59
ddh_13209,JTZV,XALQ,2025/1/4 9:49,2025/1/4 10:59
ddh_13210,JTZV,XALQ,2025/1/5 9:49,2025/1/5 10:59
ddh_13211,JTZV,XALQ,2025/1/6 9:49,2025/1/6 10:59
ddh_13212,JTZV,XALQ,2025/1/7 9:49,2025/1/7 10:59
ddh_13213,XALQ,JTZV,2024/12/30 7:30,2024/12/30 9:36
ddh_13214,XALQ,JTZV,2024/12/31 7:30,2024/12/31 9:36
ddh_13215,XALQ,JTZV,2025/1/1 7:30,2025/1/1 9:36
ddh_13216,XALQ,JTZV,2025/1/2 7:30,2025/1/2 9:36
ddh_13217,XALQ,JTZV,2025/1/3 7:30,2025/1/3 9:36
ddh_13218,XALQ,JTZV,2025/1/4 7:30,2025/1/4 9:36
ddh_13219,XALQ,JTZV,2025/1/5 7:30,2025/1/5 9:36
ddh_13220,XALQ,JTZV,2025/1/6 7:30,2025/1/6 9:36
ddh_13221,XALQ,JTZV,2025/1/7 7:30,2025/1/7 9:36
ddh_13222,XALQ,JTZV,2024/12/30 17:03,2024/12/30 19:31
ddh_13223,XALQ,JTZV,2024/12/31 17:03,2024/12/31 19:31
ddh_13224,XALQ,JTZV,2025/1/1 17:03,2025/1/1 19:31
ddh_13225,XALQ,JTZV,2025/1/2 17:03,2025/1/2 19:31
ddh_13226,XALQ,JTZV,2025/1/3 17:03,2025/1/3 19:31
ddh_13227,XALQ,JTZV,2025/1/4 17:03,2025/1/4 19:31
ddh_13228,XALQ,JTZV,2025/1/5 17:03,2025/1/5 19:31
ddh_13229,XALQ,JTZV,2025/1/6 17:03,2025/1/6 19:31
ddh_13230,XALQ,JTZV,2025/1/7 17:03,2025/1/7 19:31
ddh_13231,XALQ,JTZV,2024/12/30 16:31,2024/12/30 18:50
ddh_13232,XALQ,JTZV,2024/12/31 16:31,2024/12/31 18:50
ddh_13233,XALQ,JTZV,2025/1/1 16:31,2025/1/1 18:50
ddh_13234,XALQ,JTZV,2025/1/2 16:31,2025/1/2 18:50
ddh_13235,XALQ,JTZV,2025/1/3 16:31,2025/1/3 18:50
ddh_13236,XALQ,JTZV,2025/1/4 16:31,2025/1/4 18:50
ddh_13237,XALQ,JTZV,2025/1/5 16:31,2025/1/5 18:50
ddh_13238,XALQ,JTZV,2025/1/6 16:31,2025/1/6 18:50
ddh_13239,XALQ,JTZV,2025/1/7 16:31,2025/1/7 18:50
ddh_13240,JTZV,XALQ,2024/12/30 9:44,2024/12/30 11:53
ddh_13241,JTZV,XALQ,2024/12/31 9:44,2024/12/31 11:53
ddh_13242,JTZV,XALQ,2025/1/1 9:44,2025/1/1 11:53
ddh_13243,JTZV,XALQ,2025/1/2 9:44,2025/1/2 11:53
ddh_13244,JTZV,XALQ,2025/1/3 9:44,2025/1/3 11:53
ddh_13245,JTZV,XALQ,2025/1/4 9:44,2025/1/4 11:53
ddh_13246,JTZV,XALQ,2025/1/5 9:44,2025/1/5 11:53
ddh_13247,JTZV,XALQ,2025/1/6 9:44,2025/1/6 11:53
ddh_13248,JTZV,XALQ,2025/1/7 9:44,2025/1/7 11:53
ddh_13249,XALQ,LRNO,2024/12/30 8:05,2024/12/30 9:40
ddh_13250,XALQ,LRNO,2024/12/31 8:05,2024/12/31 9:40
ddh_13251,XALQ,LRNO,2025/1/1 8:05,2025/1/1 9:40
ddh_13252,XALQ,LRNO,2025/1/2 8:05,2025/1/2 9:40
ddh_13253,XALQ,LRNO,2025/1/3 8:05,2025/1/3 9:40
ddh_13254,XALQ,LRNO,2025/1/4 8:05,2025/1/4 9:40
ddh_13255,XALQ,LRNO,2025/1/5 8:05,2025/1/5 9:40
ddh_13256,XALQ,LRNO,2025/1/6 8:05,2025/1/6 9:40
ddh_13257,XALQ,LRNO,2025/1/7 8:05,2025/1/7 9:40
ddh_13258,JTZV,VEYC,2024/12/30 23:52,2024/12/30 23:59
ddh_13259,JTZV,VEYC,2024/12/31 23:52,2024/12/31 23:59
ddh_13260,JTZV,VEYC,2025/1/1 23:52,2025/1/1 23:59
ddh_13261,JTZV,VEYC,2025/1/2 23:52,2025/1/2 23:59
ddh_13262,JTZV,VEYC,2025/1/3 23:52,2025/1/3 23:59
ddh_13263,JTZV,VEYC,2025/1/4 23:52,2025/1/4 23:59
ddh_13264,JTZV,VEYC,2025/1/5 23:52,2025/1/5 23:59
ddh_13265,JTZV,VEYC,2025/1/6 23:52,2025/1/6 23:59
ddh_13266,JTZV,VEYC,2025/1/7 23:52,2025/1/7 23:59
ddh_13267,JTZV,VEYC,2024/12/30 0:00,2024/12/30 4:15
ddh_13268,JTZV,VEYC,2024/12/31 0:00,2024/12/31 4:15
ddh_13269,JTZV,VEYC,2025/1/1 0:00,2025/1/1 4:15
ddh_13270,JTZV,VEYC,2025/1/2 0:00,2025/1/2 4:15
ddh_13271,JTZV,VEYC,2025/1/3 0:00,2025/1/3 4:15
ddh_13272,JTZV,VEYC,2025/1/4 0:00,2025/1/4 4:15
ddh_13273,JTZV,VEYC,2025/1/5 0:00,2025/1/5 4:15
ddh_13274,JTZV,VEYC,2025/1/6 0:00,2025/1/6 4:15
ddh_13275,JTZV,VEYC,2025/1/7 0:00,2025/1/7 4:15
ddh_13276,WDWO,JTZV,2024/12/30 17:20,2024/12/30 21:53
ddh_13277,WDWO,JTZV,2024/12/31 17:20,2024/12/31 21:53
ddh_13278,WDWO,JTZV,2025/1/1 17:20,2025/1/1 21:53
ddh_13279,WDWO,JTZV,2025/1/2 17:20,2025/1/2 21:53
ddh_13280,WDWO,JTZV,2025/1/3 17:20,2025/1/3 21:53
ddh_13281,WDWO,JTZV,2025/1/4 17:20,2025/1/4 21:53
ddh_13282,WDWO,JTZV,2025/1/5 17:20,2025/1/5 21:53
ddh_13283,WDWO,JTZV,2025/1/6 17:20,2025/1/6 21:53
ddh_13284,WDWO,JTZV,2025/1/7 17:20,2025/1/7 21:53
ddh_13285,XALQ,JTZV,2024/12/30 6:14,2024/12/30 7:37
ddh_13286,XALQ,JTZV,2024/12/31 6:14,2024/12/31 7:37
ddh_13287,XALQ,JTZV,2025/1/1 6:14,2025/1/1 7:37
ddh_13288,XALQ,JTZV,2025/1/2 6:14,2025/1/2 7:37
ddh_13289,XALQ,JTZV,2025/1/3 6:14,2025/1/3 7:37
ddh_13290,XALQ,JTZV,2025/1/4 6:14,2025/1/4 7:37
ddh_13291,XALQ,JTZV,2025/1/5 6:14,2025/1/5 7:37
ddh_13292,XALQ,JTZV,2025/1/6 6:14,2025/1/6 7:37
ddh_13293,XALQ,JTZV,2025/1/7 6:14,2025/1/7 7:37
ddh_13294,JTZV,WDWO,2024/12/30 13:38,2024/12/30 17:31
ddh_13295,JTZV,WDWO,2024/12/31 13:38,2024/12/31 17:31
ddh_13296,JTZV,WDWO,2025/1/1 13:38,2025/1/1 17:31
ddh_13297,JTZV,WDWO,2025/1/2 13:38,2025/1/2 17:31
ddh_13298,JTZV,WDWO,2025/1/3 13:38,2025/1/3 17:31
ddh_13299,JTZV,WDWO,2025/1/4 13:38,2025/1/4 17:31
ddh_13300,JTZV,WDWO,2025/1/5 13:38,2025/1/5 17:31
ddh_13301,JTZV,WDWO,2025/1/6 13:38,2025/1/6 17:31
ddh_13302,JTZV,WDWO,2025/1/7 13:38,2025/1/7 17:31
ddh_13303,JTZV,WDWO,2024/12/30 16:50,2024/12/30 20:46
ddh_13304,JTZV,WDWO,2024/12/31 16:50,2024/12/31 20:46
ddh_13305,JTZV,WDWO,2025/1/1 16:50,2025/1/1 20:46
ddh_13306,JTZV,WDWO,2025/1/2 16:50,2025/1/2 20:46
ddh_13307,JTZV,WDWO,2025/1/3 16:50,2025/1/3 20:46
ddh_13308,JTZV,WDWO,2025/1/4 16:50,2025/1/4 20:46
ddh_13309,JTZV,WDWO,2025/1/5 16:50,2025/1/5 20:46
ddh_13310,JTZV,WDWO,2025/1/6 16:50,2025/1/6 20:46
ddh_13311,JTZV,WDWO,2025/1/7 16:50,2025/1/7 20:46
ddh_13312,JTZV,ZBRM,2024/12/30 15:03,2024/12/30 16:26
ddh_13313,JTZV,ZBRM,2024/12/31 15:03,2024/12/31 16:26
ddh_13314,JTZV,ZBRM,2025/1/1 15:03,2025/1/1 16:26
ddh_13315,JTZV,ZBRM,2025/1/2 15:03,2025/1/2 16:26
ddh_13316,JTZV,ZBRM,2025/1/3 15:03,2025/1/3 16:26
ddh_13317,JTZV,ZBRM,2025/1/4 15:03,2025/1/4 16:26
ddh_13318,JTZV,ZBRM,2025/1/5 15:03,2025/1/5 16:26
ddh_13319,JTZV,ZBRM,2025/1/6 15:03,2025/1/6 16:26
ddh_13320,JTZV,ZBRM,2025/1/7 15:03,2025/1/7 16:26
ddh_13321,ZFTY,JTZV,2024/12/30 10:00,2024/12/30 14:00
ddh_13322,ZFTY,JTZV,2024/12/31 10:00,2024/12/31 14:00
ddh_13323,ZFTY,JTZV,2025/1/1 10:00,2025/1/1 14:00
ddh_13324,ZFTY,JTZV,2025/1/2 10:00,2025/1/2 14:00
ddh_13325,ZFTY,JTZV,2025/1/3 10:00,2025/1/3 14:00
ddh_13326,ZFTY,JTZV,2025/1/4 10:00,2025/1/4 14:00
ddh_13327,ZFTY,JTZV,2025/1/5 10:00,2025/1/5 14:00
ddh_13328,ZFTY,JTZV,2025/1/6 10:00,2025/1/6 14:00
ddh_13329,ZFTY,JTZV,2025/1/7 10:00,2025/1/7 14:00
ddh_13330,XALQ,JTZV,2024/12/30 8:26,2024/12/30 8:27
ddh_13331,JTZV,XALQ,2024/12/30 11:31,2024/12/30 11:32
ddh_13332,XALQ,JTZV,2024/12/30 9:28,2024/12/30 9:29
ddh_13333,JTZV,IGVH,2024/12/30 11:31,2024/12/30 11:32
ddh_13334,JTZV,LRNO,2024/12/30 12:59,2024/12/30 13:00
ddh_13335,JTZV,YELV,2024/12/30 7:52,2024/12/30 7:53
ddh_13336,YELV,JTZV,2024/12/30 14:19,2024/12/30 14:20
ddh_13337,JTZV,YELV,2024/12/30 18:31,2024/12/30 18:32
ddh_13338,JTZV,PERX,2024/12/31 10:37,2024/12/31 10:38
ddh_13339,JTZV,MOXE,2024/12/30 9:58,2024/12/30 9:59
ddh_13340,JTZV,VEYC,2024/12/30 13:43,2024/12/30 13:44
ddh_13341,ZFTY,JTZV,2024/12/31 7:24,2024/12/31 7:25
ddh_13342,JTZV,ZFTY,2024/12/31 11:13,2024/12/31 11:14
ddh_13343,IGVH,JTZV,2024/12/30 9:01,2024/12/30 9:02
ddh_13344,YELV,JTZV,2024/12/30 0:00,2024/12/30 0:01
ddh_13345,JTZV,YELV,2024/12/30 11:31,2024/12/30 11:32
ddh_13346,WDWO,JTZV,2024/12/30 13:31,2024/12/30 13:32
ddh_13347,JTZV,WDWO,2024/12/31 16:11,2024/12/31 16:12
ddh_13348,JTZV,CGHU,2024/12/30 11:31,2024/12/30 11:32
ddh_13349,CGHU,JTZV,2024/12/30 19:04,2024/12/30 19:05
ddh_13350,JTZV,CGHU,2024/12/31 0:29,2024/12/31 0:30
ddh_13351,CGHU,JTZV,2024/12/31 18:34,2024/12/31 18:35
ddh_13352,JTZV,YELV,2024/12/30 9:01,2024/12/30 9:02
ddh_13353,YELV,JTZV,2024/12/31 8:41,2024/12/31 8:42
ddh_13354,XALQ,JTZV,2024/12/30 8:26,2024/12/30 8:27
ddh_13355,JTZV,XALQ,2024/12/30 11:31,2024/12/30 11:32
ddh_13356,XALQ,JTZV,2024/12/30 9:28,2024/12/30 9:29
ddh_13357,JTZV,IGVH,2024/12/30 11:31,2024/12/30 11:32
ddh_13358,JTZV,LRNO,2024/12/30 12:59,2024/12/30 13:00
ddh_13359,JTZV,YELV,2024/12/30 7:52,2024/12/30 7:53
ddh_13360,YELV,JTZV,2024/12/30 14:19,2024/12/30 14:20
ddh_13361,JTZV,YELV,2024/12/30 18:31,2024/12/30 18:32
ddh_13362,JTZV,PERX,2024/12/31 10:37,2024/12/31 10:38
ddh_13363,JTZV,MOXE,2024/12/30 9:58,2024/12/30 9:59
ddh_13364,JTZV,VEYC,2024/12/30 13:43,2024/12/30 13:44
ddh_13365,ZFTY,JTZV,2024/12/31 7:24,2024/12/31 7:25
ddh_13366,JTZV,ZFTY,2024/12/31 11:13,2024/12/31 11:14
ddh_13367,IGVH,JTZV,2024/12/30 9:01,2024/12/30 9:02
ddh_13368,YELV,JTZV,2024/12/30 0:00,2024/12/30 0:01
ddh_13369,JTZV,YELV,2024/12/30 11:31,2024/12/30 11:32
ddh_13370,WDWO,JTZV,2024/12/30 13:31,2024/12/30 13:32
ddh_13371,JTZV,WDWO,2024/12/31 16:11,2024/12/31 16:12
ddh_13372,JTZV,CGHU,2024/12/30 11:31,2024/12/30 11:32
ddh_13373,CGHU,JTZV,2024/12/30 19:04,2024/12/30 19:05
ddh_13374,JTZV,CGHU,2024/12/31 0:29,2024/12/31 0:30
ddh_13375,CGHU,JTZV,2024/12/31 18:34,2024/12/31 18:35
ddh_13376,JTZV,YELV,2024/12/30 9:01,2024/12/30 9:02
ddh_13377,YELV,JTZV,2024/12/31 8:41,2024/12/31 8:42
