id,depaAirport,arriAirport,std,sta,fleet,aircraftNo,flyTime
Flt_13727,QPCR,LRNO,2025/1/1 17:55,2025/1/1 20:40,321,AFT_10001,150
Flt_13728,LRNO,QPCR,2025/1/1 13:00,2025/1/1 16:25,321,AFT_10001,196
Flt_13729,XALQ,YEQV,2025/1/1 6:20,2025/1/1 8:20,320,AFT_10002,108
Flt_13730,JTZV,PERX,2025/1/1 6:25,2025/1/1 9:05,321,AFT_10003,139
Flt_13731,YELV,LRNO,2025/1/1 6:25,2025/1/1 9:20,320,AFT_10004,169
Flt_13732,JTZV,GSWW,2025/1/1 6:25,2025/1/1 7:50,321,AFT_10005,74
Flt_13733,YELV,WJBU,2025/1/1 6:25,2025/1/1 9:15,320,AFT_10006,157
Flt_13734,MEEP,JTZV,2025/1/1 6:25,2025/1/1 8:50,321,AFT_10007,133
Flt_13735,ZOEV,ZBRM,2025/1/1 6:25,2025/1/1 8:50,320,AFT_10008,134
Flt_13736,IGVH,WDWO,2025/1/1 6:30,2025/1/1 8:45,320,AFT_10009,114
Flt_13737,IGVH,XALQ,2025/1/1 6:35,2025/1/1 8:20,320,AFT_10010,72
Flt_13738,XALQ,PERX,2025/1/1 6:40,2025/1/1 9:20,320,AFT_10011,134
Flt_13739,JTZV,BKVZ,2025/1/1 6:40,2025/1/1 8:20,320,AFT_10012,90
Flt_13740,ZOEV,TLRK,2025/1/1 6:45,2025/1/1 8:50,321,AFT_10013,117
Flt_13741,ZFTY,SZVM,2025/1/1 6:50,2025/1/1 9:30,320,AFT_10014,155
Flt_13742,XALQ,MEEP,2025/1/1 6:50,2025/1/1 9:05,321,AFT_10015,122
Flt_13743,XALQ,IQOA,2025/1/1 6:50,2025/1/1 9:05,321,AFT_10016,110
Flt_13744,JTZV,XCDO,2025/1/1 6:50,2025/1/1 10:30,321,AFT_10017,205
Flt_13745,XALQ,ZFTY,2025/1/1 6:55,2025/1/1 9:10,320,AFT_10018,125
Flt_13746,XALQ,LRNO,2025/1/1 6:55,2025/1/1 8:45,321,AFT_10019,95
Flt_13747,IGVH,KXUZ,2025/1/1 6:55,2025/1/1 8:45,320,AFT_10020,119
Flt_13748,JTZV,ZKXC,2025/1/1 6:55,2025/1/1 9:10,321,AFT_10021,134
Flt_13749,WDWO,DIZB,2025/1/1 6:55,2025/1/1 8:45,320,AFT_10022,94
Flt_13750,CGHU,LCYY,2025/1/1 6:55,2025/1/1 9:50,321,AFT_10023,183
Flt_13751,KXUZ,JTZV,2025/1/1 6:55,2025/1/1 9:30,320,AFT_10024,142
Flt_13752,ZFTY,JTZV,2025/1/1 6:55,2025/1/1 10:00,321,AFT_10025,172
Flt_13753,VEYC,MEEP,2025/1/1 7:00,2025/1/1 9:15,320,AFT_10026,126
Flt_13754,PERX,WGZL,2025/1/1 7:00,2025/1/1 10:40,321,AFT_10027,227
Flt_13755,DIZB,JXKD,2025/1/1 7:00,2025/1/1 11:00,320,AFT_10028,227
Flt_13756,JTZV,YELV,2025/1/1 7:00,2025/1/1 9:35,321,AFT_10029,136
Flt_13757,CGHU,DIZB,2025/1/1 7:00,2025/1/1 9:35,320,AFT_10030,144
Flt_13758,CGHU,TJFR,2025/1/1 7:00,2025/1/1 9:45,320,AFT_10031,158
Flt_13759,JTZV,CGHU,2025/1/1 7:00,2025/1/1 10:45,321,AFT_10032,211
Flt_13760,JTZV,KXUZ,2025/1/1 7:05,2025/1/1 9:35,320,AFT_10033,139
Flt_13761,XALQ,QFKO,2025/1/1 7:05,2025/1/1 9:05,320,AFT_10034,99
Flt_13762,IGVH,ZMZW,2025/1/1 7:05,2025/1/1 9:35,321,AFT_10035,147
Flt_13763,ZOEV,DIZB,2025/1/1 7:05,2025/1/1 10:30,321,AFT_10036,193
Flt_13764,XALQ,KXUZ,2025/1/1 7:10,2025/1/1 9:15,320,AFT_10037,112
Flt_13765,CGHU,LBMY,2025/1/1 7:10,2025/1/1 10:50,321,AFT_10038,199
Flt_13766,CGHU,ZOEV,2025/1/1 7:10,2025/1/1 12:45,320,AFT_10039,340
Flt_13767,CGHU,WDWO,2025/1/1 7:10,2025/1/1 11:05,320,AFT_10040,242
Flt_13768,JTZV,IGVH,2025/1/1 7:10,2025/1/1 8:55,320,AFT_10041,82
Flt_13769,XALQ,YELV,2025/1/1 7:10,2025/1/1 9:15,320,AFT_10042,113
Flt_13770,MEEP,XALQ,2025/1/1 7:10,2025/1/1 9:10,321,AFT_10043,120
Flt_13771,UNUN,PNOJ,2025/1/1 7:10,2025/1/1 10:35,320,AFT_10044,206
Flt_13772,IGVH,KHPY,2025/1/1 7:15,2025/1/1 9:55,320,AFT_10045,152
Flt_13773,XALQ,LCYY,2025/1/1 7:15,2025/1/1 9:30,319,AFT_10046,127
Flt_13774,JTZV,IRVV,2025/1/1 7:15,2025/1/1 10:25,321,AFT_10047,172
Flt_13775,JTZV,TLRK,2025/1/1 7:20,2025/1/1 9:25,321,AFT_10048,108
Flt_13776,WDWO,GPWJ,2025/1/1 7:20,2025/1/1 10:20,319,AFT_10049,163
Flt_13777,JTZV,NYKQ,2025/1/1 7:25,2025/1/1 9:40,320,AFT_10050,120
Flt_13778,CGHU,KHPY,2025/1/1 7:25,2025/1/1 10:40,320,AFT_10051,181
Flt_13779,JTZV,EZNJ,2025/1/1 7:25,2025/1/1 9:15,321,AFT_10052,100
Flt_13780,JTZV,BKVZ,2025/1/1 7:25,2025/1/1 9:05,320,AFT_10053,81
Flt_13781,IGVH,TJFR,2025/1/1 7:25,2025/1/1 10:10,320,AFT_10054,133
Flt_13782,ZOEV,PNOJ,2025/1/1 7:25,2025/1/1 9:50,320,AFT_10055,134
Flt_13783,JTZV,GPWJ,2025/1/1 7:25,2025/1/1 9:30,319,AFT_10056,116
Flt_13784,CGHU,JTZV,2025/1/1 7:25,2025/1/1 11:55,321,AFT_10057,286
Flt_13785,UNUN,JTZV,2025/1/1 7:25,2025/1/1 11:20,320,AFT_10058,211
Flt_13786,JTZV,CFEV,2025/1/1 7:30,2025/1/1 10:05,319,AFT_10059,147
Flt_13787,VEYC,JTZV,2025/1/1 7:30,2025/1/1 8:35,320,AFT_10060,62
Flt_13788,ZFTY,TIDB,2025/1/1 7:40,2025/1/1 9:50,320,AFT_10061,120
Flt_13789,JTZV,JXKD,2025/1/1 7:40,2025/1/1 9:40,320,AFT_10062,107
Flt_13790,YELV,MOXE,2025/1/1 7:40,2025/1/1 10:40,320,AFT_10063,187
Flt_13791,YELV,JTZV,2025/1/1 7:40,2025/1/1 10:55,320,AFT_10064,195
Flt_13792,ZFTY,JTZV,2025/1/1 7:40,2025/1/1 10:45,321,AFT_10065,167
Flt_13793,JTZV,UHBK,2025/1/1 7:45,2025/1/1 9:45,320,AFT_10066,99
Flt_13794,JTZV,LQVJ,2025/1/1 7:45,2025/1/1 9:45,320,AFT_10067,108
Flt_13795,YELV,MEEP,2025/1/1 7:50,2025/1/1 10:15,321,AFT_10068,144
Flt_13796,YELV,YKHO,2025/1/1 7:50,2025/1/1 11:10,320,AFT_10069,189
Flt_13797,CGHU,LCYY,2025/1/1 7:50,2025/1/1 11:25,321,AFT_10070,182
Flt_13798,IGVH,JTZV,2025/1/1 7:50,2025/1/1 9:10,319,AFT_10071,73
Flt_13799,JTZV,AJDW,2025/1/1 7:55,2025/1/1 9:55,320,AFT_10072,99
Flt_13800,ZBRM,TLRK,2025/1/1 7:55,2025/1/1 9:25,320,AFT_10073,91
Flt_13801,JTZV,DIZB,2025/1/1 7:55,2025/1/1 10:20,321,AFT_10074,130
Flt_13802,WDWO,PNOJ,2025/1/1 7:55,2025/1/1 9:45,320,AFT_10075,91
Flt_13803,JTZV,GPWJ,2025/1/1 7:55,2025/1/1 10:10,319,AFT_10076,134
Flt_13804,LRNO,JTZV,2025/1/1 7:55,2025/1/1 9:55,320,AFT_10077,104
Flt_13805,JTZV,LCYY,2025/1/1 8:00,2025/1/1 10:40,321,AFT_10078,142
Flt_13806,YELV,ZBRM,2025/1/1 8:00,2025/1/1 11:10,319,AFT_10079,193
Flt_13807,XALQ,IRVV,2025/1/1 8:00,2025/1/1 11:05,320,AFT_10080,163
Flt_13808,CGHU,ZKXC,2025/1/1 8:05,2025/1/1 11:10,320,AFT_10081,172
Flt_13809,ZOEV,DJQK,2025/1/1 8:05,2025/1/1 10:50,320,AFT_10082,153
Flt_13810,XALQ,KIJU,2025/1/1 8:05,2025/1/1 9:45,320,AFT_10083,102
Flt_13811,KXUZ,JTZV,2025/1/1 8:05,2025/1/1 10:40,321,AFT_10084,142
Flt_13812,JTZV,WGZL,2025/1/1 8:15,2025/1/1 10:35,321,AFT_10085,132
Flt_13813,YELV,GSWW,2025/1/1 8:15,2025/1/1 11:30,320,AFT_10086,176
Flt_13814,XALQ,CFEV,2025/1/1 8:15,2025/1/1 11:20,319,AFT_10087,175
Flt_13815,JTZV,UNUN,2025/1/1 8:15,2025/1/1 11:40,320,AFT_10088,212
Flt_13816,ZOEV,XALQ,2025/1/1 8:20,2025/1/1 10:45,321,AFT_10089,135
Flt_13817,DIZB,JTZV,2025/1/1 8:20,2025/1/1 11:00,320,AFT_10090,157
Flt_13818,JTZV,RPOA,2025/1/1 8:20,2025/1/1 11:35,319,AFT_10091,165
Flt_13819,JTZV,QKWB,2025/1/1 8:25,2025/1/1 11:20,320,AFT_10092,149
Flt_13820,JTZV,CFEV,2025/1/1 8:30,2025/1/1 11:05,319,AFT_10093,142
Flt_13821,ZFTY,JTZV,2025/1/1 8:30,2025/1/1 11:35,321,AFT_10094,170
Flt_13822,JTZV,ZMZW,2025/1/1 8:35,2025/1/1 11:20,321,AFT_10095,165
Flt_13823,YELV,XALQ,2025/1/1 8:35,2025/1/1 11:25,319,AFT_10096,178
Flt_13824,JTZV,FTOI,2025/1/1 8:35,2025/1/1 10:00,319,AFT_10097,91
Flt_13825,WDWO,CFEV,2025/1/1 8:35,2025/1/1 12:10,319,AFT_10098,205
Flt_13826,JTZV,KHPY,2025/1/1 8:40,2025/1/1 10:40,321,AFT_10099,110
Flt_13827,JTZV,XGWY,2025/1/1 8:40,2025/1/1 10:10,319,AFT_10100,79
Flt_13828,GSWW,JTZV,2025/1/1 8:40,2025/1/1 10:15,321,AFT_10005,80
Flt_13829,IGVH,GAGH,2025/1/1 8:45,2025/1/1 10:25,320,AFT_10101,96
Flt_13830,XALQ,RXPU,2025/1/1 8:45,2025/1/1 10:55,320,AFT_10102,120
Flt_13831,CGHU,UTFU,2025/1/1 8:50,2025/1/1 11:50,320,AFT_10103,175
Flt_13832,JTZV,RMNJ,2025/1/1 8:55,2025/1/1 11:15,320,AFT_10104,126
Flt_13833,JTZV,FCVG,2025/1/1 9:00,2025/1/1 12:10,321,AFT_10105,204
Flt_13834,IGVH,DIZB,2025/1/1 9:00,2025/1/1 11:50,320,AFT_10106,165
Flt_13835,JTZV,RXPU,2025/1/1 9:00,2025/1/1 11:25,321,AFT_10107,128
Flt_13836,CGHU,TJFR,2025/1/1 9:00,2025/1/1 11:55,320,AFT_10108,149
Flt_13837,XALQ,GPWJ,2025/1/1 9:00,2025/1/1 11:35,319,AFT_10109,140
Flt_13838,JTZV,MKLY,2025/1/1 9:00,2025/1/1 13:55,320,AFT_10110,282
Flt_13839,JTZV,JXKD,2025/1/1 9:05,2025/1/1 11:05,320,AFT_10111,109
Flt_13840,JTZV,DJQK,2025/1/1 9:05,2025/1/1 11:45,320,AFT_10112,148
Flt_13841,JTZV,TJFR,2025/1/1 9:05,2025/1/1 11:20,321,AFT_10113,133
Flt_13842,YEQV,XALQ,2025/1/1 9:05,2025/1/1 11:40,320,AFT_10002,161
Flt_13843,ZOEV,JTZV,2025/1/1 9:05,2025/1/1 11:45,321,AFT_10114,144
Flt_13844,BKVZ,JTZV,2025/1/1 9:05,2025/1/1 10:35,320,AFT_10012,91
Flt_13845,WDWO,KXUZ,2025/1/1 9:10,2025/1/1 11:55,320,AFT_10115,166
Flt_13846,UNUN,QFKO,2025/1/1 9:10,2025/1/1 11:40,319,AFT_10116,142
Flt_13847,JTZV,UNUN,2025/1/1 9:10,2025/1/1 13:00,320,AFT_10117,216
Flt_13848,JTZV,MEEP,2025/1/1 9:15,2025/1/1 11:40,321,AFT_10118,128
Flt_13849,JTZV,CHCY,2025/1/1 9:15,2025/1/1 11:50,320,AFT_10119,140
Flt_13850,YELV,JTZV,2025/1/1 9:15,2025/1/1 12:25,321,AFT_10120,203
Flt_13851,JTZV,IGVH,2025/1/1 9:20,2025/1/1 10:45,321,AFT_10121,79
Flt_13852,MEEP,JTZV,2025/1/1 9:20,2025/1/1 11:40,320,AFT_10122,131
Flt_13853,XALQ,EZNJ,2025/1/1 9:25,2025/1/1 11:15,320,AFT_10010,109
Flt_13854,CGHU,CHCY,2025/1/1 9:25,2025/1/1 13:20,320,AFT_10123,212
Flt_13855,JTZV,ZFTY,2025/1/1 9:30,2025/1/1 12:15,321,AFT_10124,141
Flt_13856,JTZV,WOSF,2025/1/1 9:30,2025/1/1 11:15,319,AFT_10125,105
Flt_13857,MEEP,ZBRM,2025/1/1 9:30,2025/1/1 11:50,320,AFT_10126,126
Flt_13858,JTZV,LPNC,2025/1/1 9:35,2025/1/1 14:10,321,AFT_10127,254
Flt_13859,JTZV,TXMD,2025/1/1 9:35,2025/1/1 13:35,321,AFT_10128,228
Flt_13860,ZBRM,WDWO,2025/1/1 9:35,2025/1/1 11:05,320,AFT_10008,101
Flt_13861,DIZB,CGHU,2025/1/1 9:35,2025/1/1 11:50,320,AFT_10022,148
Flt_13862,DFQN,JTZV,2025/1/1 9:40,2025/1/1 14:00,321,AFT_10129,202
Flt_13863,JTZV,WGZL,2025/1/1 9:45,2025/1/1 12:00,320,AFT_10060,137
Flt_13864,LRNO,XALQ,2025/1/1 9:50,2025/1/1 11:35,321,AFT_10019,85
Flt_13865,DIZB,XALQ,2025/1/1 9:50,2025/1/1 12:25,320,AFT_10130,143
Flt_13866,QFKO,XALQ,2025/1/1 9:50,2025/1/1 11:45,320,AFT_10034,113
Flt_13867,BKVZ,JTZV,2025/1/1 9:50,2025/1/1 11:25,320,AFT_10053,89
Flt_13868,WDWO,UNUN,2025/1/1 9:50,2025/1/1 13:30,320,AFT_10009,208
Flt_13869,TLRK,CGHU,2025/1/1 9:50,2025/1/1 13:30,321,AFT_10013,213
Flt_13870,KXUZ,IGVH,2025/1/1 9:55,2025/1/1 12:30,320,AFT_10020,133
Flt_13871,IQOA,XALQ,2025/1/1 9:55,2025/1/1 12:15,321,AFT_10016,127
Flt_13872,ZKXC,JTZV,2025/1/1 9:55,2025/1/1 12:40,321,AFT_10021,185
Flt_13873,JTZV,VNDG,2025/1/1 9:55,2025/1/1 13:15,321,AFT_10007,166
Flt_13874,IGVH,AJDW,2025/1/1 10:00,2025/1/1 12:25,320,AFT_10041,140
Flt_13875,QQGB,JTZV,2025/1/1 10:00,2025/1/1 12:10,320,AFT_10131,128
Flt_13876,CTIG,JTZV,2025/1/1 10:00,2025/1/1 13:35,321,AFT_10132,206
Flt_13877,EZNJ,JTZV,2025/1/1 10:05,2025/1/1 12:15,321,AFT_10052,121
Flt_13878,PERX,JTZV,2025/1/1 10:05,2025/1/1 13:05,321,AFT_10003,179
Flt_13879,JTZV,KZXO,2025/1/1 10:10,2025/1/1 13:35,319,AFT_10133,216
Flt_13880,SZVM,IGVH,2025/1/1 10:15,2025/1/1 12:15,320,AFT_10014,97
Flt_13881,JTZV,WAQQ,2025/1/1 10:15,2025/1/1 12:25,320,AFT_10134,147
Flt_13882,WJBU,JXKD,2025/1/1 10:15,2025/1/1 12:10,320,AFT_10006,99
Flt_13883,JTZV,SSNS,2025/1/1 10:15,2025/1/1 12:35,321,AFT_10135,119
Flt_13884,XALQ,XXZT,2025/1/1 10:15,2025/1/1 12:10,321,AFT_10043,103
Flt_13885,GPWJ,JTZV,2025/1/1 10:15,2025/1/1 12:10,319,AFT_10056,104
Flt_13886,JTZV,PVTT,2025/1/1 10:20,2025/1/1 15:35,321,AFT_10136,301
Flt_13887,ZOEV,UTFU,2025/1/1 10:20,2025/1/1 13:45,321,AFT_10137,199
Flt_13888,LRNO,DULL,2025/1/1 10:20,2025/1/1 12:10,320,AFT_10138,95
Flt_13889,JTZV,OZOS,2025/1/1 10:20,2025/1/1 13:00,321,AFT_10139,146
Flt_13890,MEEP,XALQ,2025/1/1 10:20,2025/1/1 12:35,321,AFT_10015,122
Flt_13891,DIZB,WAQQ,2025/1/1 10:25,2025/1/1 13:10,320,AFT_10030,154
Flt_13892,JTZV,KHPY,2025/1/1 10:25,2025/1/1 12:25,319,AFT_10071,110
Flt_13893,TLRK,LUEM,2025/1/1 10:25,2025/1/1 12:10,320,AFT_10073,100
Flt_13894,PERX,XALQ,2025/1/1 10:25,2025/1/1 13:20,320,AFT_10011,179
Flt_13895,JXKD,JTZV,2025/1/1 10:25,2025/1/1 12:15,320,AFT_10062,102
Flt_13896,NYKQ,JTZV,2025/1/1 10:25,2025/1/1 12:40,320,AFT_10050,131
Flt_13897,TLRK,JTZV,2025/1/1 10:25,2025/1/1 12:20,321,AFT_10048,114
Flt_13898,MEEP,VEYC,2025/1/1 10:25,2025/1/1 12:50,320,AFT_10026,144
Flt_13899,JTZV,UNUN,2025/1/1 10:25,2025/1/1 14:10,320,AFT_10140,217
Flt_13900,ZFTY,XALQ,2025/1/1 10:30,2025/1/1 13:30,320,AFT_10018,169
Flt_13901,UHBK,JTZV,2025/1/1 10:30,2025/1/1 12:45,320,AFT_10066,122
Flt_13902,LQVJ,JTZV,2025/1/1 10:30,2025/1/1 12:45,320,AFT_10067,117
Flt_13903,JTZV,KXUZ,2025/1/1 10:35,2025/1/1 12:50,320,AFT_10024,125
Flt_13904,PNOJ,QFKO,2025/1/1 10:35,2025/1/1 12:25,320,AFT_10055,109
Flt_13905,TIDB,IGVH,2025/1/1 10:40,2025/1/1 13:15,320,AFT_10061,138
Flt_13906,KXUZ,XALQ,2025/1/1 10:40,2025/1/1 13:00,320,AFT_10033,117
Flt_13907,AJDW,JTZV,2025/1/1 10:40,2025/1/1 12:55,320,AFT_10072,124
Flt_13908,ZMZW,IGVH,2025/1/1 10:45,2025/1/1 14:00,321,AFT_10035,172
Flt_13909,LCYY,XALQ,2025/1/1 10:45,2025/1/1 14:00,319,AFT_10046,191
Flt_13910,FTOI,JTZV,2025/1/1 10:45,2025/1/1 12:10,319,AFT_10097,67
Flt_13911,YELV,JTZV,2025/1/1 10:45,2025/1/1 13:50,321,AFT_10029,198
Flt_13912,PNOJ,JXKD,2025/1/1 10:50,2025/1/1 12:40,320,AFT_10075,103
Flt_13913,YELV,XALQ,2025/1/1 10:50,2025/1/1 14:00,320,AFT_10042,166
Flt_13914,KIJU,XALQ,2025/1/1 10:50,2025/1/1 13:05,320,AFT_10083,121
Flt_13915,KXUZ,JTZV,2025/1/1 10:50,2025/1/1 13:45,320,AFT_10037,147
Flt_13916,TJFR,IGVH,2025/1/1 10:55,2025/1/1 14:10,320,AFT_10031,201
Flt_13917,GPWJ,JTZV,2025/1/1 10:55,2025/1/1 13:00,319,AFT_10076,109
Flt_13918,XGWY,JTZV,2025/1/1 10:55,2025/1/1 12:15,319,AFT_10100,58
Flt_13919,LCYY,CGHU,2025/1/1 10:55,2025/1/1 13:55,321,AFT_10023,183
Flt_13920,KHPY,CGHU,2025/1/1 10:55,2025/1/1 13:40,320,AFT_10045,157
Flt_13921,GPWJ,WDWO,2025/1/1 11:00,2025/1/1 13:35,319,AFT_10049,138
Flt_13922,JTZV,SSNS,2025/1/1 11:00,2025/1/1 13:35,321,AFT_10141,124
Flt_13923,JTZV,VEYC,2025/1/1 11:05,2025/1/1 12:25,321,AFT_10025,64
Flt_13924,TJFR,IRVV,2025/1/1 11:05,2025/1/1 13:15,320,AFT_10054,106
Flt_13925,DIZB,JTZV,2025/1/1 11:10,2025/1/1 13:50,321,AFT_10074,164
Flt_13926,CFEV,JTZV,2025/1/1 11:15,2025/1/1 13:10,319,AFT_10059,107
Flt_13927,LRNO,CTIG,2025/1/1 11:20,2025/1/1 14:00,320,AFT_10004,146
Flt_13928,PNOJ,LRNO,2025/1/1 11:20,2025/1/1 12:55,320,AFT_10044,86
Flt_13929,GAGH,IGVH,2025/1/1 11:25,2025/1/1 13:00,320,AFT_10101,92
Flt_13930,MOXE,UNUN,2025/1/1 11:25,2025/1/1 14:50,320,AFT_10063,219
Flt_13931,MEEP,YELV,2025/1/1 11:35,2025/1/1 13:35,321,AFT_10068,96
Flt_13932,IRVV,JTZV,2025/1/1 11:35,2025/1/1 16:15,321,AFT_10047,260
Flt_13933,JTZV,IQOA,2025/1/1 11:40,2025/1/1 13:50,320,AFT_10077,131
Flt_13934,DJQK,ZOEV,2025/1/1 11:40,2025/1/1 14:45,320,AFT_10082,189
Flt_13935,XCDO,JTZV,2025/1/1 11:40,2025/1/1 16:25,321,AFT_10017,285
Flt_13936,JTZV,SEWU,2025/1/1 11:40,2025/1/1 16:00,320,AFT_10012,248
Flt_13937,DIZB,XCDO,2025/1/1 11:40,2025/1/1 13:40,321,AFT_10036,113
Flt_13938,WGZL,PERX,2025/1/1 11:45,2025/1/1 15:30,321,AFT_10027,205
Flt_13939,JTZV,KXUZ,2025/1/1 11:45,2025/1/1 14:00,321,AFT_10084,140
Flt_13940,KHPY,JXKD,2025/1/1 11:45,2025/1/1 15:15,320,AFT_10051,206
Flt_13941,JXKD,DJQK,2025/1/1 11:45,2025/1/1 14:55,320,AFT_10028,172
Flt_13942,JTZV,OQIB,2025/1/1 11:45,2025/1/1 14:25,320,AFT_10064,151
Flt_13943,KHPY,JTZV,2025/1/1 11:45,2025/1/1 14:00,321,AFT_10099,121
Flt_13944,JTZV,UTFU,2025/1/1 11:50,2025/1/1 13:45,319,AFT_10142,110
Flt_13945,LBMY,LRNO,2025/1/1 11:50,2025/1/1 13:55,321,AFT_10038,129
Flt_13946,IGVH,JTZV,2025/1/1 11:50,2025/1/1 13:30,321,AFT_10121,84
Flt_13947,CGHU,JTZV,2025/1/1 11:55,2025/1/1 17:00,321,AFT_10032,287
Flt_13948,LCYY,JTZV,2025/1/1 11:55,2025/1/1 15:35,321,AFT_10078,215
Flt_13949,WGZL,JTZV,2025/1/1 11:55,2025/1/1 14:25,321,AFT_10085,141
Flt_13950,ZKXC,WGZL,2025/1/1 12:00,2025/1/1 14:55,320,AFT_10081,176
Flt_13951,ZBRM,JXKD,2025/1/1 12:00,2025/1/1 13:40,319,AFT_10079,96
Flt_13952,JXKD,JTZV,2025/1/1 12:00,2025/1/1 14:10,320,AFT_10111,113
Flt_13953,WOSF,JTZV,2025/1/1 12:00,2025/1/1 13:45,319,AFT_10125,90
Flt_13954,RMNJ,JTZV,2025/1/1 12:00,2025/1/1 14:40,320,AFT_10104,141
Flt_13955,XALQ,UNUN,2025/1/1 12:00,2025/1/1 16:00,321,AFT_10089,227
Flt_13956,EZNJ,XALQ,2025/1/1 12:05,2025/1/1 14:05,320,AFT_10010,115
Flt_13957,IRVV,XALQ,2025/1/1 12:05,2025/1/1 16:00,320,AFT_10080,250
Flt_13958,TJFR,JTZV,2025/1/1 12:05,2025/1/1 15:00,321,AFT_10113,162
Flt_13959,WDWO,DQBQ,2025/1/1 12:10,2025/1/1 14:40,320,AFT_10040,159
Flt_13960,YKHO,YELV,2025/1/1 12:10,2025/1/1 14:30,320,AFT_10069,131
Flt_13961,JTZV,DIZB,2025/1/1 12:10,2025/1/1 14:35,321,AFT_10065,115
Flt_13962,RXPU,XALQ,2025/1/1 12:10,2025/1/1 14:40,320,AFT_10102,153
Flt_13963,QKWB,JTZV,2025/1/1 12:10,2025/1/1 15:35,320,AFT_10092,187
Flt_13964,GSWW,YELV,2025/1/1 12:20,2025/1/1 15:20,320,AFT_10086,171
Flt_13965,RPOA,JTZV,2025/1/1 12:20,2025/1/1 16:30,319,AFT_10091,257
Flt_13966,WDWO,JTZV,2025/1/1 12:20,2025/1/1 14:20,320,AFT_10008,88
Flt_13967,CFEV,JTZV,2025/1/1 12:20,2025/1/1 14:15,319,AFT_10093,115
Flt_13968,CFEV,XALQ,2025/1/1 12:25,2025/1/1 15:05,319,AFT_10087,132
Flt_13969,GPWJ,XALQ,2025/1/1 12:25,2025/1/1 14:40,319,AFT_10109,119
Flt_13970,QFKO,CFEV,2025/1/1 12:25,2025/1/1 14:55,319,AFT_10116,134
Flt_13971,RXPU,JTZV,2025/1/1 12:30,2025/1/1 15:45,321,AFT_10107,193
Flt_13972,ZMZW,JTZV,2025/1/1 12:30,2025/1/1 15:50,321,AFT_10095,196
Flt_13973,JTZV,DQBQ,2025/1/1 12:35,2025/1/1 14:40,320,AFT_10090,115
Flt_13974,DJQK,JTZV,2025/1/1 12:35,2025/1/1 15:55,320,AFT_10112,187
Flt_13975,XALQ,CFEV,2025/1/1 12:40,2025/1/1 15:35,319,AFT_10096,172
Flt_13976,CHCY,JTZV,2025/1/1 12:40,2025/1/1 15:45,320,AFT_10119,187
Flt_13977,XALQ,SSNS,2025/1/1 12:50,2025/1/1 14:45,321,AFT_10019,110
Flt_13978,JTZV,UNUN,2025/1/1 12:50,2025/1/1 16:50,320,AFT_10122,206
Flt_13979,UTFU,DQBQ,2025/1/1 12:55,2025/1/1 15:40,320,AFT_10103,183
Flt_13980,LUEM,TLRK,2025/1/1 12:55,2025/1/1 14:50,320,AFT_10073,106
Flt_13981,XALQ,KXUZ,2025/1/1 12:55,2025/1/1 15:00,321,AFT_10015,110
Flt_13982,XALQ,LBMY,2025/1/1 12:55,2025/1/1 14:35,321,AFT_10016,79
Flt_13983,CFEV,WDWO,2025/1/1 12:55,2025/1/1 15:40,319,AFT_10098,160
Flt_13984,XXZT,XALQ,2025/1/1 12:55,2025/1/1 15:15,321,AFT_10043,147
Flt_13985,TJFR,WJBU,2025/1/1 12:55,2025/1/1 15:40,320,AFT_10108,148
Flt_13986,UNUN,JTZV,2025/1/1 12:55,2025/1/1 16:40,320,AFT_10088,188
Flt_13987,MEEP,JTZV,2025/1/1 12:55,2025/1/1 15:30,321,AFT_10118,146
Flt_13988,JTZV,MEEP,2025/1/1 13:00,2025/1/1 15:25,320,AFT_10053,127
Flt_13989,LCYY,CGHU,2025/1/1 13:00,2025/1/1 15:50,321,AFT_10070,168
Flt_13990,WGZL,JTZV,2025/1/1 13:05,2025/1/1 15:25,320,AFT_10060,151
Flt_13991,DULL,PERX,2025/1/1 13:10,2025/1/1 15:30,320,AFT_10138,131
Flt_13992,ZBRM,MEEP,2025/1/1 13:10,2025/1/1 15:30,320,AFT_10126,118
Flt_13993,KXUZ,WDWO,2025/1/1 13:10,2025/1/1 16:05,320,AFT_10115,152
Flt_13994,DIZB,IGVH,2025/1/1 13:10,2025/1/1 16:25,320,AFT_10106,205
Flt_13995,QFKO,JTZV,2025/1/1 13:10,2025/1/1 15:00,320,AFT_10055,105
Flt_13996,FCVG,JTZV,2025/1/1 13:10,2025/1/1 16:15,321,AFT_10105,174
Flt_13997,WAQQ,JTZV,2025/1/1 13:10,2025/1/1 15:45,320,AFT_10134,156
Flt_13998,VEYC,JTZV,2025/1/1 13:10,2025/1/1 14:25,321,AFT_10025,65
Flt_13999,AJDW,XCDO,2025/1/1 13:10,2025/1/1 15:45,320,AFT_10041,151
Flt_14000,JTZV,JNLE,2025/1/1 13:15,2025/1/1 15:15,319,AFT_10097,116
Flt_14001,XALQ,ZFTY,2025/1/1 13:20,2025/1/1 15:45,320,AFT_10034,135
Flt_14002,JTZV,LBMY,2025/1/1 13:20,2025/1/1 15:05,321,AFT_10094,98
Flt_14003,JTZV,JXKD,2025/1/1 13:20,2025/1/1 15:25,319,AFT_10056,117
Flt_14004,JTZV,TJFR,2025/1/1 13:20,2025/1/1 15:40,320,AFT_10131,133
Flt_14005,JTZV,TKCE,2025/1/1 13:20,2025/1/1 17:20,321,AFT_10057,221
Flt_14006,JTZV,KXUZ,2025/1/1 13:25,2025/1/1 15:40,321,AFT_10005,136
Flt_14007,KHPY,XCDO,2025/1/1 13:25,2025/1/1 16:10,319,AFT_10071,151
Flt_14008,JTZV,SIBL,2025/1/1 13:30,2025/1/1 16:45,321,AFT_10052,178
Flt_14009,JTZV,ZFTY,2025/1/1 13:30,2025/1/1 16:15,321,AFT_10120,143
Flt_14010,JXKD,PNOJ,2025/1/1 13:30,2025/1/1 15:15,320,AFT_10075,94
Flt_14011,XALQ,MEEP,2025/1/1 13:35,2025/1/1 15:30,320,AFT_10130,114
Flt_14012,XALQ,OZOS,2025/1/1 13:35,2025/1/1 16:05,320,AFT_10002,133
Flt_14013,JXKD,WJBU,2025/1/1 13:35,2025/1/1 15:20,320,AFT_10006,89
Flt_14014,JTZV,MEEP,2025/1/1 13:40,2025/1/1 16:05,320,AFT_10143,136
Flt_14015,JTZV,GSWW,2025/1/1 13:40,2025/1/1 15:10,320,AFT_10058,85
Flt_14016,ZFTY,JTZV,2025/1/1 13:40,2025/1/1 17:00,321,AFT_10124,180
Flt_14017,VEYC,PNOJ,2025/1/1 13:45,2025/1/1 14:45,320,AFT_10026,52
Flt_14018,SSNS,JTZV,2025/1/1 13:50,2025/1/1 16:40,321,AFT_10135,166
Flt_14019,JTZV,PERX,2025/1/1 13:55,2025/1/1 16:40,321,AFT_10021,149
Flt_14020,XALQ,TLRK,2025/1/1 13:55,2025/1/1 15:25,320,AFT_10033,80
Flt_14021,LRNO,PNOJ,2025/1/1 13:55,2025/1/1 15:45,320,AFT_10044,87
Flt_14022,IGVH,LQVJ,2025/1/1 14:00,2025/1/1 15:25,320,AFT_10014,82
Flt_14023,OZOS,JTZV,2025/1/1 14:00,2025/1/1 17:10,321,AFT_10139,185
Flt_14024,JTZV,MKLY,2025/1/1 14:00,2025/1/1 19:00,321,AFT_10048,292
Flt_14025,JTZV,UXIL,2025/1/1 14:10,2025/1/1 16:05,319,AFT_10076,106
Flt_14026,JTZV,QKWB,2025/1/1 14:10,2025/1/1 17:00,320,AFT_10072,133
Flt_14027,IGVH,GCFX,2025/1/1 14:10,2025/1/1 16:05,320,AFT_10101,106
Flt_14028,UNUN,JTZV,2025/1/1 14:10,2025/1/1 17:50,320,AFT_10117,194
Flt_14029,CGHU,DIZB,2025/1/1 14:15,2025/1/1 16:50,320,AFT_10022,155
Flt_14030,VNDG,JTZV,2025/1/1 14:15,2025/1/1 17:50,321,AFT_10007,207
Flt_14031,XALQ,KHPY,2025/1/1 14:20,2025/1/1 16:00,320,AFT_10083,103
Flt_14032,CHCY,WGZL,2025/1/1 14:20,2025/1/1 17:10,320,AFT_10123,148
Flt_14033,IGVH,TIDB,2025/1/1 14:20,2025/1/1 16:40,320,AFT_10061,133
Flt_14034,WAQQ,DIZB,2025/1/1 14:20,2025/1/1 16:45,320,AFT_10030,135
Flt_14035,IRVV,TJFR,2025/1/1 14:20,2025/1/1 16:30,320,AFT_10054,132
Flt_14036,CGHU,TLRK,2025/1/1 14:30,2025/1/1 18:30,321,AFT_10013,254
Flt_14037,UNUN,WDWO,2025/1/1 14:30,2025/1/1 17:50,320,AFT_10009,187
Flt_14038,JTZV,CFEV,2025/1/1 14:30,2025/1/1 17:15,319,AFT_10059,151
Flt_14039,JXKD,ZBRM,2025/1/1 14:30,2025/1/1 16:10,319,AFT_10079,91
Flt_14040,XALQ,DJQK,2025/1/1 14:35,2025/1/1 16:50,320,AFT_10018,125
Flt_14041,KZXO,JTZV,2025/1/1 14:35,2025/1/1 17:35,319,AFT_10133,150
Flt_14042,UTFU,JTZV,2025/1/1 14:35,2025/1/1 17:15,319,AFT_10142,134
Flt_14043,JTZV,CGHU,2025/1/1 14:35,2025/1/1 18:20,320,AFT_10066,218
Flt_14044,JTZV,DFQN,2025/1/1 14:40,2025/1/1 18:40,321,AFT_10132,242
Flt_14045,MKLY,JTZV,2025/1/1 14:40,2025/1/1 19:10,320,AFT_10110,258
Flt_14046,XALQ,YELV,2025/1/1 14:45,2025/1/1 16:55,321,AFT_10144,117
Flt_14047,XCDO,DIZB,2025/1/1 14:45,2025/1/1 16:55,321,AFT_10036,125
Flt_14048,YELV,XCDO,2025/1/1 14:45,2025/1/1 17:45,321,AFT_10068,160
Flt_14049,UTFU,IRVV,2025/1/1 14:45,2025/1/1 16:40,321,AFT_10137,109
Flt_14050,JTZV,VAYQ,2025/1/1 14:50,2025/1/1 18:55,320,AFT_10062,228
Flt_14051,JTZV,YNHL,2025/1/1 14:55,2025/1/1 17:35,321,AFT_10121,137
Flt_14052,CTIG,LRNO,2025/1/1 14:55,2025/1/1 17:15,320,AFT_10004,129
Flt_14053,CGHU,KHPY,2025/1/1 14:55,2025/1/1 18:00,320,AFT_10045,201
Flt_14054,CGHU,OZOS,2025/1/1 14:55,2025/1/1 17:05,321,AFT_10145,132
Flt_14055,SSNS,JTZV,2025/1/1 14:55,2025/1/1 17:45,321,AFT_10141,166
Flt_14056,XALQ,SIBL,2025/1/1 15:00,2025/1/1 18:00,320,AFT_10011,170
Flt_14057,JTZV,YELV,2025/1/1 15:00,2025/1/1 17:40,321,AFT_10003,133
Flt_14058,JTZV,SSNS,2025/1/1 15:00,2025/1/1 17:30,321,AFT_10029,119
Flt_14059,JTZV,ZNIR,2025/1/1 15:00,2025/1/1 17:40,320,AFT_10037,146
Flt_14060,JTZV,RXPU,2025/1/1 15:00,2025/1/1 17:30,321,AFT_10074,134
Flt_14061,IQOA,JTZV,2025/1/1 15:00,2025/1/1 17:40,320,AFT_10077,155
Flt_14062,XALQ,LCYY,2025/1/1 15:05,2025/1/1 17:30,319,AFT_10046,130
Flt_14063,ZOEV,CGHU,2025/1/1 15:05,2025/1/1 20:05,320,AFT_10039,283
Flt_14064,UNUN,ZFTY,2025/1/1 15:10,2025/1/1 19:15,320,AFT_10140,219
Flt_14065,LRNO,LBMY,2025/1/1 15:10,2025/1/1 17:00,321,AFT_10038,97
Flt_14066,JTZV,IOWC,2025/1/1 15:10,2025/1/1 16:25,319,AFT_10100,69
Flt_14067,TXMD,JTZV,2025/1/1 15:10,2025/1/1 20:35,321,AFT_10128,337
Flt_14068,OQIB,VNDG,2025/1/1 15:10,2025/1/1 16:15,320,AFT_10064,59
Flt_14069,XALQ,IGVH,2025/1/1 15:15,2025/1/1 16:50,320,AFT_10010,82
Flt_14070,JTZV,FCVG,2025/1/1 15:25,2025/1/1 18:45,321,AFT_10129,204
Flt_14071,DQBQ,WDWO,2025/1/1 15:25,2025/1/1 17:55,320,AFT_10040,160
Flt_14072,DQBQ,JTZV,2025/1/1 15:25,2025/1/1 17:40,320,AFT_10090,117
Flt_14073,KXUZ,JTZV,2025/1/1 15:25,2025/1/1 18:00,321,AFT_10084,164
Flt_14074,XALQ,DFQN,2025/1/1 15:30,2025/1/1 19:50,320,AFT_10102,247
Flt_14075,JTZV,ZFTY,2025/1/1 15:30,2025/1/1 18:15,321,AFT_10025,131
Flt_14076,JTZV,TLRK,2025/1/1 15:30,2025/1/1 17:20,320,AFT_10111,101
Flt_14077,PNOJ,SSNS,2025/1/1 15:30,2025/1/1 17:45,320,AFT_10026,117
Flt_14078,JTZV,CFEV,2025/1/1 15:30,2025/1/1 18:25,319,AFT_10093,147
Flt_14079,XALQ,VNDG,2025/1/1 15:30,2025/1/1 18:15,319,AFT_10109,159
Flt_14080,CFEV,QFKO,2025/1/1 15:35,2025/1/1 17:35,319,AFT_10116,110
Flt_14081,JTZV,WDWO,2025/1/1 15:35,2025/1/1 17:20,320,AFT_10008,78
Flt_14082,JTZV,DIZB,2025/1/1 15:35,2025/1/1 17:50,321,AFT_10085,120
Flt_14083,IGVH,TJFR,2025/1/1 15:35,2025/1/1 18:20,320,AFT_10031,142
Flt_14084,IGVH,JTZV,2025/1/1 15:35,2025/1/1 17:20,321,AFT_10035,73
Flt_14085,JTZV,XTNT,2025/1/1 15:40,2025/1/1 18:15,320,AFT_10067,134
Flt_14086,LPNC,JTZV,2025/1/1 15:40,2025/1/1 21:45,321,AFT_10127,380
Flt_14087,DIZB,JTZV,2025/1/1 15:40,2025/1/1 18:30,321,AFT_10065,156
Flt_14088,YELV,CGHU,2025/1/1 15:40,2025/1/1 19:15,320,AFT_10069,180
Flt_14089,DJQK,JXKD,2025/1/1 15:45,2025/1/1 19:45,320,AFT_10028,242
Flt_14090,SSNS,XALQ,2025/1/1 15:50,2025/1/1 18:20,321,AFT_10019,142
Flt_14091,TLRK,ZBRM,2025/1/1 15:50,2025/1/1 17:50,320,AFT_10073,107
Flt_14092,XALQ,ZMZW,2025/1/1 15:55,2025/1/1 18:20,319,AFT_10087,137
Flt_14093,GSWW,JTZV,2025/1/1 15:55,2025/1/1 18:05,320,AFT_10058,96
Flt_14094,JXKD,KHPY,2025/1/1 16:00,2025/1/1 19:05,320,AFT_10051,169
Flt_14095,JTZV,OJAV,2025/1/1 16:00,2025/1/1 18:35,319,AFT_10125,130
Flt_14096,PNOJ,WDWO,2025/1/1 16:00,2025/1/1 17:40,320,AFT_10075,97
Flt_14097,JTZV,LCYY,2025/1/1 16:00,2025/1/1 18:40,320,AFT_10050,140
Flt_14098,JNLE,JTZV,2025/1/1 16:00,2025/1/1 18:25,319,AFT_10097,131
Flt_14099,XALQ,FCVG,2025/1/1 16:05,2025/1/1 19:20,321,AFT_10043,203
Flt_14100,JTZV,QFKO,2025/1/1 16:05,2025/1/1 17:40,320,AFT_10055,100
Flt_14101,WGZL,ZKXC,2025/1/1 16:05,2025/1/1 18:50,320,AFT_10081,148
Flt_14102,JTZV,CHCY,2025/1/1 16:05,2025/1/1 18:45,321,AFT_10099,140
Flt_14103,LBMY,XALQ,2025/1/1 16:05,2025/1/1 17:45,321,AFT_10094,92
Flt_14104,LQVJ,KXUZ,2025/1/1 16:10,2025/1/1 17:10,320,AFT_10014,64
Flt_14105,WDWO,CFEV,2025/1/1 16:10,2025/1/1 19:35,319,AFT_10049,185
Flt_14106,LBMY,JTZV,2025/1/1 16:10,2025/1/1 18:10,321,AFT_10016,121
Flt_14107,JXKD,JTZV,2025/1/1 16:10,2025/1/1 18:15,319,AFT_10056,100
Flt_14108,IGVH,LCYY,2025/1/1 16:15,2025/1/1 19:20,320,AFT_10146,160
Flt_14109,KXUZ,XALQ,2025/1/1 16:15,2025/1/1 18:30,321,AFT_10015,137
Flt_14110,WJBU,YELV,2025/1/1 16:20,2025/1/1 18:30,320,AFT_10006,128
Flt_14111,UNUN,MOXE,2025/1/1 16:20,2025/1/1 19:40,320,AFT_10063,213
Flt_14112,DQBQ,UTFU,2025/1/1 16:25,2025/1/1 19:25,320,AFT_10103,156
Flt_14113,TLRK,XALQ,2025/1/1 16:25,2025/1/1 18:10,320,AFT_10033,92
Flt_14114,TJFR,JTZV,2025/1/1 16:25,2025/1/1 19:10,320,AFT_10131,167
Flt_14115,PERX,DULL,2025/1/1 16:30,2025/1/1 18:45,320,AFT_10138,133
Flt_14116,JTZV,VEYC,2025/1/1 16:30,2025/1/1 17:30,320,AFT_10060,67
Flt_14117,PNOJ,UNUN,2025/1/1 16:30,2025/1/1 20:35,320,AFT_10044,224
Flt_14118,ZOEV,ZFTY,2025/1/1 16:40,2025/1/1 20:40,320,AFT_10082,217
Flt_14119,XCDO,AJDW,2025/1/1 16:40,2025/1/1 19:55,320,AFT_10041,175
Flt_14120,XALQ,WGZL,2025/1/1 16:40,2025/1/1 18:40,320,AFT_10080,129
Flt_14121,WJBU,TJFR,2025/1/1 16:40,2025/1/1 18:55,320,AFT_10108,129
Flt_14122,CFEV,XALQ,2025/1/1 16:40,2025/1/1 19:10,319,AFT_10096,143
Flt_14123,MEEP,JTZV,2025/1/1 16:40,2025/1/1 19:00,320,AFT_10053,150
Flt_14124,JTZV,KXUZ,2025/1/1 16:45,2025/1/1 19:05,321,AFT_10118,130
Flt_14125,MEEP,XALQ,2025/1/1 16:45,2025/1/1 18:55,320,AFT_10130,114
Flt_14126,MEEP,PNOJ,2025/1/1 16:45,2025/1/1 18:55,320,AFT_10126,123
Flt_14127,JTZV,WAQQ,2025/1/1 16:50,2025/1/1 19:15,320,AFT_10119,141
Flt_14128,GCFX,DIZB,2025/1/1 16:50,2025/1/1 19:00,320,AFT_10101,117
Flt_14129,PERX,DJQK,2025/1/1 16:50,2025/1/1 18:55,321,AFT_10027,118
Flt_14130,CGHU,LCYY,2025/1/1 16:50,2025/1/1 20:10,321,AFT_10070,182
Flt_14131,ZFTY,XALQ,2025/1/1 16:50,2025/1/1 19:40,320,AFT_10034,159
Flt_14132,UXIL,JTZV,2025/1/1 16:50,2025/1/1 18:35,319,AFT_10076,79
Flt_14133,JTZV,WGZL,2025/1/1 16:55,2025/1/1 19:05,320,AFT_10112,128
Flt_14134,KXUZ,JTZV,2025/1/1 16:55,2025/1/1 20:00,321,AFT_10005,141
Flt_14135,XCDO,KHPY,2025/1/1 17:00,2025/1/1 19:50,319,AFT_10071,179
Flt_14136,JTZV,DJQK,2025/1/1 17:00,2025/1/1 19:40,321,AFT_10114,145
Flt_14137,OZOS,XALQ,2025/1/1 17:00,2025/1/1 20:05,320,AFT_10002,167
Flt_14138,PVTT,JTZV,2025/1/1 17:00,2025/1/1 21:30,321,AFT_10136,255
Flt_14139,SEWU,JTZV,2025/1/1 17:00,2025/1/1 21:00,320,AFT_10012,227
Flt_14140,JTZV,EFIK,2025/1/1 17:05,2025/1/1 19:25,321,AFT_10095,136
Flt_14141,JTZV,KHPY,2025/1/1 17:05,2025/1/1 19:15,320,AFT_10092,107
Flt_14142,JTZV,ZMZW,2025/1/1 17:05,2025/1/1 20:00,321,AFT_10107,158
Flt_14143,ZBRM,YELV,2025/1/1 17:05,2025/1/1 19:40,319,AFT_10079,128
Flt_14144,JTZV,RXPU,2025/1/1 17:05,2025/1/1 19:30,321,AFT_10047,148
Flt_14145,KHPY,XALQ,2025/1/1 17:05,2025/1/1 19:20,320,AFT_10083,110
Flt_14146,IOWC,JTZV,2025/1/1 17:10,2025/1/1 18:30,319,AFT_10100,87
Flt_14147,MEEP,JTZV,2025/1/1 17:10,2025/1/1 19:30,320,AFT_10143,139
Flt_14148,IGVH,MEEP,2025/1/1 17:15,2025/1/1 19:15,320,AFT_10106,110
Flt_14149,WDWO,XCDO,2025/1/1 17:15,2025/1/1 20:10,320,AFT_10115,163
Flt_14150,WDWO,LCYY,2025/1/1 17:20,2025/1/1 19:35,319,AFT_10098,126
Flt_14151,VNDG,OQIB,2025/1/1 17:20,2025/1/1 18:30,320,AFT_10064,71
Flt_14152,TIDB,ZFTY,2025/1/1 17:25,2025/1/1 19:30,320,AFT_10061,107
Flt_14153,JTZV,ZFTY,2025/1/1 17:30,2025/1/1 20:15,321,AFT_10017,138
Flt_14154,TJFR,IGVH,2025/1/1 17:30,2025/1/1 20:45,320,AFT_10054,189
Flt_14155,JTZV,BNGY,2025/1/1 17:35,2025/1/1 19:20,319,AFT_10091,90
Flt_14156,ZFTY,JTZV,2025/1/1 17:40,2025/1/1 21:00,321,AFT_10120,175
Flt_14157,PERX,JTZV,2025/1/1 17:45,2025/1/1 21:00,321,AFT_10021,183
Flt_14158,DIZB,CGHU,2025/1/1 17:45,2025/1/1 20:15,320,AFT_10030,128
Flt_14159,IRVV,UTFU,2025/1/1 17:50,2025/1/1 20:05,321,AFT_10137,126
Flt_14160,YELV,MEEP,2025/1/1 17:50,2025/1/1 20:30,320,AFT_10086,145
Flt_14161,UNUN,XALQ,2025/1/1 17:50,2025/1/1 21:55,321,AFT_10089,213
Flt_14162,QKWB,JTZV,2025/1/1 17:50,2025/1/1 21:05,320,AFT_10072,176
Flt_14163,DIZB,WDWO,2025/1/1 17:55,2025/1/1 20:00,320,AFT_10022,119
Flt_14164,JTZV,LBMY,2025/1/1 18:00,2025/1/1 19:45,321,AFT_10124,93
Flt_14165,DJQK,XALQ,2025/1/1 18:00,2025/1/1 20:55,320,AFT_10018,159
Flt_14166,UNUN,JTZV,2025/1/1 18:00,2025/1/1 21:45,320,AFT_10122,192
Flt_14167,JTZV,TLRK,2025/1/1 18:05,2025/1/1 20:00,320,AFT_10088,103
Flt_14168,DIZB,ZOEV,2025/1/1 18:05,2025/1/1 21:40,321,AFT_10036,226
Flt_14169,JTZV,YELV,2025/1/1 18:05,2025/1/1 20:35,321,AFT_10032,140
Flt_14170,TKCE,JTZV,2025/1/1 18:05,2025/1/1 21:55,321,AFT_10057,208
Flt_14171,SIBL,JTZV,2025/1/1 18:05,2025/1/1 21:45,321,AFT_10052,211
Flt_14172,IGVH,SZVM,2025/1/1 18:05,2025/1/1 19:50,320,AFT_10010,101
Flt_14173,LBMY,CGHU,2025/1/1 18:10,2025/1/1 21:30,321,AFT_10038,185
Flt_14174,JTZV,KIJU,2025/1/1 18:15,2025/1/1 20:20,319,AFT_10142,106
Flt_14175,WGZL,CHCY,2025/1/1 18:15,2025/1/1 20:25,320,AFT_10123,123
Flt_14176,TLRK,JTZV,2025/1/1 18:20,2025/1/1 20:00,320,AFT_10111,106
Flt_14177,CFEV,JTZV,2025/1/1 18:20,2025/1/1 20:15,319,AFT_10059,116
Flt_14178,QFKO,UNUN,2025/1/1 18:20,2025/1/1 21:05,319,AFT_10116,161
Flt_14179,QFKO,PNOJ,2025/1/1 18:25,2025/1/1 20:10,320,AFT_10055,100
Flt_14180,JTZV,EJUF,2025/1/1 18:35,2025/1/1 23:20,321,AFT_10139,277
Flt_14181,ZBRM,ZFTY,2025/1/1 18:35,2025/1/1 21:10,320,AFT_10073,145
Flt_14182,XCDO,YELV,2025/1/1 18:35,2025/1/1 21:35,321,AFT_10068,190
Flt_14183,JTZV,SSNS,2025/1/1 18:35,2025/1/1 21:00,321,AFT_10035,126
Flt_14184,YNHL,JTZV,2025/1/1 18:40,2025/1/1 21:20,321,AFT_10121,141
Flt_14185,RXPU,JTZV,2025/1/1 18:40,2025/1/1 21:50,321,AFT_10074,184
Flt_14186,LCYY,XALQ,2025/1/1 18:45,2025/1/1 21:55,319,AFT_10046,190
Flt_14187,SSNS,JTZV,2025/1/1 18:45,2025/1/1 21:45,321,AFT_10029,165
Flt_14188,JTZV,LRNO,2025/1/1 18:50,2025/1/1 21:00,321,AFT_10141,102
Flt_14189,WDWO,OZOS,2025/1/1 18:50,2025/1/1 20:45,320,AFT_10075,117
Flt_14190,YELV,XALQ,2025/1/1 18:50,2025/1/1 21:55,321,AFT_10144,166
Flt_14191,KXUZ,LQVJ,2025/1/1 18:55,2025/1/1 20:10,320,AFT_10014,66
Flt_14192,WDWO,IGVH,2025/1/1 18:55,2025/1/1 21:20,320,AFT_10040,122
Flt_14193,SSNS,PNOJ,2025/1/1 18:55,2025/1/1 21:40,320,AFT_10026,171
Flt_14194,YELV,JTZV,2025/1/1 18:55,2025/1/1 22:20,321,AFT_10003,196
Flt_14195,JTZV,SVBC,2025/1/1 19:00,2025/1/1 21:05,320,AFT_10090,110
Flt_14196,XTNT,JTZV,2025/1/1 19:00,2025/1/1 21:45,320,AFT_10067,152
Flt_14197,DIZB,JTZV,2025/1/1 19:00,2025/1/1 22:00,321,AFT_10085,161
Flt_14198,JTZV,UNUN,2025/1/1 19:00,2025/1/1 22:45,320,AFT_10117,212
Flt_14199,JTZV,IQOA,2025/1/1 19:05,2025/1/1 21:25,321,AFT_10084,127
Flt_14200,KHPY,IGVH,2025/1/1 19:05,2025/1/1 22:05,320,AFT_10045,167
Flt_14201,SIBL,XALQ,2025/1/1 19:05,2025/1/1 22:30,320,AFT_10011,203
Flt_14202,WDWO,ZBRM,2025/1/1 19:05,2025/1/1 20:45,320,AFT_10008,98
Flt_14203,WDWO,CGHU,2025/1/1 19:05,2025/1/1 22:15,320,AFT_10009,166
Flt_14204,JTZV,MJTP,2025/1/1 19:10,2025/1/1 20:50,319,AFT_10133,99
Flt_14205,ZNIR,JTZV,2025/1/1 19:10,2025/1/1 22:20,320,AFT_10037,173
Flt_14206,JTZV,YELV,2025/1/1 19:15,2025/1/1 21:50,321,AFT_10135,132
Flt_14207,OQIB,JTZV,2025/1/1 19:15,2025/1/1 22:35,320,AFT_10064,201
Flt_14208,XALQ,KXUZ,2025/1/1 19:20,2025/1/1 21:25,320,AFT_10033,119
Flt_14209,JTZV,KXUZ,2025/1/1 19:20,2025/1/1 21:40,321,AFT_10078,136
Flt_14210,XALQ,ZOEV,2025/1/1 19:20,2025/1/1 21:30,321,AFT_10094,144
Flt_14211,JTZV,JXKD,2025/1/1 19:20,2025/1/1 21:10,319,AFT_10097,106
Flt_14212,ZMZW,XALQ,2025/1/1 19:20,2025/1/1 22:15,319,AFT_10087,162
Flt_14213,VNDG,XALQ,2025/1/1 19:20,2025/1/1 22:40,319,AFT_10109,196
Flt_14214,CGHU,JTZV,2025/1/1 19:20,2025/1/2 0:05,320,AFT_10066,272
Flt_14215,OJAV,JTZV,2025/1/1 19:20,2025/1/1 21:55,319,AFT_10125,136
Flt_14216,TJFR,CGHU,2025/1/1 19:20,2025/1/1 22:00,320,AFT_10031,139
Flt_14217,JTZV,ZFTY,2025/1/1 19:30,2025/1/1 22:15,321,AFT_10065,134
Flt_14218,JTZV,MEEP,2025/1/1 19:30,2025/1/1 21:45,319,AFT_10100,113
Flt_14219,TLRK,ZOEV,2025/1/1 19:30,2025/1/1 21:45,321,AFT_10013,146
Flt_14220,CFEV,JTZV,2025/1/1 19:30,2025/1/1 21:25,319,AFT_10093,120
Flt_14221,XALQ,GSWW,2025/1/1 19:35,2025/1/1 21:15,321,AFT_10019,98
Flt_14222,CHCY,JTZV,2025/1/1 19:35,2025/1/1 22:40,321,AFT_10099,178
Flt_14223,VAYQ,JTZV,2025/1/1 19:40,2025/1/1 23:30,320,AFT_10062,222
Flt_14224,ZFTY,JTZV,2025/1/1 19:40,2025/1/1 22:40,321,AFT_10025,173
Flt_14225,XALQ,ZFTY,2025/1/1 19:45,2025/1/1 22:15,321,AFT_10015,128
Flt_14226,DJQK,PERX,2025/1/1 19:45,2025/1/1 21:55,321,AFT_10027,141
Flt_14227,PNOJ,MEEP,2025/1/1 19:45,2025/1/1 21:45,320,AFT_10126,112
Flt_14228,DULL,LRNO,2025/1/1 19:45,2025/1/1 21:55,320,AFT_10138,125
Flt_14229,MKLY,JTZV,2025/1/1 19:45,2025/1/2 0:10,321,AFT_10048,250
Flt_14230,YELV,CGHU,2025/1/1 19:45,2025/1/1 23:00,320,AFT_10006,185
Flt_14231,WGZL,XALQ,2025/1/1 19:50,2025/1/1 22:05,320,AFT_10080,116
Flt_14232,FCVG,JTZV,2025/1/1 19:50,2025/1/1 22:50,321,AFT_10129,168
Flt_14233,OZOS,CGHU,2025/1/1 19:50,2025/1/1 22:00,321,AFT_10145,111
Flt_14234,ZKXC,CGHU,2025/1/1 19:50,2025/1/1 22:30,320,AFT_10081,152
Flt_14235,JTZV,DFQN,2025/1/1 19:55,2025/1/2 0:25,321,AFT_10105,231
Flt_14236,DFQN,JTZV,2025/1/1 19:55,2025/1/1 23:30,321,AFT_10132,207
Flt_14237,LCYY,JTZV,2025/1/1 19:55,2025/1/1 23:25,320,AFT_10050,218
Flt_14238,KXUZ,VEYC,2025/1/1 19:55,2025/1/1 22:25,320,AFT_10024,152
Flt_14239,TJFR,CGHU,2025/1/1 19:55,2025/1/1 22:25,320,AFT_10108,136
Flt_14240,WAQQ,JTZV,2025/1/1 20:00,2025/1/1 22:55,320,AFT_10119,164
Flt_14241,JTZV,CGHU,2025/1/1 20:00,2025/1/1 23:30,321,AFT_10007,221
Flt_14242,LRNO,YELV,2025/1/1 20:05,2025/1/1 22:35,320,AFT_10004,129
Flt_14243,DIZB,GCFX,2025/1/1 20:05,2025/1/1 22:20,320,AFT_10101,128
Flt_14244,BNGY,JTZV,2025/1/1 20:05,2025/1/1 21:55,319,AFT_10091,108
Flt_14245,KHPY,CGHU,2025/1/1 20:05,2025/1/1 22:55,320,AFT_10051,164
Flt_14246,JTZV,ZOEV,2025/1/1 20:15,2025/1/1 22:35,320,AFT_10131,143
Flt_14247,CFEV,WDWO,2025/1/1 20:15,2025/1/1 22:50,319,AFT_10049,148
Flt_14248,CGHU,YELV,2025/1/1 20:15,2025/1/1 23:30,320,AFT_10069,208
Flt_14249,WGZL,JTZV,2025/1/1 20:15,2025/1/1 22:40,320,AFT_10112,134
Flt_14250,EFIK,JTZV,2025/1/1 20:15,2025/1/1 22:40,321,AFT_10095,149
Flt_14251,KHPY,JTZV,2025/1/1 20:15,2025/1/1 22:35,320,AFT_10092,127
Flt_14252,UTFU,CGHU,2025/1/1 20:15,2025/1/1 22:55,320,AFT_10103,156
Flt_14253,MEEP,IGVH,2025/1/1 20:20,2025/1/1 23:00,320,AFT_10106,134
Flt_14254,FCVG,XALQ,2025/1/1 20:20,2025/1/1 23:40,321,AFT_10043,188
Flt_14255,XALQ,MEEP,2025/1/1 20:25,2025/1/1 22:20,320,AFT_10130,111
Flt_14256,MOXE,YELV,2025/1/1 20:25,2025/1/1 22:50,320,AFT_10063,137
Flt_14257,KXUZ,JTZV,2025/1/1 20:25,2025/1/1 23:20,321,AFT_10118,150
Flt_14258,JTZV,ZFTY,2025/1/1 20:30,2025/1/1 23:15,320,AFT_10077,153
Flt_14259,XALQ,YELV,2025/1/1 20:30,2025/1/1 22:30,319,AFT_10096,131
Flt_14260,JXKD,DIZB,2025/1/1 20:30,2025/1/1 23:50,320,AFT_10028,184
Flt_14261,ZFTY,UNUN,2025/1/1 20:30,2025/1/2 0:50,320,AFT_10140,244
Flt_14262,JTZV,CTIG,2025/1/1 20:35,2025/1/2 0:15,321,AFT_10113,225
Flt_14263,SZVM,ZFTY,2025/1/1 20:35,2025/1/1 22:40,320,AFT_10010,124
Flt_14264,JTZV,MEEP,2025/1/1 20:35,2025/1/1 22:50,319,AFT_10056,130
Flt_14265,RXPU,JTZV,2025/1/1 20:35,2025/1/1 23:40,321,AFT_10047,182
Flt_14266,AJDW,IGVH,2025/1/1 20:40,2025/1/1 23:15,320,AFT_10041,155
Flt_14267,DJQK,JTZV,2025/1/1 20:40,2025/1/2 0:05,321,AFT_10114,202
Flt_14268,LCYY,IGVH,2025/1/1 20:45,2025/1/2 0:35,320,AFT_10146,236
Flt_14269,DFQN,XALQ,2025/1/1 20:45,2025/1/2 0:40,320,AFT_10102,206
Flt_14270,LCYY,WDWO,2025/1/1 20:50,2025/1/1 23:30,319,AFT_10098,156
Flt_14271,JTZV,IGVH,2025/1/1 20:50,2025/1/1 22:30,320,AFT_10053,75
Flt_14272,KHPY,JTZV,2025/1/1 20:50,2025/1/1 23:00,319,AFT_10071,131
Flt_14273,LBMY,JTZV,2025/1/1 20:50,2025/1/1 22:55,321,AFT_10124,123
Flt_14274,XALQ,DQBQ,2025/1/1 20:55,2025/1/1 23:00,320,AFT_10034,104
Flt_14275,JTZV,LRNO,2025/1/1 20:55,2025/1/1 22:55,320,AFT_10104,97
Flt_14276,PNOJ,ZOEV,2025/1/1 20:55,2025/1/1 23:05,320,AFT_10055,119
Flt_14277,LQVJ,IGVH,2025/1/1 20:55,2025/1/1 22:45,320,AFT_10014,100
Flt_14278,UTFU,ZOEV,2025/1/1 21:00,2025/1/2 0:35,321,AFT_10137,210
Flt_14279,JTZV,QFKO,2025/1/1 21:05,2025/1/1 22:40,320,AFT_10143,99
Flt_14280,XCDO,WDWO,2025/1/1 21:05,2025/1/2 0:50,320,AFT_10115,195
Flt_14281,KIJU,JTZV,2025/1/1 21:10,2025/1/1 23:40,319,AFT_10142,144
Flt_14282,ZMZW,JTZV,2025/1/1 21:10,2025/1/2 0:35,321,AFT_10107,195
Flt_14283,CGHU,YELV,2025/1/1 21:15,2025/1/2 0:40,320,AFT_10030,200
Flt_14284,TLRK,JTZV,2025/1/1 21:15,2025/1/1 23:25,320,AFT_10088,124
Flt_14285,ZFTY,ZBRM,2025/1/1 21:15,2025/1/2 0:25,320,AFT_10061,174
Flt_14286,LCYY,CGHU,2025/1/1 21:20,2025/1/2 0:25,321,AFT_10070,166
Flt_14287,XALQ,XBQP,2025/1/1 21:25,2025/1/1 23:00,320,AFT_10002,100
Flt_14288,JTZV,DIZB,2025/1/1 21:25,2025/1/1 23:40,319,AFT_10076,134
Flt_14289,XALQ,UTFU,2025/1/1 21:30,2025/1/1 23:05,320,AFT_10083,98
Flt_14290,CHCY,CGHU,2025/1/1 21:30,2025/1/2 1:00,320,AFT_10123,190
Flt_14291,OZOS,WDWO,2025/1/1 21:35,2025/1/1 23:45,320,AFT_10075,136
Flt_14292,MJTP,JTZV,2025/1/1 21:35,2025/1/1 23:30,319,AFT_10133,100
Flt_14293,ZBRM,ZOEV,2025/1/1 21:45,2025/1/2 0:20,320,AFT_10008,139
Flt_14294,SVBC,JTZV,2025/1/1 21:50,2025/1/2 0:30,320,AFT_10090,148
Flt_14295,LRNO,JTZV,2025/1/1 21:50,2025/1/1 23:40,321,AFT_10141,111
Flt_14296,JTZV,QQGB,2025/1/1 21:55,2025/1/2 0:15,320,AFT_10058,150
Flt_14297,ZFTY,ZOEV,2025/1/1 21:55,2025/1/2 1:55,320,AFT_10082,243
Flt_14298,MEEP,YELV,2025/1/1 21:55,2025/1/2 0:10,320,AFT_10086,122
Flt_14299,JXKD,JTZV,2025/1/1 21:55,2025/1/1 23:50,319,AFT_10097,92
Flt_14300,IGVH,JTZV,2025/1/1 22:00,2025/1/1 23:40,320,AFT_10054,79
Flt_14301,GSWW,XALQ,2025/1/1 22:05,2025/1/2 0:05,321,AFT_10019,102
Flt_14302,SSNS,JTZV,2025/1/1 22:10,2025/1/2 0:55,321,AFT_10035,175
Flt_14303,ZFTY,XALQ,2025/1/1 22:15,2025/1/2 0:55,321,AFT_10017,167
Flt_14304,IQOA,JTZV,2025/1/1 22:15,2025/1/2 0:40,321,AFT_10084,152
Flt_14305,PNOJ,VEYC,2025/1/1 22:25,2025/1/1 23:35,320,AFT_10026,57
Flt_14306,KXUZ,XALQ,2025/1/1 22:40,2025/1/2 0:55,320,AFT_10033,130
Flt_14307,ZOEV,XALQ,2025/1/1 22:40,2025/1/2 0:55,321,AFT_10094,131
Flt_14308,GCFX,IGVH,2025/1/1 23:05,2025/1/2 1:05,320,AFT_10101,98
Flt_14309,VEYC,KXUZ,2025/1/1 23:10,2025/1/2 1:20,320,AFT_10024,129
Flt_14310,XALQ,ZOEV,2025/1/1 23:10,2025/1/2 1:30,321,AFT_10089,137
Flt_14311,JTZV,IGVH,2025/1/1 23:25,2025/1/2 1:05,320,AFT_10122,83
Flt_14312,XALQ,DIZB,2025/1/1 23:25,2025/1/2 1:30,320,AFT_10018,112
Flt_14313,QFKO,JTZV,2025/1/1 23:25,2025/1/2 1:15,320,AFT_10143,93
Flt_14314,XBQP,XALQ,2025/1/1 23:45,2025/1/2 1:35,320,AFT_10002,81
Flt_14315,DQBQ,XALQ,2025/1/1 23:45,2025/1/2 1:40,320,AFT_10034,107
Flt_14316,UTFU,XALQ,2025/1/1 23:55,2025/1/2 1:50,320,AFT_10083,118
Flt_14317,EJUF,JTZV,2025/1/2 0:20,2025/1/2 5:00,321,AFT_10139,247
Flt_14318,EJUF,LRNO,2025/1/2 6:40,2025/1/2 10:20,321,AFT_10001,199
Flt_14319,LRNO,EJUF,2025/1/2 1:50,2025/1/2 5:10,321,AFT_10001,243
Flt_14320,QPCR,LRNO,2025/1/2 17:55,2025/1/2 20:40,321,AFT_10001,152
Flt_14321,FCVG,LRNO,2025/1/2 16:15,2025/1/2 18:00,321,AFT_10147,116
Flt_14322,LRNO,QPCR,2025/1/2 13:00,2025/1/2 16:25,321,AFT_10001,198
Flt_14323,LRNO,FCVG,2025/1/2 12:30,2025/1/2 14:45,321,AFT_10147,161
Flt_14324,JTZV,LCYY,2025/1/2 6:00,2025/1/2 8:40,321,AFT_10035,142
Flt_14325,ZOEV,WJBU,2025/1/2 6:00,2025/1/2 7:55,320,AFT_10055,102
Flt_14326,CGHU,ZOEV,2025/1/2 6:15,2025/1/2 11:45,320,AFT_10051,345
Flt_14327,JTZV,PERX,2025/1/2 6:25,2025/1/2 9:05,321,AFT_10124,145
Flt_14328,YELV,LRNO,2025/1/2 6:25,2025/1/2 9:40,320,AFT_10086,176
Flt_14329,JTZV,GSWW,2025/1/2 6:25,2025/1/2 7:50,319,AFT_10142,77
Flt_14330,ZOEV,MOXE,2025/1/2 6:25,2025/1/2 9:25,320,AFT_10082,165
Flt_14331,MEEP,JTZV,2025/1/2 6:25,2025/1/2 8:50,319,AFT_10100,131
Flt_14332,JTZV,BKVZ,2025/1/2 6:40,2025/1/2 8:20,320,AFT_10092,87
Flt_14333,JTZV,ZKXC,2025/1/2 6:40,2025/1/2 9:10,320,AFT_10050,134
Flt_14334,IGVH,XALQ,2025/1/2 6:40,2025/1/2 8:20,320,AFT_10106,86
Flt_14335,XALQ,MEEP,2025/1/2 6:50,2025/1/2 9:05,320,AFT_10083,115
Flt_14336,MEEP,XALQ,2025/1/2 6:50,2025/1/2 9:10,320,AFT_10130,121
Flt_14337,KXUZ,JTZV,2025/1/2 6:50,2025/1/2 9:30,320,AFT_10024,141
Flt_14338,JTZV,XCDO,2025/1/2 6:50,2025/1/2 10:30,321,AFT_10025,215
Flt_14339,XALQ,PERX,2025/1/2 6:55,2025/1/2 9:20,321,AFT_10094,137
Flt_14340,XALQ,LRNO,2025/1/2 6:55,2025/1/2 8:45,320,AFT_10034,93
Flt_14341,YELV,GSWW,2025/1/2 6:55,2025/1/2 9:55,320,AFT_10030,183
Flt_14342,WDWO,DIZB,2025/1/2 6:55,2025/1/2 8:45,320,AFT_10022,99
Flt_14343,ZFTY,MOXE,2025/1/2 6:55,2025/1/2 9:45,320,AFT_10077,157
Flt_14344,UNUN,JTZV,2025/1/2 6:55,2025/1/2 10:35,320,AFT_10148,199
Flt_14345,ZFTY,JTZV,2025/1/2 6:55,2025/1/2 9:55,321,AFT_10015,185
Flt_14346,XALQ,WGZL,2025/1/2 7:00,2025/1/2 9:10,320,AFT_10102,124
Flt_14347,PERX,WGZL,2025/1/2 7:00,2025/1/2 10:40,321,AFT_10027,231
Flt_14348,UNUN,WDWO,2025/1/2 7:00,2025/1/2 10:20,320,AFT_10044,200
Flt_14349,DIZB,JXKD,2025/1/2 7:00,2025/1/2 11:00,320,AFT_10028,228
Flt_14350,JTZV,YELV,2025/1/2 7:00,2025/1/2 9:35,321,AFT_10107,143
Flt_14351,CGHU,DIZB,2025/1/2 7:00,2025/1/2 9:35,320,AFT_10103,138
Flt_14352,JTZV,CGHU,2025/1/2 7:00,2025/1/2 10:45,321,AFT_10003,223
Flt_14353,XALQ,CGHU,2025/1/2 7:00,2025/1/2 10:40,320,AFT_10042,211
Flt_14354,JTZV,KXUZ,2025/1/2 7:05,2025/1/2 9:35,321,AFT_10074,137
Flt_14355,IGVH,ZMZW,2025/1/2 7:05,2025/1/2 9:35,320,AFT_10041,125
Flt_14356,ZOEV,DIZB,2025/1/2 7:05,2025/1/2 10:30,321,AFT_10013,207
Flt_14357,XALQ,KXUZ,2025/1/2 7:10,2025/1/2 9:15,320,AFT_10080,111
Flt_14358,CGHU,LBMY,2025/1/2 7:10,2025/1/2 10:50,320,AFT_10009,209
Flt_14359,CGHU,WDWO,2025/1/2 7:10,2025/1/2 11:05,321,AFT_10070,231
Flt_14360,XALQ,YELV,2025/1/2 7:10,2025/1/2 9:15,320,AFT_10011,114
Flt_14361,IGVH,KHPY,2025/1/2 7:15,2025/1/2 9:55,320,AFT_10040,158
Flt_14362,JTZV,IGVH,2025/1/2 7:15,2025/1/2 8:55,320,AFT_10119,75
Flt_14363,JTZV,IRVV,2025/1/2 7:15,2025/1/2 10:25,321,AFT_10141,175
Flt_14364,IGVH,MEEP,2025/1/2 7:20,2025/1/2 9:20,320,AFT_10014,103
Flt_14365,JTZV,TLRK,2025/1/2 7:20,2025/1/2 9:25,320,AFT_10088,112
Flt_14366,WDWO,GPWJ,2025/1/2 7:20,2025/1/2 10:20,319,AFT_10098,173
Flt_14367,JTZV,NYKQ,2025/1/2 7:25,2025/1/2 9:40,320,AFT_10012,118
Flt_14368,ZOEV,PADO,2025/1/2 7:25,2025/1/2 9:00,320,AFT_10008,91
Flt_14369,CGHU,KHPY,2025/1/2 7:25,2025/1/2 10:50,320,AFT_10039,194
Flt_14370,XALQ,WGZL,2025/1/2 7:25,2025/1/2 9:35,321,AFT_10017,118
Flt_14371,JTZV,EZNJ,2025/1/2 7:25,2025/1/2 9:15,321,AFT_10052,101
Flt_14372,JTZV,BKVZ,2025/1/2 7:25,2025/1/2 9:05,320,AFT_10111,85
Flt_14373,IGVH,TJFR,2025/1/2 7:25,2025/1/2 10:10,320,AFT_10122,141
Flt_14374,JTZV,GPWJ,2025/1/2 7:25,2025/1/2 9:30,319,AFT_10059,119
Flt_14375,UNUN,JTZV,2025/1/2 7:25,2025/1/2 11:20,320,AFT_10117,201
Flt_14376,CGHU,JTZV,2025/1/2 7:25,2025/1/2 11:55,320,AFT_10123,272
Flt_14377,VEYC,JTZV,2025/1/2 7:30,2025/1/2 8:35,320,AFT_10060,65
Flt_14378,ZFTY,IGVH,2025/1/2 7:35,2025/1/2 11:30,320,AFT_10073,218
Flt_14379,JTZV,UHBK,2025/1/2 7:40,2025/1/2 9:45,320,AFT_10066,97
Flt_14380,JTZV,JXKD,2025/1/2 7:40,2025/1/2 9:40,320,AFT_10072,102
Flt_14381,YELV,MOXE,2025/1/2 7:40,2025/1/2 10:40,320,AFT_10004,185
Flt_14382,YELV,JTZV,2025/1/2 7:40,2025/1/2 10:40,321,AFT_10135,186
Flt_14383,ZFTY,JTZV,2025/1/2 7:40,2025/1/2 10:45,321,AFT_10065,175
Flt_14384,YELV,MEEP,2025/1/2 7:50,2025/1/2 10:15,321,AFT_10068,138
Flt_14385,CGHU,LCYY,2025/1/2 7:50,2025/1/2 11:25,321,AFT_10038,186
Flt_14386,JTZV,LUEM,2025/1/2 7:50,2025/1/2 10:25,319,AFT_10071,129
Flt_14387,IGVH,JTZV,2025/1/2 7:50,2025/1/2 9:10,320,AFT_10053,69
Flt_14388,JTZV,AJDW,2025/1/2 7:55,2025/1/2 9:55,320,AFT_10067,109
Flt_14389,ZBRM,TLRK,2025/1/2 7:55,2025/1/2 9:25,320,AFT_10061,101
Flt_14390,JTZV,DIZB,2025/1/2 7:55,2025/1/2 10:20,321,AFT_10085,121
Flt_14391,IGVH,TSRM,2025/1/2 7:55,2025/1/2 9:50,320,AFT_10020,86
Flt_14392,JTZV,GPWJ,2025/1/2 7:55,2025/1/2 10:10,319,AFT_10125,138
Flt_14393,LRNO,JTZV,2025/1/2 7:55,2025/1/2 9:55,320,AFT_10138,108
Flt_14394,JTZV,LCYY,2025/1/2 8:00,2025/1/2 10:40,320,AFT_10143,152
Flt_14395,XALQ,IRVV,2025/1/2 8:00,2025/1/2 11:05,320,AFT_10033,170
Flt_14396,JTZV,ZOEV,2025/1/2 8:05,2025/1/2 10:30,321,AFT_10005,148
Flt_14397,CGHU,ZKXC,2025/1/2 8:05,2025/1/2 11:10,320,AFT_10081,178
Flt_14398,XALQ,KIJU,2025/1/2 8:05,2025/1/2 9:45,319,AFT_10109,98
Flt_14399,KXUZ,JTZV,2025/1/2 8:05,2025/1/2 10:40,321,AFT_10078,149
Flt_14400,JTZV,OWAI,2025/1/2 8:10,2025/1/2 10:00,319,AFT_10091,95
Flt_14401,JTZV,WGZL,2025/1/2 8:15,2025/1/2 10:35,321,AFT_10021,132
Flt_14402,JTZV,SSNS,2025/1/2 8:15,2025/1/2 10:35,321,AFT_10120,131
Flt_14403,XALQ,CFEV,2025/1/2 8:15,2025/1/2 11:20,319,AFT_10046,179
Flt_14404,YELV,ZBRM,2025/1/2 8:15,2025/1/2 11:20,319,AFT_10079,198
Flt_14405,JTZV,UNUN,2025/1/2 8:15,2025/1/2 11:40,321,AFT_10048,220
Flt_14406,YELV,YKHO,2025/1/2 8:20,2025/1/2 11:30,320,AFT_10069,195
Flt_14407,UNUN,GCFX,2025/1/2 8:20,2025/1/2 11:40,320,AFT_10140,185
Flt_14408,DIZB,JTZV,2025/1/2 8:20,2025/1/2 11:00,319,AFT_10076,165
Flt_14409,ZOEV,JTZV,2025/1/2 8:20,2025/1/2 10:55,320,AFT_10131,159
Flt_14410,JTZV,QKWB,2025/1/2 8:25,2025/1/2 11:20,320,AFT_10037,148
Flt_14411,ZOEV,XALQ,2025/1/2 8:25,2025/1/2 10:45,321,AFT_10089,144
Flt_14412,WDWO,PNOJ,2025/1/2 8:25,2025/1/2 10:15,320,AFT_10075,101
Flt_14413,JTZV,CFEV,2025/1/2 8:30,2025/1/2 11:05,319,AFT_10093,154
Flt_14414,ZFTY,JTZV,2025/1/2 8:30,2025/1/2 11:35,320,AFT_10010,184
Flt_14415,JTZV,ZMZW,2025/1/2 8:35,2025/1/2 11:20,321,AFT_10149,150
Flt_14416,JTZV,OZOS,2025/1/2 8:35,2025/1/2 11:15,321,AFT_10136,144
Flt_14417,YELV,XALQ,2025/1/2 8:35,2025/1/2 11:25,319,AFT_10096,180
Flt_14418,JTZV,FTOI,2025/1/2 8:35,2025/1/2 10:00,319,AFT_10133,75
Flt_14419,JTZV,KHPY,2025/1/2 8:40,2025/1/2 10:45,321,AFT_10121,124
Flt_14420,JTZV,XGWY,2025/1/2 8:40,2025/1/2 10:10,319,AFT_10097,86
Flt_14421,GSWW,JTZV,2025/1/2 8:40,2025/1/2 10:15,319,AFT_10142,95
Flt_14422,IGVH,GAGH,2025/1/2 8:45,2025/1/2 10:25,320,AFT_10101,90
Flt_14423,XALQ,RXPU,2025/1/2 8:45,2025/1/2 10:55,321,AFT_10043,121
Flt_14424,CGHU,UTFU,2025/1/2 8:50,2025/1/2 11:50,320,AFT_10108,172
Flt_14425,JTZV,RMNJ,2025/1/2 8:55,2025/1/2 11:15,320,AFT_10112,123
Flt_14426,WJBU,GSWW,2025/1/2 8:55,2025/1/2 11:05,320,AFT_10055,128
Flt_14427,JTZV,FCVG,2025/1/2 9:00,2025/1/2 12:10,321,AFT_10099,188
Flt_14428,IGVH,DIZB,2025/1/2 9:00,2025/1/2 11:50,320,AFT_10045,164
Flt_14429,JTZV,RXPU,2025/1/2 9:00,2025/1/2 11:25,321,AFT_10047,133
Flt_14430,CGHU,TJFR,2025/1/2 9:00,2025/1/2 11:55,320,AFT_10006,167
Flt_14431,XALQ,GPWJ,2025/1/2 9:00,2025/1/2 11:35,319,AFT_10087,139
Flt_14432,UNUN,QFKO,2025/1/2 9:05,2025/1/2 11:40,319,AFT_10116,146
Flt_14433,JTZV,DJQK,2025/1/2 9:05,2025/1/2 11:45,320,AFT_10054,144
Flt_14434,JTZV,TJFR,2025/1/2 9:05,2025/1/2 11:20,321,AFT_10139,125
Flt_14435,JTZV,LSYF,2025/1/2 9:05,2025/1/2 11:00,320,AFT_10134,106
Flt_14436,BKVZ,JTZV,2025/1/2 9:05,2025/1/2 10:35,320,AFT_10092,96
Flt_14437,JTZV,XLQE,2025/1/2 9:05,2025/1/2 13:15,320,AFT_10064,259
Flt_14438,WDWO,KXUZ,2025/1/2 9:10,2025/1/2 11:55,320,AFT_10115,161
Flt_14439,JTZV,VBSP,2025/1/2 9:15,2025/1/2 12:30,320,AFT_10090,200
Flt_14440,JTZV,MEEP,2025/1/2 9:15,2025/1/2 11:40,321,AFT_10114,131
Flt_14441,JTZV,JXKD,2025/1/2 9:15,2025/1/2 11:05,320,AFT_10062,106
Flt_14442,ZOEV,SVBC,2025/1/2 9:15,2025/1/2 11:05,321,AFT_10036,109
Flt_14443,YELV,JTZV,2025/1/2 9:15,2025/1/2 12:25,321,AFT_10032,205
Flt_14444,MEEP,JTZV,2025/1/2 9:20,2025/1/2 11:40,319,AFT_10056,141
Flt_14445,XALQ,EZNJ,2025/1/2 9:25,2025/1/2 11:15,320,AFT_10106,104
Flt_14446,JTZV,IGVH,2025/1/2 9:25,2025/1/2 10:55,321,AFT_10129,74
Flt_14447,CGHU,CHCY,2025/1/2 9:25,2025/1/2 13:20,320,AFT_10031,230
Flt_14448,YELV,PNOJ,2025/1/2 9:25,2025/1/2 12:30,320,AFT_10063,191
Flt_14449,JTZV,ZFTY,2025/1/2 9:30,2025/1/2 12:15,321,AFT_10029,145
Flt_14450,MEEP,ZBRM,2025/1/2 9:30,2025/1/2 11:50,320,AFT_10126,131
Flt_14451,JTZV,LPNC,2025/1/2 9:35,2025/1/2 14:10,321,AFT_10057,262
Flt_14452,JTZV,TXMD,2025/1/2 9:35,2025/1/2 13:35,321,AFT_10016,213
Flt_14453,DIZB,CGHU,2025/1/2 9:35,2025/1/2 12:00,320,AFT_10022,132
Flt_14454,DFQN,JTZV,2025/1/2 9:40,2025/1/2 14:00,321,AFT_10105,212
Flt_14455,WDWO,RNVU,2025/1/2 9:40,2025/1/2 12:00,319,AFT_10049,131
Flt_14456,JTZV,WGZL,2025/1/2 9:45,2025/1/2 12:00,320,AFT_10060,140
Flt_14457,DIZB,XALQ,2025/1/2 9:50,2025/1/2 12:25,320,AFT_10018,146
Flt_14458,LRNO,XALQ,2025/1/2 9:50,2025/1/2 11:35,320,AFT_10034,103
Flt_14459,BKVZ,JTZV,2025/1/2 9:50,2025/1/2 11:25,320,AFT_10111,89
Flt_14460,LCYY,JTZV,2025/1/2 9:55,2025/1/2 13:45,321,AFT_10035,207
Flt_14461,JTZV,VNDG,2025/1/2 9:55,2025/1/2 13:15,321,AFT_10128,165
Flt_14462,IGVH,AJDW,2025/1/2 10:00,2025/1/2 12:25,320,AFT_10119,138
Flt_14463,CTIG,JTZV,2025/1/2 10:00,2025/1/2 13:35,321,AFT_10113,226
Flt_14464,ZKXC,JTZV,2025/1/2 10:00,2025/1/2 12:40,320,AFT_10050,169
Flt_14465,PADO,EZNJ,2025/1/2 10:05,2025/1/2 12:30,320,AFT_10008,144
Flt_14466,EZNJ,JTZV,2025/1/2 10:05,2025/1/2 12:15,321,AFT_10052,141
Flt_14467,PERX,JTZV,2025/1/2 10:05,2025/1/2 13:05,321,AFT_10124,186
Flt_14468,JTZV,KZXO,2025/1/2 10:10,2025/1/2 13:35,319,AFT_10100,211
Flt_14469,MOXE,ZOEV,2025/1/2 10:10,2025/1/2 12:45,320,AFT_10082,149
Flt_14470,JTZV,WAQQ,2025/1/2 10:15,2025/1/2 12:25,321,AFT_10118,142
Flt_14471,GPWJ,JTZV,2025/1/2 10:15,2025/1/2 12:10,319,AFT_10059,107
Flt_14472,JTZV,PVTT,2025/1/2 10:20,2025/1/2 15:35,321,AFT_10127,303
Flt_14473,ZOEV,UTFU,2025/1/2 10:20,2025/1/2 13:45,321,AFT_10137,197
Flt_14474,LRNO,DULL,2025/1/2 10:20,2025/1/2 12:10,320,AFT_10104,99
Flt_14475,MEEP,XALQ,2025/1/2 10:20,2025/1/2 12:35,320,AFT_10083,136
Flt_14476,DIZB,WAQQ,2025/1/2 10:25,2025/1/2 13:10,320,AFT_10103,156
Flt_14477,JTZV,KHPY,2025/1/2 10:25,2025/1/2 12:25,320,AFT_10053,106
Flt_14478,MEEP,IGVH,2025/1/2 10:25,2025/1/2 13:00,320,AFT_10014,145
Flt_14479,TLRK,LUEM,2025/1/2 10:25,2025/1/2 12:10,320,AFT_10061,98
Flt_14480,PERX,XALQ,2025/1/2 10:25,2025/1/2 13:20,321,AFT_10094,162
Flt_14481,JXKD,JTZV,2025/1/2 10:25,2025/1/2 12:15,320,AFT_10072,103
Flt_14482,TLRK,JTZV,2025/1/2 10:25,2025/1/2 12:20,320,AFT_10088,105
Flt_14483,NYKQ,JTZV,2025/1/2 10:25,2025/1/2 12:45,320,AFT_10012,136
Flt_14484,JTZV,UNUN,2025/1/2 10:25,2025/1/2 14:10,320,AFT_10138,220
Flt_14485,WGZL,FCVG,2025/1/2 10:30,2025/1/2 12:55,320,AFT_10102,145
Flt_14486,MOXE,JXKD,2025/1/2 10:30,2025/1/2 12:35,320,AFT_10077,124
Flt_14487,CGHU,LCYY,2025/1/2 10:30,2025/1/2 13:45,321,AFT_10023,183
Flt_14488,YELV,XALQ,2025/1/2 10:30,2025/1/2 13:40,320,AFT_10011,173
Flt_14489,UHBK,JTZV,2025/1/2 10:30,2025/1/2 12:45,320,AFT_10066,123
Flt_14490,JTZV,KXUZ,2025/1/2 10:35,2025/1/2 12:50,320,AFT_10024,143
Flt_14491,TSRM,DIZB,2025/1/2 10:35,2025/1/2 12:25,320,AFT_10020,107
Flt_14492,KXUZ,XALQ,2025/1/2 10:40,2025/1/2 13:00,321,AFT_10074,143
Flt_14493,WGZL,XALQ,2025/1/2 10:40,2025/1/2 12:55,321,AFT_10017,127
Flt_14494,AJDW,JTZV,2025/1/2 10:40,2025/1/2 12:55,320,AFT_10067,115
Flt_14495,GSWW,BKCE,2025/1/2 10:45,2025/1/2 12:30,320,AFT_10030,98
Flt_14496,ZMZW,IGVH,2025/1/2 10:45,2025/1/2 14:00,320,AFT_10041,172
Flt_14497,OWAI,JTZV,2025/1/2 10:45,2025/1/2 12:10,319,AFT_10091,76
Flt_14498,FTOI,JTZV,2025/1/2 10:45,2025/1/2 12:10,319,AFT_10133,63
Flt_14499,YELV,JTZV,2025/1/2 10:45,2025/1/2 13:50,321,AFT_10107,204
Flt_14500,KIJU,XALQ,2025/1/2 10:50,2025/1/2 13:05,319,AFT_10109,125
Flt_14501,KXUZ,JTZV,2025/1/2 10:50,2025/1/2 13:45,320,AFT_10080,148
Flt_14502,LRNO,DIZB,2025/1/2 10:55,2025/1/2 13:45,320,AFT_10086,155
Flt_14503,GPWJ,JTZV,2025/1/2 10:55,2025/1/2 12:55,319,AFT_10125,98
Flt_14504,XGWY,JTZV,2025/1/2 10:55,2025/1/2 12:15,319,AFT_10097,63
Flt_14505,KHPY,CGHU,2025/1/2 10:55,2025/1/2 13:40,320,AFT_10040,171
Flt_14506,GPWJ,WDWO,2025/1/2 11:00,2025/1/2 13:35,319,AFT_10098,144
Flt_14507,PNOJ,JXKD,2025/1/2 11:00,2025/1/2 12:45,320,AFT_10075,102
Flt_14508,JTZV,SSNS,2025/1/2 11:00,2025/1/2 13:35,321,AFT_10095,123
Flt_14509,JTZV,VEYC,2025/1/2 11:05,2025/1/2 12:25,321,AFT_10015,80
Flt_14510,TJFR,IRVV,2025/1/2 11:05,2025/1/2 13:15,320,AFT_10122,110
Flt_14511,LUEM,JTZV,2025/1/2 11:10,2025/1/2 14:20,319,AFT_10071,189
Flt_14512,DIZB,JTZV,2025/1/2 11:10,2025/1/2 13:50,321,AFT_10085,158
Flt_14513,QQGB,JTZV,2025/1/2 11:15,2025/1/2 13:25,320,AFT_10058,135
Flt_14514,MOXE,UNUN,2025/1/2 11:25,2025/1/2 14:50,320,AFT_10004,224
Flt_14515,GAGH,IGVH,2025/1/2 11:25,2025/1/2 12:55,320,AFT_10101,84
Flt_14516,WDWO,IGVH,2025/1/2 11:30,2025/1/2 13:50,320,AFT_10044,128
Flt_14517,MEEP,YELV,2025/1/2 11:35,2025/1/2 13:35,321,AFT_10068,107
Flt_14518,IRVV,JTZV,2025/1/2 11:35,2025/1/2 16:15,321,AFT_10141,250
Flt_14519,JTZV,IQOA,2025/1/2 11:40,2025/1/2 13:50,321,AFT_10135,123
Flt_14520,XCDO,JTZV,2025/1/2 11:40,2025/1/2 16:25,321,AFT_10025,260
Flt_14521,ZOEV,JTZV,2025/1/2 11:40,2025/1/2 14:30,321,AFT_10005,167
Flt_14522,JTZV,SEWU,2025/1/2 11:40,2025/1/2 16:00,320,AFT_10092,248
Flt_14523,DIZB,XCDO,2025/1/2 11:40,2025/1/2 13:40,321,AFT_10013,115
Flt_14524,WGZL,PERX,2025/1/2 11:45,2025/1/2 15:30,321,AFT_10027,221
Flt_14525,JTZV,KXUZ,2025/1/2 11:45,2025/1/2 14:00,321,AFT_10078,140
Flt_14526,LSYF,ZMZW,2025/1/2 11:45,2025/1/2 13:10,320,AFT_10134,75
Flt_14527,JTZV,OQIB,2025/1/2 11:45,2025/1/2 14:25,320,AFT_10148,143
Flt_14528,KHPY,JTZV,2025/1/2 11:45,2025/1/2 14:10,321,AFT_10121,127
Flt_14529,JTZV,UTFU,2025/1/2 11:50,2025/1/2 13:45,319,AFT_10142,105
Flt_14530,LBMY,LRNO,2025/1/2 11:50,2025/1/2 13:55,320,AFT_10009,137
Flt_14531,KHPY,JXKD,2025/1/2 11:50,2025/1/2 15:15,320,AFT_10039,202
Flt_14532,CGHU,XALQ,2025/1/2 11:50,2025/1/2 16:20,321,AFT_10003,278
Flt_14533,SSNS,JTZV,2025/1/2 11:50,2025/1/2 14:40,321,AFT_10120,173
Flt_14534,GSWW,JTZV,2025/1/2 11:55,2025/1/2 14:05,320,AFT_10055,95
Flt_14535,WGZL,JTZV,2025/1/2 11:55,2025/1/2 14:25,321,AFT_10021,145
Flt_14536,CGHU,JTZV,2025/1/2 11:55,2025/1/2 16:45,320,AFT_10042,288
Flt_14537,LCYY,JTZV,2025/1/2 11:55,2025/1/2 15:35,320,AFT_10143,212
Flt_14538,SVBC,UTFU,2025/1/2 12:00,2025/1/2 14:50,321,AFT_10036,135
Flt_14539,ZKXC,WGZL,2025/1/2 12:00,2025/1/2 14:55,320,AFT_10081,183
Flt_14540,RMNJ,JTZV,2025/1/2 12:00,2025/1/2 14:40,320,AFT_10112,143
Flt_14541,JXKD,JTZV,2025/1/2 12:00,2025/1/2 13:45,320,AFT_10062,96
Flt_14542,IGVH,JTZV,2025/1/2 12:00,2025/1/2 13:30,321,AFT_10129,75
Flt_14543,XALQ,UNUN,2025/1/2 12:00,2025/1/2 16:00,321,AFT_10089,255
Flt_14544,ZBRM,JXKD,2025/1/2 12:05,2025/1/2 13:45,319,AFT_10079,92
Flt_14545,JXKD,XALQ,2025/1/2 12:05,2025/1/2 14:05,320,AFT_10028,110
Flt_14546,IRVV,XALQ,2025/1/2 12:05,2025/1/2 16:00,320,AFT_10033,234
Flt_14547,EZNJ,XALQ,2025/1/2 12:05,2025/1/2 14:05,320,AFT_10106,113
Flt_14548,TJFR,JTZV,2025/1/2 12:05,2025/1/2 15:00,321,AFT_10139,159
Flt_14549,OZOS,HPGC,2025/1/2 12:05,2025/1/2 13:20,321,AFT_10136,62
Flt_14550,WDWO,DQBQ,2025/1/2 12:10,2025/1/2 14:40,321,AFT_10070,156
Flt_14551,JTZV,DIZB,2025/1/2 12:10,2025/1/2 14:35,321,AFT_10065,126
Flt_14552,RXPU,XALQ,2025/1/2 12:10,2025/1/2 14:40,321,AFT_10043,149
Flt_14553,QKWB,JTZV,2025/1/2 12:10,2025/1/2 15:35,320,AFT_10037,191
Flt_14554,YKHO,YELV,2025/1/2 12:15,2025/1/2 14:30,320,AFT_10069,126
Flt_14555,CFEV,JTZV,2025/1/2 12:20,2025/1/2 14:15,319,AFT_10093,118
Flt_14556,GCFX,LRNO,2025/1/2 12:25,2025/1/2 14:30,320,AFT_10140,116
Flt_14557,CFEV,XALQ,2025/1/2 12:25,2025/1/2 15:05,319,AFT_10046,139
Flt_14558,GPWJ,XALQ,2025/1/2 12:25,2025/1/2 15:00,319,AFT_10087,111
Flt_14559,QFKO,CFEV,2025/1/2 12:25,2025/1/2 14:55,319,AFT_10116,134
Flt_14560,JTZV,CFEV,2025/1/2 12:30,2025/1/2 15:15,319,AFT_10076,159
Flt_14561,ZMZW,JTZV,2025/1/2 12:30,2025/1/2 15:50,321,AFT_10149,193
Flt_14562,RXPU,JTZV,2025/1/2 12:30,2025/1/2 15:40,321,AFT_10047,191
Flt_14563,JTZV,DQBQ,2025/1/2 12:35,2025/1/2 14:40,320,AFT_10131,106
Flt_14564,DJQK,JTZV,2025/1/2 12:35,2025/1/2 15:55,320,AFT_10054,198
Flt_14565,IGVH,SZVM,2025/1/2 12:35,2025/1/2 14:20,320,AFT_10073,105
Flt_14566,XALQ,CFEV,2025/1/2 12:40,2025/1/2 15:35,319,AFT_10096,181
Flt_14567,JTZV,AWPD,2025/1/2 12:45,2025/1/2 17:15,320,AFT_10117,267
Flt_14568,XALQ,SSNS,2025/1/2 12:50,2025/1/2 14:45,320,AFT_10130,127
Flt_14569,JTZV,LCYY,2025/1/2 12:50,2025/1/2 15:15,320,AFT_10010,142
Flt_14570,VEYC,PNOJ,2025/1/2 12:50,2025/1/2 13:45,320,AFT_10026,55
Flt_14571,JTZV,UNUN,2025/1/2 12:50,2025/1/2 16:50,319,AFT_10056,218
Flt_14572,UTFU,DQBQ,2025/1/2 12:55,2025/1/2 15:40,320,AFT_10108,180
Flt_14573,LUEM,TLRK,2025/1/2 12:55,2025/1/2 14:50,320,AFT_10061,117
Flt_14574,XALQ,KXUZ,2025/1/2 12:55,2025/1/2 15:00,320,AFT_10034,113
Flt_14575,XALQ,LBMY,2025/1/2 12:55,2025/1/2 14:35,321,AFT_10019,94
Flt_14576,TJFR,WJBU,2025/1/2 12:55,2025/1/2 15:40,320,AFT_10006,163
Flt_14577,MEEP,JTZV,2025/1/2 12:55,2025/1/2 15:30,321,AFT_10114,143
Flt_14578,UNUN,JTZV,2025/1/2 12:55,2025/1/2 16:40,321,AFT_10048,203
Flt_14579,ZOEV,CGHU,2025/1/2 12:55,2025/1/2 18:05,320,AFT_10051,308
Flt_14580,XALQ,ZFTY,2025/1/2 13:00,2025/1/2 15:35,320,AFT_10002,144
Flt_14581,RNVU,WDWO,2025/1/2 13:00,2025/1/2 15:00,319,AFT_10049,112
Flt_14582,LCYY,CGHU,2025/1/2 13:00,2025/1/2 15:50,321,AFT_10038,170
Flt_14583,JTZV,QFKO,2025/1/2 13:05,2025/1/2 14:50,320,AFT_10123,94
Flt_14584,WGZL,JTZV,2025/1/2 13:05,2025/1/2 15:25,320,AFT_10060,149
Flt_14585,DULL,PERX,2025/1/2 13:10,2025/1/2 15:30,320,AFT_10104,129
Flt_14586,ZBRM,MEEP,2025/1/2 13:10,2025/1/2 15:30,320,AFT_10126,113
Flt_14587,KXUZ,WDWO,2025/1/2 13:10,2025/1/2 16:05,320,AFT_10115,152
Flt_14588,DIZB,IGVH,2025/1/2 13:10,2025/1/2 16:25,320,AFT_10045,189
Flt_14589,FCVG,JTZV,2025/1/2 13:10,2025/1/2 16:15,321,AFT_10099,180
Flt_14590,WAQQ,JTZV,2025/1/2 13:10,2025/1/2 15:45,321,AFT_10118,157
Flt_14591,VEYC,JTZV,2025/1/2 13:10,2025/1/2 14:25,321,AFT_10015,68
Flt_14592,AJDW,XCDO,2025/1/2 13:10,2025/1/2 15:45,320,AFT_10119,160
Flt_14593,JTZV,JNLE,2025/1/2 13:15,2025/1/2 15:15,319,AFT_10133,113
Flt_14594,BKCE,GSWW,2025/1/2 13:15,2025/1/2 14:45,320,AFT_10030,91
Flt_14595,DIZB,TSRM,2025/1/2 13:15,2025/1/2 15:30,320,AFT_10020,131
Flt_14596,JTZV,SGXO,2025/1/2 13:15,2025/1/2 14:20,319,AFT_10097,52
Flt_14597,JTZV,LBMY,2025/1/2 13:20,2025/1/2 15:05,321,AFT_10052,93
Flt_14598,JTZV,JXKD,2025/1/2 13:20,2025/1/2 15:25,319,AFT_10059,125
Flt_14599,PNOJ,YELV,2025/1/2 13:20,2025/1/2 15:55,320,AFT_10063,133
Flt_14600,JTZV,TJFR,2025/1/2 13:20,2025/1/2 15:40,319,AFT_10091,128
Flt_14601,JTZV,TKCE,2025/1/2 13:20,2025/1/2 17:20,320,AFT_10111,228
Flt_14602,JTZV,KXUZ,2025/1/2 13:25,2025/1/2 15:40,320,AFT_10088,126
Flt_14603,KHPY,XCDO,2025/1/2 13:25,2025/1/2 16:10,320,AFT_10053,159
Flt_14604,JTZV,ZFTY,2025/1/2 13:30,2025/1/2 16:15,321,AFT_10032,143
Flt_14605,JXKD,PNOJ,2025/1/2 13:30,2025/1/2 15:15,320,AFT_10075,96
Flt_14606,VBSP,JTZV,2025/1/2 13:30,2025/1/2 17:30,320,AFT_10090,247
Flt_14607,XALQ,MEEP,2025/1/2 13:35,2025/1/2 15:30,321,AFT_10017,109
Flt_14608,EZNJ,PADO,2025/1/2 13:35,2025/1/2 16:15,320,AFT_10008,160
Flt_14609,JTZV,MEEP,2025/1/2 13:40,2025/1/2 16:05,320,AFT_10050,125
Flt_14610,ZFTY,JTZV,2025/1/2 13:40,2025/1/2 17:00,321,AFT_10029,194
Flt_14611,JTZV,PERX,2025/1/2 13:55,2025/1/2 16:40,321,AFT_10124,147
Flt_14612,JTZV,MKLY,2025/1/2 13:55,2025/1/2 19:00,320,AFT_10012,289
Flt_14613,XALQ,TLRK,2025/1/2 14:00,2025/1/2 15:25,320,AFT_10083,86
Flt_14614,XLQE,JTZV,2025/1/2 14:00,2025/1/2 17:55,320,AFT_10064,214
Flt_14615,FCVG,WGZL,2025/1/2 14:05,2025/1/2 16:20,320,AFT_10102,125
Flt_14616,HPGC,OZOS,2025/1/2 14:05,2025/1/2 15:25,321,AFT_10136,82
Flt_14617,IGVH,GCFX,2025/1/2 14:05,2025/1/2 16:05,320,AFT_10101,100
Flt_14618,JTZV,UXIL,2025/1/2 14:10,2025/1/2 16:05,319,AFT_10125,106
Flt_14619,XALQ,DULL,2025/1/2 14:10,2025/1/2 15:50,319,AFT_10109,98
Flt_14620,JTZV,QKWB,2025/1/2 14:10,2025/1/2 17:00,321,AFT_10150,140
Flt_14621,ZMZW,LSYF,2025/1/2 14:10,2025/1/2 15:50,320,AFT_10134,90
Flt_14622,CGHU,DIZB,2025/1/2 14:15,2025/1/2 16:50,320,AFT_10022,149
Flt_14623,VNDG,JTZV,2025/1/2 14:15,2025/1/2 17:50,321,AFT_10128,211
Flt_14624,XALQ,KHPY,2025/1/2 14:20,2025/1/2 16:00,321,AFT_10074,111
Flt_14625,CHCY,WGZL,2025/1/2 14:20,2025/1/2 17:10,320,AFT_10031,149
Flt_14626,WAQQ,DIZB,2025/1/2 14:20,2025/1/2 16:45,320,AFT_10103,130
Flt_14627,IRVV,TJFR,2025/1/2 14:20,2025/1/2 16:30,320,AFT_10122,136
Flt_14628,JXKD,MOXE,2025/1/2 14:25,2025/1/2 16:30,320,AFT_10077,105
Flt_14629,PNOJ,DJQK,2025/1/2 14:30,2025/1/2 16:55,320,AFT_10026,143
Flt_14630,JXKD,ZBRM,2025/1/2 14:30,2025/1/2 16:10,319,AFT_10079,85
Flt_14631,DIZB,LRNO,2025/1/2 14:35,2025/1/2 17:50,320,AFT_10086,187
Flt_14632,KZXO,JTZV,2025/1/2 14:35,2025/1/2 17:35,319,AFT_10100,154
Flt_14633,UTFU,JTZV,2025/1/2 14:35,2025/1/2 17:15,319,AFT_10142,138
Flt_14634,JTZV,CGHU,2025/1/2 14:35,2025/1/2 18:20,320,AFT_10072,221
Flt_14635,JTZV,DFQN,2025/1/2 14:40,2025/1/2 18:40,321,AFT_10113,241
Flt_14636,JTZV,GYYK,2025/1/2 14:40,2025/1/2 18:15,321,AFT_10129,196
Flt_14637,XCDO,DIZB,2025/1/2 14:45,2025/1/2 16:55,321,AFT_10013,135
Flt_14638,YELV,XCDO,2025/1/2 14:45,2025/1/2 17:45,321,AFT_10068,178
Flt_14639,UTFU,IRVV,2025/1/2 14:45,2025/1/2 16:40,321,AFT_10137,100
Flt_14640,JTZV,VAYQ,2025/1/2 14:50,2025/1/2 18:55,320,AFT_10062,239
Flt_14641,JTZV,YNHL,2025/1/2 14:55,2025/1/2 17:35,321,AFT_10105,141
Flt_14642,CGHU,KHPY,2025/1/2 14:55,2025/1/2 18:00,320,AFT_10040,188
Flt_14643,IGVH,WDWO,2025/1/2 14:55,2025/1/2 17:05,320,AFT_10044,125
Flt_14644,CGHU,SSNS,2025/1/2 14:55,2025/1/2 18:05,321,AFT_10007,177
Flt_14645,SSNS,JTZV,2025/1/2 14:55,2025/1/2 17:45,321,AFT_10095,180
Flt_14646,LCYY,CGHU,2025/1/2 14:55,2025/1/2 18:00,321,AFT_10023,158
Flt_14647,JTZV,NUHU,2025/1/2 15:00,2025/1/2 16:50,320,AFT_10058,101
Flt_14648,JTZV,YELV,2025/1/2 15:00,2025/1/2 17:40,321,AFT_10035,138
Flt_14649,JTZV,SSNS,2025/1/2 15:00,2025/1/2 17:30,320,AFT_10080,133
Flt_14650,JTZV,ZNIR,2025/1/2 15:00,2025/1/2 17:40,321,AFT_10085,136
Flt_14651,JTZV,RXPU,2025/1/2 15:00,2025/1/2 17:30,321,AFT_10107,129
Flt_14652,IQOA,JTZV,2025/1/2 15:00,2025/1/2 17:40,321,AFT_10135,141
Flt_14653,SZVM,SSNS,2025/1/2 15:05,2025/1/2 16:45,320,AFT_10073,98
Flt_14654,XALQ,LCYY,2025/1/2 15:05,2025/1/2 17:30,321,AFT_10094,143
Flt_14655,SGXO,ZGGH,2025/1/2 15:05,2025/1/2 17:30,319,AFT_10097,126
Flt_14656,UNUN,ZFTY,2025/1/2 15:10,2025/1/2 19:15,320,AFT_10138,223
Flt_14657,LRNO,LBMY,2025/1/2 15:10,2025/1/2 17:00,320,AFT_10009,96
Flt_14658,TXMD,JTZV,2025/1/2 15:10,2025/1/2 20:35,321,AFT_10016,315
Flt_14659,OQIB,VNDG,2025/1/2 15:10,2025/1/2 16:15,320,AFT_10148,69
Flt_14660,XALQ,JXKD,2025/1/2 15:15,2025/1/2 17:20,320,AFT_10011,118
Flt_14661,XALQ,IGVH,2025/1/2 15:15,2025/1/2 16:50,320,AFT_10106,82
Flt_14662,JTZV,FCVG,2025/1/2 15:25,2025/1/2 18:45,321,AFT_10121,204
Flt_14663,DQBQ,WDWO,2025/1/2 15:25,2025/1/2 17:55,321,AFT_10070,143
Flt_14664,DQBQ,JTZV,2025/1/2 15:25,2025/1/2 17:40,320,AFT_10131,117
Flt_14665,KXUZ,JTZV,2025/1/2 15:25,2025/1/2 18:00,321,AFT_10078,150
Flt_14666,JTZV,ZFTY,2025/1/2 15:30,2025/1/2 18:15,321,AFT_10015,143
Flt_14667,JTZV,TLRK,2025/1/2 15:30,2025/1/2 17:20,319,AFT_10071,96
Flt_14668,JTZV,GSWW,2025/1/2 15:30,2025/1/2 17:05,320,AFT_10055,92
Flt_14669,LRNO,GCFX,2025/1/2 15:30,2025/1/2 17:35,320,AFT_10140,124
Flt_14670,JTZV,CFEV,2025/1/2 15:30,2025/1/2 18:25,319,AFT_10093,146
Flt_14671,CFEV,QFKO,2025/1/2 15:35,2025/1/2 17:35,319,AFT_10116,115
Flt_14672,GSWW,YELV,2025/1/2 15:35,2025/1/2 18:25,320,AFT_10030,165
Flt_14673,JTZV,DIZB,2025/1/2 15:35,2025/1/2 17:50,321,AFT_10021,126
Flt_14674,IGVH,JTZV,2025/1/2 15:35,2025/1/2 17:20,320,AFT_10014,70
Flt_14675,UTFU,SVBC,2025/1/2 15:40,2025/1/2 18:25,321,AFT_10036,143
Flt_14676,LPNC,JTZV,2025/1/2 15:40,2025/1/2 21:45,321,AFT_10057,395
Flt_14677,QFKO,JTZV,2025/1/2 15:40,2025/1/2 17:35,320,AFT_10123,100
Flt_14678,DIZB,JTZV,2025/1/2 15:40,2025/1/2 18:30,321,AFT_10065,160
Flt_14679,YELV,CGHU,2025/1/2 15:40,2025/1/2 19:15,320,AFT_10069,194
Flt_14680,SSNS,XALQ,2025/1/2 15:50,2025/1/2 18:20,320,AFT_10130,137
Flt_14681,TLRK,ZBRM,2025/1/2 15:50,2025/1/2 17:50,320,AFT_10061,109
Flt_14682,JTZV,OJAV,2025/1/2 15:55,2025/1/2 18:35,320,AFT_10112,133
Flt_14683,JXKD,KHPY,2025/1/2 16:00,2025/1/2 18:55,320,AFT_10039,176
Flt_14684,PNOJ,WDWO,2025/1/2 16:00,2025/1/2 17:40,320,AFT_10075,106
Flt_14685,JTZV,LCYY,2025/1/2 16:00,2025/1/2 18:40,321,AFT_10005,158
Flt_14686,JNLE,JTZV,2025/1/2 16:00,2025/1/2 18:25,319,AFT_10133,130
Flt_14687,XALQ,VNDG,2025/1/2 16:00,2025/1/2 18:35,320,AFT_10028,155
Flt_14688,XALQ,FCVG,2025/1/2 16:05,2025/1/2 19:20,321,AFT_10043,216
Flt_14689,XALQ,ZMZW,2025/1/2 16:05,2025/1/2 18:20,319,AFT_10046,125
Flt_14690,WGZL,ZKXC,2025/1/2 16:05,2025/1/2 18:50,320,AFT_10081,152
Flt_14691,JTZV,CHCY,2025/1/2 16:05,2025/1/2 18:45,321,AFT_10139,144
Flt_14692,LBMY,XALQ,2025/1/2 16:05,2025/1/2 17:45,321,AFT_10052,100
Flt_14693,JTZV,MEEP,2025/1/2 16:10,2025/1/2 18:35,321,AFT_10120,125
Flt_14694,WDWO,CFEV,2025/1/2 16:10,2025/1/2 19:35,319,AFT_10098,204
Flt_14695,LBMY,JTZV,2025/1/2 16:10,2025/1/2 18:10,321,AFT_10019,131
Flt_14696,JXKD,JTZV,2025/1/2 16:10,2025/1/2 18:05,319,AFT_10059,117
Flt_14697,TSRM,IGVH,2025/1/2 16:15,2025/1/2 18:05,320,AFT_10020,97
Flt_14698,KXUZ,XALQ,2025/1/2 16:15,2025/1/2 18:30,320,AFT_10034,138
Flt_14699,OZOS,JTZV,2025/1/2 16:15,2025/1/2 19:35,321,AFT_10136,196
Flt_14700,UNUN,MOXE,2025/1/2 16:20,2025/1/2 19:40,320,AFT_10004,206
Flt_14701,CFEV,JTZV,2025/1/2 16:20,2025/1/2 18:15,319,AFT_10076,116
Flt_14702,DQBQ,UTFU,2025/1/2 16:25,2025/1/2 19:25,320,AFT_10108,163
Flt_14703,TLRK,XALQ,2025/1/2 16:25,2025/1/2 18:10,320,AFT_10083,83
Flt_14704,TJFR,JTZV,2025/1/2 16:25,2025/1/2 19:10,319,AFT_10091,166
Flt_14705,PERX,DULL,2025/1/2 16:30,2025/1/2 18:45,320,AFT_10104,137
Flt_14706,LCYY,JTZV,2025/1/2 16:30,2025/1/2 19:55,320,AFT_10010,207
Flt_14707,JTZV,VEYC,2025/1/2 16:30,2025/1/2 17:30,320,AFT_10060,66
Flt_14708,IGVH,SSNS,2025/1/2 16:35,2025/1/2 19:10,320,AFT_10041,145
Flt_14709,LSYF,JTZV,2025/1/2 16:35,2025/1/2 18:45,320,AFT_10134,124
Flt_14710,ZOEV,ZFTY,2025/1/2 16:40,2025/1/2 20:40,320,AFT_10082,225
Flt_14711,XCDO,AJDW,2025/1/2 16:40,2025/1/2 19:35,320,AFT_10119,164
Flt_14712,XALQ,WGZL,2025/1/2 16:40,2025/1/2 18:40,320,AFT_10018,116
Flt_14713,WJBU,TJFR,2025/1/2 16:40,2025/1/2 18:55,320,AFT_10006,117
Flt_14714,DULL,EEJN,2025/1/2 16:40,2025/1/2 18:00,319,AFT_10109,76
Flt_14715,CFEV,XALQ,2025/1/2 16:40,2025/1/2 19:10,319,AFT_10096,153
Flt_14716,JTZV,KXUZ,2025/1/2 16:45,2025/1/2 19:05,321,AFT_10114,129
Flt_14717,MEEP,XALQ,2025/1/2 16:45,2025/1/2 18:55,321,AFT_10017,145
Flt_14718,MEEP,PNOJ,2025/1/2 16:45,2025/1/2 18:55,320,AFT_10126,135
Flt_14719,JTZV,WAQQ,2025/1/2 16:50,2025/1/2 19:15,321,AFT_10118,138
Flt_14720,GCFX,DIZB,2025/1/2 16:50,2025/1/2 19:00,320,AFT_10101,116
Flt_14721,PERX,DJQK,2025/1/2 16:50,2025/1/2 18:55,321,AFT_10027,124
Flt_14722,CGHU,LCYY,2025/1/2 16:50,2025/1/2 20:10,321,AFT_10038,179
Flt_14723,ZFTY,XALQ,2025/1/2 16:50,2025/1/2 19:50,320,AFT_10002,157
Flt_14724,UXIL,JTZV,2025/1/2 16:50,2025/1/2 18:35,319,AFT_10125,89
Flt_14725,JTZV,WGZL,2025/1/2 16:55,2025/1/2 19:05,320,AFT_10066,125
Flt_14726,JTZV,ZMZW,2025/1/2 16:55,2025/1/2 19:35,321,AFT_10047,146
Flt_14727,ZBRM,YELV,2025/1/2 16:55,2025/1/2 19:35,319,AFT_10079,141
Flt_14728,KXUZ,JTZV,2025/1/2 16:55,2025/1/2 20:00,320,AFT_10088,160
Flt_14729,XCDO,KHPY,2025/1/2 17:00,2025/1/2 19:50,320,AFT_10053,176
Flt_14730,JTZV,DJQK,2025/1/2 17:00,2025/1/2 19:40,320,AFT_10054,146
Flt_14731,PVTT,JTZV,2025/1/2 17:00,2025/1/2 21:30,321,AFT_10127,270
Flt_14732,SEWU,JTZV,2025/1/2 17:00,2025/1/2 21:00,320,AFT_10092,208
Flt_14733,XALQ,SSNS,2025/1/2 17:05,2025/1/2 18:55,320,AFT_10033,112
Flt_14734,JTZV,RXPU,2025/1/2 17:05,2025/1/2 19:30,320,AFT_10037,137
Flt_14735,KHPY,XALQ,2025/1/2 17:05,2025/1/2 19:20,321,AFT_10074,106
Flt_14736,MEEP,JTZV,2025/1/2 17:10,2025/1/2 19:30,320,AFT_10050,157
Flt_14737,MOXE,ZFTY,2025/1/2 17:15,2025/1/2 19:55,320,AFT_10077,150
Flt_14738,JTZV,KHPY,2025/1/2 17:15,2025/1/2 19:15,321,AFT_10149,112
Flt_14739,WDWO,XCDO,2025/1/2 17:15,2025/1/2 20:10,320,AFT_10115,177
Flt_14740,JTZV,XTHX,2025/1/2 17:20,2025/1/2 18:50,320,AFT_10067,78
Flt_14741,VNDG,OQIB,2025/1/2 17:20,2025/1/2 18:30,320,AFT_10148,67
Flt_14742,PADO,ZOEV,2025/1/2 17:25,2025/1/2 19:10,320,AFT_10008,105
Flt_14743,JTZV,ZFTY,2025/1/2 17:30,2025/1/2 20:15,321,AFT_10025,142
Flt_14744,IGVH,PERX,2025/1/2 17:30,2025/1/2 20:45,320,AFT_10045,198
Flt_14745,TJFR,IGVH,2025/1/2 17:30,2025/1/2 20:45,320,AFT_10122,192
Flt_14746,NUHU,JTZV,2025/1/2 17:35,2025/1/2 19:15,320,AFT_10058,95
Flt_14747,ZFTY,JTZV,2025/1/2 17:40,2025/1/2 21:00,321,AFT_10032,172
Flt_14748,PERX,JTZV,2025/1/2 17:45,2025/1/2 21:00,321,AFT_10124,169
Flt_14749,DIZB,CGHU,2025/1/2 17:45,2025/1/2 20:15,320,AFT_10103,127
Flt_14750,IRVV,UTFU,2025/1/2 17:50,2025/1/2 20:05,321,AFT_10137,123
Flt_14751,YELV,MEEP,2025/1/2 17:50,2025/1/2 20:30,320,AFT_10063,149
Flt_14752,JTZV,LBMY,2025/1/2 17:50,2025/1/2 19:45,320,AFT_10042,100
Flt_14753,UNUN,XALQ,2025/1/2 17:50,2025/1/2 21:55,321,AFT_10089,202
Flt_14754,QKWB,JTZV,2025/1/2 17:50,2025/1/2 21:05,321,AFT_10150,182
Flt_14755,GSWW,WJBU,2025/1/2 17:55,2025/1/2 20:10,320,AFT_10055,121
Flt_14756,DJQK,PNOJ,2025/1/2 17:55,2025/1/2 21:10,320,AFT_10026,182
Flt_14757,SSNS,SZVM,2025/1/2 17:55,2025/1/2 20:00,320,AFT_10073,120
Flt_14758,WGZL,XALQ,2025/1/2 18:00,2025/1/2 20:05,320,AFT_10102,133
Flt_14759,AWPD,JTZV,2025/1/2 18:00,2025/1/2 22:10,320,AFT_10117,219
Flt_14760,UNUN,JTZV,2025/1/2 18:00,2025/1/2 21:45,319,AFT_10056,191
Flt_14761,JTZV,TLRK,2025/1/2 18:05,2025/1/2 20:10,321,AFT_10141,98
Flt_14762,DIZB,ZOEV,2025/1/2 18:05,2025/1/2 21:40,321,AFT_10013,222
Flt_14763,JTZV,YELV,2025/1/2 18:05,2025/1/2 20:35,320,AFT_10143,140
Flt_14764,JXKD,DIZB,2025/1/2 18:05,2025/1/2 21:35,320,AFT_10011,202
Flt_14765,IGVH,LCYY,2025/1/2 18:05,2025/1/2 21:00,320,AFT_10106,169
Flt_14766,TKCE,JTZV,2025/1/2 18:05,2025/1/2 22:00,320,AFT_10111,194
Flt_14767,DIZB,WDWO,2025/1/2 18:10,2025/1/2 20:15,320,AFT_10022,110
Flt_14768,LBMY,CGHU,2025/1/2 18:10,2025/1/2 21:30,320,AFT_10009,190
Flt_14769,JTZV,KIJU,2025/1/2 18:15,2025/1/2 20:20,321,AFT_10048,115
Flt_14770,WGZL,CHCY,2025/1/2 18:15,2025/1/2 20:25,320,AFT_10031,120
Flt_14771,ZGGH,SGXO,2025/1/2 18:15,2025/1/2 21:00,319,AFT_10097,153
Flt_14772,WDWO,UNUN,2025/1/2 18:15,2025/1/2 21:55,320,AFT_10044,219
Flt_14773,TLRK,JTZV,2025/1/2 18:20,2025/1/2 20:00,319,AFT_10071,106
Flt_14774,GCFX,UNUN,2025/1/2 18:20,2025/1/2 21:50,320,AFT_10140,214
Flt_14775,QFKO,UNUN,2025/1/2 18:20,2025/1/2 21:05,319,AFT_10116,158
Flt_14777,JTZV,EJUF,2025/1/2 18:35,2025/1/2 23:20,321,AFT_10135,279
Flt_14778,ZBRM,ZFTY,2025/1/2 18:35,2025/1/2 21:10,320,AFT_10061,149
Flt_14779,XCDO,YELV,2025/1/2 18:35,2025/1/2 21:35,321,AFT_10068,209
Flt_14780,JTZV,SSNS,2025/1/2 18:35,2025/1/2 21:00,319,AFT_10142,126
Flt_14781,WDWO,LCYY,2025/1/2 18:35,2025/1/2 20:55,319,AFT_10049,132
Flt_14782,YNHL,JTZV,2025/1/2 18:40,2025/1/2 21:20,321,AFT_10105,158
Flt_14783,RXPU,JTZV,2025/1/2 18:40,2025/1/2 21:50,321,AFT_10107,178
Flt_14784,JTZV,WGZL,2025/1/2 18:45,2025/1/2 21:15,321,AFT_10029,126
Flt_14785,EEJN,DULL,2025/1/2 18:45,2025/1/2 20:30,319,AFT_10109,93
Flt_14786,LCYY,XALQ,2025/1/2 18:45,2025/1/2 22:00,321,AFT_10094,166
Flt_14787,SSNS,JTZV,2025/1/2 18:45,2025/1/2 21:45,320,AFT_10080,174
Flt_14788,YELV,JTZV,2025/1/2 18:55,2025/1/2 22:20,321,AFT_10035,196
Flt_14789,JTZV,LRNO,2025/1/2 19:00,2025/1/2 21:00,319,AFT_10059,100
Flt_14790,JTZV,IQOA,2025/1/2 19:00,2025/1/2 21:25,321,AFT_10095,130
Flt_14791,DIZB,JTZV,2025/1/2 19:00,2025/1/2 22:00,321,AFT_10021,159
Flt_14792,JTZV,UNUN,2025/1/2 19:00,2025/1/2 22:45,320,AFT_10064,233
Flt_14793,KHPY,IGVH,2025/1/2 19:05,2025/1/2 22:05,320,AFT_10040,168
Flt_14794,WDWO,CGHU,2025/1/2 19:05,2025/1/2 22:15,321,AFT_10070,186
Flt_14795,JTZV,MJTP,2025/1/2 19:10,2025/1/2 20:50,320,AFT_10090,95
Flt_14796,SVBC,ZOEV,2025/1/2 19:10,2025/1/2 21:00,321,AFT_10036,111
Flt_14797,ZNIR,JTZV,2025/1/2 19:10,2025/1/2 22:20,321,AFT_10085,178
Flt_14798,SSNS,CGHU,2025/1/2 19:10,2025/1/2 22:00,321,AFT_10007,154
Flt_14799,JTZV,YELV,2025/1/2 19:15,2025/1/2 21:50,321,AFT_10128,138
Flt_14800,GYYK,JTZV,2025/1/2 19:15,2025/1/2 22:50,321,AFT_10129,203
Flt_14801,OQIB,JTZV,2025/1/2 19:15,2025/1/2 22:35,320,AFT_10148,201
Flt_14802,XALQ,KXUZ,2025/1/2 19:20,2025/1/2 21:25,320,AFT_10083,106
Flt_14803,JTZV,KXUZ,2025/1/2 19:20,2025/1/2 21:40,321,AFT_10078,137
Flt_14804,JTZV,JXKD,2025/1/2 19:20,2025/1/2 21:10,319,AFT_10133,106
Flt_14805,ZMZW,XALQ,2025/1/2 19:20,2025/1/2 22:30,319,AFT_10046,174
Flt_14806,OJAV,JTZV,2025/1/2 19:20,2025/1/2 21:55,320,AFT_10112,145
Flt_14807,CGHU,JTZV,2025/1/2 19:20,2025/1/3 0:05,320,AFT_10072,266
Flt_14808,JTZV,ZFTY,2025/1/2 19:30,2025/1/2 22:15,321,AFT_10065,153
Flt_14809,JTZV,MEEP,2025/1/2 19:30,2025/1/2 21:45,319,AFT_10100,130
Flt_14810,CFEV,JTZV,2025/1/2 19:30,2025/1/2 21:25,319,AFT_10093,110
Flt_14811,XALQ,GSWW,2025/1/2 19:35,2025/1/2 21:15,320,AFT_10034,107
Flt_14812,VNDG,XALQ,2025/1/2 19:35,2025/1/2 22:50,320,AFT_10028,182
Flt_14813,CHCY,JTZV,2025/1/2 19:35,2025/1/2 22:40,321,AFT_10139,195
Flt_14814,XTHX,JTZV,2025/1/2 19:35,2025/1/2 21:20,320,AFT_10067,89
Flt_14815,VAYQ,JTZV,2025/1/2 19:40,2025/1/2 23:30,320,AFT_10062,205
Flt_14816,ZFTY,JTZV,2025/1/2 19:40,2025/1/2 22:40,321,AFT_10015,166
Flt_14817,DJQK,PERX,2025/1/2 19:45,2025/1/2 21:55,321,AFT_10027,126
Flt_14818,PNOJ,MEEP,2025/1/2 19:45,2025/1/2 21:45,320,AFT_10126,113
Flt_14819,DULL,LRNO,2025/1/2 19:45,2025/1/2 21:55,320,AFT_10104,129
Flt_14820,FCVG,JTZV,2025/1/2 19:45,2025/1/2 22:50,321,AFT_10121,169
Flt_14821,MKLY,JTZV,2025/1/2 19:45,2025/1/3 0:10,320,AFT_10012,242
Flt_14822,YELV,CGHU,2025/1/2 19:45,2025/1/2 23:05,320,AFT_10030,184
Flt_14823,JTZV,WOSF,2025/1/2 19:50,2025/1/2 21:35,319,AFT_10125,92
Flt_14824,WGZL,XALQ,2025/1/2 19:50,2025/1/2 22:15,320,AFT_10018,129
Flt_14825,MEEP,JTZV,2025/1/2 19:50,2025/1/2 22:25,321,AFT_10120,149
Flt_14826,ZKXC,CGHU,2025/1/2 19:50,2025/1/2 22:30,320,AFT_10081,147
Flt_14827,JTZV,DFQN,2025/1/2 19:55,2025/1/3 0:25,321,AFT_10019,241
Flt_14828,DFQN,JTZV,2025/1/2 19:55,2025/1/2 23:30,321,AFT_10113,230
Flt_14829,LCYY,JTZV,2025/1/2 19:55,2025/1/2 23:25,321,AFT_10005,199
Flt_14830,TJFR,CGHU,2025/1/2 19:55,2025/1/2 22:25,320,AFT_10006,133
Flt_14831,JTZV,CGHU,2025/1/2 19:55,2025/1/2 23:30,320,AFT_10123,225
Flt_14832,CGHU,ZFTY,2025/1/2 20:00,2025/1/2 22:10,321,AFT_10023,110
Flt_14833,XALQ,ZFTY,2025/1/2 20:00,2025/1/2 22:20,321,AFT_10017,148
Flt_14834,WAQQ,JTZV,2025/1/2 20:00,2025/1/2 22:55,321,AFT_10118,164
Flt_14835,KHPY,CGHU,2025/1/2 20:00,2025/1/2 22:55,320,AFT_10039,185
Flt_14836,LRNO,YELV,2025/1/2 20:05,2025/1/2 22:30,320,AFT_10086,134
Flt_14837,DIZB,GCFX,2025/1/2 20:05,2025/1/2 22:20,320,AFT_10101,130
Flt_14838,JTZV,ZOEV,2025/1/2 20:15,2025/1/2 22:35,321,AFT_10099,138
Flt_14839,CFEV,WDWO,2025/1/2 20:15,2025/1/2 22:50,319,AFT_10098,151
Flt_14840,CGHU,YELV,2025/1/2 20:15,2025/1/2 23:30,320,AFT_10069,210
Flt_14841,SSNS,XALQ,2025/1/2 20:15,2025/1/2 23:00,320,AFT_10033,143
Flt_14842,WGZL,JTZV,2025/1/2 20:15,2025/1/2 22:40,320,AFT_10066,135
Flt_14843,KHPY,JTZV,2025/1/2 20:15,2025/1/2 22:35,321,AFT_10149,135
Flt_14844,UTFU,CGHU,2025/1/2 20:15,2025/1/2 22:55,320,AFT_10108,159
Flt_14845,AJDW,IGVH,2025/1/2 20:20,2025/1/2 22:50,320,AFT_10119,149
Flt_14846,SSNS,IGVH,2025/1/2 20:20,2025/1/2 23:25,320,AFT_10041,203
Flt_14847,FCVG,XALQ,2025/1/2 20:20,2025/1/2 23:50,321,AFT_10043,185
Flt_14848,MOXE,YELV,2025/1/2 20:25,2025/1/2 22:50,320,AFT_10004,130
Flt_14849,XALQ,MEEP,2025/1/2 20:25,2025/1/2 22:20,321,AFT_10074,107
Flt_14850,KXUZ,JTZV,2025/1/2 20:25,2025/1/2 23:20,321,AFT_10114,145
Flt_14851,JTZV,ZFTY,2025/1/2 20:30,2025/1/2 23:15,320,AFT_10058,153
Flt_14852,IGVH,ZFTY,2025/1/2 20:30,2025/1/3 0:15,320,AFT_10020,224
Flt_14853,XALQ,YELV,2025/1/2 20:30,2025/1/2 22:30,319,AFT_10096,145
Flt_14854,ZFTY,UNUN,2025/1/2 20:30,2025/1/3 0:50,320,AFT_10138,237
Flt_14855,JTZV,CTIG,2025/1/2 20:35,2025/1/3 0:15,321,AFT_10136,213
Flt_14856,JTZV,MEEP,2025/1/2 20:35,2025/1/2 23:05,320,AFT_10050,126
Flt_14857,RXPU,JTZV,2025/1/2 20:35,2025/1/2 23:40,320,AFT_10037,187
Flt_14858,JTZV,QQGB,2025/1/2 20:40,2025/1/2 23:00,320,AFT_10010,124
Flt_14859,DJQK,JTZV,2025/1/2 20:40,2025/1/3 0:05,320,AFT_10054,185
Flt_14860,JTZV,IGVH,2025/1/2 20:50,2025/1/2 22:30,320,AFT_10131,77
Flt_14861,KHPY,JTZV,2025/1/2 20:50,2025/1/2 23:00,320,AFT_10053,132
Flt_14862,ZMZW,JTZV,2025/1/2 20:50,2025/1/3 0:10,321,AFT_10047,195
Flt_14863,LBMY,JTZV,2025/1/2 20:50,2025/1/2 22:55,320,AFT_10042,120
Flt_14864,XALQ,DQBQ,2025/1/2 20:55,2025/1/2 22:50,320,AFT_10002,104
Flt_14865,XALQ,XBQP,2025/1/2 20:55,2025/1/2 22:30,320,AFT_10130,95
Flt_14866,JTZV,LRNO,2025/1/2 21:00,2025/1/2 22:55,319,AFT_10071,95
Flt_14867,UTFU,ZOEV,2025/1/2 21:00,2025/1/3 0:35,321,AFT_10137,219
Flt_14868,SZVM,IGVH,2025/1/2 21:00,2025/1/2 22:50,320,AFT_10073,104
Flt_14869,JTZV,QFKO,2025/1/2 21:05,2025/1/2 22:40,320,AFT_10088,87
Flt_14870,XCDO,WDWO,2025/1/2 21:05,2025/1/3 0:50,320,AFT_10115,205
Flt_14871,KIJU,JTZV,2025/1/2 21:10,2025/1/2 23:40,321,AFT_10048,150
Flt_14872,CGHU,YELV,2025/1/2 21:15,2025/1/3 0:40,320,AFT_10103,205
Flt_14873,ZFTY,ZBRM,2025/1/2 21:15,2025/1/3 0:25,320,AFT_10077,179
Flt_14874,DULL,XALQ,2025/1/2 21:20,2025/1/2 23:20,319,AFT_10109,118
Flt_14875,JTZV,DIZB,2025/1/2 21:25,2025/1/2 23:40,319,AFT_10091,124
Flt_14876,TLRK,JTZV,2025/1/2 21:25,2025/1/2 23:25,321,AFT_10141,108
Flt_14877,CHCY,CGHU,2025/1/2 21:30,2025/1/3 0:50,320,AFT_10031,188
Flt_14878,MJTP,JTZV,2025/1/2 21:35,2025/1/2 23:30,320,AFT_10090,97
Flt_14879,WJBU,ZOEV,2025/1/2 21:45,2025/1/2 23:50,320,AFT_10055,117
Flt_14880,PERX,IGVH,2025/1/2 21:45,2025/1/3 1:25,320,AFT_10045,215
Flt_14881,SGXO,JTZV,2025/1/2 21:45,2025/1/2 22:55,319,AFT_10097,67
Flt_14882,LRNO,JTZV,2025/1/2 21:50,2025/1/2 23:40,319,AFT_10059,105
Flt_14883,ZFTY,ZOEV,2025/1/2 21:55,2025/1/3 1:55,320,AFT_10082,240
Flt_14884,MEEP,YELV,2025/1/2 21:55,2025/1/3 0:10,320,AFT_10063,99
Flt_14885,JXKD,JTZV,2025/1/2 21:55,2025/1/2 23:50,319,AFT_10133,103
Flt_14886,PNOJ,VEYC,2025/1/2 21:55,2025/1/2 22:55,320,AFT_10026,56
Flt_14887,LCYY,WDWO,2025/1/2 22:00,2025/1/3 0:35,319,AFT_10049,156
Flt_14888,LCYY,CGHU,2025/1/2 22:00,2025/1/3 0:55,321,AFT_10038,157
Flt_14889,GSWW,XALQ,2025/1/2 22:05,2025/1/2 23:55,320,AFT_10034,98
Flt_14890,LCYY,IGVH,2025/1/2 22:10,2025/1/3 1:55,320,AFT_10106,228
Flt_14891,SSNS,JTZV,2025/1/2 22:10,2025/1/3 0:55,319,AFT_10142,178
Flt_14892,ZFTY,XALQ,2025/1/2 22:15,2025/1/3 1:10,321,AFT_10025,157
Flt_14893,WGZL,JTZV,2025/1/2 22:15,2025/1/3 0:40,321,AFT_10029,143
Flt_14894,WOSF,JTZV,2025/1/2 22:20,2025/1/3 0:05,319,AFT_10125,93
Flt_14895,IQOA,JTZV,2025/1/2 22:25,2025/1/3 1:15,321,AFT_10095,150
Flt_14896,ZOEV,XALQ,2025/1/2 22:40,2025/1/3 1:05,321,AFT_10036,150
Flt_14897,KXUZ,XALQ,2025/1/2 22:40,2025/1/3 0:55,320,AFT_10083,130
Flt_14898,LRNO,FCRV,2025/1/2 22:45,2025/1/3 3:25,320,AFT_10104,269
Flt_14899,GCFX,IGVH,2025/1/2 23:05,2025/1/3 0:55,320,AFT_10101,101
Flt_14900,XALQ,ZOEV,2025/1/2 23:10,2025/1/3 1:30,321,AFT_10089,130
Flt_14901,XBQP,XALQ,2025/1/2 23:15,2025/1/3 1:00,320,AFT_10130,94
Flt_14902,ZFTY,CGHU,2025/1/2 23:20,2025/1/3 1:25,321,AFT_10023,107
Flt_14903,JTZV,IGVH,2025/1/2 23:25,2025/1/3 1:15,320,AFT_10080,84
Flt_14904,XALQ,DIZB,2025/1/2 23:25,2025/1/3 1:30,321,AFT_10003,128
Flt_14905,QFKO,JTZV,2025/1/2 23:25,2025/1/3 1:15,320,AFT_10088,90
Flt_14906,DQBQ,XALQ,2025/1/2 23:35,2025/1/3 1:30,320,AFT_10002,110
Flt_14907,IGVH,JTZV,2025/1/2 23:35,2025/1/3 0:55,320,AFT_10119,83
Flt_14908,LRNO,JTZV,2025/1/3 0:05,2025/1/3 2:05,321,AFT_10001,115
Flt_14909,EJUF,JTZV,2025/1/3 0:20,2025/1/3 5:00,321,AFT_10135,271
Flt_14910,LRNO,FCVG,2025/1/3 2:00,2025/1/3 4:05,321,AFT_10147,136
Flt_14911,FCVG,LRNO,2025/1/3 5:35,2025/1/3 7:30,321,AFT_10147,116
Flt_14913,FCRV,LRNO,2025/1/3 4:25,2025/1/3 8:50,320,AFT_10104,263
Flt_14914,ZFTY,ZOEV,2025/1/3 6:00,2025/1/3 9:35,321,AFT_10017,234
Flt_14915,XALQ,YEQV,2025/1/3 6:20,2025/1/3 8:20,321,AFT_10025,115
Flt_14916,JTZV,PERX,2025/1/3 6:25,2025/1/3 9:05,321,AFT_10120,166
Flt_14917,YELV,LRNO,2025/1/3 6:25,2025/1/3 9:20,320,AFT_10086,165
Flt_14918,JTZV,GSWW,2025/1/3 6:25,2025/1/3 7:50,320,AFT_10119,82
Flt_14919,YELV,WJBU,2025/1/3 6:25,2025/1/3 9:15,320,AFT_10103,153
Flt_14920,MEEP,JTZV,2025/1/3 6:25,2025/1/3 8:50,319,AFT_10100,143
Flt_14921,ZOEV,ZBRM,2025/1/3 6:25,2025/1/3 8:50,320,AFT_10082,137
Flt_14922,JTZV,ZFTY,2025/1/3 6:30,2025/1/3 9:10,321,AFT_10124,151
Flt_14923,ZOEV,TLRK,2025/1/3 6:30,2025/1/3 8:30,320,AFT_10055,120
Flt_14924,IGVH,WDWO,2025/1/3 6:30,2025/1/3 8:45,320,AFT_10041,114
Flt_14925,IGVH,XALQ,2025/1/3 6:35,2025/1/3 8:20,320,AFT_10101,91
Flt_14926,XALQ,PERX,2025/1/3 6:40,2025/1/3 9:20,319,AFT_10046,159
Flt_14927,JTZV,GPWJ,2025/1/3 6:40,2025/1/3 9:00,319,AFT_10056,124
Flt_14928,XALQ,DIZB,2025/1/3 6:45,2025/1/3 8:50,320,AFT_10002,133
Flt_14929,ZFTY,SZVM,2025/1/3 6:50,2025/1/3 9:30,320,AFT_10020,153
Flt_14930,XALQ,MEEP,2025/1/3 6:50,2025/1/3 9:05,320,AFT_10034,124
Flt_14931,JTZV,XCDO,2025/1/3 6:50,2025/1/3 10:30,321,AFT_10035,225
Flt_14932,XALQ,LRNO,2025/1/3 6:55,2025/1/3 8:45,320,AFT_10130,94
Flt_14933,IGVH,KXUZ,2025/1/3 6:55,2025/1/3 8:45,320,AFT_10045,106
Flt_14934,JTZV,ZKXC,2025/1/3 6:55,2025/1/3 9:10,320,AFT_10037,131
Flt_14935,WDWO,DIZB,2025/1/3 6:55,2025/1/3 8:45,320,AFT_10022,92
Flt_14936,CGHU,LCYY,2025/1/3 6:55,2025/1/3 9:50,320,AFT_10123,180
Flt_14937,UNUN,JTZV,2025/1/3 6:55,2025/1/3 10:35,320,AFT_10064,202
Flt_14938,KXUZ,JTZV,2025/1/3 6:55,2025/1/3 9:30,321,AFT_10078,141
Flt_14939,ZFTY,JTZV,2025/1/3 6:55,2025/1/3 10:00,321,AFT_10065,178
Flt_14940,VEYC,MEEP,2025/1/3 7:00,2025/1/3 9:15,320,AFT_10026,126
Flt_14941,PERX,WGZL,2025/1/3 7:00,2025/1/3 10:40,321,AFT_10027,237
Flt_14942,DIZB,JXKD,2025/1/3 7:00,2025/1/3 11:00,320,AFT_10011,213
Flt_14943,JTZV,YELV,2025/1/3 7:00,2025/1/3 9:35,321,AFT_10084,148
Flt_14944,CGHU,DIZB,2025/1/3 7:00,2025/1/3 9:35,320,AFT_10030,140
Flt_14945,CGHU,TJFR,2025/1/3 7:00,2025/1/3 9:45,320,AFT_10031,153
Flt_14946,XALQ,CGHU,2025/1/3 7:00,2025/1/3 10:40,321,AFT_10036,222
Flt_14947,JTZV,KXUZ,2025/1/3 7:05,2025/1/3 9:35,321,AFT_10107,133
Flt_14948,XALQ,QFKO,2025/1/3 7:05,2025/1/3 9:05,320,AFT_10033,124
Flt_14949,IGVH,ZMZW,2025/1/3 7:05,2025/1/3 9:35,320,AFT_10040,130
Flt_14950,ZOEV,DIZB,2025/1/3 7:05,2025/1/3 10:30,321,AFT_10099,192
Flt_14951,XALQ,KXUZ,2025/1/3 7:10,2025/1/3 9:15,320,AFT_10028,116
Flt_14952,CGHU,LBMY,2025/1/3 7:10,2025/1/3 10:50,321,AFT_10023,197
Flt_14953,CGHU,ZOEV,2025/1/3 7:10,2025/1/3 12:45,320,AFT_10009,321
Flt_14954,CGHU,WDWO,2025/1/3 7:10,2025/1/3 11:05,321,AFT_10070,209
Flt_14955,JTZV,IGVH,2025/1/3 7:10,2025/1/3 8:55,320,AFT_10014,77
Flt_14956,XALQ,YELV,2025/1/3 7:10,2025/1/3 9:15,321,AFT_10094,126
Flt_14957,MEEP,XALQ,2025/1/3 7:10,2025/1/3 9:10,321,AFT_10074,132
Flt_14958,UNUN,PNOJ,2025/1/3 7:10,2025/1/3 10:35,320,AFT_10044,201
Flt_14959,IGVH,KHPY,2025/1/3 7:15,2025/1/3 9:55,320,AFT_10131,157
Flt_14960,XALQ,LCYY,2025/1/3 7:15,2025/1/3 9:30,320,AFT_10018,147
Flt_14961,JTZV,IRVV,2025/1/3 7:15,2025/1/3 10:25,321,AFT_10005,227
Flt_14962,JTZV,TLRK,2025/1/3 7:20,2025/1/3 9:25,320,AFT_10012,109
Flt_14963,WDWO,GPWJ,2025/1/3 7:20,2025/1/3 10:20,319,AFT_10098,180
Flt_14964,ZOEV,PNOJ,2025/1/3 7:25,2025/1/3 9:50,320,AFT_10008,149
Flt_14965,JTZV,NYKQ,2025/1/3 7:25,2025/1/3 9:40,320,AFT_10042,120
Flt_14966,CGHU,KHPY,2025/1/3 7:25,2025/1/3 10:40,320,AFT_10039,184
Flt_14967,JTZV,EZNJ,2025/1/3 7:25,2025/1/3 9:15,321,AFT_10150,102
Flt_14968,JTZV,BKVZ,2025/1/3 7:25,2025/1/3 9:05,320,AFT_10090,80
Flt_14969,IGVH,TJFR,2025/1/3 7:25,2025/1/3 10:10,320,AFT_10122,158
Flt_14970,CGHU,JTZV,2025/1/3 7:25,2025/1/3 11:55,321,AFT_10007,253
Flt_14971,UNUN,JTZV,2025/1/3 7:25,2025/1/3 11:20,320,AFT_10138,215
Flt_14972,JTZV,ZFTY,2025/1/3 7:30,2025/1/3 10:15,321,AFT_10021,145
Flt_14973,JTZV,CFEV,2025/1/3 7:30,2025/1/3 10:05,319,AFT_10151,157
Flt_14974,DIZB,JTZV,2025/1/3 7:35,2025/1/3 10:15,321,AFT_10003,151
Flt_14975,ZFTY,TIDB,2025/1/3 7:40,2025/1/3 9:50,320,AFT_10058,112
Flt_14976,JTZV,JXKD,2025/1/3 7:40,2025/1/3 9:40,320,AFT_10112,103
Flt_14977,JTZV,KMEK,2025/1/3 7:40,2025/1/3 8:50,319,AFT_10059,43
Flt_14978,YELV,MOXE,2025/1/3 7:40,2025/1/3 10:40,320,AFT_10069,189
Flt_14979,YELV,JTZV,2025/1/3 7:40,2025/1/3 10:55,321,AFT_10128,205
Flt_14980,JTZV,UHBK,2025/1/3 7:45,2025/1/3 9:45,319,AFT_10125,104
Flt_14981,JTZV,LQVJ,2025/1/3 7:45,2025/1/3 9:45,319,AFT_10076,108
Flt_14982,YELV,MEEP,2025/1/3 7:50,2025/1/3 10:15,321,AFT_10068,145
Flt_14983,YELV,YKHO,2025/1/3 7:50,2025/1/3 11:10,320,AFT_10143,196
Flt_14984,CGHU,LCYY,2025/1/3 7:50,2025/1/3 11:25,321,AFT_10038,172
Flt_14985,JTZV,LUEM,2025/1/3 7:50,2025/1/3 10:25,320,AFT_10152,139
Flt_14986,IGVH,JTZV,2025/1/3 7:50,2025/1/3 9:10,320,AFT_10073,69
Flt_14987,WDWO,PNOJ,2025/1/3 7:55,2025/1/3 9:45,320,AFT_10075,103
Flt_14988,ZBRM,TLRK,2025/1/3 7:55,2025/1/3 9:25,320,AFT_10077,114
Flt_14989,JTZV,DIZB,2025/1/3 7:55,2025/1/3 10:20,321,AFT_10048,138
Flt_14990,JTZV,GPWJ,2025/1/3 7:55,2025/1/3 10:10,319,AFT_10153,129
Flt_14991,LRNO,JTZV,2025/1/3 7:55,2025/1/3 9:55,319,AFT_10071,106
Flt_14992,JTZV,LCYY,2025/1/3 8:00,2025/1/3 10:40,321,AFT_10085,150
Flt_14993,UNUN,ZBRM,2025/1/3 8:00,2025/1/3 11:25,320,AFT_10140,199
Flt_14994,YELV,ZBRM,2025/1/3 8:00,2025/1/3 11:10,319,AFT_10079,209
Flt_14995,XALQ,IRVV,2025/1/3 8:00,2025/1/3 11:05,321,AFT_10043,186
Flt_14996,JTZV,ZOEV,2025/1/3 8:05,2025/1/3 11:00,321,AFT_10149,155
Flt_14997,CGHU,ZKXC,2025/1/3 8:05,2025/1/3 11:10,320,AFT_10051,164
Flt_14998,ZOEV,DJQK,2025/1/3 8:05,2025/1/3 10:40,321,AFT_10013,157
Flt_14999,XALQ,KIJU,2025/1/3 8:05,2025/1/3 9:45,320,AFT_10083,109
Flt_15000,KXUZ,JTZV,2025/1/3 8:05,2025/1/3 10:40,320,AFT_10024,150
Flt_15001,JTZV,WGZL,2025/1/3 8:15,2025/1/3 10:35,321,AFT_10032,131
Flt_15002,YELV,GSWW,2025/1/3 8:15,2025/1/3 11:30,320,AFT_10063,186
Flt_15003,JTZV,SSNS,2025/1/3 8:15,2025/1/3 10:35,321,AFT_10047,129
Flt_15004,XALQ,CFEV,2025/1/3 8:15,2025/1/3 11:20,319,AFT_10087,179
Flt_15005,JTZV,UNUN,2025/1/3 8:15,2025/1/3 11:40,320,AFT_10092,219
Flt_15006,DIZB,JTZV,2025/1/3 8:20,2025/1/3 11:00,319,AFT_10091,171
Flt_15007,ZOEV,XALQ,2025/1/3 8:20,2025/1/3 10:45,321,AFT_10089,146
Flt_15008,JTZV,RPOA,2025/1/3 8:20,2025/1/3 11:35,319,AFT_10133,208
Flt_15009,JTZV,QKWB,2025/1/3 8:25,2025/1/3 11:20,321,AFT_10118,175
Flt_15010,JTZV,CFEV,2025/1/3 8:30,2025/1/3 11:05,319,AFT_10093,152
Flt_15011,ZFTY,JTZV,2025/1/3 8:30,2025/1/3 11:35,320,AFT_10061,178
Flt_15012,JTZV,ZMZW,2025/1/3 8:35,2025/1/3 11:20,321,AFT_10095,142
Flt_15013,YELV,XALQ,2025/1/3 8:35,2025/1/3 11:25,319,AFT_10096,182
Flt_15014,JTZV,FTOI,2025/1/3 8:35,2025/1/3 10:00,319,AFT_10097,85
Flt_15015,WDWO,CFEV,2025/1/3 8:35,2025/1/3 12:10,319,AFT_10049,215
Flt_15016,JTZV,KHPY,2025/1/3 8:40,2025/1/3 10:40,320,AFT_10067,117
Flt_15017,GSWW,JTZV,2025/1/3 8:40,2025/1/3 10:15,320,AFT_10119,89
Flt_15018,IGVH,GAGH,2025/1/3 8:45,2025/1/3 10:25,320,AFT_10080,92
Flt_15019,XALQ,RXPU,2025/1/3 8:45,2025/1/3 10:55,320,AFT_10102,126
Flt_15020,CGHU,UTFU,2025/1/3 8:50,2025/1/3 11:50,320,AFT_10108,162
Flt_15021,JTZV,RMNJ,2025/1/3 8:55,2025/1/3 11:15,320,AFT_10117,121
Flt_15022,JTZV,FCVG,2025/1/3 9:00,2025/1/3 12:10,321,AFT_10129,186
Flt_15023,IGVH,DIZB,2025/1/3 9:00,2025/1/3 11:50,320,AFT_10106,188
Flt_15024,JTZV,RXPU,2025/1/3 9:00,2025/1/3 11:25,319,AFT_10142,136
Flt_15025,JTZV,CHCY,2025/1/3 9:00,2025/1/3 11:35,321,AFT_10141,152
Flt_15026,CGHU,TJFR,2025/1/3 9:00,2025/1/3 11:55,320,AFT_10006,149
Flt_15027,XALQ,GPWJ,2025/1/3 9:00,2025/1/3 11:35,319,AFT_10109,150
Flt_15028,JTZV,MKLY,2025/1/3 9:00,2025/1/3 13:55,321,AFT_10135,311
Flt_15029,JTZV,JXKD,2025/1/3 9:05,2025/1/3 11:05,320,AFT_10066,103
Flt_15030,JTZV,TJFR,2025/1/3 9:05,2025/1/3 11:20,320,AFT_10072,141
Flt_15031,YEQV,XALQ,2025/1/3 9:05,2025/1/3 11:40,321,AFT_10025,154
Flt_15032,ZOEV,JTZV,2025/1/3 9:05,2025/1/3 11:45,321,AFT_10137,170
Flt_15033,WDWO,KXUZ,2025/1/3 9:10,2025/1/3 11:55,320,AFT_10115,167
Flt_15034,UNUN,QFKO,2025/1/3 9:10,2025/1/3 11:40,319,AFT_10116,155
Flt_15035,JTZV,UNUN,2025/1/3 9:10,2025/1/3 13:00,320,AFT_10111,231
Flt_15036,JTZV,MEEP,2025/1/3 9:15,2025/1/3 11:40,321,AFT_10114,130
Flt_15037,JTZV,CHCY,2025/1/3 9:15,2025/1/3 11:50,321,AFT_10113,148
Flt_15038,YELV,JTZV,2025/1/3 9:15,2025/1/3 12:25,320,AFT_10004,203
Flt_15039,MEEP,JTZV,2025/1/3 9:20,2025/1/3 11:40,320,AFT_10126,170
Flt_15040,JTZV,IGVH,2025/1/3 9:20,2025/1/3 10:45,321,AFT_10105,80
Flt_15041,XALQ,EZNJ,2025/1/3 9:25,2025/1/3 11:15,320,AFT_10101,131
Flt_15042,CGHU,CHCY,2025/1/3 9:25,2025/1/3 13:20,320,AFT_10081,227
Flt_15043,JTZV,ZFTY,2025/1/3 9:30,2025/1/3 12:15,320,AFT_10054,152
Flt_15044,VEYC,WGZL,2025/1/3 9:30,2025/1/3 12:00,320,AFT_10060,137
Flt_15045,MEEP,ZBRM,2025/1/3 9:30,2025/1/3 11:50,320,AFT_10050,150
Flt_15046,TLRK,CGHU,2025/1/3 9:30,2025/1/3 13:15,320,AFT_10055,235
Flt_15047,JTZV,LPNC,2025/1/3 9:35,2025/1/3 14:10,321,AFT_10057,275
Flt_15048,JTZV,TXMD,2025/1/3 9:35,2025/1/3 13:35,321,AFT_10127,222
Flt_15049,ZBRM,WDWO,2025/1/3 9:35,2025/1/3 11:05,320,AFT_10082,87
Flt_15050,DFQN,JTZV,2025/1/3 9:35,2025/1/3 14:00,321,AFT_10019,211
Flt_15051,KMEK,JTZV,2025/1/3 9:35,2025/1/3 10:35,319,AFT_10059,50
Flt_15052,DIZB,CGHU,2025/1/3 9:35,2025/1/3 11:50,320,AFT_10022,142
Flt_15053,QFKO,XALQ,2025/1/3 9:50,2025/1/3 11:45,320,AFT_10033,108
Flt_15054,LRNO,XALQ,2025/1/3 9:50,2025/1/3 11:35,320,AFT_10130,98
Flt_15055,DIZB,XALQ,2025/1/3 9:50,2025/1/3 12:25,320,AFT_10002,155
Flt_15056,BKVZ,JTZV,2025/1/3 9:50,2025/1/3 11:25,320,AFT_10090,101
Flt_15057,WDWO,UNUN,2025/1/3 9:50,2025/1/3 13:30,320,AFT_10041,215
Flt_15058,KXUZ,IGVH,2025/1/3 9:55,2025/1/3 12:30,320,AFT_10045,154
Flt_15059,ZKXC,JTZV,2025/1/3 9:55,2025/1/3 12:40,320,AFT_10037,169
Flt_15060,JTZV,VNDG,2025/1/3 9:55,2025/1/3 13:15,321,AFT_10121,173
Flt_15061,IGVH,AJDW,2025/1/3 10:00,2025/1/3 12:25,320,AFT_10014,145
Flt_15062,CTIG,JTZV,2025/1/3 10:00,2025/1/3 13:35,321,AFT_10136,230
Flt_15063,QQGB,JTZV,2025/1/3 10:00,2025/1/3 12:10,320,AFT_10010,141
Flt_15064,EZNJ,JTZV,2025/1/3 10:05,2025/1/3 12:15,321,AFT_10150,140
Flt_15065,PERX,JTZV,2025/1/3 10:05,2025/1/3 13:05,321,AFT_10120,186
Flt_15066,JTZV,KZXO,2025/1/3 10:10,2025/1/3 13:35,319,AFT_10100,207
Flt_15067,SZVM,IGVH,2025/1/3 10:15,2025/1/3 12:15,320,AFT_10020,102
Flt_15068,JTZV,WAQQ,2025/1/3 10:15,2025/1/3 12:25,320,AFT_10088,147
Flt_15069,WJBU,JXKD,2025/1/3 10:15,2025/1/3 12:10,320,AFT_10103,103
Flt_15070,JTZV,SSNS,2025/1/3 10:15,2025/1/3 12:35,320,AFT_10053,131
Flt_15071,XALQ,XXZT,2025/1/3 10:15,2025/1/3 12:10,321,AFT_10074,136
Flt_15072,GPWJ,JTZV,2025/1/3 10:15,2025/1/3 12:10,319,AFT_10056,114
Flt_15073,JTZV,PVTT,2025/1/3 10:20,2025/1/3 15:35,321,AFT_10016,297
Flt_15074,LRNO,DULL,2025/1/3 10:20,2025/1/3 12:10,320,AFT_10104,99
Flt_15075,MEEP,XALQ,2025/1/3 10:20,2025/1/3 12:35,320,AFT_10034,133
Flt_15076,JTZV,UNUN,2025/1/3 10:25,2025/1/3 14:10,320,AFT_10062,239
Flt_15077,DIZB,WAQQ,2025/1/3 10:25,2025/1/3 13:10,320,AFT_10030,166
Flt_15078,JTZV,KHPY,2025/1/3 10:25,2025/1/3 12:25,320,AFT_10073,108
Flt_15079,TLRK,LUEM,2025/1/3 10:25,2025/1/3 12:10,320,AFT_10077,112
Flt_15080,PERX,XALQ,2025/1/3 10:25,2025/1/3 13:20,319,AFT_10046,182
Flt_15081,JXKD,JTZV,2025/1/3 10:25,2025/1/3 12:15,320,AFT_10112,114
Flt_15082,ZFTY,JTZV,2025/1/3 10:25,2025/1/3 13:45,321,AFT_10124,168
Flt_15083,TLRK,JTZV,2025/1/3 10:25,2025/1/3 12:20,320,AFT_10012,116
Flt_15084,NYKQ,JTZV,2025/1/3 10:25,2025/1/3 12:40,320,AFT_10042,143
Flt_15085,MEEP,VEYC,2025/1/3 10:25,2025/1/3 12:50,320,AFT_10026,148
Flt_15086,YELV,XALQ,2025/1/3 10:30,2025/1/3 13:40,321,AFT_10094,187
Flt_15087,LQVJ,JTZV,2025/1/3 10:30,2025/1/3 12:45,319,AFT_10076,126
Flt_15088,UHBK,JTZV,2025/1/3 10:30,2025/1/3 12:45,319,AFT_10125,125
Flt_15089,PNOJ,QFKO,2025/1/3 10:35,2025/1/3 12:25,320,AFT_10008,104
Flt_15090,ZOEV,UTFU,2025/1/3 10:35,2025/1/3 14:05,321,AFT_10017,199
Flt_15091,JTZV,KXUZ,2025/1/3 10:35,2025/1/3 12:50,321,AFT_10078,132
Flt_15092,TIDB,IGVH,2025/1/3 10:40,2025/1/3 13:15,320,AFT_10058,131
Flt_15093,KXUZ,XALQ,2025/1/3 10:40,2025/1/3 13:00,320,AFT_10028,135
Flt_15094,ZMZW,IGVH,2025/1/3 10:45,2025/1/3 14:00,320,AFT_10040,178
Flt_15095,LCYY,XALQ,2025/1/3 10:45,2025/1/3 14:00,320,AFT_10018,160
Flt_15096,FTOI,JTZV,2025/1/3 10:45,2025/1/3 12:10,319,AFT_10097,67
Flt_15097,YELV,JTZV,2025/1/3 10:45,2025/1/3 13:50,321,AFT_10084,203
Flt_15098,PNOJ,JXKD,2025/1/3 10:50,2025/1/3 12:40,320,AFT_10075,95
Flt_15099,KIJU,XALQ,2025/1/3 10:50,2025/1/3 13:05,320,AFT_10083,129
Flt_15100,KXUZ,JTZV,2025/1/3 10:50,2025/1/3 13:45,321,AFT_10107,159
Flt_15101,TJFR,IGVH,2025/1/3 10:55,2025/1/3 14:10,320,AFT_10031,172
Flt_15102,GPWJ,JTZV,2025/1/3 10:55,2025/1/3 13:00,319,AFT_10153,119
Flt_15103,KHPY,CGHU,2025/1/3 10:55,2025/1/3 13:40,320,AFT_10131,175
Flt_15104,LCYY,CGHU,2025/1/3 10:55,2025/1/3 13:55,320,AFT_10123,182
Flt_15105,GPWJ,WDWO,2025/1/3 11:00,2025/1/3 13:35,319,AFT_10098,157
Flt_15106,JTZV,SSNS,2025/1/3 11:00,2025/1/3 13:35,321,AFT_10015,138
Flt_15107,JTZV,VEYC,2025/1/3 11:05,2025/1/3 12:25,321,AFT_10065,63
Flt_15108,TJFR,IRVV,2025/1/3 11:05,2025/1/3 13:15,320,AFT_10122,127
Flt_15109,LUEM,JTZV,2025/1/3 11:10,2025/1/3 14:20,320,AFT_10152,178
Flt_15110,DIZB,JTZV,2025/1/3 11:10,2025/1/3 13:50,321,AFT_10048,166
Flt_15111,CFEV,JTZV,2025/1/3 11:15,2025/1/3 13:10,319,AFT_10151,117
Flt_15112,LRNO,CTIG,2025/1/3 11:20,2025/1/3 14:00,320,AFT_10086,148
Flt_15113,PNOJ,LRNO,2025/1/3 11:20,2025/1/3 12:55,320,AFT_10044,99
Flt_15114,GAGH,IGVH,2025/1/3 11:25,2025/1/3 13:00,320,AFT_10080,93
Flt_15115,MOXE,UNUN,2025/1/3 11:25,2025/1/3 14:50,320,AFT_10069,219
Flt_15116,MEEP,YELV,2025/1/3 11:35,2025/1/3 13:35,321,AFT_10068,108
Flt_15117,IRVV,JTZV,2025/1/3 11:35,2025/1/3 16:15,321,AFT_10005,262
Flt_15118,JTZV,IQOA,2025/1/3 11:40,2025/1/3 13:50,319,AFT_10071,127
Flt_15119,ZFTY,JTZV,2025/1/3 11:40,2025/1/3 14:40,321,AFT_10021,175
Flt_15120,XCDO,JTZV,2025/1/3 11:40,2025/1/3 16:25,321,AFT_10035,250
Flt_15121,JTZV,SEWU,2025/1/3 11:40,2025/1/3 16:00,319,AFT_10059,261
Flt_15122,DIZB,XCDO,2025/1/3 11:40,2025/1/3 13:40,321,AFT_10099,128
Flt_15123,WGZL,PERX,2025/1/3 11:45,2025/1/3 15:30,321,AFT_10027,233
Flt_15124,JTZV,KXUZ,2025/1/3 11:45,2025/1/3 14:00,320,AFT_10024,136
Flt_15125,KHPY,JXKD,2025/1/3 11:45,2025/1/3 15:15,320,AFT_10039,191
Flt_15126,JXKD,DJQK,2025/1/3 11:45,2025/1/3 14:55,320,AFT_10011,180
Flt_15127,KHPY,JTZV,2025/1/3 11:45,2025/1/3 14:10,320,AFT_10067,135
Flt_15128,DJQK,ZOEV,2025/1/3 11:50,2025/1/3 14:45,321,AFT_10013,200
Flt_15129,LBMY,LRNO,2025/1/3 11:50,2025/1/3 13:55,321,AFT_10023,129
Flt_15130,JTZV,UTFU,2025/1/3 11:50,2025/1/3 13:45,320,AFT_10119,110
Flt_15131,CGHU,XALQ,2025/1/3 11:50,2025/1/3 16:20,321,AFT_10036,247
Flt_15132,IGVH,JTZV,2025/1/3 11:50,2025/1/3 13:30,321,AFT_10105,82
Flt_15133,SSNS,JTZV,2025/1/3 11:50,2025/1/3 14:40,321,AFT_10047,175
Flt_15134,WGZL,JTZV,2025/1/3 11:55,2025/1/3 14:25,321,AFT_10032,152
Flt_15135,LCYY,JTZV,2025/1/3 11:55,2025/1/3 15:35,321,AFT_10085,208
Flt_15136,RMNJ,JTZV,2025/1/3 12:00,2025/1/3 14:40,320,AFT_10117,150
Flt_15137,ZKXC,WGZL,2025/1/3 12:00,2025/1/3 14:55,320,AFT_10051,192
Flt_15138,ZBRM,JXKD,2025/1/3 12:00,2025/1/3 13:40,319,AFT_10079,101
Flt_15139,JXKD,JTZV,2025/1/3 12:00,2025/1/3 13:45,320,AFT_10066,106
Flt_15140,XALQ,UNUN,2025/1/3 12:00,2025/1/3 16:00,321,AFT_10089,249
Flt_15141,EZNJ,XALQ,2025/1/3 12:05,2025/1/3 14:05,320,AFT_10101,112
Flt_15142,IRVV,XALQ,2025/1/3 12:05,2025/1/3 16:00,321,AFT_10043,229
Flt_15143,TJFR,JTZV,2025/1/3 12:05,2025/1/3 15:00,320,AFT_10072,164
Flt_15144,YKHO,YELV,2025/1/3 12:10,2025/1/3 14:30,320,AFT_10143,132
Flt_15145,WDWO,DQBQ,2025/1/3 12:10,2025/1/3 14:40,321,AFT_10070,147
Flt_15146,ZBRM,WAQQ,2025/1/3 12:10,2025/1/3 14:20,320,AFT_10140,132
Flt_15147,JTZV,DIZB,2025/1/3 12:10,2025/1/3 14:35,321,AFT_10029,137
Flt_15148,RXPU,XALQ,2025/1/3 12:10,2025/1/3 14:40,320,AFT_10102,154
Flt_15149,ZOEV,JTZV,2025/1/3 12:10,2025/1/3 14:45,321,AFT_10149,183
Flt_15150,QKWB,JTZV,2025/1/3 12:10,2025/1/3 15:35,321,AFT_10118,189
Flt_15151,GSWW,YELV,2025/1/3 12:20,2025/1/3 15:20,320,AFT_10063,167
Flt_15152,RPOA,JTZV,2025/1/3 12:20,2025/1/3 16:30,319,AFT_10133,234
Flt_15153,WDWO,JTZV,2025/1/3 12:20,2025/1/3 14:20,320,AFT_10082,97
Flt_15154,CFEV,JTZV,2025/1/3 12:20,2025/1/3 14:15,319,AFT_10093,113
Flt_15155,CFEV,XALQ,2025/1/3 12:25,2025/1/3 15:05,319,AFT_10087,148
Flt_15156,GPWJ,XALQ,2025/1/3 12:25,2025/1/3 14:40,319,AFT_10109,130
Flt_15157,QFKO,CFEV,2025/1/3 12:25,2025/1/3 14:55,319,AFT_10116,137
Flt_15158,RXPU,JTZV,2025/1/3 12:30,2025/1/3 15:45,319,AFT_10142,174
Flt_15159,ZMZW,JTZV,2025/1/3 12:30,2025/1/3 15:50,321,AFT_10095,197
Flt_15160,JTZV,DQBQ,2025/1/3 12:35,2025/1/3 14:40,321,AFT_10128,110
Flt_15161,XALQ,CFEV,2025/1/3 12:40,2025/1/3 15:35,319,AFT_10096,172
Flt_15162,CHCY,JTZV,2025/1/3 12:40,2025/1/3 15:45,321,AFT_10113,183
Flt_15163,JTZV,AWPD,2025/1/3 12:45,2025/1/3 17:15,320,AFT_10138,284
Flt_15164,XALQ,SSNS,2025/1/3 12:50,2025/1/3 14:45,321,AFT_10025,113
Flt_15165,JTZV,LCYY,2025/1/3 12:50,2025/1/3 15:15,320,AFT_10064,162
Flt_15166,CHCY,JTZV,2025/1/3 12:50,2025/1/3 16:15,321,AFT_10141,195
Flt_15167,JTZV,UNUN,2025/1/3 12:50,2025/1/3 16:50,320,AFT_10126,251
Flt_15168,UTFU,DQBQ,2025/1/3 12:55,2025/1/3 15:40,320,AFT_10108,172
Flt_15169,XXZT,XALQ,2025/1/3 12:55,2025/1/3 15:15,321,AFT_10074,154
Flt_15170,LUEM,TLRK,2025/1/3 12:55,2025/1/3 14:50,320,AFT_10077,111
Flt_15171,XALQ,KXUZ,2025/1/3 12:55,2025/1/3 15:00,320,AFT_10130,106
Flt_15172,XALQ,LBMY,2025/1/3 12:55,2025/1/3 14:35,321,AFT_10052,84
Flt_15173,CFEV,WDWO,2025/1/3 12:55,2025/1/3 15:40,319,AFT_10049,157
Flt_15174,TJFR,WJBU,2025/1/3 12:55,2025/1/3 15:40,320,AFT_10006,149
Flt_15175,MEEP,JTZV,2025/1/3 12:55,2025/1/3 15:30,321,AFT_10114,157
Flt_15176,UNUN,JTZV,2025/1/3 12:55,2025/1/3 16:40,320,AFT_10092,205
Flt_15177,JTZV,MEEP,2025/1/3 13:00,2025/1/3 15:25,320,AFT_10090,124
Flt_15178,XALQ,ZFTY,2025/1/3 13:00,2025/1/3 15:35,320,AFT_10033,138
Flt_15179,LCYY,CGHU,2025/1/3 13:00,2025/1/3 15:50,321,AFT_10038,169
Flt_15180,WGZL,JTZV,2025/1/3 13:05,2025/1/3 15:25,320,AFT_10060,159
Flt_15181,WAQQ,JTZV,2025/1/3 13:10,2025/1/3 15:45,320,AFT_10088,177
Flt_15182,ZBRM,MEEP,2025/1/3 13:10,2025/1/3 15:30,320,AFT_10050,125
Flt_15183,QFKO,JTZV,2025/1/3 13:10,2025/1/3 14:55,320,AFT_10008,87
Flt_15184,DULL,PERX,2025/1/3 13:10,2025/1/3 15:30,320,AFT_10104,140
Flt_15185,KXUZ,WDWO,2025/1/3 13:10,2025/1/3 16:05,320,AFT_10115,164
Flt_15186,DIZB,IGVH,2025/1/3 13:10,2025/1/3 16:25,320,AFT_10106,180
Flt_15187,FCVG,JTZV,2025/1/3 13:10,2025/1/3 16:15,321,AFT_10129,169
Flt_15188,VEYC,JTZV,2025/1/3 13:10,2025/1/3 14:25,321,AFT_10065,66
Flt_15189,AJDW,XCDO,2025/1/3 13:10,2025/1/3 15:45,320,AFT_10014,159
Flt_15190,JTZV,JNLE,2025/1/3 13:15,2025/1/3 15:15,319,AFT_10097,119
Flt_15191,JTZV,LBMY,2025/1/3 13:20,2025/1/3 15:05,320,AFT_10061,95
Flt_15192,JTZV,JXKD,2025/1/3 13:20,2025/1/3 15:25,319,AFT_10056,109
Flt_15193,JTZV,TJFR,2025/1/3 13:20,2025/1/3 15:40,321,AFT_10007,137
Flt_15194,JTZV,TKCE,2025/1/3 13:20,2025/1/3 17:20,319,AFT_10091,245
Flt_15195,JTZV,KXUZ,2025/1/3 13:25,2025/1/3 15:40,320,AFT_10012,132
Flt_15196,KHPY,XCDO,2025/1/3 13:25,2025/1/3 16:10,320,AFT_10073,162
Flt_15197,JTZV,SIBL,2025/1/3 13:30,2025/1/3 16:45,321,AFT_10150,186
Flt_15198,JTZV,ZFTY,2025/1/3 13:30,2025/1/3 16:15,320,AFT_10004,148
Flt_15199,JXKD,PNOJ,2025/1/3 13:30,2025/1/3 15:15,320,AFT_10075,99
Flt_15200,XALQ,MEEP,2025/1/3 13:35,2025/1/3 15:30,320,AFT_10002,109
Flt_15201,JXKD,WJBU,2025/1/3 13:35,2025/1/3 15:20,320,AFT_10103,96
Flt_15202,JTZV,MEEP,2025/1/3 13:40,2025/1/3 16:05,320,AFT_10037,134
Flt_15203,JTZV,GSWW,2025/1/3 13:40,2025/1/3 15:10,321,AFT_10137,92
Flt_15204,ZFTY,JTZV,2025/1/3 13:40,2025/1/3 17:00,320,AFT_10054,191
Flt_15205,VEYC,PNOJ,2025/1/3 13:45,2025/1/3 14:45,320,AFT_10026,50
Flt_15206,SSNS,JTZV,2025/1/3 13:50,2025/1/3 16:40,320,AFT_10053,160
Flt_15207,JTZV,PERX,2025/1/3 13:55,2025/1/3 16:40,321,AFT_10003,147
Flt_15208,LRNO,PNOJ,2025/1/3 13:55,2025/1/3 15:45,320,AFT_10044,104
Flt_15209,IGVH,LQVJ,2025/1/3 14:00,2025/1/3 15:25,320,AFT_10020,84
Flt_15210,XALQ,TLRK,2025/1/3 14:00,2025/1/3 15:25,320,AFT_10034,78
Flt_15211,JTZV,MKLY,2025/1/3 14:00,2025/1/3 19:00,320,AFT_10042,306
Flt_15212,JTZV,UXIL,2025/1/3 14:10,2025/1/3 16:05,319,AFT_10153,106
Flt_15213,JTZV,QKWB,2025/1/3 14:10,2025/1/3 17:00,321,AFT_10019,177
Flt_15214,UNUN,JTZV,2025/1/3 14:10,2025/1/3 17:50,320,AFT_10111,202
Flt_15215,CGHU,TLRK,2025/1/3 14:15,2025/1/3 18:00,320,AFT_10055,246
Flt_15216,VNDG,JTZV,2025/1/3 14:15,2025/1/3 17:50,321,AFT_10121,210
Flt_15217,XALQ,KHPY,2025/1/3 14:20,2025/1/3 16:00,320,AFT_10028,97
Flt_15218,CHCY,WGZL,2025/1/3 14:20,2025/1/3 17:10,320,AFT_10081,158
Flt_15219,IGVH,TIDB,2025/1/3 14:20,2025/1/3 16:40,320,AFT_10058,142
Flt_15220,CGHU,DIZB,2025/1/3 14:20,2025/1/3 16:50,320,AFT_10022,155
Flt_15221,WAQQ,DIZB,2025/1/3 14:20,2025/1/3 16:45,320,AFT_10030,152
Flt_15222,IRVV,TJFR,2025/1/3 14:20,2025/1/3 16:30,320,AFT_10122,125
Flt_15223,UNUN,WDWO,2025/1/3 14:30,2025/1/3 17:50,320,AFT_10041,201
Flt_15224,JTZV,CFEV,2025/1/3 14:30,2025/1/3 17:15,319,AFT_10151,150
Flt_15225,JXKD,ZBRM,2025/1/3 14:30,2025/1/3 16:10,319,AFT_10079,93
Flt_15226,XALQ,DJQK,2025/1/3 14:35,2025/1/3 16:50,321,AFT_10074,129
Flt_15227,KZXO,JTZV,2025/1/3 14:35,2025/1/3 17:35,319,AFT_10100,156
Flt_15228,UTFU,JTZV,2025/1/3 14:35,2025/1/3 17:15,320,AFT_10119,135
Flt_15229,JTZV,CGHU,2025/1/3 14:35,2025/1/3 18:20,320,AFT_10112,234
Flt_15230,JTZV,DFQN,2025/1/3 14:40,2025/1/3 18:40,321,AFT_10136,222
Flt_15231,XALQ,OZOS,2025/1/3 14:40,2025/1/3 17:25,319,AFT_10046,149
Flt_15232,MKLY,JTZV,2025/1/3 14:40,2025/1/3 19:10,321,AFT_10135,247
Flt_15233,YELV,XCDO,2025/1/3 14:45,2025/1/3 17:45,321,AFT_10068,175
Flt_15234,XCDO,DIZB,2025/1/3 14:50,2025/1/3 16:55,321,AFT_10099,135
Flt_15235,JTZV,VAYQ,2025/1/3 14:50,2025/1/3 18:55,320,AFT_10066,257
Flt_15236,JTZV,YNHL,2025/1/3 14:55,2025/1/3 17:35,321,AFT_10105,147
Flt_15237,CTIG,LRNO,2025/1/3 14:55,2025/1/3 17:15,320,AFT_10086,155
Flt_15238,CGHU,KHPY,2025/1/3 14:55,2025/1/3 18:00,320,AFT_10131,187
Flt_15239,CGHU,SSNS,2025/1/3 14:55,2025/1/3 18:05,321,AFT_10145,174
Flt_15240,SSNS,JTZV,2025/1/3 14:55,2025/1/3 17:45,321,AFT_10015,177
Flt_15241,UTFU,IRVV,2025/1/3 14:55,2025/1/3 16:55,321,AFT_10017,118
Flt_15242,XALQ,SIBL,2025/1/3 15:00,2025/1/3 18:00,320,AFT_10083,158
Flt_15243,JTZV,YELV,2025/1/3 15:00,2025/1/3 17:40,321,AFT_10124,139
Flt_15244,JTZV,SSNS,2025/1/3 15:00,2025/1/3 17:30,321,AFT_10084,134
Flt_15245,JTZV,ZNIR,2025/1/3 15:00,2025/1/3 17:40,321,AFT_10120,146
Flt_15246,JTZV,RXPU,2025/1/3 15:00,2025/1/3 17:30,321,AFT_10107,134
Flt_15247,IQOA,JTZV,2025/1/3 15:00,2025/1/3 17:40,319,AFT_10071,156
Flt_15248,XALQ,LCYY,2025/1/3 15:05,2025/1/3 17:30,320,AFT_10018,136
Flt_15249,WAQQ,ZBRM,2025/1/3 15:05,2025/1/3 17:30,320,AFT_10140,157
Flt_15250,ZOEV,CGHU,2025/1/3 15:05,2025/1/3 20:05,320,AFT_10009,325
Flt_15251,UNUN,ZFTY,2025/1/3 15:10,2025/1/3 19:15,320,AFT_10062,229
Flt_15252,LRNO,LBMY,2025/1/3 15:10,2025/1/3 17:00,321,AFT_10023,101
Flt_15253,JTZV,IOWC,2025/1/3 15:10,2025/1/3 16:25,319,AFT_10076,77
Flt_15254,TXMD,JTZV,2025/1/3 15:10,2025/1/3 20:35,321,AFT_10127,320
Flt_15255,XALQ,IGVH,2025/1/3 15:15,2025/1/3 16:50,320,AFT_10101,82
Flt_15256,DQBQ,JTZV,2025/1/3 15:25,2025/1/3 17:40,321,AFT_10128,140
Flt_15257,JTZV,FCVG,2025/1/3 15:25,2025/1/3 18:45,321,AFT_10129,197
Flt_15258,DQBQ,WDWO,2025/1/3 15:25,2025/1/3 17:55,321,AFT_10070,173
Flt_15259,KXUZ,JTZV,2025/1/3 15:25,2025/1/3 18:00,321,AFT_10078,161
Flt_15260,JTZV,ZFTY,2025/1/3 15:30,2025/1/3 18:15,321,AFT_10065,151
Flt_15261,JTZV,TLRK,2025/1/3 15:30,2025/1/3 17:20,320,AFT_10010,98
Flt_15262,PNOJ,SSNS,2025/1/3 15:30,2025/1/3 17:45,320,AFT_10026,132
Flt_15263,JTZV,CFEV,2025/1/3 15:30,2025/1/3 18:25,319,AFT_10093,155
Flt_15264,XALQ,VNDG,2025/1/3 15:30,2025/1/3 18:15,319,AFT_10109,171
Flt_15265,CFEV,QFKO,2025/1/3 15:35,2025/1/3 17:35,319,AFT_10116,117
Flt_15266,JTZV,WDWO,2025/1/3 15:35,2025/1/3 17:20,320,AFT_10082,87
Flt_15267,IGVH,TJFR,2025/1/3 15:35,2025/1/3 18:20,320,AFT_10031,166
Flt_15268,IGVH,JTZV,2025/1/3 15:35,2025/1/3 17:20,320,AFT_10080,93
Flt_15269,JTZV,XTNT,2025/1/3 15:40,2025/1/3 18:15,320,AFT_10152,160
Flt_15270,LPNC,JTZV,2025/1/3 15:40,2025/1/3 21:45,321,AFT_10057,386
Flt_15271,DIZB,JTZV,2025/1/3 15:40,2025/1/3 18:30,321,AFT_10029,161
Flt_15272,YELV,CGHU,2025/1/3 15:40,2025/1/3 19:15,320,AFT_10143,190
Flt_15273,XALQ,DFQN,2025/1/3 15:45,2025/1/3 19:50,320,AFT_10102,238
Flt_15274,DJQK,JXKD,2025/1/3 15:45,2025/1/3 19:45,320,AFT_10011,221
Flt_15275,SSNS,XALQ,2025/1/3 15:50,2025/1/3 18:20,321,AFT_10025,146
Flt_15276,TLRK,ZBRM,2025/1/3 15:50,2025/1/3 17:50,320,AFT_10077,106
Flt_15277,JTZV,WZOH,2025/1/3 15:55,2025/1/3 18:05,320,AFT_10067,115
Flt_15278,GSWW,JTZV,2025/1/3 15:55,2025/1/3 18:00,321,AFT_10137,89
Flt_15279,JXKD,KHPY,2025/1/3 16:00,2025/1/3 19:05,320,AFT_10039,193
Flt_15280,JTZV,OJAV,2025/1/3 16:00,2025/1/3 18:35,320,AFT_10117,133
Flt_15281,PNOJ,WDWO,2025/1/3 16:00,2025/1/3 17:40,320,AFT_10075,102
Flt_15282,JTZV,LCYY,2025/1/3 16:00,2025/1/3 18:40,321,AFT_10149,164
Flt_15283,JNLE,JTZV,2025/1/3 16:00,2025/1/3 18:25,319,AFT_10097,129
Flt_15284,XALQ,FCVG,2025/1/3 16:05,2025/1/3 19:20,321,AFT_10094,195
Flt_15285,JTZV,QFKO,2025/1/3 16:05,2025/1/3 17:40,320,AFT_10148,102
Flt_15286,XALQ,ZMZW,2025/1/3 16:05,2025/1/3 18:20,319,AFT_10087,125
Flt_15287,WGZL,ZKXC,2025/1/3 16:05,2025/1/3 18:50,320,AFT_10051,148
Flt_15288,JTZV,CHCY,2025/1/3 16:05,2025/1/3 18:45,320,AFT_10072,144
Flt_15289,LBMY,XALQ,2025/1/3 16:05,2025/1/3 17:45,320,AFT_10061,94
Flt_15290,LQVJ,KXUZ,2025/1/3 16:10,2025/1/3 17:10,320,AFT_10020,79
Flt_15291,WDWO,CFEV,2025/1/3 16:10,2025/1/3 19:35,319,AFT_10098,202
Flt_15292,LBMY,JTZV,2025/1/3 16:10,2025/1/3 18:10,321,AFT_10052,112
Flt_15293,JXKD,JTZV,2025/1/3 16:10,2025/1/3 18:15,319,AFT_10056,114
Flt_15294,JTZV,MEEP,2025/1/3 16:15,2025/1/3 18:35,321,AFT_10021,135
Flt_15295,IGVH,LCYY,2025/1/3 16:15,2025/1/3 19:20,320,AFT_10040,176
Flt_15296,KXUZ,XALQ,2025/1/3 16:15,2025/1/3 18:30,320,AFT_10024,146
Flt_15297,WJBU,YELV,2025/1/3 16:20,2025/1/3 18:30,320,AFT_10103,121
Flt_15298,UNUN,MOXE,2025/1/3 16:20,2025/1/3 19:40,320,AFT_10069,182
Flt_15299,DQBQ,UTFU,2025/1/3 16:25,2025/1/3 19:25,320,AFT_10108,165
Flt_15300,TLRK,XALQ,2025/1/3 16:25,2025/1/3 18:10,320,AFT_10034,91
Flt_15301,TJFR,JTZV,2025/1/3 16:25,2025/1/3 19:10,321,AFT_10007,163
Flt_15302,PERX,DULL,2025/1/3 16:30,2025/1/3 18:45,320,AFT_10104,131
Flt_15303,LCYY,JTZV,2025/1/3 16:30,2025/1/3 19:55,320,AFT_10064,203
Flt_15304,JTZV,VEYC,2025/1/3 16:30,2025/1/3 17:30,320,AFT_10060,70
Flt_15305,PNOJ,UNUN,2025/1/3 16:30,2025/1/3 20:35,320,AFT_10044,239
Flt_15306,MEEP,JTZV,2025/1/3 16:40,2025/1/3 18:55,320,AFT_10090,155
Flt_15307,ZOEV,ZFTY,2025/1/3 16:40,2025/1/3 20:40,321,AFT_10013,248
Flt_15308,XCDO,AJDW,2025/1/3 16:40,2025/1/3 19:55,320,AFT_10014,165
Flt_15309,XALQ,WGZL,2025/1/3 16:40,2025/1/3 18:40,321,AFT_10043,116
Flt_15310,WJBU,TJFR,2025/1/3 16:40,2025/1/3 18:55,320,AFT_10006,134
Flt_15311,CFEV,XALQ,2025/1/3 16:40,2025/1/3 19:10,319,AFT_10096,143
Flt_15312,MEEP,PNOJ,2025/1/3 16:45,2025/1/3 18:55,320,AFT_10050,127
Flt_15313,MEEP,XALQ,2025/1/3 16:45,2025/1/3 18:55,320,AFT_10002,130
Flt_15314,JTZV,KXUZ,2025/1/3 16:45,2025/1/3 19:05,321,AFT_10114,128
Flt_15315,JTZV,WAQQ,2025/1/3 16:50,2025/1/3 19:15,321,AFT_10113,131
Flt_15316,PERX,DJQK,2025/1/3 16:50,2025/1/3 18:55,321,AFT_10027,127
Flt_15317,CGHU,LCYY,2025/1/3 16:50,2025/1/3 20:10,321,AFT_10038,174
Flt_15318,ZFTY,XALQ,2025/1/3 16:50,2025/1/3 19:50,320,AFT_10033,157
Flt_15319,UXIL,JTZV,2025/1/3 16:50,2025/1/3 18:35,319,AFT_10153,98
Flt_15320,JTZV,WGZL,2025/1/3 16:55,2025/1/3 19:05,320,AFT_10088,130
Flt_15321,KXUZ,JTZV,2025/1/3 16:55,2025/1/3 20:00,320,AFT_10012,150
Flt_15322,XCDO,KHPY,2025/1/3 17:00,2025/1/3 19:50,320,AFT_10073,170
Flt_15323,JTZV,DJQK,2025/1/3 17:00,2025/1/3 19:40,319,AFT_10125,142
Flt_15324,PVTT,JTZV,2025/1/3 17:00,2025/1/3 21:30,321,AFT_10016,274
Flt_15325,SEWU,JTZV,2025/1/3 17:00,2025/1/3 21:00,319,AFT_10059,223
Flt_15326,JTZV,EFIK,2025/1/3 17:05,2025/1/3 19:25,321,AFT_10095,146
Flt_15327,JTZV,KHPY,2025/1/3 17:05,2025/1/3 19:15,321,AFT_10118,109
Flt_15328,JTZV,ZMZW,2025/1/3 17:05,2025/1/3 20:00,321,AFT_10085,162
Flt_15329,ZBRM,YELV,2025/1/3 17:05,2025/1/3 19:40,319,AFT_10079,137
Flt_15330,XALQ,SSNS,2025/1/3 17:05,2025/1/3 18:55,321,AFT_10036,119
Flt_15331,JTZV,RXPU,2025/1/3 17:05,2025/1/3 19:30,321,AFT_10047,140
Flt_15332,KHPY,XALQ,2025/1/3 17:05,2025/1/3 19:20,320,AFT_10028,113
Flt_15333,IOWC,JTZV,2025/1/3 17:10,2025/1/3 18:30,319,AFT_10076,74
Flt_15334,MEEP,JTZV,2025/1/3 17:10,2025/1/3 19:30,320,AFT_10037,163
Flt_15335,IGVH,MEEP,2025/1/3 17:15,2025/1/3 19:15,320,AFT_10045,109
Flt_15336,WDWO,XCDO,2025/1/3 17:15,2025/1/3 20:10,319,AFT_10049,181
Flt_15337,WDWO,LCYY,2025/1/3 17:20,2025/1/3 19:35,320,AFT_10115,130
Flt_15338,JTZV,TJFR,2025/1/3 17:20,2025/1/3 19:45,320,AFT_10008,136
Flt_15339,TIDB,ZFTY,2025/1/3 17:25,2025/1/3 19:30,320,AFT_10058,114
Flt_15340,JTZV,ZFTY,2025/1/3 17:30,2025/1/3 20:15,321,AFT_10035,148
Flt_15341,IGVH,PERX,2025/1/3 17:30,2025/1/3 20:45,320,AFT_10106,205
Flt_15342,TJFR,IGVH,2025/1/3 17:30,2025/1/3 20:45,320,AFT_10122,187
Flt_15343,JTZV,BNGY,2025/1/3 17:35,2025/1/3 19:20,319,AFT_10133,90
Flt_15344,ZFTY,JTZV,2025/1/3 17:40,2025/1/3 21:00,320,AFT_10004,171
Flt_15345,PERX,JTZV,2025/1/3 17:45,2025/1/3 21:00,321,AFT_10003,184
Flt_15346,DIZB,CGHU,2025/1/3 17:45,2025/1/3 20:15,320,AFT_10030,136
Flt_15347,YELV,MEEP,2025/1/3 17:50,2025/1/3 20:30,320,AFT_10063,164
Flt_15348,UNUN,XALQ,2025/1/3 17:50,2025/1/3 21:55,321,AFT_10089,209
Flt_15349,QKWB,JTZV,2025/1/3 17:50,2025/1/3 21:05,321,AFT_10019,179
Flt_15350,IRVV,UTFU,2025/1/3 17:55,2025/1/3 20:10,321,AFT_10017,122
Flt_15351,DIZB,WDWO,2025/1/3 17:55,2025/1/3 20:00,320,AFT_10022,117
Flt_15352,JTZV,LBMY,2025/1/3 18:00,2025/1/3 19:45,321,AFT_10141,105
Flt_15353,DJQK,XALQ,2025/1/3 18:00,2025/1/3 20:55,321,AFT_10074,152
Flt_15354,AWPD,JTZV,2025/1/3 18:00,2025/1/3 22:10,320,AFT_10138,221
Flt_15355,UNUN,JTZV,2025/1/3 18:00,2025/1/3 21:45,320,AFT_10126,242
Flt_15356,DIZB,ZOEV,2025/1/3 18:05,2025/1/3 21:40,321,AFT_10099,224
Flt_15357,JTZV,YELV,2025/1/3 18:05,2025/1/3 20:35,321,AFT_10032,137
Flt_15358,JTZV,YEQV,2025/1/3 18:05,2025/1/3 20:20,321,AFT_10048,136
Flt_15359,TKCE,JTZV,2025/1/3 18:05,2025/1/3 21:55,319,AFT_10091,194
Flt_15360,SIBL,JTZV,2025/1/3 18:05,2025/1/3 21:45,321,AFT_10150,222
Flt_15361,IGVH,SZVM,2025/1/3 18:05,2025/1/3 19:50,320,AFT_10101,109
Flt_15362,LBMY,CGHU,2025/1/3 18:10,2025/1/3 21:30,321,AFT_10023,217
Flt_15363,JTZV,KIJU,2025/1/3 18:15,2025/1/3 20:20,320,AFT_10054,118
Flt_15364,WGZL,CHCY,2025/1/3 18:15,2025/1/3 20:25,320,AFT_10081,119
Flt_15365,ZBRM,UNUN,2025/1/3 18:15,2025/1/3 21:55,320,AFT_10140,232
Flt_15366,TLRK,JTZV,2025/1/3 18:20,2025/1/3 20:00,320,AFT_10010,114
Flt_15367,CFEV,JTZV,2025/1/3 18:20,2025/1/3 20:15,319,AFT_10151,131
Flt_15368,QFKO,UNUN,2025/1/3 18:20,2025/1/3 21:05,319,AFT_10116,169
Flt_15369,QFKO,PNOJ,2025/1/3 18:25,2025/1/3 20:10,320,AFT_10148,94
Flt_15370,JTZV,EJUF,2025/1/3 18:35,2025/1/3 23:20,321,AFT_10128,269
Flt_15371,XCDO,YELV,2025/1/3 18:35,2025/1/3 21:35,321,AFT_10068,175
Flt_15372,ZBRM,ZFTY,2025/1/3 18:35,2025/1/3 21:10,320,AFT_10077,157
Flt_15373,JTZV,SSNS,2025/1/3 18:35,2025/1/3 21:00,320,AFT_10080,126
Flt_15374,YNHL,JTZV,2025/1/3 18:40,2025/1/3 21:20,321,AFT_10105,156
Flt_15375,RXPU,JTZV,2025/1/3 18:40,2025/1/3 21:50,321,AFT_10107,174
Flt_15376,LCYY,XALQ,2025/1/3 18:45,2025/1/3 22:15,320,AFT_10018,173
Flt_15377,SSNS,JTZV,2025/1/3 18:45,2025/1/3 21:45,321,AFT_10084,169
Flt_15378,WZOH,JTZV,2025/1/3 18:50,2025/1/3 21:15,320,AFT_10067,133
Flt_15379,JTZV,LRNO,2025/1/3 18:50,2025/1/3 21:00,320,AFT_10119,111
Flt_15380,WDWO,OZOS,2025/1/3 18:50,2025/1/3 20:45,320,AFT_10075,118
Flt_15381,KXUZ,LQVJ,2025/1/3 18:55,2025/1/3 20:10,320,AFT_10020,81
Flt_15382,WDWO,IGVH,2025/1/3 18:55,2025/1/3 21:20,320,AFT_10041,118
Flt_15383,OZOS,XALQ,2025/1/3 18:55,2025/1/3 21:55,319,AFT_10046,177
Flt_15384,SSNS,PNOJ,2025/1/3 18:55,2025/1/3 21:40,320,AFT_10026,161
Flt_15385,YELV,JTZV,2025/1/3 18:55,2025/1/3 22:20,321,AFT_10124,201
Flt_15386,JTZV,SVBC,2025/1/3 19:00,2025/1/3 21:05,319,AFT_10100,113
Flt_15387,XTNT,JTZV,2025/1/3 19:00,2025/1/3 21:45,320,AFT_10152,131
Flt_15388,JTZV,UNUN,2025/1/3 19:00,2025/1/3 22:45,320,AFT_10111,219
Flt_15389,JTZV,IQOA,2025/1/3 19:05,2025/1/3 21:25,321,AFT_10015,124
Flt_15390,TLRK,ZOEV,2025/1/3 19:05,2025/1/3 21:15,320,AFT_10055,131
Flt_15391,KHPY,IGVH,2025/1/3 19:05,2025/1/3 22:05,320,AFT_10131,152
Flt_15392,SIBL,XALQ,2025/1/3 19:05,2025/1/3 22:30,320,AFT_10083,215
Flt_15393,WDWO,ZBRM,2025/1/3 19:05,2025/1/3 20:45,320,AFT_10082,108
Flt_15394,WDWO,CGHU,2025/1/3 19:05,2025/1/3 22:15,321,AFT_10070,178
Flt_15395,JTZV,JNLE,2025/1/3 19:10,2025/1/3 21:10,320,AFT_10053,123
Flt_15396,JTZV,MJTP,2025/1/3 19:10,2025/1/3 20:50,319,AFT_10071,95
Flt_15397,ZNIR,JTZV,2025/1/3 19:10,2025/1/3 22:20,321,AFT_10120,193
Flt_15398,SSNS,CGHU,2025/1/3 19:10,2025/1/3 22:00,321,AFT_10145,160
Flt_15399,JTZV,YELV,2025/1/3 19:15,2025/1/3 21:50,321,AFT_10121,144
Flt_15400,XALQ,KXUZ,2025/1/3 19:20,2025/1/3 21:25,320,AFT_10061,116
Flt_15401,JTZV,KXUZ,2025/1/3 19:20,2025/1/3 21:40,321,AFT_10078,137
Flt_15402,JTZV,JXKD,2025/1/3 19:20,2025/1/3 21:10,319,AFT_10097,106
Flt_15403,ZMZW,XALQ,2025/1/3 19:20,2025/1/3 22:30,319,AFT_10087,177
Flt_15404,VNDG,XALQ,2025/1/3 19:20,2025/1/3 22:40,319,AFT_10109,194
Flt_15405,OJAV,JTZV,2025/1/3 19:20,2025/1/3 21:55,320,AFT_10117,151
Flt_15406,CGHU,JTZV,2025/1/3 19:20,2025/1/4 0:05,320,AFT_10112,280
Flt_15407,TJFR,CGHU,2025/1/3 19:20,2025/1/3 22:00,320,AFT_10031,146
Flt_15408,JTZV,MEEP,2025/1/3 19:30,2025/1/3 21:45,319,AFT_10076,116
Flt_15409,CFEV,JTZV,2025/1/3 19:30,2025/1/3 21:25,319,AFT_10093,117
Flt_15410,XALQ,GSWW,2025/1/3 19:35,2025/1/3 21:15,320,AFT_10024,130
Flt_15411,CHCY,JTZV,2025/1/3 19:35,2025/1/3 22:40,320,AFT_10072,181
Flt_15412,VAYQ,JTZV,2025/1/3 19:40,2025/1/3 23:30,320,AFT_10066,203
Flt_15413,ZFTY,JTZV,2025/1/3 19:40,2025/1/3 22:40,321,AFT_10065,169
Flt_15414,PNOJ,MEEP,2025/1/3 19:45,2025/1/3 21:45,320,AFT_10050,103
Flt_15415,XALQ,ZFTY,2025/1/3 19:45,2025/1/3 22:15,321,AFT_10025,139
Flt_15416,DJQK,PERX,2025/1/3 19:45,2025/1/3 21:55,321,AFT_10027,130
Flt_15417,DULL,LRNO,2025/1/3 19:45,2025/1/3 21:55,320,AFT_10104,113
Flt_15418,MKLY,JTZV,2025/1/3 19:45,2025/1/4 0:10,320,AFT_10042,237
Flt_15419,YELV,CGHU,2025/1/3 19:45,2025/1/3 23:00,320,AFT_10103,199
Flt_15420,WGZL,XALQ,2025/1/3 19:50,2025/1/3 22:20,321,AFT_10043,137
Flt_15421,FCVG,JTZV,2025/1/3 19:50,2025/1/3 22:50,321,AFT_10129,188
Flt_15422,MEEP,JTZV,2025/1/3 19:50,2025/1/3 22:25,321,AFT_10021,151
Flt_15423,ZKXC,CGHU,2025/1/3 19:50,2025/1/3 22:30,320,AFT_10051,158
Flt_15424,JTZV,DFQN,2025/1/3 19:55,2025/1/4 0:25,321,AFT_10135,227
Flt_15425,DFQN,JTZV,2025/1/3 19:55,2025/1/3 23:30,321,AFT_10136,210
Flt_15426,LCYY,JTZV,2025/1/3 19:55,2025/1/3 23:25,321,AFT_10149,213
Flt_15427,KXUZ,VEYC,2025/1/3 19:55,2025/1/3 22:25,320,AFT_10130,157
Flt_15428,TJFR,CGHU,2025/1/3 19:55,2025/1/3 22:25,320,AFT_10006,148
Flt_15429,WAQQ,JTZV,2025/1/3 20:00,2025/1/3 22:55,321,AFT_10113,170
Flt_15430,JTZV,CGHU,2025/1/3 20:00,2025/1/3 23:30,321,AFT_10052,228
Flt_15431,XALQ,UTFU,2025/1/3 20:05,2025/1/3 21:50,320,AFT_10033,102
Flt_15432,LRNO,YELV,2025/1/3 20:05,2025/1/3 22:35,320,AFT_10086,138
Flt_15433,BNGY,JTZV,2025/1/3 20:05,2025/1/3 21:55,319,AFT_10133,113
Flt_15434,KHPY,CGHU,2025/1/3 20:05,2025/1/3 22:55,320,AFT_10039,174
Flt_15435,UTFU,CGHU,2025/1/3 20:15,2025/1/3 22:55,320,AFT_10108,145
Flt_15436,CFEV,WDWO,2025/1/3 20:15,2025/1/3 22:50,319,AFT_10098,155
Flt_15437,CGHU,YELV,2025/1/3 20:15,2025/1/3 23:30,320,AFT_10143,192
Flt_15438,SSNS,XALQ,2025/1/3 20:15,2025/1/3 23:00,321,AFT_10036,140
Flt_15439,WGZL,JTZV,2025/1/3 20:15,2025/1/3 22:40,320,AFT_10088,142
Flt_15440,EFIK,JTZV,2025/1/3 20:15,2025/1/3 22:40,321,AFT_10095,150
Flt_15441,KHPY,JTZV,2025/1/3 20:15,2025/1/3 22:35,321,AFT_10118,126
Flt_15442,MEEP,IGVH,2025/1/3 20:20,2025/1/3 23:00,320,AFT_10045,147
Flt_15443,FCVG,XALQ,2025/1/3 20:20,2025/1/3 23:50,321,AFT_10094,194
Flt_15444,XALQ,MEEP,2025/1/3 20:25,2025/1/3 22:20,320,AFT_10028,106
Flt_15445,MOXE,YELV,2025/1/3 20:25,2025/1/3 22:50,320,AFT_10069,138
Flt_15446,JTZV,ZFTY,2025/1/3 20:30,2025/1/3 23:15,319,AFT_10153,167
Flt_15447,XALQ,YELV,2025/1/3 20:30,2025/1/3 22:30,319,AFT_10096,142
Flt_15448,JXKD,DIZB,2025/1/3 20:30,2025/1/3 23:50,320,AFT_10011,205
Flt_15449,TJFR,JTZV,2025/1/3 20:30,2025/1/3 23:25,320,AFT_10008,177
Flt_15450,ZFTY,UNUN,2025/1/3 20:30,2025/1/4 0:50,320,AFT_10062,248
Flt_15451,JTZV,CTIG,2025/1/3 20:35,2025/1/4 0:15,321,AFT_10007,207
Flt_15452,SZVM,ZFTY,2025/1/3 20:35,2025/1/3 22:40,320,AFT_10101,125
Flt_15453,JTZV,MEEP,2025/1/3 20:35,2025/1/3 22:50,320,AFT_10037,121
Flt_15454,RXPU,JTZV,2025/1/3 20:35,2025/1/3 23:40,321,AFT_10047,179
Flt_15455,JTZV,QQGB,2025/1/3 20:40,2025/1/3 23:00,320,AFT_10090,120
Flt_15456,AJDW,IGVH,2025/1/3 20:40,2025/1/3 23:15,320,AFT_10014,144
Flt_15457,DJQK,JTZV,2025/1/3 20:40,2025/1/4 0:05,319,AFT_10125,183
Flt_15458,LCYY,IGVH,2025/1/3 20:45,2025/1/4 0:35,320,AFT_10115,213
Flt_15459,DFQN,XALQ,2025/1/3 20:45,2025/1/4 0:40,320,AFT_10102,242
Flt_15460,KXUZ,JTZV,2025/1/3 20:45,2025/1/3 23:20,321,AFT_10114,151
Flt_15461,LCYY,WDWO,2025/1/3 20:50,2025/1/3 23:30,320,AFT_10040,155
Flt_15462,JTZV,IGVH,2025/1/3 20:50,2025/1/3 22:30,320,AFT_10010,76
Flt_15463,KHPY,JTZV,2025/1/3 20:50,2025/1/3 23:00,320,AFT_10073,148
Flt_15464,LBMY,JTZV,2025/1/3 20:50,2025/1/3 22:55,321,AFT_10141,127
Flt_15465,LQVJ,IGVH,2025/1/3 20:55,2025/1/3 22:45,320,AFT_10020,95
Flt_15466,PNOJ,ZOEV,2025/1/3 20:55,2025/1/3 23:05,320,AFT_10148,120
Flt_15467,JTZV,LRNO,2025/1/3 21:00,2025/1/3 22:55,320,AFT_10064,102
Flt_15468,UTFU,ZOEV,2025/1/3 21:00,2025/1/4 0:35,321,AFT_10017,203
Flt_15469,JTZV,QFKO,2025/1/3 21:05,2025/1/3 22:40,320,AFT_10012,84
Flt_15470,XCDO,WDWO,2025/1/3 21:05,2025/1/4 0:50,319,AFT_10049,196
Flt_15471,JTZV,DIZB,2025/1/3 21:05,2025/1/3 23:20,321,AFT_10029,130
Flt_15472,YEQV,JTZV,2025/1/3 21:05,2025/1/3 23:55,321,AFT_10048,170
Flt_15473,KIJU,JTZV,2025/1/3 21:10,2025/1/3 23:40,320,AFT_10054,151
Flt_15474,ZMZW,JTZV,2025/1/3 21:10,2025/1/4 0:35,321,AFT_10085,203
Flt_15475,XALQ,DQBQ,2025/1/3 21:15,2025/1/3 23:00,320,AFT_10002,102
Flt_15476,CGHU,YELV,2025/1/3 21:15,2025/1/4 0:40,320,AFT_10030,203
Flt_15477,ZFTY,ZBRM,2025/1/3 21:15,2025/1/4 0:25,320,AFT_10058,175
Flt_15478,LCYY,CGHU,2025/1/3 21:20,2025/1/4 0:25,321,AFT_10038,164
Flt_15479,JTZV,DIZB,2025/1/3 21:25,2025/1/3 23:40,321,AFT_10137,131
Flt_15480,CHCY,CGHU,2025/1/3 21:30,2025/1/4 1:00,320,AFT_10081,193
Flt_15481,OZOS,WDWO,2025/1/3 21:35,2025/1/3 23:45,320,AFT_10075,138
Flt_15482,MJTP,JTZV,2025/1/3 21:35,2025/1/3 23:30,319,AFT_10071,109
Flt_15483,ZBRM,ZOEV,2025/1/3 21:45,2025/1/4 0:20,320,AFT_10082,131
Flt_15484,PERX,IGVH,2025/1/3 21:45,2025/1/4 1:25,320,AFT_10106,217
Flt_15485,SVBC,JTZV,2025/1/3 21:50,2025/1/4 0:30,319,AFT_10100,155
Flt_15486,LRNO,JTZV,2025/1/3 21:50,2025/1/3 23:40,320,AFT_10119,119
Flt_15487,ZFTY,ZOEV,2025/1/3 21:55,2025/1/4 1:55,321,AFT_10013,230
Flt_15488,MEEP,YELV,2025/1/3 21:55,2025/1/4 0:10,320,AFT_10063,111
Flt_15489,JXKD,JTZV,2025/1/3 21:55,2025/1/3 23:50,319,AFT_10097,102
Flt_15490,JNLE,JTZV,2025/1/3 21:55,2025/1/4 0:20,320,AFT_10053,128
Flt_15491,IGVH,JTZV,2025/1/3 22:00,2025/1/3 23:40,320,AFT_10122,83
Flt_15492,GSWW,XALQ,2025/1/3 22:05,2025/1/3 23:55,320,AFT_10024,111
Flt_15493,SSNS,JTZV,2025/1/3 22:10,2025/1/4 0:55,320,AFT_10080,167
Flt_15494,ZFTY,XALQ,2025/1/3 22:15,2025/1/4 1:10,321,AFT_10035,157
Flt_15495,IQOA,JTZV,2025/1/3 22:15,2025/1/4 0:40,321,AFT_10015,161
Flt_15496,ZOEV,ZFTY,2025/1/3 22:20,2025/1/4 1:55,320,AFT_10055,219
Flt_15497,PNOJ,VEYC,2025/1/3 22:25,2025/1/3 23:35,320,AFT_10026,56
Flt_15498,KXUZ,XALQ,2025/1/3 22:40,2025/1/4 0:55,320,AFT_10061,126
Flt_15499,UTFU,XALQ,2025/1/3 22:40,2025/1/4 0:55,320,AFT_10033,119
Flt_15500,VEYC,KXUZ,2025/1/3 23:10,2025/1/4 1:20,320,AFT_10130,139
Flt_15501,XALQ,ZOEV,2025/1/3 23:10,2025/1/4 1:30,321,AFT_10089,133
Flt_15502,JTZV,IGVH,2025/1/3 23:25,2025/1/4 1:05,320,AFT_10092,79
Flt_15503,QFKO,JTZV,2025/1/3 23:25,2025/1/4 1:15,320,AFT_10012,91
Flt_15504,DQBQ,XALQ,2025/1/3 23:45,2025/1/4 1:30,320,AFT_10002,104
Flt_15505,JTZV,LRNO,2025/1/4 0:05,2025/1/4 2:05,321,AFT_10001,99
Flt_15506,EJUF,JTZV,2025/1/4 0:20,2025/1/4 5:00,321,AFT_10128,273
Flt_15507,EJUF,LRNO,2025/1/4 6:40,2025/1/4 10:20,321,AFT_10001,199
Flt_15508,LRNO,EJUF,2025/1/4 1:50,2025/1/4 5:10,321,AFT_10001,215
Flt_15509,LRNO,PVTT,2025/1/4 2:00,2025/1/4 5:15,321,AFT_10147,240
Flt_15510,PVTT,LRNO,2025/1/4 6:40,2025/1/4 10:00,321,AFT_10147,205
Flt_15511,QPCR,LRNO,2025/1/4 17:55,2025/1/4 20:40,321,AFT_10147,159
Flt_15512,LRNO,QPCR,2025/1/4 13:00,2025/1/4 16:25,321,AFT_10147,198
Flt_15513,ZFTY,ZOEV,2025/1/4 6:00,2025/1/4 9:35,321,AFT_10025,237
Flt_15514,ZOEV,WJBU,2025/1/4 6:00,2025/1/4 7:55,321,AFT_10013,120
Flt_15515,JTZV,KXUZ,2025/1/4 6:15,2025/1/4 8:40,321,AFT_10141,126
Flt_15516,CGHU,ZOEV,2025/1/4 6:15,2025/1/4 11:45,320,AFT_10031,322
Flt_15517,JTZV,PERX,2025/1/4 6:25,2025/1/4 9:05,321,AFT_10114,145
Flt_15518,YELV,LRNO,2025/1/4 6:25,2025/1/4 9:40,320,AFT_10063,164
Flt_15519,JTZV,GSWW,2025/1/4 6:25,2025/1/4 7:50,320,AFT_10119,73
Flt_15520,ZOEV,MOXE,2025/1/4 6:25,2025/1/4 9:25,320,AFT_10082,174
Flt_15521,MEEP,JTZV,2025/1/4 6:25,2025/1/4 8:50,319,AFT_10076,134
Flt_15522,XALQ,WAQQ,2025/1/4 6:30,2025/1/4 8:40,320,AFT_10102,115
Flt_15523,JTZV,BKVZ,2025/1/4 6:40,2025/1/4 8:20,319,AFT_10151,87
Flt_15524,JTZV,ZKXC,2025/1/4 6:40,2025/1/4 9:10,319,AFT_10142,134
Flt_15525,IGVH,XALQ,2025/1/4 6:40,2025/1/4 8:20,320,AFT_10106,101
Flt_15526,ZOEV,PADO,2025/1/4 6:45,2025/1/4 8:45,320,AFT_10148,91
Flt_15527,XALQ,MEEP,2025/1/4 6:50,2025/1/4 9:05,320,AFT_10024,100
Flt_15528,MEEP,XALQ,2025/1/4 6:50,2025/1/4 9:10,320,AFT_10050,122
Flt_15529,KXUZ,JTZV,2025/1/4 6:50,2025/1/4 9:30,321,AFT_10078,169
Flt_15530,JTZV,XCDO,2025/1/4 6:50,2025/1/4 10:30,321,AFT_10124,228
Flt_15531,XALQ,PERX,2025/1/4 6:55,2025/1/4 9:20,320,AFT_10002,150
Flt_15532,XALQ,LRNO,2025/1/4 6:55,2025/1/4 8:45,321,AFT_10043,94
Flt_15533,YELV,GSWW,2025/1/4 6:55,2025/1/4 9:55,320,AFT_10030,198
Flt_15534,WDWO,DIZB,2025/1/4 6:55,2025/1/4 8:45,320,AFT_10022,94
Flt_15535,ZFTY,MOXE,2025/1/4 6:55,2025/1/4 9:45,320,AFT_10101,147
Flt_15536,JTZV,GPWJ,2025/1/4 6:55,2025/1/4 9:10,319,AFT_10125,155
Flt_15537,UNUN,JTZV,2025/1/4 6:55,2025/1/4 10:35,320,AFT_10044,206
Flt_15538,ZFTY,JTZV,2025/1/4 6:55,2025/1/4 9:55,320,AFT_10077,183
Flt_15539,XALQ,WGZL,2025/1/4 7:00,2025/1/4 9:10,320,AFT_10061,119
Flt_15540,PERX,WGZL,2025/1/4 7:00,2025/1/4 10:40,321,AFT_10027,221
Flt_15541,UNUN,WDWO,2025/1/4 7:00,2025/1/4 10:20,320,AFT_10111,195
Flt_15542,DIZB,JXKD,2025/1/4 7:00,2025/1/4 11:00,320,AFT_10011,221
Flt_15543,JTZV,YELV,2025/1/4 7:00,2025/1/4 9:35,321,AFT_10005,152
Flt_15544,CGHU,DIZB,2025/1/4 7:00,2025/1/4 9:35,320,AFT_10103,152
Flt_15545,XALQ,CGHU,2025/1/4 7:00,2025/1/4 10:40,321,AFT_10094,232
Flt_15546,JTZV,CGHU,2025/1/4 7:00,2025/1/4 10:45,321,AFT_10095,220
Flt_15547,JTZV,KXUZ,2025/1/4 7:05,2025/1/4 9:35,319,AFT_10056,133
Flt_15548,XALQ,QFKO,2025/1/4 7:05,2025/1/4 9:05,320,AFT_10083,118
Flt_15549,IGVH,ZMZW,2025/1/4 7:05,2025/1/4 9:35,320,AFT_10115,131
Flt_15550,XALQ,KXUZ,2025/1/4 7:10,2025/1/4 9:15,321,AFT_10036,109
Flt_15551,CGHU,LBMY,2025/1/4 7:10,2025/1/4 10:50,320,AFT_10051,203
Flt_15552,CGHU,WDWO,2025/1/4 7:10,2025/1/4 11:05,321,AFT_10038,222
Flt_15553,XALQ,YELV,2025/1/4 7:10,2025/1/4 9:15,320,AFT_10033,124
Flt_15554,IGVH,KHPY,2025/1/4 7:15,2025/1/4 9:55,320,AFT_10041,161
Flt_15555,JTZV,IGVH,2025/1/4 7:15,2025/1/4 8:55,320,AFT_10004,75
Flt_15556,XALQ,LCYY,2025/1/4 7:15,2025/1/4 9:30,321,AFT_10035,154
Flt_15557,JTZV,IRVV,2025/1/4 7:15,2025/1/4 10:25,321,AFT_10149,188
Flt_15558,IGVH,MEEP,2025/1/4 7:20,2025/1/4 9:20,320,AFT_10092,103
Flt_15559,JTZV,TLRK,2025/1/4 7:20,2025/1/4 9:25,320,AFT_10122,106
Flt_15560,WDWO,GPWJ,2025/1/4 7:20,2025/1/4 10:20,319,AFT_10098,172
Flt_15561,JTZV,NYKQ,2025/1/4 7:25,2025/1/4 9:40,320,AFT_10042,131
Flt_15562,CGHU,KHPY,2025/1/4 7:25,2025/1/4 10:50,320,AFT_10039,181
Flt_15563,XALQ,WGZL,2025/1/4 7:25,2025/1/4 9:35,320,AFT_10018,113
Flt_15564,JTZV,EZNJ,2025/1/4 7:25,2025/1/4 9:15,320,AFT_10072,108
Flt_15565,JTZV,BKVZ,2025/1/4 7:25,2025/1/4 9:05,320,AFT_10152,86
Flt_15566,IGVH,TJFR,2025/1/4 7:25,2025/1/4 10:10,320,AFT_10014,160
Flt_15567,UNUN,JTZV,2025/1/4 7:25,2025/1/4 11:20,320,AFT_10062,222
Flt_15568,CGHU,JTZV,2025/1/4 7:25,2025/1/4 11:55,321,AFT_10052,274
Flt_15569,JTZV,ZFTY,2025/1/4 7:30,2025/1/4 10:15,321,AFT_10113,150
Flt_15570,VEYC,JTZV,2025/1/4 7:30,2025/1/4 8:35,320,AFT_10060,71
Flt_15571,ZFTY,IGVH,2025/1/4 7:35,2025/1/4 11:30,320,AFT_10055,210
Flt_15572,DIZB,JTZV,2025/1/4 7:35,2025/1/4 10:15,321,AFT_10029,161
Flt_15573,JTZV,UHBK,2025/1/4 7:40,2025/1/4 9:45,320,AFT_10117,105
Flt_15574,JTZV,JXKD,2025/1/4 7:40,2025/1/4 9:40,320,AFT_10112,100
Flt_15575,ZOEV,XALQ,2025/1/4 7:40,2025/1/4 10:35,321,AFT_10089,145
Flt_15576,YELV,MOXE,2025/1/4 7:40,2025/1/4 10:40,320,AFT_10069,175
Flt_15577,YELV,JTZV,2025/1/4 7:40,2025/1/4 10:55,321,AFT_10121,185
Flt_15578,YELV,MEEP,2025/1/4 7:50,2025/1/4 10:15,321,AFT_10068,147
Flt_15579,CGHU,LCYY,2025/1/4 7:50,2025/1/4 11:25,321,AFT_10070,177
Flt_15580,IGVH,JTZV,2025/1/4 7:50,2025/1/4 9:10,320,AFT_10020,86
Flt_15581,JTZV,AJDW,2025/1/4 7:55,2025/1/4 9:55,320,AFT_10053,103
Flt_15582,ZBRM,TLRK,2025/1/4 7:55,2025/1/4 9:25,320,AFT_10058,105
Flt_15583,JTZV,DIZB,2025/1/4 7:55,2025/1/4 10:20,321,AFT_10085,126
Flt_15584,IGVH,TSRM,2025/1/4 7:55,2025/1/4 9:50,320,AFT_10010,101
Flt_15585,JTZV,GPWJ,2025/1/4 7:55,2025/1/4 10:10,319,AFT_10100,134
Flt_15586,LRNO,JTZV,2025/1/4 7:55,2025/1/4 9:55,320,AFT_10064,100
Flt_15587,JTZV,LCYY,2025/1/4 8:00,2025/1/4 10:40,321,AFT_10107,155
Flt_15588,XALQ,IRVV,2025/1/4 8:00,2025/1/4 11:05,321,AFT_10074,185
Flt_15589,JTZV,ZOEV,2025/1/4 8:05,2025/1/4 10:30,321,AFT_10047,144
Flt_15590,CGHU,ZKXC,2025/1/4 8:05,2025/1/4 11:10,320,AFT_10009,184
Flt_15591,XALQ,KIJU,2025/1/4 8:05,2025/1/4 9:45,319,AFT_10087,108
Flt_15592,KXUZ,JTZV,2025/1/4 8:05,2025/1/4 10:40,320,AFT_10130,160
Flt_15593,JTZV,OWAI,2025/1/4 8:10,2025/1/4 10:00,319,AFT_10097,88
Flt_15594,JTZV,WGZL,2025/1/4 8:15,2025/1/4 10:35,321,AFT_10015,129
Flt_15595,JTZV,SSNS,2025/1/4 8:15,2025/1/4 10:35,321,AFT_10084,132
Flt_15596,XALQ,CFEV,2025/1/4 8:15,2025/1/4 11:20,319,AFT_10046,188
Flt_15597,YELV,ZBRM,2025/1/4 8:15,2025/1/4 11:20,319,AFT_10079,184
Flt_15598,JTZV,UNUN,2025/1/4 8:15,2025/1/4 11:40,321,AFT_10048,251
Flt_15599,YELV,YKHO,2025/1/4 8:20,2025/1/4 11:30,320,AFT_10143,182
Flt_15600,UNUN,GCFX,2025/1/4 8:20,2025/1/4 11:40,320,AFT_10140,188
Flt_15601,DIZB,JTZV,2025/1/4 8:20,2025/1/4 11:00,321,AFT_10137,167
Flt_15602,ZOEV,JTZV,2025/1/4 8:20,2025/1/4 11:00,321,AFT_10099,174
Flt_15603,JTZV,QKWB,2025/1/4 8:25,2025/1/4 11:20,320,AFT_10012,157
Flt_15604,WDWO,PNOJ,2025/1/4 8:25,2025/1/4 10:15,320,AFT_10075,101
Flt_15605,JTZV,CFEV,2025/1/4 8:30,2025/1/4 11:05,319,AFT_10093,148
Flt_15606,ZFTY,JTZV,2025/1/4 8:30,2025/1/4 11:35,319,AFT_10153,173
Flt_15607,JTZV,ZMZW,2025/1/4 8:35,2025/1/4 11:20,320,AFT_10126,155
Flt_15608,JTZV,OZOS,2025/1/4 8:35,2025/1/4 11:15,320,AFT_10073,168
Flt_15609,YELV,XALQ,2025/1/4 8:35,2025/1/4 11:25,319,AFT_10096,161
Flt_15610,JTZV,UNUN,2025/1/4 8:35,2025/1/4 12:25,321,AFT_10136,243
Flt_15611,JTZV,KHPY,2025/1/4 8:40,2025/1/4 10:45,321,AFT_10129,112
Flt_15612,ZOEV,SVBC,2025/1/4 8:40,2025/1/4 10:50,321,AFT_10017,110
Flt_15613,JTZV,XGWY,2025/1/4 8:40,2025/1/4 10:10,319,AFT_10133,90
Flt_15614,GSWW,JTZV,2025/1/4 8:40,2025/1/4 10:15,320,AFT_10119,93
Flt_15615,IGVH,GAGH,2025/1/4 8:45,2025/1/4 10:25,320,AFT_10131,89
Flt_15616,XALQ,RXPU,2025/1/4 8:45,2025/1/4 10:55,320,AFT_10034,125
Flt_15617,CGHU,UTFU,2025/1/4 8:50,2025/1/4 11:50,320,AFT_10006,172
Flt_15618,JTZV,RMNJ,2025/1/4 8:55,2025/1/4 11:15,320,AFT_10067,125
Flt_15619,WJBU,GSWW,2025/1/4 8:55,2025/1/4 11:05,321,AFT_10013,141
Flt_15620,JTZV,FCVG,2025/1/4 9:00,2025/1/4 12:10,321,AFT_10105,205
Flt_15621,IGVH,DIZB,2025/1/4 9:00,2025/1/4 11:50,320,AFT_10045,181
Flt_15622,JTZV,RXPU,2025/1/4 9:00,2025/1/4 11:25,321,AFT_10065,140
Flt_15623,CGHU,TJFR,2025/1/4 9:00,2025/1/4 11:55,320,AFT_10108,157
Flt_15624,XALQ,GPWJ,2025/1/4 9:00,2025/1/4 11:35,319,AFT_10109,153
Flt_15625,JTZV,XLQE,2025/1/4 9:05,2025/1/4 13:15,320,AFT_10008,254
Flt_15626,UNUN,QFKO,2025/1/4 9:05,2025/1/4 11:40,319,AFT_10116,146
Flt_15627,JTZV,DJQK,2025/1/4 9:05,2025/1/4 11:45,319,AFT_10059,158
Flt_15628,JTZV,LSYF,2025/1/4 9:05,2025/1/4 11:00,319,AFT_10071,105
Flt_15629,BKVZ,JTZV,2025/1/4 9:05,2025/1/4 10:35,319,AFT_10151,94
Flt_15630,WDWO,KXUZ,2025/1/4 9:10,2025/1/4 11:55,320,AFT_10040,157
Flt_15631,JTZV,VBSP,2025/1/4 9:15,2025/1/4 12:30,320,AFT_10088,196
Flt_15632,JTZV,MEEP,2025/1/4 9:15,2025/1/4 11:40,321,AFT_10120,132
Flt_15633,JTZV,JXKD,2025/1/4 9:15,2025/1/4 11:05,320,AFT_10066,101
Flt_15634,JTZV,CHCY,2025/1/4 9:15,2025/1/4 11:50,320,AFT_10138,157
Flt_15635,YELV,JTZV,2025/1/4 9:15,2025/1/4 12:25,321,AFT_10032,182
Flt_15636,MEEP,JTZV,2025/1/4 9:20,2025/1/4 11:40,320,AFT_10028,146
Flt_15637,XALQ,EZNJ,2025/1/4 9:25,2025/1/4 11:15,320,AFT_10106,125
Flt_15638,JTZV,IGVH,2025/1/4 9:25,2025/1/4 10:55,321,AFT_10019,72
Flt_15639,CGHU,CHCY,2025/1/4 9:25,2025/1/4 13:20,320,AFT_10081,229
Flt_15640,WAQQ,XALQ,2025/1/4 9:25,2025/1/4 11:55,320,AFT_10102,143
Flt_15641,YELV,PNOJ,2025/1/4 9:25,2025/1/4 12:30,320,AFT_10086,183
Flt_15642,JTZV,ZFTY,2025/1/4 9:30,2025/1/4 12:15,321,AFT_10118,148
Flt_15643,MEEP,ZBRM,2025/1/4 9:30,2025/1/4 11:50,320,AFT_10037,132
Flt_15644,JTZV,LPNC,2025/1/4 9:35,2025/1/4 14:10,321,AFT_10057,254
Flt_15645,JTZV,TXMD,2025/1/4 9:35,2025/1/4 13:35,321,AFT_10127,236
Flt_15646,DFQN,JTZV,2025/1/4 9:35,2025/1/4 14:00,321,AFT_10135,218
Flt_15647,DIZB,CGHU,2025/1/4 9:35,2025/1/4 12:00,320,AFT_10022,138
Flt_15648,WDWO,RNVU,2025/1/4 9:40,2025/1/4 12:00,319,AFT_10049,115
Flt_15649,JTZV,WGZL,2025/1/4 9:45,2025/1/4 12:00,320,AFT_10060,141
Flt_15650,PADO,EZNJ,2025/1/4 9:50,2025/1/4 12:30,320,AFT_10148,154
Flt_15651,LRNO,XALQ,2025/1/4 9:50,2025/1/4 11:35,321,AFT_10043,90
Flt_15652,QFKO,XALQ,2025/1/4 9:50,2025/1/4 11:45,320,AFT_10083,112
Flt_15653,BKVZ,JTZV,2025/1/4 9:50,2025/1/4 11:25,320,AFT_10152,79
Flt_15654,KXUZ,JTZV,2025/1/4 9:55,2025/1/4 13:00,321,AFT_10141,154
Flt_15655,JTZV,VNDG,2025/1/4 9:55,2025/1/4 13:15,321,AFT_10128,171
Flt_15656,IGVH,AJDW,2025/1/4 10:00,2025/1/4 12:25,320,AFT_10004,155
Flt_15657,QQGB,JTZV,2025/1/4 10:00,2025/1/4 12:10,320,AFT_10090,127
Flt_15658,CTIG,JTZV,2025/1/4 10:00,2025/1/4 13:35,321,AFT_10007,216
Flt_15659,ZKXC,JTZV,2025/1/4 10:00,2025/1/4 12:40,319,AFT_10142,172
Flt_15660,EZNJ,JTZV,2025/1/4 10:05,2025/1/4 12:15,320,AFT_10072,128
Flt_15661,PERX,JTZV,2025/1/4 10:05,2025/1/4 13:05,321,AFT_10114,183
Flt_15662,GPWJ,JTZV,2025/1/4 10:05,2025/1/4 12:10,319,AFT_10125,110
Flt_15663,WGZL,FCVG,2025/1/4 10:10,2025/1/4 12:35,320,AFT_10061,145
Flt_15664,JTZV,KZXO,2025/1/4 10:10,2025/1/4 13:35,319,AFT_10076,205
Flt_15665,MOXE,ZOEV,2025/1/4 10:10,2025/1/4 12:45,320,AFT_10082,144
Flt_15666,JTZV,WAQQ,2025/1/4 10:15,2025/1/4 12:25,321,AFT_10003,144
Flt_15667,JTZV,PVTT,2025/1/4 10:20,2025/1/4 15:35,321,AFT_10016,290
Flt_15668,LRNO,DULL,2025/1/4 10:20,2025/1/4 12:10,320,AFT_10104,99
Flt_15669,MEEP,XALQ,2025/1/4 10:20,2025/1/4 12:35,320,AFT_10024,114
Flt_15670,DIZB,WAQQ,2025/1/4 10:25,2025/1/4 13:10,320,AFT_10103,156
Flt_15671,JTZV,KHPY,2025/1/4 10:25,2025/1/4 12:25,320,AFT_10020,119
Flt_15672,MEEP,IGVH,2025/1/4 10:25,2025/1/4 13:00,320,AFT_10092,145
Flt_15673,TLRK,LUEM,2025/1/4 10:25,2025/1/4 12:10,320,AFT_10058,95
Flt_15674,PERX,XALQ,2025/1/4 10:25,2025/1/4 13:20,320,AFT_10002,170
Flt_15675,JXKD,JTZV,2025/1/4 10:25,2025/1/4 12:15,320,AFT_10112,106
Flt_15676,TLRK,JTZV,2025/1/4 10:25,2025/1/4 12:20,320,AFT_10122,125
Flt_15677,NYKQ,JTZV,2025/1/4 10:25,2025/1/4 12:45,320,AFT_10042,143
Flt_15678,JTZV,UNUN,2025/1/4 10:25,2025/1/4 14:10,320,AFT_10064,227
Flt_15679,MOXE,JXKD,2025/1/4 10:30,2025/1/4 12:35,320,AFT_10101,115
Flt_15680,CGHU,LCYY,2025/1/4 10:30,2025/1/4 13:45,321,AFT_10023,177
Flt_15681,YELV,XALQ,2025/1/4 10:30,2025/1/4 13:40,320,AFT_10033,161
Flt_15682,UHBK,JTZV,2025/1/4 10:30,2025/1/4 12:45,320,AFT_10117,124
Flt_15683,ZOEV,UTFU,2025/1/4 10:35,2025/1/4 14:05,321,AFT_10025,206
Flt_15684,JTZV,KXUZ,2025/1/4 10:35,2025/1/4 12:50,321,AFT_10078,133
Flt_15685,TSRM,DIZB,2025/1/4 10:35,2025/1/4 12:25,320,AFT_10010,104
Flt_15686,WGZL,XALQ,2025/1/4 10:40,2025/1/4 12:55,320,AFT_10018,123
Flt_15687,KXUZ,XALQ,2025/1/4 10:40,2025/1/4 13:00,319,AFT_10056,134
Flt_15688,AJDW,JTZV,2025/1/4 10:40,2025/1/4 12:55,320,AFT_10053,125
Flt_15689,GSWW,BKCE,2025/1/4 10:45,2025/1/4 12:30,320,AFT_10030,104
Flt_15690,ZMZW,IGVH,2025/1/4 10:45,2025/1/4 14:00,320,AFT_10115,190
Flt_15691,LCYY,XALQ,2025/1/4 10:45,2025/1/4 14:00,321,AFT_10035,188
Flt_15692,OWAI,JTZV,2025/1/4 10:45,2025/1/4 12:10,319,AFT_10097,84
Flt_15693,YELV,JTZV,2025/1/4 10:45,2025/1/4 13:50,321,AFT_10005,193
Flt_15694,KIJU,XALQ,2025/1/4 10:50,2025/1/4 13:05,319,AFT_10087,112
Flt_15695,KXUZ,JTZV,2025/1/4 10:50,2025/1/4 13:45,321,AFT_10036,159
Flt_15696,LRNO,DIZB,2025/1/4 10:55,2025/1/4 13:45,320,AFT_10063,159
Flt_15697,GPWJ,JTZV,2025/1/4 10:55,2025/1/4 13:00,319,AFT_10100,110
Flt_15698,XGWY,JTZV,2025/1/4 10:55,2025/1/4 12:15,319,AFT_10133,72
Flt_15699,KHPY,CGHU,2025/1/4 10:55,2025/1/4 13:40,320,AFT_10041,159
Flt_15700,GPWJ,WDWO,2025/1/4 11:00,2025/1/4 13:35,319,AFT_10098,154
Flt_15701,PNOJ,JXKD,2025/1/4 11:00,2025/1/4 12:45,320,AFT_10075,102
Flt_15702,JTZV,SSNS,2025/1/4 11:00,2025/1/4 13:35,321,AFT_10021,134
Flt_15703,JTZV,VEYC,2025/1/4 11:05,2025/1/4 12:25,320,AFT_10077,68
Flt_15704,TJFR,IRVV,2025/1/4 11:05,2025/1/4 13:15,320,AFT_10014,114
Flt_15705,DIZB,JTZV,2025/1/4 11:10,2025/1/4 13:50,321,AFT_10085,167
Flt_15706,GAGH,IGVH,2025/1/4 11:25,2025/1/4 12:55,320,AFT_10131,87
Flt_15707,MOXE,UNUN,2025/1/4 11:25,2025/1/4 14:50,320,AFT_10069,209
Flt_15708,WDWO,IGVH,2025/1/4 11:30,2025/1/4 13:50,320,AFT_10111,113
Flt_15709,MEEP,YELV,2025/1/4 11:35,2025/1/4 13:35,321,AFT_10068,109
Flt_15710,IRVV,JTZV,2025/1/4 11:35,2025/1/4 16:15,321,AFT_10149,251
Flt_15711,JTZV,IQOA,2025/1/4 11:40,2025/1/4 13:50,321,AFT_10150,139
Flt_15712,XCDO,JTZV,2025/1/4 11:40,2025/1/4 16:25,321,AFT_10124,269
Flt_15713,ZOEV,JTZV,2025/1/4 11:40,2025/1/4 14:30,321,AFT_10047,162
Flt_15714,ZFTY,JTZV,2025/1/4 11:40,2025/1/4 14:40,321,AFT_10113,172
Flt_15715,JTZV,SEWU,2025/1/4 11:40,2025/1/4 16:00,319,AFT_10151,248
Flt_15716,JTZV,OQIB,2025/1/4 11:45,2025/1/4 14:25,321,AFT_10099,154
Flt_15717,WGZL,PERX,2025/1/4 11:45,2025/1/4 15:30,321,AFT_10027,221
Flt_15718,JTZV,KXUZ,2025/1/4 11:45,2025/1/4 14:00,320,AFT_10130,141
Flt_15719,LSYF,ZMZW,2025/1/4 11:45,2025/1/4 13:10,319,AFT_10071,95
Flt_15720,KHPY,JTZV,2025/1/4 11:45,2025/1/4 14:10,321,AFT_10129,136
Flt_15721,JTZV,UTFU,2025/1/4 11:50,2025/1/4 13:45,320,AFT_10080,114
Flt_15722,SVBC,UTFU,2025/1/4 11:50,2025/1/4 14:50,321,AFT_10017,144
Flt_15723,LBMY,LRNO,2025/1/4 11:50,2025/1/4 13:55,320,AFT_10051,127
Flt_15724,KHPY,JXKD,2025/1/4 11:50,2025/1/4 15:15,320,AFT_10039,204
Flt_15725,CGHU,XALQ,2025/1/4 11:50,2025/1/4 16:20,321,AFT_10094,264
Flt_15726,SSNS,JTZV,2025/1/4 11:50,2025/1/4 14:40,321,AFT_10084,163
Flt_15727,GSWW,JTZV,2025/1/4 11:55,2025/1/4 14:05,321,AFT_10013,93
Flt_15728,LCYY,JTZV,2025/1/4 11:55,2025/1/4 15:35,321,AFT_10107,212
Flt_15729,CGHU,JTZV,2025/1/4 11:55,2025/1/4 16:45,321,AFT_10095,270
Flt_15730,WGZL,JTZV,2025/1/4 11:55,2025/1/4 14:25,321,AFT_10015,158
Flt_15731,ZKXC,WGZL,2025/1/4 12:00,2025/1/4 14:55,320,AFT_10009,184
Flt_15732,JXKD,JTZV,2025/1/4 12:00,2025/1/4 13:45,320,AFT_10066,108
Flt_15733,RMNJ,JTZV,2025/1/4 12:00,2025/1/4 14:40,320,AFT_10067,159
Flt_15734,IGVH,JTZV,2025/1/4 12:00,2025/1/4 13:30,321,AFT_10019,85
Flt_15735,XALQ,UNUN,2025/1/4 12:00,2025/1/4 16:00,321,AFT_10089,242
Flt_15736,ZBRM,JXKD,2025/1/4 12:05,2025/1/4 13:45,319,AFT_10079,86
Flt_15737,IRVV,XALQ,2025/1/4 12:05,2025/1/4 16:00,321,AFT_10074,248
Flt_15738,EZNJ,XALQ,2025/1/4 12:05,2025/1/4 14:05,320,AFT_10106,111
Flt_15739,JXKD,XALQ,2025/1/4 12:05,2025/1/4 14:05,320,AFT_10011,114
Flt_15740,OZOS,HPGC,2025/1/4 12:05,2025/1/4 13:20,320,AFT_10073,74
Flt_15741,WDWO,DQBQ,2025/1/4 12:10,2025/1/4 14:40,321,AFT_10038,153
Flt_15742,JTZV,DIZB,2025/1/4 12:10,2025/1/4 14:35,320,AFT_10119,129
Flt_15743,RXPU,XALQ,2025/1/4 12:10,2025/1/4 14:40,320,AFT_10034,157
Flt_15744,QKWB,JTZV,2025/1/4 12:10,2025/1/4 15:35,320,AFT_10012,197
Flt_15745,YKHO,YELV,2025/1/4 12:15,2025/1/4 14:30,320,AFT_10143,142
Flt_15746,CFEV,JTZV,2025/1/4 12:20,2025/1/4 14:15,319,AFT_10093,118
Flt_15747,GCFX,LRNO,2025/1/4 12:25,2025/1/4 14:30,320,AFT_10140,117
Flt_15748,CFEV,XALQ,2025/1/4 12:25,2025/1/4 15:05,319,AFT_10046,151
Flt_15749,GPWJ,XALQ,2025/1/4 12:25,2025/1/4 15:00,319,AFT_10109,120
Flt_15750,QFKO,CFEV,2025/1/4 12:25,2025/1/4 14:55,319,AFT_10116,134
Flt_15751,JTZV,CFEV,2025/1/4 12:30,2025/1/4 15:15,319,AFT_10153,151
Flt_15752,ZMZW,JTZV,2025/1/4 12:30,2025/1/4 15:50,320,AFT_10126,210
Flt_15753,RXPU,JTZV,2025/1/4 12:30,2025/1/4 15:40,321,AFT_10065,179
Flt_15754,JTZV,DQBQ,2025/1/4 12:35,2025/1/4 14:40,321,AFT_10137,116
Flt_15755,DJQK,JTZV,2025/1/4 12:35,2025/1/4 15:55,319,AFT_10059,179
Flt_15756,IGVH,SZVM,2025/1/4 12:35,2025/1/4 14:20,320,AFT_10055,94
Flt_15757,XALQ,CFEV,2025/1/4 12:40,2025/1/4 15:35,319,AFT_10096,164
Flt_15758,CHCY,JTZV,2025/1/4 12:40,2025/1/4 15:45,320,AFT_10138,176
Flt_15759,JTZV,AWPD,2025/1/4 12:45,2025/1/4 17:15,320,AFT_10062,302
Flt_15760,XALQ,SSNS,2025/1/4 12:50,2025/1/4 14:45,320,AFT_10050,114
Flt_15761,JTZV,LCYY,2025/1/4 12:50,2025/1/4 15:15,321,AFT_10121,157
Flt_15762,VEYC,PNOJ,2025/1/4 12:50,2025/1/4 13:45,320,AFT_10026,54
Flt_15763,JTZV,UNUN,2025/1/4 12:50,2025/1/4 16:50,320,AFT_10028,237
Flt_15764,UTFU,DQBQ,2025/1/4 12:55,2025/1/4 15:40,320,AFT_10006,180
Flt_15765,LUEM,TLRK,2025/1/4 12:55,2025/1/4 14:50,320,AFT_10058,107
Flt_15766,XALQ,KXUZ,2025/1/4 12:55,2025/1/4 15:00,321,AFT_10043,105
Flt_15767,XALQ,LBMY,2025/1/4 12:55,2025/1/4 14:35,320,AFT_10083,74
Flt_15768,TJFR,WJBU,2025/1/4 12:55,2025/1/4 15:40,320,AFT_10108,157
Flt_15769,MEEP,JTZV,2025/1/4 12:55,2025/1/4 15:30,321,AFT_10120,158
Flt_15770,UNUN,JTZV,2025/1/4 12:55,2025/1/4 16:40,321,AFT_10048,200
Flt_15771,ZOEV,CGHU,2025/1/4 12:55,2025/1/4 17:55,320,AFT_10031,302
Flt_15772,XALQ,ZFTY,2025/1/4 13:00,2025/1/4 15:35,320,AFT_10102,132
Flt_15774,RNVU,WDWO,2025/1/4 13:00,2025/1/4 15:00,319,AFT_10049,122
Flt_15775,LCYY,CGHU,2025/1/4 13:00,2025/1/4 15:50,321,AFT_10070,184
Flt_15776,JTZV,QFKO,2025/1/4 13:05,2025/1/4 14:50,320,AFT_10044,88
Flt_15777,WGZL,JTZV,2025/1/4 13:05,2025/1/4 15:25,320,AFT_10060,153
Flt_15778,WAQQ,JTZV,2025/1/4 13:10,2025/1/4 15:45,321,AFT_10003,173
Flt_15779,DULL,PERX,2025/1/4 13:10,2025/1/4 15:30,320,AFT_10104,125
Flt_15780,ZBRM,MEEP,2025/1/4 13:10,2025/1/4 15:30,320,AFT_10037,111
Flt_15781,KXUZ,WDWO,2025/1/4 13:10,2025/1/4 16:05,320,AFT_10040,171
Flt_15782,DIZB,IGVH,2025/1/4 13:10,2025/1/4 16:25,320,AFT_10045,190
Flt_15783,FCVG,JTZV,2025/1/4 13:10,2025/1/4 16:15,321,AFT_10105,180
Flt_15784,VEYC,JTZV,2025/1/4 13:10,2025/1/4 14:25,320,AFT_10077,67
Flt_15785,AJDW,XCDO,2025/1/4 13:10,2025/1/4 15:45,320,AFT_10004,161
Flt_15786,JTZV,JNLE,2025/1/4 13:15,2025/1/4 15:15,319,AFT_10091,116
Flt_15787,BKCE,GSWW,2025/1/4 13:15,2025/1/4 14:45,320,AFT_10030,83
Flt_15788,DIZB,TSRM,2025/1/4 13:15,2025/1/4 15:30,320,AFT_10010,133
Flt_15789,JTZV,SGXO,2025/1/4 13:15,2025/1/4 14:20,319,AFT_10133,56
Flt_15790,JTZV,LBMY,2025/1/4 13:20,2025/1/4 15:05,320,AFT_10090,102
Flt_15791,JTZV,JXKD,2025/1/4 13:20,2025/1/4 15:25,319,AFT_10125,104
Flt_15792,PNOJ,YELV,2025/1/4 13:20,2025/1/4 15:55,320,AFT_10086,142
Flt_15793,JTZV,TJFR,2025/1/4 13:20,2025/1/4 15:40,320,AFT_10152,131
Flt_15794,JTZV,TKCE,2025/1/4 13:20,2025/1/4 17:20,320,AFT_10112,232
Flt_15795,JTZV,KXUZ,2025/1/4 13:25,2025/1/4 15:40,320,AFT_10122,127
Flt_15796,UNUN,JTZV,2025/1/4 13:25,2025/1/4 17:00,321,AFT_10136,206
Flt_15797,KHPY,XCDO,2025/1/4 13:25,2025/1/4 16:10,320,AFT_10020,149
Flt_15798,JTZV,ZFTY,2025/1/4 13:30,2025/1/4 16:15,321,AFT_10032,143
Flt_15799,JXKD,PNOJ,2025/1/4 13:30,2025/1/4 15:15,320,AFT_10075,93
Flt_15800,VBSP,JTZV,2025/1/4 13:30,2025/1/4 17:30,320,AFT_10088,253
Flt_15801,XALQ,MEEP,2025/1/4 13:35,2025/1/4 15:30,320,AFT_10024,111
Flt_15802,EZNJ,PADO,2025/1/4 13:35,2025/1/4 16:15,320,AFT_10148,159
Flt_15803,FCVG,WGZL,2025/1/4 13:35,2025/1/4 16:20,320,AFT_10061,140
Flt_15804,JTZV,MEEP,2025/1/4 13:40,2025/1/4 16:05,319,AFT_10142,128
Flt_15805,ZFTY,JTZV,2025/1/4 13:40,2025/1/4 17:00,321,AFT_10118,174
Flt_15806,JTZV,PERX,2025/1/4 13:55,2025/1/4 16:40,321,AFT_10029,148
Flt_15807,JTZV,MKLY,2025/1/4 13:55,2025/1/4 19:00,320,AFT_10042,304
Flt_15808,XLQE,JTZV,2025/1/4 14:00,2025/1/4 17:55,320,AFT_10008,230
Flt_15809,XALQ,TLRK,2025/1/4 14:00,2025/1/4 15:25,320,AFT_10018,75
Flt_15810,HPGC,OZOS,2025/1/4 14:05,2025/1/4 15:25,320,AFT_10073,74
Flt_15811,IGVH,GCFX,2025/1/4 14:05,2025/1/4 16:05,320,AFT_10131,117
Flt_15812,JTZV,UXIL,2025/1/4 14:10,2025/1/4 16:05,319,AFT_10100,104
Flt_15813,XALQ,DULL,2025/1/4 14:10,2025/1/4 15:50,319,AFT_10087,95
Flt_15814,JTZV,QKWB,2025/1/4 14:10,2025/1/4 17:00,319,AFT_10097,165
Flt_15815,ZMZW,LSYF,2025/1/4 14:10,2025/1/4 15:50,319,AFT_10071,109
Flt_15816,CGHU,DIZB,2025/1/4 14:15,2025/1/4 16:50,320,AFT_10022,139
Flt_15817,VNDG,JTZV,2025/1/4 14:15,2025/1/4 17:50,321,AFT_10128,217
Flt_15818,XALQ,KHPY,2025/1/4 14:20,2025/1/4 16:00,319,AFT_10056,98
Flt_15819,CHCY,WGZL,2025/1/4 14:20,2025/1/4 17:10,320,AFT_10081,151
Flt_15820,WAQQ,DIZB,2025/1/4 14:20,2025/1/4 16:45,320,AFT_10103,154
Flt_15821,IRVV,TJFR,2025/1/4 14:20,2025/1/4 16:30,320,AFT_10014,121
Flt_15822,JXKD,MOXE,2025/1/4 14:25,2025/1/4 16:30,320,AFT_10101,119
Flt_15823,PNOJ,DJQK,2025/1/4 14:30,2025/1/4 16:55,320,AFT_10026,152
Flt_15824,JXKD,ZBRM,2025/1/4 14:30,2025/1/4 16:10,319,AFT_10079,94
Flt_15825,DIZB,LRNO,2025/1/4 14:35,2025/1/4 17:50,320,AFT_10063,184
Flt_15826,KZXO,JTZV,2025/1/4 14:35,2025/1/4 17:35,319,AFT_10076,163
Flt_15827,UTFU,JTZV,2025/1/4 14:35,2025/1/4 17:15,320,AFT_10080,137
Flt_15828,JTZV,CGHU,2025/1/4 14:35,2025/1/4 18:20,320,AFT_10117,242
Flt_15829,JTZV,DFQN,2025/1/4 14:40,2025/1/4 18:40,321,AFT_10007,215
Flt_15830,JTZV,GYYK,2025/1/4 14:40,2025/1/4 18:15,321,AFT_10019,201
Flt_15831,XALQ,OZOS,2025/1/4 14:40,2025/1/4 17:25,321,AFT_10154,143
Flt_15832,YELV,XCDO,2025/1/4 14:45,2025/1/4 17:45,321,AFT_10068,171
Flt_15833,JTZV,VAYQ,2025/1/4 14:50,2025/1/4 18:55,320,AFT_10066,231
Flt_15834,JTZV,YNHL,2025/1/4 14:55,2025/1/4 17:35,321,AFT_10135,146
Flt_15835,CGHU,KHPY,2025/1/4 14:55,2025/1/4 18:00,320,AFT_10041,192
Flt_15836,IGVH,WDWO,2025/1/4 14:55,2025/1/4 17:05,320,AFT_10111,138
Flt_15837,CGHU,SSNS,2025/1/4 14:55,2025/1/4 18:05,320,AFT_10123,171
Flt_15838,SSNS,JTZV,2025/1/4 14:55,2025/1/4 17:45,321,AFT_10021,177
Flt_15839,LCYY,CGHU,2025/1/4 14:55,2025/1/4 18:00,321,AFT_10023,182
Flt_15840,UTFU,IRVV,2025/1/4 14:55,2025/1/4 16:55,321,AFT_10025,96
Flt_15841,JTZV,NUHU,2025/1/4 15:00,2025/1/4 16:50,320,AFT_10072,98
Flt_15842,JTZV,YELV,2025/1/4 15:00,2025/1/4 17:40,321,AFT_10036,143
Flt_15843,JTZV,SSNS,2025/1/4 15:00,2025/1/4 17:30,321,AFT_10005,127
Flt_15844,JTZV,ZNIR,2025/1/4 15:00,2025/1/4 17:40,321,AFT_10085,138
Flt_15845,JTZV,RXPU,2025/1/4 15:00,2025/1/4 17:30,321,AFT_10114,136
Flt_15846,IQOA,JTZV,2025/1/4 15:00,2025/1/4 17:40,321,AFT_10150,154
Flt_15847,SZVM,SSNS,2025/1/4 15:05,2025/1/4 16:45,320,AFT_10055,102
Flt_15848,XALQ,LCYY,2025/1/4 15:05,2025/1/4 17:30,320,AFT_10002,141
Flt_15849,SGXO,ZGGH,2025/1/4 15:05,2025/1/4 17:30,319,AFT_10133,151
Flt_15850,OQIB,VNDG,2025/1/4 15:10,2025/1/4 16:15,321,AFT_10099,58
Flt_15851,UNUN,ZFTY,2025/1/4 15:10,2025/1/4 19:15,320,AFT_10064,228
Flt_15852,LRNO,LBMY,2025/1/4 15:10,2025/1/4 17:00,320,AFT_10051,102
Flt_15853,TXMD,JTZV,2025/1/4 15:10,2025/1/4 20:35,321,AFT_10127,313
Flt_15854,XALQ,JXKD,2025/1/4 15:15,2025/1/4 17:20,320,AFT_10011,122
Flt_15855,XALQ,IGVH,2025/1/4 15:15,2025/1/4 16:50,320,AFT_10106,82
Flt_15856,JTZV,FCVG,2025/1/4 15:25,2025/1/4 18:45,321,AFT_10129,192
Flt_15857,DQBQ,WDWO,2025/1/4 15:25,2025/1/4 17:55,321,AFT_10038,163
Flt_15858,DQBQ,JTZV,2025/1/4 15:25,2025/1/4 17:40,321,AFT_10137,134
Flt_15859,KXUZ,JTZV,2025/1/4 15:25,2025/1/4 18:00,321,AFT_10078,153
Flt_15860,JTZV,GSWW,2025/1/4 15:30,2025/1/4 17:05,321,AFT_10013,90
Flt_15861,JTZV,ZFTY,2025/1/4 15:30,2025/1/4 18:15,320,AFT_10077,148
Flt_15862,JTZV,TLRK,2025/1/4 15:30,2025/1/4 17:20,321,AFT_10052,104
Flt_15863,LRNO,GCFX,2025/1/4 15:30,2025/1/4 17:35,320,AFT_10140,135
Flt_15864,JTZV,CFEV,2025/1/4 15:30,2025/1/4 18:25,319,AFT_10093,138
Flt_15865,GSWW,YELV,2025/1/4 15:35,2025/1/4 18:25,320,AFT_10030,176
Flt_15866,CFEV,QFKO,2025/1/4 15:35,2025/1/4 17:35,319,AFT_10116,131
Flt_15867,IGVH,JTZV,2025/1/4 15:35,2025/1/4 17:20,320,AFT_10115,85
Flt_15868,UTFU,SVBC,2025/1/4 15:40,2025/1/4 18:25,321,AFT_10017,144
Flt_15869,LPNC,JTZV,2025/1/4 15:40,2025/1/4 21:45,321,AFT_10057,345
Flt_15870,QFKO,JTZV,2025/1/4 15:40,2025/1/4 17:35,320,AFT_10044,92
Flt_15871,DIZB,JTZV,2025/1/4 15:40,2025/1/4 18:30,320,AFT_10119,162
Flt_15872,YELV,CGHU,2025/1/4 15:40,2025/1/4 19:15,320,AFT_10143,219
Flt_15873,XALQ,DFQN,2025/1/4 15:45,2025/1/4 19:50,320,AFT_10034,229
Flt_15874,SSNS,XALQ,2025/1/4 15:50,2025/1/4 18:20,320,AFT_10050,143
Flt_15875,TLRK,ZBRM,2025/1/4 15:50,2025/1/4 17:50,320,AFT_10058,107
Flt_15876,JXKD,KHPY,2025/1/4 16:00,2025/1/4 18:55,320,AFT_10039,198
Flt_15877,JTZV,OJAV,2025/1/4 16:00,2025/1/4 18:35,320,AFT_10067,135
Flt_15878,PNOJ,WDWO,2025/1/4 16:00,2025/1/4 17:40,320,AFT_10075,96
Flt_15879,JTZV,LCYY,2025/1/4 16:00,2025/1/4 18:40,321,AFT_10047,146
Flt_15880,JNLE,JTZV,2025/1/4 16:00,2025/1/4 18:25,319,AFT_10091,135
Flt_15881,XALQ,VNDG,2025/1/4 16:00,2025/1/4 18:35,319,AFT_10109,159
Flt_15882,XALQ,FCVG,2025/1/4 16:05,2025/1/4 19:20,321,AFT_10035,204
Flt_15883,XALQ,ZMZW,2025/1/4 16:05,2025/1/4 18:20,319,AFT_10046,125
Flt_15884,WGZL,ZKXC,2025/1/4 16:05,2025/1/4 18:50,320,AFT_10009,159
Flt_15885,JTZV,CHCY,2025/1/4 16:05,2025/1/4 18:45,320,AFT_10053,163
Flt_15886,LBMY,XALQ,2025/1/4 16:05,2025/1/4 17:45,320,AFT_10090,98
Flt_15887,JTZV,MEEP,2025/1/4 16:10,2025/1/4 18:35,321,AFT_10113,124
Flt_15888,WDWO,CFEV,2025/1/4 16:10,2025/1/4 19:35,319,AFT_10098,189
Flt_15889,LBMY,JTZV,2025/1/4 16:10,2025/1/4 18:10,320,AFT_10083,114
Flt_15890,JXKD,JTZV,2025/1/4 16:10,2025/1/4 18:05,319,AFT_10125,105
Flt_15891,TSRM,IGVH,2025/1/4 16:15,2025/1/4 18:05,320,AFT_10010,100
Flt_15892,KXUZ,XALQ,2025/1/4 16:15,2025/1/4 18:30,321,AFT_10043,136
Flt_15893,OZOS,JTZV,2025/1/4 16:15,2025/1/4 19:35,320,AFT_10073,198
Flt_15894,UNUN,MOXE,2025/1/4 16:20,2025/1/4 19:40,320,AFT_10069,182
Flt_15895,CFEV,JTZV,2025/1/4 16:20,2025/1/4 18:15,319,AFT_10153,127
Flt_15896,DQBQ,UTFU,2025/1/4 16:25,2025/1/4 19:25,320,AFT_10006,167
Flt_15897,TLRK,XALQ,2025/1/4 16:25,2025/1/4 18:10,320,AFT_10018,95
Flt_15898,TJFR,JTZV,2025/1/4 16:25,2025/1/4 19:10,320,AFT_10152,162
Flt_15899,PERX,DULL,2025/1/4 16:30,2025/1/4 18:45,320,AFT_10104,129
Flt_15900,LCYY,JTZV,2025/1/4 16:30,2025/1/4 19:55,321,AFT_10121,212
Flt_15901,JTZV,VEYC,2025/1/4 16:30,2025/1/4 17:30,320,AFT_10060,68
Flt_15902,LSYF,JTZV,2025/1/4 16:35,2025/1/4 18:45,319,AFT_10071,125
Flt_15903,ZOEV,ZFTY,2025/1/4 16:40,2025/1/4 20:40,320,AFT_10082,227
Flt_15904,XCDO,AJDW,2025/1/4 16:40,2025/1/4 19:35,320,AFT_10004,170
Flt_15905,XALQ,WGZL,2025/1/4 16:40,2025/1/4 18:40,321,AFT_10074,118
Flt_15906,WJBU,TJFR,2025/1/4 16:40,2025/1/4 18:55,320,AFT_10108,126
Flt_15907,DULL,EEJN,2025/1/4 16:40,2025/1/4 18:00,319,AFT_10087,82
Flt_15908,CFEV,XALQ,2025/1/4 16:40,2025/1/4 19:10,319,AFT_10096,144
Flt_15909,JTZV,KXUZ,2025/1/4 16:45,2025/1/4 19:05,321,AFT_10141,132
Flt_15910,MEEP,XALQ,2025/1/4 16:45,2025/1/4 18:55,320,AFT_10024,135
Flt_15911,MEEP,PNOJ,2025/1/4 16:45,2025/1/4 18:55,320,AFT_10037,145
Flt_15912,JTZV,WAQQ,2025/1/4 16:50,2025/1/4 19:15,321,AFT_10003,134
Flt_15913,GCFX,DIZB,2025/1/4 16:50,2025/1/4 19:00,320,AFT_10131,113
Flt_15914,PERX,DJQK,2025/1/4 16:50,2025/1/4 18:55,321,AFT_10027,123
Flt_15915,CGHU,LCYY,2025/1/4 16:50,2025/1/4 20:10,321,AFT_10070,179
Flt_15916,ZFTY,XALQ,2025/1/4 16:50,2025/1/4 20:00,320,AFT_10102,161
Flt_15917,UXIL,JTZV,2025/1/4 16:50,2025/1/4 18:35,319,AFT_10100,87
Flt_15918,JTZV,WGZL,2025/1/4 16:55,2025/1/4 19:05,319,AFT_10059,118
Flt_15919,JTZV,ZMZW,2025/1/4 16:55,2025/1/4 19:35,321,AFT_10084,150
Flt_15920,ZBRM,YELV,2025/1/4 16:55,2025/1/4 19:35,319,AFT_10079,144
Flt_15921,KXUZ,JTZV,2025/1/4 16:55,2025/1/4 20:00,320,AFT_10122,175
Flt_15922,XCDO,KHPY,2025/1/4 17:00,2025/1/4 19:50,320,AFT_10020,189
Flt_15923,JTZV,DJQK,2025/1/4 17:00,2025/1/4 19:40,320,AFT_10138,143
Flt_15924,PVTT,JTZV,2025/1/4 17:00,2025/1/4 21:30,321,AFT_10016,272
Flt_15925,SEWU,JTZV,2025/1/4 17:00,2025/1/4 21:00,319,AFT_10151,225
Flt_15926,JTZV,EFIK,2025/1/4 17:05,2025/1/4 19:25,320,AFT_10126,152
Flt_15927,XALQ,SSNS,2025/1/4 17:05,2025/1/4 18:55,321,AFT_10094,109
Flt_15928,JTZV,RXPU,2025/1/4 17:05,2025/1/4 19:30,321,AFT_10065,145
Flt_15929,KHPY,XALQ,2025/1/4 17:05,2025/1/4 19:20,319,AFT_10056,111
Flt_15930,MEEP,JTZV,2025/1/4 17:10,2025/1/4 19:30,319,AFT_10142,159
Flt_15931,MOXE,ZFTY,2025/1/4 17:15,2025/1/4 19:55,320,AFT_10101,153
Flt_15932,JTZV,KHPY,2025/1/4 17:15,2025/1/4 19:15,321,AFT_10015,111
Flt_15933,WDWO,XCDO,2025/1/4 17:15,2025/1/4 20:10,320,AFT_10040,179
Flt_15934,JTZV,XTHX,2025/1/4 17:20,2025/1/4 18:50,321,AFT_10105,89
Flt_15935,IGVH,JPZC,2025/1/4 17:20,2025/1/4 20:15,320,AFT_10146,179
Flt_15936,VNDG,OQIB,2025/1/4 17:20,2025/1/4 18:30,321,AFT_10099,66
Flt_15937,PADO,ZOEV,2025/1/4 17:25,2025/1/4 19:10,320,AFT_10148,91
Flt_15938,JTZV,ZFTY,2025/1/4 17:30,2025/1/4 20:15,321,AFT_10124,153
Flt_15939,IGVH,PERX,2025/1/4 17:30,2025/1/4 20:45,320,AFT_10045,211
Flt_15940,TJFR,IGVH,2025/1/4 17:30,2025/1/4 20:45,320,AFT_10014,180
Flt_15941,NUHU,JTZV,2025/1/4 17:35,2025/1/4 19:15,320,AFT_10072,96
Flt_15942,ZFTY,JTZV,2025/1/4 17:40,2025/1/4 21:00,321,AFT_10032,173
Flt_15943,PERX,JTZV,2025/1/4 17:45,2025/1/4 21:00,321,AFT_10029,177
Flt_15944,DIZB,CGHU,2025/1/4 17:45,2025/1/4 20:15,320,AFT_10103,130
Flt_15945,YELV,MEEP,2025/1/4 17:50,2025/1/4 20:30,320,AFT_10086,145
Flt_15946,JTZV,LBMY,2025/1/4 17:50,2025/1/4 19:45,321,AFT_10120,100
Flt_15947,UNUN,XALQ,2025/1/4 17:50,2025/1/4 21:55,321,AFT_10089,220
Flt_15948,QKWB,JTZV,2025/1/4 17:50,2025/1/4 21:05,319,AFT_10097,185
Flt_15949,IRVV,UTFU,2025/1/4 17:55,2025/1/4 20:10,321,AFT_10025,130
Flt_15950,GSWW,WJBU,2025/1/4 17:55,2025/1/4 20:10,321,AFT_10013,113
Flt_15951,DJQK,PNOJ,2025/1/4 17:55,2025/1/4 21:10,320,AFT_10026,188
Flt_15952,SSNS,SZVM,2025/1/4 17:55,2025/1/4 20:00,320,AFT_10055,120
Flt_15953,WGZL,XALQ,2025/1/4 18:00,2025/1/4 20:05,320,AFT_10061,126
Flt_15954,AWPD,JTZV,2025/1/4 18:00,2025/1/4 22:10,320,AFT_10062,224
Flt_15955,UNUN,JTZV,2025/1/4 18:00,2025/1/4 21:45,320,AFT_10028,191
Flt_15956,JTZV,TLRK,2025/1/4 18:05,2025/1/4 20:10,321,AFT_10149,108
Flt_15957,JTZV,YELV,2025/1/4 18:05,2025/1/4 20:35,321,AFT_10095,148
Flt_15958,JXKD,DIZB,2025/1/4 18:05,2025/1/4 21:35,320,AFT_10011,206
Flt_15959,IGVH,LCYY,2025/1/4 18:05,2025/1/4 21:00,320,AFT_10106,186
Flt_15960,TKCE,JTZV,2025/1/4 18:05,2025/1/4 22:00,320,AFT_10112,206
Flt_15961,DIZB,WDWO,2025/1/4 18:10,2025/1/4 20:15,320,AFT_10022,115
Flt_15962,LBMY,CGHU,2025/1/4 18:10,2025/1/4 21:30,320,AFT_10051,192
Flt_15963,JTZV,KIJU,2025/1/4 18:15,2025/1/4 20:20,321,AFT_10118,112
Flt_15964,WGZL,CHCY,2025/1/4 18:15,2025/1/4 20:25,320,AFT_10081,121
Flt_15965,ZGGH,SGXO,2025/1/4 18:15,2025/1/4 21:00,319,AFT_10133,164
Flt_15966,WDWO,UNUN,2025/1/4 18:15,2025/1/4 21:55,320,AFT_10111,212
Flt_15967,TLRK,JTZV,2025/1/4 18:20,2025/1/4 20:00,321,AFT_10052,114
Flt_15968,GCFX,UNUN,2025/1/4 18:20,2025/1/4 21:50,320,AFT_10140,215
Flt_15969,QFKO,UNUN,2025/1/4 18:20,2025/1/4 20:55,319,AFT_10116,149
Flt_15970,JTZV,EJUF,2025/1/4 18:35,2025/1/4 23:20,321,AFT_10136,266
Flt_15971,ZBRM,ZFTY,2025/1/4 18:35,2025/1/4 21:10,320,AFT_10058,165
Flt_15972,XCDO,YELV,2025/1/4 18:35,2025/1/4 21:35,321,AFT_10068,195
Flt_15973,WDWO,LCYY,2025/1/4 18:35,2025/1/4 20:55,319,AFT_10049,126
Flt_15974,YNHL,JTZV,2025/1/4 18:40,2025/1/4 21:20,321,AFT_10135,166
Flt_15975,RXPU,JTZV,2025/1/4 18:40,2025/1/4 21:50,321,AFT_10114,181
Flt_15976,JTZV,WGZL,2025/1/4 18:45,2025/1/4 21:15,321,AFT_10048,127
Flt_15977,EEJN,DULL,2025/1/4 18:45,2025/1/4 20:30,319,AFT_10087,84
Flt_15978,JTZV,SVBC,2025/1/4 18:45,2025/1/4 21:00,319,AFT_10076,128
Flt_15979,LCYY,XALQ,2025/1/4 18:45,2025/1/4 22:15,320,AFT_10002,176
Flt_15980,SSNS,JTZV,2025/1/4 18:45,2025/1/4 21:45,321,AFT_10005,166
Flt_15981,OZOS,XALQ,2025/1/4 18:55,2025/1/4 22:15,321,AFT_10154,165
Flt_15982,YELV,JTZV,2025/1/4 18:55,2025/1/4 22:20,321,AFT_10036,180
Flt_15983,JTZV,LRNO,2025/1/4 19:00,2025/1/4 21:00,320,AFT_10012,108
Flt_15984,JTZV,IQOA,2025/1/4 19:00,2025/1/4 21:25,321,AFT_10021,130
Flt_15985,JTZV,TJFR,2025/1/4 19:00,2025/1/4 21:15,320,AFT_10088,133
Flt_15986,JTZV,UNUN,2025/1/4 19:00,2025/1/4 22:45,320,AFT_10044,213
Flt_15987,XALQ,ZOEV,2025/1/4 19:05,2025/1/4 21:30,320,AFT_10090,133
Flt_15988,KHPY,IGVH,2025/1/4 19:05,2025/1/4 22:05,320,AFT_10041,152
Flt_15989,WDWO,CGHU,2025/1/4 19:05,2025/1/4 22:15,321,AFT_10038,188
Flt_15990,JTZV,JNLE,2025/1/4 19:10,2025/1/4 21:10,319,AFT_10153,124
Flt_15991,JTZV,MJTP,2025/1/4 19:10,2025/1/4 20:50,320,AFT_10083,94
Flt_15992,SVBC,ZOEV,2025/1/4 19:10,2025/1/4 21:00,321,AFT_10017,113
Flt_15993,ZNIR,JTZV,2025/1/4 19:10,2025/1/4 22:20,321,AFT_10085,177
Flt_15994,SSNS,CGHU,2025/1/4 19:10,2025/1/4 22:00,320,AFT_10123,150
Flt_15995,JTZV,YELV,2025/1/4 19:15,2025/1/4 21:50,321,AFT_10137,141
Flt_15996,GYYK,JTZV,2025/1/4 19:15,2025/1/4 22:50,321,AFT_10019,212
Flt_15997,OQIB,JTZV,2025/1/4 19:15,2025/1/4 22:35,321,AFT_10099,183
Flt_15998,XALQ,KXUZ,2025/1/4 19:20,2025/1/4 21:25,320,AFT_10018,111
Flt_15999,JTZV,KXUZ,2025/1/4 19:20,2025/1/4 21:40,321,AFT_10107,127
Flt_16000,JTZV,JXKD,2025/1/4 19:20,2025/1/4 21:10,319,AFT_10091,102
Flt_16001,ZMZW,XALQ,2025/1/4 19:20,2025/1/4 22:30,319,AFT_10046,156
Flt_16002,CGHU,JTZV,2025/1/4 19:20,2025/1/5 0:05,320,AFT_10031,255
Flt_16003,OJAV,JTZV,2025/1/4 19:20,2025/1/4 21:55,320,AFT_10067,148
Flt_16004,JTZV,MEEP,2025/1/4 19:30,2025/1/4 21:45,319,AFT_10100,115
Flt_16005,CFEV,JTZV,2025/1/4 19:30,2025/1/4 21:25,319,AFT_10093,119
Flt_16006,XALQ,GSWW,2025/1/4 19:35,2025/1/4 21:15,320,AFT_10050,104
Flt_16007,VNDG,XALQ,2025/1/4 19:35,2025/1/4 22:50,319,AFT_10109,189
Flt_16008,XTHX,JTZV,2025/1/4 19:35,2025/1/4 21:20,321,AFT_10105,92
Flt_16009,CHCY,JTZV,2025/1/4 19:35,2025/1/4 22:40,320,AFT_10053,182
Flt_16010,VAYQ,JTZV,2025/1/4 19:40,2025/1/4 23:30,320,AFT_10066,207
Flt_16011,ZFTY,JTZV,2025/1/4 19:40,2025/1/4 22:40,320,AFT_10077,153
Flt_16012,DJQK,PERX,2025/1/4 19:45,2025/1/4 21:55,321,AFT_10027,130
Flt_16013,PNOJ,MEEP,2025/1/4 19:45,2025/1/4 21:45,320,AFT_10037,106
Flt_16014,DULL,LRNO,2025/1/4 19:45,2025/1/4 21:55,320,AFT_10104,122
Flt_16015,MKLY,JTZV,2025/1/4 19:45,2025/1/5 0:10,320,AFT_10042,242
Flt_16016,YELV,CGHU,2025/1/4 19:45,2025/1/4 23:05,320,AFT_10030,183
Flt_16017,JTZV,WOSF,2025/1/4 19:50,2025/1/4 21:35,320,AFT_10152,88
Flt_16018,WGZL,XALQ,2025/1/4 19:50,2025/1/4 22:30,321,AFT_10074,123
Flt_16019,FCVG,JTZV,2025/1/4 19:50,2025/1/4 22:50,321,AFT_10129,187
Flt_16020,MEEP,JTZV,2025/1/4 19:50,2025/1/4 22:25,321,AFT_10113,141
Flt_16021,ZKXC,CGHU,2025/1/4 19:50,2025/1/4 22:30,320,AFT_10009,155
Flt_16022,JTZV,DFQN,2025/1/4 19:55,2025/1/5 0:25,321,AFT_10128,231
Flt_16023,DFQN,JTZV,2025/1/4 19:55,2025/1/4 23:30,321,AFT_10007,225
Flt_16024,LCYY,JTZV,2025/1/4 19:55,2025/1/4 23:25,321,AFT_10047,192
Flt_16025,TJFR,CGHU,2025/1/4 19:55,2025/1/4 22:25,320,AFT_10108,138
Flt_16026,JTZV,CGHU,2025/1/4 19:55,2025/1/4 23:30,321,AFT_10150,231
Flt_16027,CGHU,ZFTY,2025/1/4 20:00,2025/1/4 22:10,321,AFT_10023,129
Flt_16028,WAQQ,JTZV,2025/1/4 20:00,2025/1/4 22:55,321,AFT_10003,161
Flt_16029,KHPY,CGHU,2025/1/4 20:00,2025/1/4 22:55,320,AFT_10039,168
Flt_16030,XALQ,ZFTY,2025/1/4 20:05,2025/1/4 22:20,320,AFT_10024,139
Flt_16031,LRNO,YELV,2025/1/4 20:05,2025/1/4 22:30,320,AFT_10063,126
Flt_16032,DIZB,GCFX,2025/1/4 20:05,2025/1/4 22:20,320,AFT_10131,123
Flt_16033,CFEV,WDWO,2025/1/4 20:15,2025/1/4 22:50,319,AFT_10098,165
Flt_16034,CGHU,YELV,2025/1/4 20:15,2025/1/4 23:30,320,AFT_10143,202
Flt_16035,SSNS,XALQ,2025/1/4 20:15,2025/1/4 23:00,321,AFT_10094,132
Flt_16036,WGZL,JTZV,2025/1/4 20:15,2025/1/4 22:40,319,AFT_10059,146
Flt_16037,EFIK,JTZV,2025/1/4 20:15,2025/1/4 22:40,320,AFT_10126,143
Flt_16038,KHPY,JTZV,2025/1/4 20:15,2025/1/4 22:35,321,AFT_10015,111
Flt_16039,UTFU,CGHU,2025/1/4 20:15,2025/1/4 22:55,320,AFT_10006,160
Flt_16040,AJDW,IGVH,2025/1/4 20:20,2025/1/4 22:50,320,AFT_10004,148
Flt_16041,FCVG,XALQ,2025/1/4 20:20,2025/1/4 23:50,321,AFT_10035,216
Flt_16042,XALQ,MEEP,2025/1/4 20:25,2025/1/4 22:20,321,AFT_10043,104
Flt_16043,MOXE,YELV,2025/1/4 20:25,2025/1/4 22:50,320,AFT_10069,145
Flt_16044,IGVH,ZFTY,2025/1/4 20:30,2025/1/5 0:15,320,AFT_10010,226
Flt_16045,JTZV,ZFTY,2025/1/4 20:30,2025/1/4 23:15,320,AFT_10073,155
Flt_16046,XALQ,YELV,2025/1/4 20:30,2025/1/4 22:30,319,AFT_10096,149
Flt_16047,ZFTY,UNUN,2025/1/4 20:30,2025/1/5 0:50,320,AFT_10064,252
Flt_16048,JTZV,CTIG,2025/1/4 20:35,2025/1/5 0:15,321,AFT_10121,200
Flt_16049,JTZV,MEEP,2025/1/4 20:35,2025/1/4 23:05,320,AFT_10119,135
Flt_16050,RXPU,JTZV,2025/1/4 20:35,2025/1/4 23:40,321,AFT_10065,169
Flt_16051,JTZV,QQGB,2025/1/4 20:40,2025/1/4 23:00,320,AFT_10008,126
Flt_16052,DJQK,JTZV,2025/1/4 20:40,2025/1/5 0:05,320,AFT_10138,202
Flt_16053,DFQN,XALQ,2025/1/4 20:45,2025/1/5 0:40,320,AFT_10034,235
Flt_16054,KXUZ,JTZV,2025/1/4 20:45,2025/1/4 23:20,321,AFT_10141,147
Flt_16055,XALQ,UTFU,2025/1/4 20:50,2025/1/4 22:35,319,AFT_10056,106
Flt_16056,JTZV,IGVH,2025/1/4 20:50,2025/1/4 22:30,319,AFT_10071,78
Flt_16057,KHPY,JTZV,2025/1/4 20:50,2025/1/4 23:00,320,AFT_10020,123
Flt_16058,ZMZW,JTZV,2025/1/4 20:50,2025/1/5 0:10,321,AFT_10084,196
Flt_16059,LBMY,JTZV,2025/1/4 20:50,2025/1/4 22:55,321,AFT_10120,128
Flt_16060,JTZV,LRNO,2025/1/4 21:00,2025/1/4 22:55,321,AFT_10052,97
Flt_16061,UTFU,ZOEV,2025/1/4 21:00,2025/1/5 0:35,321,AFT_10025,193
Flt_16062,JPZC,IGVH,2025/1/4 21:00,2025/1/5 0:30,320,AFT_10146,195
Flt_16063,SZVM,IGVH,2025/1/4 21:00,2025/1/4 22:50,320,AFT_10055,109
Flt_16064,JTZV,QFKO,2025/1/4 21:05,2025/1/4 22:40,320,AFT_10122,86
Flt_16065,XCDO,WDWO,2025/1/4 21:05,2025/1/5 0:50,320,AFT_10040,199
Flt_16066,KIJU,JTZV,2025/1/4 21:10,2025/1/4 23:40,321,AFT_10118,152
Flt_16067,CGHU,YELV,2025/1/4 21:15,2025/1/5 0:40,320,AFT_10103,207
Flt_16068,ZFTY,ZBRM,2025/1/4 21:15,2025/1/5 0:25,320,AFT_10101,163
Flt_16069,DULL,XALQ,2025/1/4 21:20,2025/1/4 23:20,319,AFT_10087,120
Flt_16070,XALQ,DQBQ,2025/1/4 21:25,2025/1/4 23:05,320,AFT_10102,113
Flt_16071,JTZV,DIZB,2025/1/4 21:25,2025/1/4 23:40,319,AFT_10097,132
Flt_16072,TLRK,JTZV,2025/1/4 21:25,2025/1/4 23:25,321,AFT_10149,105
Flt_16073,CHCY,CGHU,2025/1/4 21:30,2025/1/5 0:50,320,AFT_10081,199
Flt_16074,MJTP,JTZV,2025/1/4 21:35,2025/1/4 23:30,320,AFT_10083,100
Flt_16075,WJBU,ZOEV,2025/1/4 21:45,2025/1/4 23:50,321,AFT_10013,102
Flt_16076,PERX,IGVH,2025/1/4 21:45,2025/1/5 1:25,320,AFT_10045,208
Flt_16077,SGXO,JTZV,2025/1/4 21:45,2025/1/4 22:55,319,AFT_10133,59
Flt_16078,SVBC,JTZV,2025/1/4 21:50,2025/1/5 0:30,319,AFT_10076,157
Flt_16079,LRNO,JTZV,2025/1/4 21:50,2025/1/4 23:40,320,AFT_10012,121
Flt_16080,ZFTY,ZOEV,2025/1/4 21:55,2025/1/5 1:55,320,AFT_10082,228
Flt_16081,MEEP,YELV,2025/1/4 21:55,2025/1/5 0:10,320,AFT_10086,113
Flt_16082,JXKD,JTZV,2025/1/4 21:55,2025/1/4 23:50,319,AFT_10091,106
Flt_16083,JNLE,JTZV,2025/1/4 21:55,2025/1/5 0:20,319,AFT_10153,127
Flt_16084,PNOJ,VEYC,2025/1/4 21:55,2025/1/4 22:55,320,AFT_10026,60
Flt_16085,LCYY,WDWO,2025/1/4 22:00,2025/1/5 0:35,319,AFT_10049,159
Flt_16086,TJFR,JTZV,2025/1/4 22:00,2025/1/5 0:50,320,AFT_10088,153
Flt_16087,LCYY,CGHU,2025/1/4 22:00,2025/1/5 0:55,321,AFT_10070,159
Flt_16088,GSWW,XALQ,2025/1/4 22:05,2025/1/4 23:55,320,AFT_10050,107
Flt_16089,LCYY,IGVH,2025/1/4 22:10,2025/1/5 1:55,320,AFT_10106,228
Flt_16090,ZFTY,XALQ,2025/1/4 22:15,2025/1/5 1:10,321,AFT_10124,149
Flt_16091,WGZL,JTZV,2025/1/4 22:15,2025/1/5 0:40,321,AFT_10048,148
Flt_16092,ZOEV,ZFTY,2025/1/4 22:20,2025/1/5 1:55,321,AFT_10017,233
Flt_16093,WOSF,JTZV,2025/1/4 22:20,2025/1/5 0:05,320,AFT_10152,94
Flt_16094,IQOA,JTZV,2025/1/4 22:25,2025/1/5 1:15,321,AFT_10021,148
Flt_16095,ZOEV,XALQ,2025/1/4 22:40,2025/1/5 1:05,320,AFT_10090,143
Flt_16096,KXUZ,XALQ,2025/1/4 22:40,2025/1/5 0:55,320,AFT_10018,122
Flt_16097,GCFX,IGVH,2025/1/4 23:05,2025/1/5 0:55,320,AFT_10131,96
Flt_16098,XALQ,ZOEV,2025/1/4 23:10,2025/1/5 1:30,321,AFT_10089,135
Flt_16099,ZFTY,CGHU,2025/1/4 23:20,2025/1/5 1:25,321,AFT_10023,107
Flt_16100,JTZV,IGVH,2025/1/4 23:25,2025/1/5 1:15,320,AFT_10080,80
Flt_16101,UTFU,XALQ,2025/1/4 23:25,2025/1/5 1:30,319,AFT_10056,110
Flt_16102,QFKO,JTZV,2025/1/4 23:25,2025/1/5 1:15,320,AFT_10122,92
Flt_16103,IGVH,JTZV,2025/1/4 23:35,2025/1/5 0:55,320,AFT_10014,82
Flt_16104,DQBQ,XALQ,2025/1/4 23:50,2025/1/5 1:30,320,AFT_10102,107
Flt_16105,EJUF,JTZV,2025/1/5 0:20,2025/1/5 5:00,321,AFT_10136,256
Flt_16106,LRNO,DFQN,2025/1/5 2:00,2025/1/5 5:10,321,AFT_10001,175
Flt_16107,DFQN,LRNO,2025/1/5 7:10,2025/1/5 10:05,321,AFT_10001,186
Flt_16108,LRNO,FCVG,2025/1/5 2:00,2025/1/5 4:05,321,AFT_10147,143
Flt_16109,QPCR,LRNO,2025/1/5 17:55,2025/1/5 20:40,321,AFT_10147,164
Flt_16110,FCVG,LRNO,2025/1/5 5:35,2025/1/5 7:30,321,AFT_10147,119
Flt_16112,LRNO,QPCR,2025/1/5 13:00,2025/1/5 16:25,321,AFT_10147,213
Flt_16113,ZFTY,ZOEV,2025/1/5 6:00,2025/1/5 9:35,321,AFT_10017,237
Flt_16114,XALQ,YEQV,2025/1/5 6:20,2025/1/5 8:20,321,AFT_10124,118
Flt_16115,YELV,WJBU,2025/1/5 6:25,2025/1/5 9:15,320,AFT_10103,161
Flt_16116,ZOEV,ZBRM,2025/1/5 6:25,2025/1/5 8:50,320,AFT_10082,148
Flt_16117,JTZV,PERX,2025/1/5 6:25,2025/1/5 9:05,321,AFT_10003,158
Flt_16118,YELV,LRNO,2025/1/5 6:25,2025/1/5 9:20,320,AFT_10086,173
Flt_16119,JTZV,GSWW,2025/1/5 6:25,2025/1/5 7:50,319,AFT_10142,79
Flt_16120,MEEP,JTZV,2025/1/5 6:25,2025/1/5 8:50,319,AFT_10100,139
Flt_16121,JTZV,ZFTY,2025/1/5 6:30,2025/1/5 9:10,321,AFT_10015,151
Flt_16122,ZOEV,TLRK,2025/1/5 6:30,2025/1/5 8:30,321,AFT_10025,129
Flt_16123,IGVH,WDWO,2025/1/5 6:30,2025/1/5 8:45,320,AFT_10041,135
Flt_16124,IGVH,XALQ,2025/1/5 6:35,2025/1/5 8:20,320,AFT_10106,103
Flt_16125,XALQ,PERX,2025/1/5 6:40,2025/1/5 9:20,321,AFT_10035,144
Flt_16126,JTZV,BKVZ,2025/1/5 6:40,2025/1/5 8:20,319,AFT_10125,84
Flt_16127,XALQ,DIZB,2025/1/5 6:45,2025/1/5 8:50,320,AFT_10018,119
Flt_16128,XALQ,MEEP,2025/1/5 6:50,2025/1/5 9:05,320,AFT_10034,127
Flt_16129,XALQ,IQOA,2025/1/5 6:50,2025/1/5 9:05,320,AFT_10050,107
Flt_16130,ZFTY,MOXE,2025/1/5 6:50,2025/1/5 9:40,320,AFT_10024,142
Flt_16131,JTZV,XCDO,2025/1/5 6:50,2025/1/5 10:30,321,AFT_10032,235
Flt_16132,XALQ,LRNO,2025/1/5 6:55,2025/1/5 8:45,320,AFT_10061,93
Flt_16133,IGVH,KXUZ,2025/1/5 6:55,2025/1/5 8:45,320,AFT_10004,111
Flt_16134,JTZV,ZKXC,2025/1/5 6:55,2025/1/5 9:10,320,AFT_10122,141
Flt_16135,WDWO,DIZB,2025/1/5 6:55,2025/1/5 8:45,320,AFT_10075,91
Flt_16136,CGHU,LCYY,2025/1/5 6:55,2025/1/5 9:50,321,AFT_10038,182
Flt_16137,KXUZ,JTZV,2025/1/5 6:55,2025/1/5 9:30,321,AFT_10107,142
Flt_16138,UNUN,JTZV,2025/1/5 6:55,2025/1/5 10:35,320,AFT_10064,210
Flt_16139,ZFTY,JTZV,2025/1/5 6:55,2025/1/5 10:00,320,AFT_10058,175
Flt_16140,VEYC,MEEP,2025/1/5 7:00,2025/1/5 9:15,320,AFT_10060,130
Flt_16141,PERX,WGZL,2025/1/5 7:00,2025/1/5 10:40,321,AFT_10027,212
Flt_16143,DIZB,JXKD,2025/1/5 7:00,2025/1/5 11:00,320,AFT_10011,209
Flt_16144,JTZV,YELV,2025/1/5 7:00,2025/1/5 9:35,321,AFT_10085,152
Flt_16145,CGHU,DIZB,2025/1/5 7:00,2025/1/5 9:35,320,AFT_10030,148
Flt_16146,CGHU,TJFR,2025/1/5 7:00,2025/1/5 9:45,320,AFT_10123,160
Flt_16148,XALQ,CGHU,2025/1/5 7:00,2025/1/5 10:40,321,AFT_10074,230
Flt_16149,JTZV,KXUZ,2025/1/5 7:05,2025/1/5 9:35,321,AFT_10114,127
Flt_16150,XALQ,QFKO,2025/1/5 7:05,2025/1/5 9:05,320,AFT_10090,120
Flt_16151,IGVH,ZMZW,2025/1/5 7:05,2025/1/5 9:35,319,AFT_10071,125
Flt_16152,ZOEV,DIZB,2025/1/5 7:05,2025/1/5 10:30,321,AFT_10013,209
Flt_16153,MEEP,XALQ,2025/1/5 7:10,2025/1/5 9:10,321,AFT_10043,125
Flt_16154,UNUN,PNOJ,2025/1/5 7:10,2025/1/5 10:35,320,AFT_10111,209
Flt_16155,XALQ,KXUZ,2025/1/5 7:10,2025/1/5 9:15,319,AFT_10046,109
Flt_16156,CGHU,LBMY,2025/1/5 7:10,2025/1/5 10:50,320,AFT_10009,212
Flt_16157,CGHU,ZOEV,2025/1/5 7:10,2025/1/5 12:45,320,AFT_10117,301
Flt_16158,CGHU,WDWO,2025/1/5 7:10,2025/1/5 11:05,321,AFT_10023,216
Flt_16159,JTZV,IGVH,2025/1/5 7:10,2025/1/5 8:55,320,AFT_10115,83
Flt_16160,XALQ,YELV,2025/1/5 7:10,2025/1/5 9:15,319,AFT_10087,129
Flt_16161,IGVH,KHPY,2025/1/5 7:15,2025/1/5 9:55,320,AFT_10045,157
Flt_16162,XALQ,LCYY,2025/1/5 7:15,2025/1/5 9:30,321,AFT_10094,139
Flt_16163,JTZV,IRVV,2025/1/5 7:15,2025/1/5 10:25,321,AFT_10005,195
Flt_16164,JTZV,TLRK,2025/1/5 7:20,2025/1/5 9:25,321,AFT_10021,118
Flt_16165,WDWO,GPWJ,2025/1/5 7:20,2025/1/5 10:20,319,AFT_10098,156
Flt_16166,ZOEV,PNOJ,2025/1/5 7:25,2025/1/5 9:50,320,AFT_10148,157
Flt_16167,JTZV,NYKQ,2025/1/5 7:25,2025/1/5 9:40,320,AFT_10138,113
Flt_16168,CGHU,KHPY,2025/1/5 7:25,2025/1/5 10:40,320,AFT_10039,188
Flt_16169,JTZV,EZNJ,2025/1/5 7:25,2025/1/5 9:15,321,AFT_10129,108
Flt_16170,JTZV,BKVZ,2025/1/5 7:25,2025/1/5 9:05,320,AFT_10088,87
Flt_16171,IGVH,TJFR,2025/1/5 7:25,2025/1/5 10:10,320,AFT_10055,158
Flt_16172,JTZV,GPWJ,2025/1/5 7:25,2025/1/5 9:30,319,AFT_10151,117
Flt_16173,UNUN,JTZV,2025/1/5 7:25,2025/1/5 11:20,320,AFT_10044,222
Flt_16174,CGHU,JTZV,2025/1/5 7:25,2025/1/5 11:55,321,AFT_10070,265
Flt_16175,JTZV,ZFTY,2025/1/5 7:30,2025/1/5 10:15,321,AFT_10120,152
Flt_16176,VEYC,JTZV,2025/1/5 7:30,2025/1/5 8:35,320,AFT_10026,66
Flt_16177,ZFTY,TIDB,2025/1/5 7:40,2025/1/5 9:50,320,AFT_10073,113
Flt_16178,JTZV,JXKD,2025/1/5 7:40,2025/1/5 9:40,320,AFT_10112,100
Flt_16179,YELV,MOXE,2025/1/5 7:40,2025/1/5 10:40,320,AFT_10069,166
Flt_16180,YELV,JTZV,2025/1/5 7:40,2025/1/5 10:55,321,AFT_10068,179
Flt_16181,JTZV,UHBK,2025/1/5 7:45,2025/1/5 9:45,320,AFT_10072,105
Flt_16182,JTZV,LQVJ,2025/1/5 7:45,2025/1/5 9:45,320,AFT_10053,106
Flt_16183,YELV,MEEP,2025/1/5 7:50,2025/1/5 10:15,321,AFT_10137,134
Flt_16184,CGHU,LCYY,2025/1/5 7:50,2025/1/5 11:25,321,AFT_10150,184
Flt_16185,JTZV,LUEM,2025/1/5 7:50,2025/1/5 10:25,320,AFT_10152,144
Flt_16186,IGVH,JTZV,2025/1/5 7:50,2025/1/5 9:10,320,AFT_10092,79
Flt_16187,WDWO,PNOJ,2025/1/5 7:55,2025/1/5 9:45,320,AFT_10022,96
Flt_16188,ZBRM,TLRK,2025/1/5 7:55,2025/1/5 9:25,320,AFT_10101,103
Flt_16189,JTZV,DIZB,2025/1/5 7:55,2025/1/5 10:20,321,AFT_10084,125
Flt_16190,JTZV,GPWJ,2025/1/5 7:55,2025/1/5 10:10,319,AFT_10076,138
Flt_16191,LRNO,JTZV,2025/1/5 7:55,2025/1/5 9:55,321,AFT_10052,123
Flt_16192,JTZV,LCYY,2025/1/5 8:00,2025/1/5 10:40,321,AFT_10029,165
Flt_16193,JTZV,CFEV,2025/1/5 8:00,2025/1/5 10:45,319,AFT_10153,164
Flt_16194,UNUN,ZBRM,2025/1/5 8:00,2025/1/5 11:25,320,AFT_10140,202
Flt_16195,YELV,ZBRM,2025/1/5 8:00,2025/1/5 11:10,319,AFT_10079,181
Flt_16196,XALQ,IRVV,2025/1/5 8:00,2025/1/5 11:05,320,AFT_10033,185
Flt_16197,JTZV,ZOEV,2025/1/5 8:05,2025/1/5 11:00,321,AFT_10047,136
Flt_16198,CGHU,ZKXC,2025/1/5 8:05,2025/1/5 11:10,320,AFT_10051,172
Flt_16199,XALQ,KIJU,2025/1/5 8:05,2025/1/5 9:45,320,AFT_10002,104
Flt_16200,KXUZ,JTZV,2025/1/5 8:05,2025/1/5 10:40,320,AFT_10130,151
Flt_16201,JTZV,WGZL,2025/1/5 8:15,2025/1/5 10:35,321,AFT_10118,135
Flt_16202,YELV,GSWW,2025/1/5 8:15,2025/1/5 11:30,320,AFT_10063,189
Flt_16203,JTZV,SSNS,2025/1/5 8:15,2025/1/5 10:35,321,AFT_10141,140
Flt_16204,XALQ,CFEV,2025/1/5 8:15,2025/1/5 11:20,319,AFT_10109,164
Flt_16205,JTZV,UNUN,2025/1/5 8:15,2025/1/5 11:40,321,AFT_10048,215
Flt_16206,ZOEV,XALQ,2025/1/5 8:20,2025/1/5 10:45,321,AFT_10089,152
Flt_16207,DIZB,JTZV,2025/1/5 8:20,2025/1/5 11:00,319,AFT_10097,160
Flt_16208,JTZV,RPOA,2025/1/5 8:20,2025/1/5 11:35,319,AFT_10091,182
Flt_16209,JTZV,QKWB,2025/1/5 8:25,2025/1/5 11:20,320,AFT_10012,150
Flt_16210,JTZV,CFEV,2025/1/5 8:30,2025/1/5 11:05,319,AFT_10093,145
Flt_16211,ZFTY,JTZV,2025/1/5 8:30,2025/1/5 11:35,320,AFT_10010,168
Flt_16212,JTZV,ZMZW,2025/1/5 8:35,2025/1/5 11:20,320,AFT_10042,143
Flt_16213,YELV,XALQ,2025/1/5 8:35,2025/1/5 11:25,319,AFT_10096,166
Flt_16214,JTZV,FTOI,2025/1/5 8:35,2025/1/5 10:00,319,AFT_10059,89
Flt_16215,WDWO,CFEV,2025/1/5 8:35,2025/1/5 12:10,319,AFT_10049,191
Flt_16216,JTZV,KHPY,2025/1/5 8:40,2025/1/5 10:40,321,AFT_10007,133
Flt_16217,JTZV,XGWY,2025/1/5 8:40,2025/1/5 10:10,319,AFT_10133,70
Flt_16218,GSWW,JTZV,2025/1/5 8:40,2025/1/5 10:15,319,AFT_10142,94
Flt_16219,IGVH,GAGH,2025/1/5 8:45,2025/1/5 10:25,320,AFT_10080,94
Flt_16220,XALQ,RXPU,2025/1/5 8:45,2025/1/5 10:55,320,AFT_10102,119
Flt_16221,CGHU,UTFU,2025/1/5 8:50,2025/1/5 11:50,320,AFT_10108,172
Flt_16222,JTZV,RMNJ,2025/1/5 8:55,2025/1/5 11:15,320,AFT_10083,114
Flt_16223,JTZV,FCVG,2025/1/5 9:00,2025/1/5 12:10,321,AFT_10019,202
Flt_16224,IGVH,DIZB,2025/1/5 9:00,2025/1/5 11:50,320,AFT_10131,176
Flt_16225,JTZV,RXPU,2025/1/5 9:00,2025/1/5 11:25,321,AFT_10065,141
Flt_16226,JTZV,CHCY,2025/1/5 9:00,2025/1/5 11:35,321,AFT_10113,151
Flt_16227,CGHU,TJFR,2025/1/5 9:00,2025/1/5 11:55,320,AFT_10006,154
Flt_16228,XALQ,GPWJ,2025/1/5 9:00,2025/1/5 11:35,319,AFT_10056,136
Flt_16229,JTZV,MKLY,2025/1/5 9:00,2025/1/5 13:55,321,AFT_10136,279
Flt_16230,JTZV,JXKD,2025/1/5 9:05,2025/1/5 11:05,320,AFT_10066,99
Flt_16231,JTZV,DJQK,2025/1/5 9:05,2025/1/5 11:45,320,AFT_10014,153
Flt_16232,JTZV,TJFR,2025/1/5 9:05,2025/1/5 11:20,321,AFT_10099,133
Flt_16233,YEQV,XALQ,2025/1/5 9:05,2025/1/5 11:40,321,AFT_10124,150
Flt_16234,BKVZ,JTZV,2025/1/5 9:05,2025/1/5 10:35,319,AFT_10125,92
Flt_16235,WDWO,KXUZ,2025/1/5 9:10,2025/1/5 11:55,320,AFT_10040,148
Flt_16236,UNUN,QFKO,2025/1/5 9:10,2025/1/5 11:40,319,AFT_10116,147
Flt_16237,JTZV,UNUN,2025/1/5 9:10,2025/1/5 13:00,320,AFT_10067,225
Flt_16238,JTZV,MEEP,2025/1/5 9:15,2025/1/5 11:40,321,AFT_10078,127
Flt_16239,JTZV,CHCY,2025/1/5 9:15,2025/1/5 11:50,320,AFT_10031,149
Flt_16240,YELV,JTZV,2025/1/5 9:15,2025/1/5 12:25,321,AFT_10095,186
Flt_16241,JTZV,IGVH,2025/1/5 9:20,2025/1/5 10:45,320,AFT_10062,78
Flt_16242,MEEP,JTZV,2025/1/5 9:20,2025/1/5 11:40,320,AFT_10119,153
Flt_16243,XALQ,EZNJ,2025/1/5 9:25,2025/1/5 11:15,320,AFT_10106,112
Flt_16244,CGHU,CHCY,2025/1/5 9:25,2025/1/5 13:20,320,AFT_10081,214
Flt_16245,JTZV,ZFTY,2025/1/5 9:30,2025/1/5 12:15,321,AFT_10036,202
Flt_16246,MEEP,ZBRM,2025/1/5 9:30,2025/1/5 11:50,320,AFT_10037,143
Flt_16247,TLRK,CGHU,2025/1/5 9:30,2025/1/5 13:15,321,AFT_10025,215
Flt_16248,ZBRM,WDWO,2025/1/5 9:35,2025/1/5 11:05,320,AFT_10082,91
Flt_16249,JTZV,LPNC,2025/1/5 9:35,2025/1/5 14:10,321,AFT_10057,292
Flt_16250,JTZV,TXMD,2025/1/5 9:35,2025/1/5 13:35,321,AFT_10016,240
Flt_16251,DFQN,JTZV,2025/1/5 9:35,2025/1/5 14:00,321,AFT_10128,223
Flt_16252,DIZB,CGHU,2025/1/5 9:35,2025/1/5 11:50,320,AFT_10075,121
Flt_16253,JTZV,WGZL,2025/1/5 9:45,2025/1/5 12:00,320,AFT_10026,133
Flt_16254,QFKO,XALQ,2025/1/5 9:50,2025/1/5 11:45,320,AFT_10090,108
Flt_16255,DIZB,XALQ,2025/1/5 9:50,2025/1/5 12:25,320,AFT_10018,144
Flt_16256,LRNO,XALQ,2025/1/5 9:50,2025/1/5 11:35,320,AFT_10061,97
Flt_16257,BKVZ,JTZV,2025/1/5 9:50,2025/1/5 11:25,320,AFT_10088,96
Flt_16258,WDWO,UNUN,2025/1/5 9:50,2025/1/5 13:30,320,AFT_10041,210
Flt_16259,KXUZ,IGVH,2025/1/5 9:55,2025/1/5 12:30,320,AFT_10004,152
Flt_16260,IQOA,XALQ,2025/1/5 9:55,2025/1/5 12:15,320,AFT_10050,133
Flt_16261,ZKXC,JTZV,2025/1/5 9:55,2025/1/5 12:40,320,AFT_10122,162
Flt_16262,CTIG,JTZV,2025/1/5 10:00,2025/1/5 13:35,321,AFT_10121,249
Flt_16263,IGVH,AJDW,2025/1/5 10:00,2025/1/5 12:25,320,AFT_10115,163
Flt_16264,QQGB,JTZV,2025/1/5 10:00,2025/1/5 12:10,320,AFT_10008,130
Flt_16265,EZNJ,JTZV,2025/1/5 10:05,2025/1/5 12:15,321,AFT_10129,129
Flt_16266,PERX,JTZV,2025/1/5 10:05,2025/1/5 13:05,321,AFT_10003,175
Flt_16267,JTZV,KZXO,2025/1/5 10:10,2025/1/5 13:35,319,AFT_10100,214
Flt_16268,WJBU,JXKD,2025/1/5 10:15,2025/1/5 12:10,320,AFT_10103,112
Flt_16269,XALQ,XXZT,2025/1/5 10:15,2025/1/5 12:10,321,AFT_10043,117
Flt_16270,JTZV,WAQQ,2025/1/5 10:15,2025/1/5 12:25,320,AFT_10126,145
Flt_16271,JTZV,SSNS,2025/1/5 10:15,2025/1/5 12:35,321,AFT_10105,141
Flt_16272,GPWJ,JTZV,2025/1/5 10:15,2025/1/5 12:10,319,AFT_10151,108
Flt_16273,JTZV,PVTT,2025/1/5 10:20,2025/1/5 15:35,321,AFT_10127,285
Flt_16274,LRNO,DULL,2025/1/5 10:20,2025/1/5 12:10,320,AFT_10104,106
Flt_16275,JTZV,OZOS,2025/1/5 10:20,2025/1/5 13:00,321,AFT_10135,165
Flt_16276,MEEP,XALQ,2025/1/5 10:20,2025/1/5 12:35,320,AFT_10034,133
Flt_16277,DIZB,WAQQ,2025/1/5 10:25,2025/1/5 13:10,320,AFT_10030,146
Flt_16278,JTZV,KHPY,2025/1/5 10:25,2025/1/5 12:25,320,AFT_10092,117
Flt_16279,MOXE,JXKD,2025/1/5 10:25,2025/1/5 12:30,320,AFT_10024,106
Flt_16280,TLRK,LUEM,2025/1/5 10:25,2025/1/5 12:10,320,AFT_10101,101
Flt_16281,PERX,XALQ,2025/1/5 10:25,2025/1/5 13:20,321,AFT_10035,173
Flt_16282,JXKD,JTZV,2025/1/5 10:25,2025/1/5 12:15,320,AFT_10112,99
Flt_16283,TLRK,JTZV,2025/1/5 10:25,2025/1/5 12:20,321,AFT_10021,132
Flt_16284,NYKQ,JTZV,2025/1/5 10:25,2025/1/5 12:40,320,AFT_10138,141
Flt_16285,ZFTY,JTZV,2025/1/5 10:25,2025/1/5 13:45,321,AFT_10015,164
Flt_16286,MEEP,VEYC,2025/1/5 10:25,2025/1/5 12:50,320,AFT_10060,146
Flt_16287,JTZV,UNUN,2025/1/5 10:25,2025/1/5 14:10,320,AFT_10020,215
Flt_16288,UHBK,JTZV,2025/1/5 10:30,2025/1/5 12:45,320,AFT_10072,135
Flt_16289,LQVJ,JTZV,2025/1/5 10:30,2025/1/5 12:45,320,AFT_10053,126
Flt_16290,PNOJ,QFKO,2025/1/5 10:35,2025/1/5 12:25,320,AFT_10148,109
Flt_16291,ZOEV,UTFU,2025/1/5 10:35,2025/1/5 14:05,321,AFT_10017,205
Flt_16292,JTZV,KXUZ,2025/1/5 10:35,2025/1/5 12:50,321,AFT_10107,130
Flt_16293,TIDB,IGVH,2025/1/5 10:40,2025/1/5 13:10,320,AFT_10073,130
Flt_16294,JTZV,SSNS,2025/1/5 10:40,2025/1/5 13:35,320,AFT_10077,136
Flt_16295,KXUZ,XALQ,2025/1/5 10:40,2025/1/5 13:00,319,AFT_10046,147
Flt_16296,ZMZW,IGVH,2025/1/5 10:45,2025/1/5 14:00,319,AFT_10071,175
Flt_16297,LCYY,XALQ,2025/1/5 10:45,2025/1/5 14:00,321,AFT_10094,152
Flt_16298,FTOI,JTZV,2025/1/5 10:45,2025/1/5 12:10,319,AFT_10059,62
Flt_16299,YELV,JTZV,2025/1/5 10:45,2025/1/5 13:50,321,AFT_10085,194
Flt_16300,PNOJ,JXKD,2025/1/5 10:50,2025/1/5 12:40,320,AFT_10022,95
Flt_16301,YELV,XALQ,2025/1/5 10:50,2025/1/5 14:00,319,AFT_10087,161
Flt_16302,KIJU,XALQ,2025/1/5 10:50,2025/1/5 13:05,320,AFT_10002,119
Flt_16303,KXUZ,JTZV,2025/1/5 10:50,2025/1/5 13:45,321,AFT_10114,158
Flt_16304,TJFR,IGVH,2025/1/5 10:55,2025/1/5 14:10,320,AFT_10123,174
Flt_16305,GPWJ,JTZV,2025/1/5 10:55,2025/1/5 13:00,319,AFT_10076,111
Flt_16306,XGWY,JTZV,2025/1/5 10:55,2025/1/5 12:15,319,AFT_10133,64
Flt_16307,LCYY,CGHU,2025/1/5 10:55,2025/1/5 13:55,321,AFT_10038,167
Flt_16308,KHPY,CGHU,2025/1/5 10:55,2025/1/5 13:40,320,AFT_10045,176
Flt_16309,GPWJ,WDWO,2025/1/5 11:00,2025/1/5 13:35,319,AFT_10098,161
Flt_16310,JTZV,VEYC,2025/1/5 11:05,2025/1/5 12:25,320,AFT_10058,66
Flt_16311,TJFR,IRVV,2025/1/5 11:05,2025/1/5 13:15,320,AFT_10055,127
Flt_16312,LUEM,JTZV,2025/1/5 11:10,2025/1/5 14:20,320,AFT_10152,165
Flt_16313,DIZB,JTZV,2025/1/5 11:10,2025/1/5 13:50,321,AFT_10084,158
Flt_16314,LRNO,CTIG,2025/1/5 11:20,2025/1/5 14:00,320,AFT_10086,139
Flt_16315,PNOJ,LRNO,2025/1/5 11:20,2025/1/5 12:55,320,AFT_10111,92
Flt_16316,GAGH,IGVH,2025/1/5 11:25,2025/1/5 13:00,320,AFT_10080,96
Flt_16317,MOXE,UNUN,2025/1/5 11:25,2025/1/5 14:50,320,AFT_10069,205
Flt_16318,MEEP,YELV,2025/1/5 11:35,2025/1/5 13:35,321,AFT_10137,105
Flt_16319,IRVV,JTZV,2025/1/5 11:35,2025/1/5 16:15,321,AFT_10005,229
Flt_16320,JTZV,IQOA,2025/1/5 11:40,2025/1/5 13:50,321,AFT_10052,127
Flt_16321,XCDO,JTZV,2025/1/5 11:40,2025/1/5 16:25,321,AFT_10032,268
Flt_16322,ZFTY,JTZV,2025/1/5 11:40,2025/1/5 14:40,321,AFT_10120,161
Flt_16323,JTZV,SEWU,2025/1/5 11:40,2025/1/5 16:00,319,AFT_10125,250
Flt_16324,DIZB,XCDO,2025/1/5 11:40,2025/1/5 13:40,321,AFT_10013,111
Flt_16325,WGZL,PERX,2025/1/5 11:45,2025/1/5 15:30,321,AFT_10027,230
Flt_16326,JTZV,KXUZ,2025/1/5 11:45,2025/1/5 14:00,320,AFT_10130,148
Flt_16327,KHPY,JXKD,2025/1/5 11:45,2025/1/5 15:15,320,AFT_10039,184
Flt_16328,JXKD,DJQK,2025/1/5 11:45,2025/1/5 14:55,320,AFT_10011,186
Flt_16329,JTZV,OQIB,2025/1/5 11:45,2025/1/5 14:25,321,AFT_10068,150
Flt_16330,KHPY,JTZV,2025/1/5 11:45,2025/1/5 14:00,321,AFT_10007,141
Flt_16331,JTZV,UTFU,2025/1/5 11:50,2025/1/5 13:45,319,AFT_10142,114
Flt_16332,LBMY,LRNO,2025/1/5 11:50,2025/1/5 13:55,320,AFT_10009,125
Flt_16333,CGHU,XALQ,2025/1/5 11:50,2025/1/5 16:20,321,AFT_10074,256
Flt_16334,IGVH,JTZV,2025/1/5 11:50,2025/1/5 13:30,320,AFT_10062,81
Flt_16335,CFEV,JTZV,2025/1/5 11:50,2025/1/5 14:05,319,AFT_10153,115
Flt_16336,SSNS,JTZV,2025/1/5 11:50,2025/1/5 14:40,321,AFT_10141,156
Flt_16338,LCYY,JTZV,2025/1/5 11:55,2025/1/5 15:35,321,AFT_10029,186
Flt_16339,WGZL,JTZV,2025/1/5 11:55,2025/1/5 14:25,321,AFT_10118,152
Flt_16340,ZKXC,WGZL,2025/1/5 12:00,2025/1/5 14:55,320,AFT_10051,168
Flt_16341,ZBRM,JXKD,2025/1/5 12:00,2025/1/5 13:40,319,AFT_10079,87
Flt_16342,JXKD,JTZV,2025/1/5 12:00,2025/1/5 14:10,320,AFT_10066,111
Flt_16343,RMNJ,JTZV,2025/1/5 12:00,2025/1/5 14:40,320,AFT_10083,141
Flt_16344,XALQ,UNUN,2025/1/5 12:00,2025/1/5 16:00,321,AFT_10089,238
Flt_16345,IRVV,XALQ,2025/1/5 12:05,2025/1/5 16:00,320,AFT_10033,232
Flt_16346,EZNJ,XALQ,2025/1/5 12:05,2025/1/5 14:05,320,AFT_10106,101
Flt_16347,TJFR,JTZV,2025/1/5 12:05,2025/1/5 15:00,321,AFT_10099,159
Flt_16348,WDWO,DQBQ,2025/1/5 12:10,2025/1/5 14:40,321,AFT_10023,138
Flt_16349,ZBRM,WAQQ,2025/1/5 12:10,2025/1/5 14:20,320,AFT_10140,127
Flt_16350,JTZV,DIZB,2025/1/5 12:10,2025/1/5 14:35,320,AFT_10028,131
Flt_16351,RXPU,XALQ,2025/1/5 12:10,2025/1/5 14:40,320,AFT_10102,147
Flt_16352,ZOEV,JTZV,2025/1/5 12:10,2025/1/5 14:45,321,AFT_10047,174
Flt_16353,QKWB,JTZV,2025/1/5 12:10,2025/1/5 15:35,320,AFT_10012,177
Flt_16354,GSWW,YELV,2025/1/5 12:20,2025/1/5 15:20,320,AFT_10063,172
Flt_16355,RPOA,JTZV,2025/1/5 12:20,2025/1/5 16:30,319,AFT_10091,233
Flt_16356,WDWO,JTZV,2025/1/5 12:20,2025/1/5 14:20,320,AFT_10082,90
Flt_16357,CFEV,JTZV,2025/1/5 12:20,2025/1/5 14:15,319,AFT_10093,108
Flt_16358,GPWJ,XALQ,2025/1/5 12:25,2025/1/5 14:40,319,AFT_10056,111
Flt_16359,CFEV,XALQ,2025/1/5 12:25,2025/1/5 15:05,319,AFT_10109,139
Flt_16360,QFKO,CFEV,2025/1/5 12:25,2025/1/5 14:55,319,AFT_10116,149
Flt_16361,JTZV,CFEV,2025/1/5 12:30,2025/1/5 15:15,319,AFT_10097,157
Flt_16362,RXPU,JTZV,2025/1/5 12:30,2025/1/5 15:45,321,AFT_10065,170
Flt_16363,ZMZW,JTZV,2025/1/5 12:30,2025/1/5 15:50,320,AFT_10042,194
Flt_16364,JTZV,DQBQ,2025/1/5 12:35,2025/1/5 14:40,320,AFT_10088,106
Flt_16365,DJQK,JTZV,2025/1/5 12:35,2025/1/5 15:55,320,AFT_10014,170
Flt_16366,XALQ,CFEV,2025/1/5 12:40,2025/1/5 15:35,319,AFT_10096,162
Flt_16367,CHCY,JTZV,2025/1/5 12:40,2025/1/5 15:45,320,AFT_10031,182
Flt_16368,JTZV,AWPD,2025/1/5 12:45,2025/1/5 17:15,320,AFT_10044,266
Flt_16369,XALQ,SSNS,2025/1/5 12:50,2025/1/5 14:45,321,AFT_10124,123
Flt_16370,JTZV,LCYY,2025/1/5 12:50,2025/1/5 15:15,321,AFT_10070,161
Flt_16371,CHCY,JTZV,2025/1/5 12:50,2025/1/5 16:15,321,AFT_10113,175
Flt_16372,JTZV,UNUN,2025/1/5 12:50,2025/1/5 16:50,320,AFT_10119,224
Flt_16373,XXZT,XALQ,2025/1/5 12:55,2025/1/5 15:15,321,AFT_10043,133
Flt_16374,UTFU,DQBQ,2025/1/5 12:55,2025/1/5 15:40,320,AFT_10108,164
Flt_16375,LUEM,TLRK,2025/1/5 12:55,2025/1/5 14:50,320,AFT_10101,117
Flt_16376,XALQ,KXUZ,2025/1/5 12:55,2025/1/5 15:00,320,AFT_10061,118
Flt_16377,XALQ,LBMY,2025/1/5 12:55,2025/1/5 14:35,320,AFT_10090,89
Flt_16378,CFEV,WDWO,2025/1/5 12:55,2025/1/5 15:40,319,AFT_10049,167
Flt_16379,TJFR,WJBU,2025/1/5 12:55,2025/1/5 15:40,320,AFT_10006,145
Flt_16380,UNUN,JTZV,2025/1/5 12:55,2025/1/5 16:40,321,AFT_10048,212
Flt_16381,MEEP,JTZV,2025/1/5 12:55,2025/1/5 15:30,321,AFT_10078,150
Flt_16382,LCYY,CGHU,2025/1/5 13:00,2025/1/5 15:50,321,AFT_10150,165
Flt_16383,WGZL,JTZV,2025/1/5 13:05,2025/1/5 15:25,320,AFT_10026,168
Flt_16384,QFKO,JTZV,2025/1/5 13:10,2025/1/5 14:55,320,AFT_10148,91
Flt_16385,ZBRM,MEEP,2025/1/5 13:10,2025/1/5 15:30,320,AFT_10037,114
Flt_16386,AJDW,XCDO,2025/1/5 13:10,2025/1/5 15:45,320,AFT_10115,159
Flt_16387,DULL,PERX,2025/1/5 13:10,2025/1/5 15:30,320,AFT_10104,125
Flt_16388,KXUZ,WDWO,2025/1/5 13:10,2025/1/5 16:05,320,AFT_10040,170
Flt_16389,DIZB,IGVH,2025/1/5 13:10,2025/1/5 16:25,320,AFT_10131,183
Flt_16390,WAQQ,JTZV,2025/1/5 13:10,2025/1/5 15:45,320,AFT_10126,164
Flt_16391,FCVG,JTZV,2025/1/5 13:10,2025/1/5 16:15,321,AFT_10019,215
Flt_16392,VEYC,JTZV,2025/1/5 13:10,2025/1/5 14:25,320,AFT_10058,68
Flt_16393,JTZV,JNLE,2025/1/5 13:15,2025/1/5 15:15,319,AFT_10133,119
Flt_16394,JTZV,TJFR,2025/1/5 13:20,2025/1/5 15:40,320,AFT_10010,133
Flt_16395,XALQ,ZFTY,2025/1/5 13:20,2025/1/5 15:45,320,AFT_10050,145
Flt_16396,JTZV,LBMY,2025/1/5 13:20,2025/1/5 15:05,319,AFT_10059,116
Flt_16397,JTZV,JXKD,2025/1/5 13:20,2025/1/5 15:25,319,AFT_10151,105
Flt_16398,JTZV,TKCE,2025/1/5 13:20,2025/1/5 17:20,320,AFT_10110,224
Flt_16399,JTZV,KXUZ,2025/1/5 13:25,2025/1/5 15:40,321,AFT_10021,129
Flt_16400,KHPY,XCDO,2025/1/5 13:25,2025/1/5 16:10,320,AFT_10092,162
Flt_16401,JXKD,PNOJ,2025/1/5 13:30,2025/1/5 15:15,320,AFT_10022,106
Flt_16402,JTZV,SIBL,2025/1/5 13:30,2025/1/5 16:45,320,AFT_10008,176
Flt_16403,JTZV,ZFTY,2025/1/5 13:30,2025/1/5 16:15,321,AFT_10095,152
Flt_16404,JXKD,WJBU,2025/1/5 13:35,2025/1/5 15:20,320,AFT_10103,103
Flt_16405,XALQ,MEEP,2025/1/5 13:35,2025/1/5 15:30,320,AFT_10018,115
Flt_16406,XALQ,OZOS,2025/1/5 13:35,2025/1/5 16:05,320,AFT_10034,145
Flt_16407,ZFTY,JTZV,2025/1/5 13:40,2025/1/5 17:00,321,AFT_10036,170
Flt_16408,JTZV,MEEP,2025/1/5 13:40,2025/1/5 16:05,320,AFT_10122,126
Flt_16409,JTZV,GSWW,2025/1/5 13:40,2025/1/5 15:10,321,AFT_10129,83
Flt_16410,VEYC,PNOJ,2025/1/5 13:45,2025/1/5 14:45,320,AFT_10060,55
Flt_16411,SSNS,JTZV,2025/1/5 13:50,2025/1/5 16:40,321,AFT_10105,159
Flt_16412,JTZV,PERX,2025/1/5 13:55,2025/1/5 16:40,321,AFT_10149,158
Flt_16413,LRNO,PNOJ,2025/1/5 13:55,2025/1/5 15:45,320,AFT_10111,108
Flt_16414,XALQ,TLRK,2025/1/5 14:00,2025/1/5 15:25,320,AFT_10002,86
Flt_16415,OZOS,JTZV,2025/1/5 14:00,2025/1/5 17:10,321,AFT_10135,176
Flt_16416,JTZV,MKLY,2025/1/5 14:00,2025/1/5 19:00,320,AFT_10138,298
Flt_16417,JTZV,UXIL,2025/1/5 14:10,2025/1/5 16:05,319,AFT_10076,99
Flt_16418,JTZV,QKWB,2025/1/5 14:10,2025/1/5 17:00,320,AFT_10072,141
Flt_16419,IGVH,GCFX,2025/1/5 14:10,2025/1/5 16:05,320,AFT_10080,123
Flt_16420,UNUN,JTZV,2025/1/5 14:10,2025/1/5 17:50,320,AFT_10067,204
Flt_16421,CGHU,TLRK,2025/1/5 14:15,2025/1/5 18:00,321,AFT_10025,226
Flt_16422,XALQ,KHPY,2025/1/5 14:20,2025/1/5 16:00,319,AFT_10046,100
Flt_16423,CHCY,WGZL,2025/1/5 14:20,2025/1/5 17:10,320,AFT_10081,153
Flt_16424,IGVH,TIDB,2025/1/5 14:20,2025/1/5 16:40,320,AFT_10073,142
Flt_16425,CGHU,DIZB,2025/1/5 14:20,2025/1/5 16:50,320,AFT_10075,153
Flt_16426,WAQQ,DIZB,2025/1/5 14:20,2025/1/5 16:45,320,AFT_10030,142
Flt_16427,IRVV,TJFR,2025/1/5 14:20,2025/1/5 16:30,320,AFT_10055,122
Flt_16428,UNUN,WDWO,2025/1/5 14:30,2025/1/5 17:50,320,AFT_10041,195
Flt_16429,JXKD,ZBRM,2025/1/5 14:30,2025/1/5 16:10,319,AFT_10079,96
Flt_16430,XALQ,DJQK,2025/1/5 14:35,2025/1/5 16:50,321,AFT_10094,135
Flt_16431,KZXO,JTZV,2025/1/5 14:35,2025/1/5 17:35,319,AFT_10100,157
Flt_16432,UTFU,JTZV,2025/1/5 14:35,2025/1/5 17:15,319,AFT_10142,124
Flt_16433,JTZV,CGHU,2025/1/5 14:35,2025/1/5 18:20,320,AFT_10062,242
Flt_16434,JTZV,DFQN,2025/1/5 14:40,2025/1/5 18:40,321,AFT_10128,223
Flt_16435,MKLY,JTZV,2025/1/5 14:40,2025/1/5 19:10,321,AFT_10136,246
Flt_16436,YELV,XCDO,2025/1/5 14:45,2025/1/5 17:45,321,AFT_10137,167
Flt_16437,XCDO,DIZB,2025/1/5 14:50,2025/1/5 16:55,321,AFT_10013,136
Flt_16438,JTZV,VAYQ,2025/1/5 14:50,2025/1/5 18:55,320,AFT_10112,233
Flt_16439,JTZV,YNHL,2025/1/5 14:55,2025/1/5 17:35,320,AFT_10053,136
Flt_16440,CTIG,LRNO,2025/1/5 14:55,2025/1/5 17:15,320,AFT_10086,135
Flt_16441,CGHU,KHPY,2025/1/5 14:55,2025/1/5 18:00,320,AFT_10045,201
Flt_16442,CGHU,SSNS,2025/1/5 14:55,2025/1/5 18:05,321,AFT_10038,193
Flt_16443,SSNS,JTZV,2025/1/5 14:55,2025/1/5 17:45,320,AFT_10077,169
Flt_16444,UTFU,IRVV,2025/1/5 14:55,2025/1/5 16:55,321,AFT_10017,103
Flt_16445,XALQ,SIBL,2025/1/5 15:00,2025/1/5 18:00,321,AFT_10035,157
Flt_16446,JTZV,YELV,2025/1/5 15:00,2025/1/5 17:40,321,AFT_10003,134
Flt_16447,JTZV,SSNS,2025/1/5 15:00,2025/1/5 17:30,321,AFT_10085,132
Flt_16448,JTZV,ZNIR,2025/1/5 15:00,2025/1/5 17:40,321,AFT_10084,154
Flt_16449,JTZV,RXPU,2025/1/5 15:00,2025/1/5 17:30,321,AFT_10114,138
Flt_16450,IQOA,JTZV,2025/1/5 15:00,2025/1/5 17:40,321,AFT_10052,144
Flt_16451,JTZV,ZOEV,2025/1/5 15:05,2025/1/5 17:30,321,AFT_10015,140
Flt_16452,XALQ,LCYY,2025/1/5 15:05,2025/1/5 17:30,321,AFT_10154,137
Flt_16453,WAQQ,ZBRM,2025/1/5 15:05,2025/1/5 17:30,320,AFT_10140,157
Flt_16454,ZOEV,CGHU,2025/1/5 15:05,2025/1/5 20:05,320,AFT_10117,338
Flt_16455,UNUN,ZFTY,2025/1/5 15:10,2025/1/5 19:15,320,AFT_10020,234
Flt_16456,LRNO,LBMY,2025/1/5 15:10,2025/1/5 17:00,320,AFT_10009,129
Flt_16457,JTZV,IOWC,2025/1/5 15:10,2025/1/5 16:25,319,AFT_10153,70
Flt_16458,TXMD,JTZV,2025/1/5 15:10,2025/1/5 20:35,321,AFT_10016,305
Flt_16459,OQIB,VNDG,2025/1/5 15:10,2025/1/5 16:15,321,AFT_10068,60
Flt_16460,XALQ,IGVH,2025/1/5 15:15,2025/1/5 16:50,320,AFT_10106,82
Flt_16461,JTZV,FCVG,2025/1/5 15:25,2025/1/5 18:45,321,AFT_10121,200
Flt_16462,DQBQ,WDWO,2025/1/5 15:25,2025/1/5 17:55,321,AFT_10023,170
Flt_16463,DQBQ,JTZV,2025/1/5 15:25,2025/1/5 17:40,320,AFT_10088,130
Flt_16464,KXUZ,JTZV,2025/1/5 15:25,2025/1/5 18:00,321,AFT_10107,167
Flt_16465,JTZV,ZFTY,2025/1/5 15:30,2025/1/5 18:15,320,AFT_10058,154
Flt_16466,JTZV,TLRK,2025/1/5 15:30,2025/1/5 17:20,321,AFT_10007,99
Flt_16467,PNOJ,SSNS,2025/1/5 15:30,2025/1/5 17:45,320,AFT_10060,139
Flt_16468,JTZV,CFEV,2025/1/5 15:30,2025/1/5 18:25,319,AFT_10093,145
Flt_16469,XALQ,VNDG,2025/1/5 15:30,2025/1/5 18:15,319,AFT_10056,166
Flt_16470,CFEV,QFKO,2025/1/5 15:35,2025/1/5 17:35,319,AFT_10116,121
Flt_16471,JTZV,WDWO,2025/1/5 15:35,2025/1/5 17:20,320,AFT_10082,98
Flt_16472,IGVH,TJFR,2025/1/5 15:35,2025/1/5 18:20,320,AFT_10123,160
Flt_16473,IGVH,JTZV,2025/1/5 15:35,2025/1/5 17:20,320,AFT_10004,90
Flt_16474,JTZV,XTNT,2025/1/5 15:40,2025/1/5 18:15,320,AFT_10152,146
Flt_16475,LPNC,JTZV,2025/1/5 15:40,2025/1/5 21:45,321,AFT_10057,347
Flt_16476,DIZB,JTZV,2025/1/5 15:40,2025/1/5 18:30,320,AFT_10028,155
Flt_16477,YELV,CGHU,2025/1/5 15:40,2025/1/5 19:15,320,AFT_10143,200
Flt_16478,XALQ,DFQN,2025/1/5 15:45,2025/1/5 19:50,320,AFT_10102,240
Flt_16479,DJQK,JXKD,2025/1/5 15:45,2025/1/5 19:45,320,AFT_10011,219
Flt_16480,SSNS,XALQ,2025/1/5 15:50,2025/1/5 18:20,321,AFT_10124,124
Flt_16481,TLRK,ZBRM,2025/1/5 15:50,2025/1/5 17:50,320,AFT_10101,106
Flt_16482,JTZV,WZOH,2025/1/5 15:55,2025/1/5 18:05,320,AFT_10066,132
Flt_16483,GSWW,JTZV,2025/1/5 15:55,2025/1/5 18:00,321,AFT_10129,107
Flt_16484,PNOJ,WDWO,2025/1/5 16:00,2025/1/5 17:40,320,AFT_10022,102
Flt_16485,JTZV,OJAV,2025/1/5 16:00,2025/1/5 18:35,320,AFT_10148,126
Flt_16486,JXKD,KHPY,2025/1/5 16:00,2025/1/5 19:05,320,AFT_10039,193
Flt_16487,JTZV,LCYY,2025/1/5 16:00,2025/1/5 18:40,321,AFT_10047,171
Flt_16488,JNLE,JTZV,2025/1/5 16:00,2025/1/5 18:25,319,AFT_10133,129
Flt_16489,XALQ,FCVG,2025/1/5 16:05,2025/1/5 19:20,321,AFT_10043,201
Flt_16490,JTZV,QFKO,2025/1/5 16:05,2025/1/5 17:40,320,AFT_10014,102
Flt_16491,XALQ,ZMZW,2025/1/5 16:05,2025/1/5 18:20,319,AFT_10109,125
Flt_16492,WGZL,ZKXC,2025/1/5 16:05,2025/1/5 18:50,320,AFT_10051,153
Flt_16493,JTZV,CHCY,2025/1/5 16:05,2025/1/5 18:45,321,AFT_10099,157
Flt_16494,LBMY,XALQ,2025/1/5 16:05,2025/1/5 17:45,319,AFT_10059,93
Flt_16495,JTZV,SSNS,2025/1/5 16:10,2025/1/5 18:25,320,AFT_10083,121
Flt_16496,WDWO,CFEV,2025/1/5 16:10,2025/1/5 19:35,319,AFT_10098,195
Flt_16497,LBMY,JTZV,2025/1/5 16:10,2025/1/5 18:10,320,AFT_10090,114
Flt_16498,JXKD,JTZV,2025/1/5 16:10,2025/1/5 17:55,319,AFT_10151,115
Flt_16499,JTZV,MEEP,2025/1/5 16:15,2025/1/5 18:35,321,AFT_10120,123
Flt_16500,IGVH,LCYY,2025/1/5 16:15,2025/1/5 19:20,319,AFT_10071,193
Flt_16501,KXUZ,XALQ,2025/1/5 16:15,2025/1/5 18:30,320,AFT_10061,139
Flt_16502,WJBU,YELV,2025/1/5 16:20,2025/1/5 18:30,320,AFT_10103,122
Flt_16503,UNUN,MOXE,2025/1/5 16:20,2025/1/5 19:40,320,AFT_10069,177
Flt_16504,CFEV,JTZV,2025/1/5 16:20,2025/1/5 18:15,319,AFT_10097,126
Flt_16505,DQBQ,UTFU,2025/1/5 16:25,2025/1/5 19:25,320,AFT_10108,175
Flt_16506,TLRK,XALQ,2025/1/5 16:25,2025/1/5 18:10,320,AFT_10002,97
Flt_16507,TJFR,JTZV,2025/1/5 16:25,2025/1/5 19:10,320,AFT_10010,152
Flt_16508,LCYY,JTZV,2025/1/5 16:30,2025/1/5 19:55,321,AFT_10070,189
Flt_16509,PERX,DULL,2025/1/5 16:30,2025/1/5 18:45,320,AFT_10104,125
Flt_16510,JTZV,VEYC,2025/1/5 16:30,2025/1/5 17:30,320,AFT_10026,62
Flt_16511,PNOJ,UNUN,2025/1/5 16:30,2025/1/5 20:35,320,AFT_10111,233
Flt_16512,XCDO,AJDW,2025/1/5 16:40,2025/1/5 19:55,320,AFT_10115,162
Flt_16513,XALQ,WGZL,2025/1/5 16:40,2025/1/5 18:40,321,AFT_10074,119
Flt_16514,WJBU,TJFR,2025/1/5 16:40,2025/1/5 18:55,320,AFT_10006,131
Flt_16515,CFEV,XALQ,2025/1/5 16:40,2025/1/5 19:10,319,AFT_10096,150
Flt_16516,JTZV,KXUZ,2025/1/5 16:45,2025/1/5 19:05,321,AFT_10078,143
Flt_16517,MEEP,XALQ,2025/1/5 16:45,2025/1/5 18:55,320,AFT_10018,130
Flt_16518,MEEP,PNOJ,2025/1/5 16:45,2025/1/5 18:55,320,AFT_10037,126
Flt_16519,JTZV,WAQQ,2025/1/5 16:50,2025/1/5 19:15,320,AFT_10031,130
Flt_16520,GCFX,DIZB,2025/1/5 16:50,2025/1/5 19:00,320,AFT_10080,121
Flt_16521,PERX,DJQK,2025/1/5 16:50,2025/1/5 18:55,321,AFT_10027,126
Flt_16522,CGHU,LCYY,2025/1/5 16:50,2025/1/5 20:10,321,AFT_10150,190
Flt_16523,ZFTY,XALQ,2025/1/5 16:50,2025/1/5 19:40,320,AFT_10050,165
Flt_16524,UXIL,JTZV,2025/1/5 16:50,2025/1/5 18:35,319,AFT_10076,90
Flt_16525,JTZV,WGZL,2025/1/5 16:55,2025/1/5 19:05,320,AFT_10126,122
Flt_16526,KXUZ,JTZV,2025/1/5 16:55,2025/1/5 20:00,321,AFT_10021,152
Flt_16527,XCDO,KHPY,2025/1/5 17:00,2025/1/5 19:50,320,AFT_10092,179
Flt_16528,OZOS,XALQ,2025/1/5 17:00,2025/1/5 20:05,320,AFT_10034,175
Flt_16529,PVTT,JTZV,2025/1/5 17:00,2025/1/5 21:30,321,AFT_10127,279
Flt_16530,SEWU,JTZV,2025/1/5 17:00,2025/1/5 21:00,319,AFT_10125,230
Flt_16531,JTZV,EFIK,2025/1/5 17:05,2025/1/5 19:25,320,AFT_10042,141
Flt_16532,JTZV,KHPY,2025/1/5 17:05,2025/1/5 19:15,321,AFT_10141,111
Flt_16533,JTZV,ZMZW,2025/1/5 17:05,2025/1/5 20:00,321,AFT_10029,154
Flt_16534,ZBRM,YELV,2025/1/5 17:05,2025/1/5 19:40,319,AFT_10079,150
Flt_16535,XALQ,SSNS,2025/1/5 17:05,2025/1/5 18:55,320,AFT_10033,121
Flt_16536,JTZV,RXPU,2025/1/5 17:05,2025/1/5 19:30,321,AFT_10065,146
Flt_16537,KHPY,XALQ,2025/1/5 17:05,2025/1/5 19:20,319,AFT_10046,112
Flt_16538,MEEP,JTZV,2025/1/5 17:10,2025/1/5 19:30,320,AFT_10122,160
Flt_16539,JXKD,MOXE,2025/1/5 17:10,2025/1/5 19:15,320,AFT_10024,112
Flt_16540,IOWC,JTZV,2025/1/5 17:10,2025/1/5 18:30,319,AFT_10153,84
Flt_16541,WDWO,XCDO,2025/1/5 17:15,2025/1/5 20:10,320,AFT_10040,168
Flt_16542,JTZV,XTHX,2025/1/5 17:20,2025/1/5 18:50,321,AFT_10019,81
Flt_16543,WDWO,LCYY,2025/1/5 17:20,2025/1/5 19:35,319,AFT_10049,131
Flt_16544,VNDG,OQIB,2025/1/5 17:20,2025/1/5 18:30,321,AFT_10068,69
Flt_16545,TIDB,ZFTY,2025/1/5 17:25,2025/1/5 19:30,320,AFT_10073,124
Flt_16546,JTZV,ZFTY,2025/1/5 17:30,2025/1/5 20:15,321,AFT_10032,154
Flt_16547,TJFR,IGVH,2025/1/5 17:30,2025/1/5 20:45,320,AFT_10055,174
Flt_16548,JTZV,BNGY,2025/1/5 17:35,2025/1/5 19:20,319,AFT_10091,95
Flt_16549,ZFTY,JTZV,2025/1/5 17:40,2025/1/5 21:00,321,AFT_10095,172
Flt_16550,PERX,JTZV,2025/1/5 17:45,2025/1/5 21:00,321,AFT_10149,182
Flt_16551,DIZB,CGHU,2025/1/5 17:45,2025/1/5 20:15,320,AFT_10030,152
Flt_16552,YELV,MEEP,2025/1/5 17:50,2025/1/5 20:30,320,AFT_10063,143
Flt_16553,UNUN,XALQ,2025/1/5 17:50,2025/1/5 21:55,321,AFT_10089,214
Flt_16554,QKWB,JTZV,2025/1/5 17:50,2025/1/5 20:55,320,AFT_10072,167
Flt_16555,IRVV,UTFU,2025/1/5 17:55,2025/1/5 20:10,321,AFT_10017,122
Flt_16556,IGVH,MEEP,2025/1/5 17:55,2025/1/5 19:45,320,AFT_10106,129
Flt_16557,DIZB,WDWO,2025/1/5 17:55,2025/1/5 20:00,320,AFT_10075,107
Flt_16558,DJQK,XALQ,2025/1/5 18:00,2025/1/5 21:00,321,AFT_10094,154
Flt_16559,AWPD,JTZV,2025/1/5 18:00,2025/1/5 22:10,320,AFT_10044,219
Flt_16560,UNUN,JTZV,2025/1/5 18:00,2025/1/5 21:45,320,AFT_10119,224
Flt_16561,JTZV,TLRK,2025/1/5 18:05,2025/1/5 20:00,321,AFT_10048,102
Flt_16562,DIZB,ZOEV,2025/1/5 18:05,2025/1/5 21:40,321,AFT_10013,210
Flt_16563,JTZV,YELV,2025/1/5 18:05,2025/1/5 20:35,321,AFT_10113,140
Flt_16564,TKCE,JTZV,2025/1/5 18:05,2025/1/5 22:00,320,AFT_10110,199
Flt_16565,SIBL,JTZV,2025/1/5 18:05,2025/1/5 21:45,320,AFT_10008,221
Flt_16566,LBMY,CGHU,2025/1/5 18:10,2025/1/5 21:30,320,AFT_10009,200
Flt_16567,JTZV,KIJU,2025/1/5 18:15,2025/1/5 20:20,319,AFT_10142,125
Flt_16568,WGZL,CHCY,2025/1/5 18:15,2025/1/5 20:25,320,AFT_10081,124
Flt_16569,ZBRM,UNUN,2025/1/5 18:15,2025/1/5 21:55,320,AFT_10140,225
Flt_16570,TLRK,JTZV,2025/1/5 18:20,2025/1/5 20:00,321,AFT_10007,109
Flt_16571,QFKO,UNUN,2025/1/5 18:20,2025/1/5 21:05,319,AFT_10116,145
Flt_16572,QFKO,PNOJ,2025/1/5 18:25,2025/1/5 20:10,320,AFT_10014,99
Flt_16573,JTZV,EJUF,2025/1/5 18:35,2025/1/5 23:20,321,AFT_10135,271
Flt_16574,ZBRM,ZFTY,2025/1/5 18:35,2025/1/5 21:10,320,AFT_10101,160
Flt_16575,XCDO,YELV,2025/1/5 18:35,2025/1/5 21:35,321,AFT_10137,186
Flt_16576,YNHL,JTZV,2025/1/5 18:40,2025/1/5 21:20,320,AFT_10053,155
Flt_16577,RXPU,JTZV,2025/1/5 18:40,2025/1/5 21:50,321,AFT_10114,174
Flt_16578,ZOEV,JTZV,2025/1/5 18:40,2025/1/5 21:25,321,AFT_10015,176
Flt_16579,LCYY,XALQ,2025/1/5 18:45,2025/1/5 22:15,321,AFT_10154,172
Flt_16580,SSNS,JTZV,2025/1/5 18:45,2025/1/5 21:45,321,AFT_10085,158
Flt_16581,WZOH,JTZV,2025/1/5 18:50,2025/1/5 21:15,320,AFT_10066,144
Flt_16582,WDWO,OZOS,2025/1/5 18:50,2025/1/5 20:45,320,AFT_10022,114
Flt_16583,JTZV,LRNO,2025/1/5 18:50,2025/1/5 21:00,320,AFT_10012,114
Flt_16584,WDWO,IGVH,2025/1/5 18:55,2025/1/5 21:20,320,AFT_10041,130
Flt_16585,SSNS,PNOJ,2025/1/5 18:55,2025/1/5 21:40,320,AFT_10060,157
Flt_16586,YELV,JTZV,2025/1/5 18:55,2025/1/5 22:20,321,AFT_10003,184
Flt_16587,JTZV,SVBC,2025/1/5 19:00,2025/1/5 21:05,319,AFT_10100,119
Flt_16588,XTNT,JTZV,2025/1/5 19:00,2025/1/5 21:45,320,AFT_10152,146
Flt_16589,JTZV,UNUN,2025/1/5 19:00,2025/1/5 22:45,320,AFT_10067,227
Flt_16590,JTZV,IQOA,2025/1/5 19:05,2025/1/5 21:25,320,AFT_10077,129
Flt_16591,TLRK,ZOEV,2025/1/5 19:05,2025/1/5 21:15,321,AFT_10025,126
Flt_16592,KHPY,IGVH,2025/1/5 19:05,2025/1/5 22:05,320,AFT_10045,160
Flt_16593,SIBL,XALQ,2025/1/5 19:05,2025/1/5 22:30,321,AFT_10035,221
Flt_16594,WDWO,ZBRM,2025/1/5 19:05,2025/1/5 20:45,320,AFT_10082,97
Flt_16595,WDWO,CGHU,2025/1/5 19:05,2025/1/5 22:15,321,AFT_10023,181
Flt_16596,JTZV,MJTP,2025/1/5 19:10,2025/1/5 20:50,319,AFT_10097,87
Flt_16597,ZNIR,JTZV,2025/1/5 19:10,2025/1/5 22:20,321,AFT_10084,180
Flt_16598,SSNS,CGHU,2025/1/5 19:10,2025/1/5 22:00,321,AFT_10038,159
Flt_16599,JTZV,YELV,2025/1/5 19:15,2025/1/5 21:50,319,AFT_10133,157
Flt_16600,OQIB,JTZV,2025/1/5 19:15,2025/1/5 22:35,321,AFT_10068,186
Flt_16601,OJAV,JTZV,2025/1/5 19:20,2025/1/5 22:00,320,AFT_10148,158
Flt_16602,XALQ,KXUZ,2025/1/5 19:20,2025/1/5 21:25,319,AFT_10059,109
Flt_16603,JTZV,KXUZ,2025/1/5 19:20,2025/1/5 21:40,321,AFT_10005,127
Flt_16604,XALQ,ZOEV,2025/1/5 19:20,2025/1/5 21:30,320,AFT_10002,138
Flt_16605,JTZV,JXKD,2025/1/5 19:20,2025/1/5 21:10,319,AFT_10153,99
Flt_16606,VNDG,XALQ,2025/1/5 19:20,2025/1/5 22:40,319,AFT_10056,198
Flt_16607,ZMZW,XALQ,2025/1/5 19:20,2025/1/5 22:25,319,AFT_10109,176
Flt_16608,CGHU,JTZV,2025/1/5 19:20,2025/1/6 0:05,320,AFT_10062,261
Flt_16609,TJFR,CGHU,2025/1/5 19:20,2025/1/5 22:00,320,AFT_10123,150
Flt_16610,JTZV,DFQN,2025/1/5 19:25,2025/1/5 23:30,321,AFT_10052,221
Flt_16611,JTZV,MEEP,2025/1/5 19:30,2025/1/5 21:45,319,AFT_10076,124
Flt_16612,CFEV,JTZV,2025/1/5 19:30,2025/1/5 21:25,319,AFT_10093,121
Flt_16613,XALQ,GSWW,2025/1/5 19:35,2025/1/5 21:15,320,AFT_10061,101
Flt_16614,XTHX,JTZV,2025/1/5 19:35,2025/1/5 21:20,321,AFT_10019,91
Flt_16615,CHCY,JTZV,2025/1/5 19:35,2025/1/5 22:40,321,AFT_10099,180
Flt_16616,VAYQ,JTZV,2025/1/5 19:40,2025/1/5 23:30,320,AFT_10112,209
Flt_16617,SSNS,JTZV,2025/1/5 19:40,2025/1/5 22:35,320,AFT_10083,158
Flt_16618,ZFTY,JTZV,2025/1/5 19:40,2025/1/5 22:40,320,AFT_10058,168
Flt_16619,FCVG,JTZV,2025/1/5 19:45,2025/1/5 22:50,321,AFT_10121,184
Flt_16620,YELV,CGHU,2025/1/5 19:45,2025/1/5 23:00,320,AFT_10103,176
Flt_16621,XALQ,ZFTY,2025/1/5 19:45,2025/1/5 22:15,321,AFT_10124,155
Flt_16622,DJQK,PERX,2025/1/5 19:45,2025/1/5 21:55,321,AFT_10027,135
Flt_16623,PNOJ,MEEP,2025/1/5 19:45,2025/1/5 21:45,320,AFT_10037,105
Flt_16624,DULL,LRNO,2025/1/5 19:45,2025/1/5 21:55,320,AFT_10104,119
Flt_16625,MKLY,JTZV,2025/1/5 19:45,2025/1/6 0:10,320,AFT_10138,258
Flt_16626,WGZL,XALQ,2025/1/5 19:50,2025/1/5 22:15,321,AFT_10074,136
Flt_16627,MEEP,JTZV,2025/1/5 19:50,2025/1/5 22:25,321,AFT_10120,147
Flt_16628,ZKXC,CGHU,2025/1/5 19:50,2025/1/5 22:30,320,AFT_10051,158
Flt_16629,DFQN,JTZV,2025/1/5 19:55,2025/1/5 23:30,321,AFT_10128,226
Flt_16630,LCYY,JTZV,2025/1/5 19:55,2025/1/5 23:25,321,AFT_10047,190
Flt_16631,KXUZ,VEYC,2025/1/5 19:55,2025/1/5 22:25,320,AFT_10130,157
Flt_16632,TJFR,CGHU,2025/1/5 19:55,2025/1/5 22:25,320,AFT_10006,134
Flt_16633,MOXE,ZFTY,2025/1/5 20:00,2025/1/5 22:40,320,AFT_10024,166
Flt_16634,WAQQ,JTZV,2025/1/5 20:00,2025/1/5 22:55,320,AFT_10031,169
Flt_16635,JTZV,CGHU,2025/1/5 20:00,2025/1/5 23:30,320,AFT_10090,233
Flt_16636,LRNO,YELV,2025/1/5 20:05,2025/1/5 22:35,320,AFT_10086,148
Flt_16637,DIZB,GCFX,2025/1/5 20:05,2025/1/5 22:20,320,AFT_10080,124
Flt_16638,BNGY,JTZV,2025/1/5 20:05,2025/1/5 21:55,319,AFT_10091,107
Flt_16639,KHPY,CGHU,2025/1/5 20:05,2025/1/5 22:55,320,AFT_10039,174
Flt_16640,UTFU,CGHU,2025/1/5 20:15,2025/1/5 22:55,320,AFT_10108,168
Flt_16641,CFEV,WDWO,2025/1/5 20:15,2025/1/5 22:50,319,AFT_10098,150
Flt_16642,CGHU,YELV,2025/1/5 20:15,2025/1/5 23:30,320,AFT_10143,203
Flt_16643,SSNS,XALQ,2025/1/5 20:15,2025/1/5 23:00,320,AFT_10033,139
Flt_16644,WGZL,JTZV,2025/1/5 20:15,2025/1/5 22:40,320,AFT_10126,152
Flt_16645,KHPY,JTZV,2025/1/5 20:15,2025/1/5 22:35,321,AFT_10141,119
Flt_16646,EFIK,JTZV,2025/1/5 20:15,2025/1/5 22:40,320,AFT_10042,149
Flt_16647,FCVG,XALQ,2025/1/5 20:20,2025/1/5 23:50,321,AFT_10043,198
Flt_16648,XALQ,MEEP,2025/1/5 20:25,2025/1/5 22:20,319,AFT_10046,107
Flt_16649,MOXE,YELV,2025/1/5 20:25,2025/1/5 22:50,320,AFT_10069,150
Flt_16650,JTZV,ZFTY,2025/1/5 20:30,2025/1/5 23:15,321,AFT_10105,161
Flt_16651,XALQ,YELV,2025/1/5 20:30,2025/1/5 22:30,319,AFT_10096,132
Flt_16652,JXKD,DIZB,2025/1/5 20:30,2025/1/5 23:50,320,AFT_10011,204
Flt_16653,ZFTY,UNUN,2025/1/5 20:30,2025/1/6 0:50,320,AFT_10020,249
Flt_16654,JTZV,MEEP,2025/1/5 20:35,2025/1/5 22:50,320,AFT_10122,132
Flt_16655,JTZV,CTIG,2025/1/5 20:35,2025/1/6 0:15,321,AFT_10136,203
Flt_16656,RXPU,JTZV,2025/1/5 20:35,2025/1/5 23:40,321,AFT_10065,173
Flt_16657,JTZV,QQGB,2025/1/5 20:40,2025/1/5 23:00,320,AFT_10010,122
Flt_16658,AJDW,IGVH,2025/1/5 20:40,2025/1/5 23:15,320,AFT_10115,135
Flt_16659,LCYY,IGVH,2025/1/5 20:45,2025/1/6 0:35,319,AFT_10049,211
Flt_16660,DFQN,XALQ,2025/1/5 20:45,2025/1/6 0:40,320,AFT_10102,237
Flt_16661,KXUZ,JTZV,2025/1/5 20:45,2025/1/5 23:20,321,AFT_10078,152
Flt_16662,XALQ,DQBQ,2025/1/5 20:50,2025/1/5 22:50,320,AFT_10050,99
Flt_16663,LCYY,WDWO,2025/1/5 20:50,2025/1/5 23:30,319,AFT_10071,150
Flt_16664,MEEP,IGVH,2025/1/5 20:50,2025/1/5 23:30,320,AFT_10106,139
Flt_16665,JTZV,IGVH,2025/1/5 20:50,2025/1/5 22:30,320,AFT_10088,73
Flt_16666,KHPY,JTZV,2025/1/5 20:50,2025/1/5 23:00,320,AFT_10092,136
Flt_16667,PNOJ,ZOEV,2025/1/5 20:55,2025/1/5 23:05,320,AFT_10014,124
Flt_16668,JTZV,LRNO,2025/1/5 21:00,2025/1/5 22:55,321,AFT_10070,96
Flt_16669,UTFU,ZOEV,2025/1/5 21:00,2025/1/6 0:35,321,AFT_10017,187
Flt_16670,JTZV,QFKO,2025/1/5 21:05,2025/1/5 22:40,319,AFT_10151,88
Flt_16671,XCDO,WDWO,2025/1/5 21:05,2025/1/6 0:50,320,AFT_10040,199
Flt_16672,KIJU,JTZV,2025/1/5 21:10,2025/1/5 23:40,319,AFT_10142,154
Flt_16673,ZMZW,JTZV,2025/1/5 21:10,2025/1/6 0:35,321,AFT_10029,193
Flt_16674,CGHU,YELV,2025/1/5 21:15,2025/1/6 0:40,320,AFT_10030,195
Flt_16675,TLRK,JTZV,2025/1/5 21:15,2025/1/5 23:25,321,AFT_10048,129
Flt_16676,ZFTY,ZBRM,2025/1/5 21:15,2025/1/6 0:25,320,AFT_10073,176
Flt_16677,LCYY,CGHU,2025/1/5 21:20,2025/1/6 0:25,321,AFT_10150,172
Flt_16678,JTZV,DIZB,2025/1/5 21:25,2025/1/5 23:40,321,AFT_10007,128
Flt_16679,XALQ,UTFU,2025/1/5 21:30,2025/1/5 23:05,320,AFT_10018,104
Flt_16680,CHCY,CGHU,2025/1/5 21:30,2025/1/6 0:50,320,AFT_10081,199
Flt_16681,OZOS,WDWO,2025/1/5 21:35,2025/1/5 23:45,320,AFT_10022,128
Flt_16682,MJTP,JTZV,2025/1/5 21:35,2025/1/5 23:30,319,AFT_10097,110
Flt_16683,ZBRM,ZOEV,2025/1/5 21:45,2025/1/6 0:20,320,AFT_10082,122
Flt_16684,SVBC,JTZV,2025/1/5 21:50,2025/1/6 0:30,319,AFT_10100,150
Flt_16685,LRNO,JTZV,2025/1/5 21:50,2025/1/5 23:40,320,AFT_10012,132
Flt_16686,MEEP,YELV,2025/1/5 21:55,2025/1/6 0:10,320,AFT_10063,107
Flt_16687,JXKD,JTZV,2025/1/5 21:55,2025/1/5 23:50,319,AFT_10153,109
Flt_16688,IGVH,JTZV,2025/1/5 21:55,2025/1/5 23:40,320,AFT_10055,91
Flt_16689,GSWW,XALQ,2025/1/5 22:05,2025/1/5 23:55,320,AFT_10061,100
Flt_16690,ZFTY,XALQ,2025/1/5 22:15,2025/1/6 0:55,321,AFT_10032,160
Flt_16691,IQOA,JTZV,2025/1/5 22:15,2025/1/6 0:40,320,AFT_10077,170
Flt_16692,ZOEV,ZFTY,2025/1/5 22:20,2025/1/6 1:55,321,AFT_10025,239
Flt_16693,PNOJ,VEYC,2025/1/5 22:25,2025/1/5 23:35,320,AFT_10060,62
Flt_16694,KXUZ,XALQ,2025/1/5 22:40,2025/1/6 0:55,319,AFT_10059,128
Flt_16695,ZOEV,XALQ,2025/1/5 22:40,2025/1/6 0:55,320,AFT_10002,153
Flt_16696,LRNO,FCRV,2025/1/5 22:45,2025/1/6 3:25,320,AFT_10104,275
Flt_16697,GCFX,IGVH,2025/1/5 23:05,2025/1/6 0:55,320,AFT_10080,93
Flt_16698,VEYC,KXUZ,2025/1/5 23:10,2025/1/6 1:20,320,AFT_10130,143
Flt_16699,XALQ,ZOEV,2025/1/5 23:10,2025/1/6 1:30,321,AFT_10089,123
Flt_16700,JTZV,IGVH,2025/1/5 23:25,2025/1/6 1:05,320,AFT_10119,70
Flt_16701,QFKO,JTZV,2025/1/5 23:25,2025/1/6 1:15,319,AFT_10151,96
Flt_16702,DQBQ,XALQ,2025/1/5 23:35,2025/1/6 1:30,320,AFT_10050,104
Flt_16703,UTFU,XALQ,2025/1/5 23:55,2025/1/6 1:50,320,AFT_10018,114
Flt_16704,EJUF,JTZV,2025/1/6 0:20,2025/1/6 5:00,321,AFT_10135,262
Flt_16705,EJUF,LRNO,2025/1/6 6:40,2025/1/6 10:20,321,AFT_10001,195
Flt_16706,LRNO,EJUF,2025/1/6 1:50,2025/1/6 5:10,321,AFT_10001,245
Flt_16707,LRNO,PVTT,2025/1/6 2:00,2025/1/6 5:30,321,AFT_10147,245
Flt_16708,PVTT,LRNO,2025/1/6 6:40,2025/1/6 10:00,321,AFT_10147,195
Flt_16709,QPCR,LRNO,2025/1/6 17:55,2025/1/6 20:40,321,AFT_10147,146
Flt_16710,AGDH,LRNO,2025/1/6 17:30,2025/1/6 19:35,321,AFT_10001,120
Flt_16711,FCRV,LRNO,2025/1/6 4:25,2025/1/6 8:50,320,AFT_10104,262
Flt_16712,LRNO,QPCR,2025/1/6 13:00,2025/1/6 16:25,321,AFT_10147,207
Flt_16713,LRNO,AGDH,2025/1/6 13:30,2025/1/6 16:00,321,AFT_10001,137
Flt_16714,ZFTY,ZOEV,2025/1/6 6:00,2025/1/6 9:35,321,AFT_10025,223
Flt_16715,XALQ,YEQV,2025/1/6 6:20,2025/1/6 8:20,320,AFT_10034,125
Flt_16716,JTZV,GSWW,2025/1/6 6:25,2025/1/6 7:50,321,AFT_10118,85
Flt_16717,JTZV,PERX,2025/1/6 6:25,2025/1/6 9:05,321,AFT_10078,155
Flt_16718,YELV,LRNO,2025/1/6 6:25,2025/1/6 9:30,320,AFT_10063,153
Flt_16719,YELV,WJBU,2025/1/6 6:25,2025/1/6 9:15,320,AFT_10030,154
Flt_16720,MEEP,JTZV,2025/1/6 6:25,2025/1/6 8:50,319,AFT_10046,139
Flt_16721,ZOEV,ZBRM,2025/1/6 6:25,2025/1/6 8:50,320,AFT_10014,137
Flt_16722,ZOEV,TLRK,2025/1/6 6:30,2025/1/6 8:30,321,AFT_10013,127
Flt_16723,IGVH,WDWO,2025/1/6 6:30,2025/1/6 8:45,320,AFT_10115,130
Flt_16724,IGVH,XALQ,2025/1/6 6:35,2025/1/6 8:20,320,AFT_10119,88
Flt_16725,XALQ,PERX,2025/1/6 6:40,2025/1/6 9:20,320,AFT_10018,160
Flt_16726,JTZV,GPWJ,2025/1/6 6:40,2025/1/6 9:00,319,AFT_10125,124
Flt_16727,XALQ,DIZB,2025/1/6 6:45,2025/1/6 8:50,319,AFT_10087,129
Flt_16728,XALQ,MEEP,2025/1/6 6:50,2025/1/6 9:05,320,AFT_10050,112
Flt_16729,ZFTY,SZVM,2025/1/6 6:50,2025/1/6 9:30,320,AFT_10024,150
Flt_16730,JTZV,XCDO,2025/1/6 6:50,2025/1/6 10:30,321,AFT_10003,221
Flt_16731,XALQ,LRNO,2025/1/6 6:55,2025/1/6 8:45,321,AFT_10035,94
Flt_16732,IGVH,KXUZ,2025/1/6 6:55,2025/1/6 8:45,320,AFT_10045,109
Flt_16733,JTZV,ZKXC,2025/1/6 6:55,2025/1/6 9:10,321,AFT_10084,140
Flt_16734,WDWO,DIZB,2025/1/6 6:55,2025/1/6 8:45,320,AFT_10075,93
Flt_16735,CGHU,LCYY,2025/1/6 6:55,2025/1/6 9:50,321,AFT_10023,181
Flt_16736,KXUZ,JTZV,2025/1/6 6:55,2025/1/6 9:30,321,AFT_10005,151
Flt_16737,UNUN,JTZV,2025/1/6 6:55,2025/1/6 10:35,320,AFT_10020,217
Flt_16738,ZFTY,JTZV,2025/1/6 6:55,2025/1/6 10:00,321,AFT_10124,175
Flt_16739,VEYC,MEEP,2025/1/6 7:00,2025/1/6 9:15,320,AFT_10026,125
Flt_16740,PERX,WGZL,2025/1/6 7:00,2025/1/6 10:40,321,AFT_10027,209
Flt_16741,DIZB,JXKD,2025/1/6 7:00,2025/1/6 11:00,320,AFT_10011,210
Flt_16742,JTZV,YELV,2025/1/6 7:00,2025/1/6 9:35,321,AFT_10036,145
Flt_16743,CGHU,DIZB,2025/1/6 7:00,2025/1/6 9:35,320,AFT_10103,156
Flt_16744,CGHU,TJFR,2025/1/6 7:00,2025/1/6 9:45,320,AFT_10123,153
Flt_16745,XALQ,CGHU,2025/1/6 7:00,2025/1/6 10:40,321,AFT_10043,236
Flt_16746,JTZV,CGHU,2025/1/6 7:00,2025/1/6 10:45,321,AFT_10095,219
Flt_16747,JTZV,KXUZ,2025/1/6 7:05,2025/1/6 9:35,321,AFT_10114,131
Flt_16748,XALQ,QFKO,2025/1/6 7:05,2025/1/6 9:05,319,AFT_10059,116
Flt_16749,IGVH,ZMZW,2025/1/6 7:05,2025/1/6 9:35,320,AFT_10041,128
Flt_16750,ZOEV,DIZB,2025/1/6 7:05,2025/1/6 10:30,321,AFT_10017,207
Flt_16751,XALQ,KXUZ,2025/1/6 7:10,2025/1/6 9:15,320,AFT_10002,108
Flt_16752,CGHU,LBMY,2025/1/6 7:10,2025/1/6 10:50,320,AFT_10081,197
Flt_16753,CGHU,ZOEV,2025/1/6 7:10,2025/1/6 12:45,320,AFT_10051,309
Flt_16754,CGHU,WDWO,2025/1/6 7:10,2025/1/6 11:05,321,AFT_10038,214
Flt_16755,JTZV,IGVH,2025/1/6 7:10,2025/1/6 8:55,320,AFT_10077,74
Flt_16756,XALQ,YELV,2025/1/6 7:10,2025/1/6 9:15,321,AFT_10094,130
Flt_16757,MEEP,XALQ,2025/1/6 7:10,2025/1/6 9:10,319,AFT_10076,132
Flt_16758,UNUN,PNOJ,2025/1/6 7:10,2025/1/6 10:35,320,AFT_10111,206
Flt_16759,IGVH,KHPY,2025/1/6 7:15,2025/1/6 9:55,320,AFT_10131,147
Flt_16760,XALQ,LCYY,2025/1/6 7:15,2025/1/6 9:30,320,AFT_10033,145
Flt_16761,JTZV,IRVV,2025/1/6 7:15,2025/1/6 10:25,321,AFT_10120,194
Flt_16762,JTZV,TLRK,2025/1/6 7:20,2025/1/6 9:25,320,AFT_10054,105
Flt_16763,WDWO,GPWJ,2025/1/6 7:20,2025/1/6 10:20,319,AFT_10071,178
Flt_16764,JTZV,NYKQ,2025/1/6 7:25,2025/1/6 9:40,320,AFT_10042,124
Flt_16765,CGHU,KHPY,2025/1/6 7:25,2025/1/6 10:40,320,AFT_10039,186
Flt_16766,JTZV,EZNJ,2025/1/6 7:25,2025/1/6 9:15,321,AFT_10068,117
Flt_16767,JTZV,BKVZ,2025/1/6 7:25,2025/1/6 9:05,320,AFT_10092,82
Flt_16768,IGVH,TJFR,2025/1/6 7:25,2025/1/6 10:10,320,AFT_10088,169
Flt_16769,ZOEV,PNOJ,2025/1/6 7:25,2025/1/6 9:50,320,AFT_10082,145
Flt_16770,CGHU,JTZV,2025/1/6 7:25,2025/1/6 11:55,320,AFT_10090,263
Flt_16771,JTZV,ZFTY,2025/1/6 7:30,2025/1/6 10:15,321,AFT_10155,160
Flt_16772,VEYC,JTZV,2025/1/6 7:30,2025/1/6 8:35,320,AFT_10060,65
Flt_16773,ZFTY,TIDB,2025/1/6 7:40,2025/1/6 9:50,320,AFT_10101,115
Flt_16774,JTZV,KMEK,2025/1/6 7:40,2025/1/6 8:50,319,AFT_10093,48
Flt_16775,YELV,MOXE,2025/1/6 7:40,2025/1/6 10:40,320,AFT_10069,167
Flt_16776,YELV,JTZV,2025/1/6 7:40,2025/1/6 10:55,319,AFT_10096,179
Flt_16777,JTZV,UHBK,2025/1/6 7:45,2025/1/6 9:45,320,AFT_10148,107
Flt_16778,JTZV,LQVJ,2025/1/6 7:45,2025/1/6 9:45,320,AFT_10008,120
Flt_16779,YELV,MEEP,2025/1/6 7:50,2025/1/6 10:15,321,AFT_10113,126
Flt_16780,YELV,YKHO,2025/1/6 7:50,2025/1/6 11:10,320,AFT_10143,165
Flt_16781,CGHU,LCYY,2025/1/6 7:50,2025/1/6 11:25,321,AFT_10150,177
Flt_16782,JTZV,LUEM,2025/1/6 7:50,2025/1/6 10:25,320,AFT_10152,149
Flt_16783,IGVH,JTZV,2025/1/6 7:50,2025/1/6 9:10,319,AFT_10049,85
Flt_16784,JTZV,GPWJ,2025/1/6 7:55,2025/1/6 10:10,319,AFT_10097,140
Flt_16785,JTZV,AJDW,2025/1/6 7:55,2025/1/6 9:55,320,AFT_10112,106
Flt_16786,ZBRM,TLRK,2025/1/6 7:55,2025/1/6 9:25,320,AFT_10073,96
Flt_16787,JTZV,DIZB,2025/1/6 7:55,2025/1/6 10:20,320,AFT_10138,134
Flt_16788,WDWO,PNOJ,2025/1/6 7:55,2025/1/6 9:45,320,AFT_10022,91
Flt_16789,LRNO,JTZV,2025/1/6 7:55,2025/1/6 9:55,321,AFT_10070,113
Flt_16790,JTZV,MEEP,2025/1/6 8:00,2025/1/6 10:25,320,AFT_10053,123
Flt_16791,JTZV,LCYY,2025/1/6 8:00,2025/1/6 10:40,321,AFT_10107,164
Flt_16792,JTZV,CFEV,2025/1/6 8:00,2025/1/6 10:45,319,AFT_10100,164
Flt_16793,YELV,ZBRM,2025/1/6 8:00,2025/1/6 11:10,319,AFT_10079,175
Flt_16794,XALQ,IRVV,2025/1/6 8:00,2025/1/6 11:05,320,AFT_10061,204
Flt_16795,JTZV,ZOEV,2025/1/6 8:05,2025/1/6 11:00,321,AFT_10015,134
Flt_16796,CGHU,ZKXC,2025/1/6 8:05,2025/1/6 11:10,320,AFT_10117,173
Flt_16797,ZOEV,DJQK,2025/1/6 8:05,2025/1/6 10:40,321,AFT_10141,173
Flt_16798,XALQ,KIJU,2025/1/6 8:05,2025/1/6 9:45,320,AFT_10102,103
Flt_16799,KXUZ,JTZV,2025/1/6 8:05,2025/1/6 10:40,320,AFT_10130,155
Flt_16800,JTZV,WGZL,2025/1/6 8:15,2025/1/6 10:35,320,AFT_10012,126
Flt_16801,YELV,GSWW,2025/1/6 8:15,2025/1/6 11:30,320,AFT_10086,187
Flt_16802,JTZV,SSNS,2025/1/6 8:15,2025/1/6 10:35,320,AFT_10004,131
Flt_16803,XALQ,CFEV,2025/1/6 8:15,2025/1/6 11:20,319,AFT_10109,179
Flt_16804,JTZV,UNUN,2025/1/6 8:15,2025/1/6 11:40,320,AFT_10058,241
Flt_16805,DIZB,JTZV,2025/1/6 8:20,2025/1/6 11:00,321,AFT_10007,160
Flt_16806,JTZV,RPOA,2025/1/6 8:20,2025/1/6 11:35,320,AFT_10126,194
Flt_16807,JTZV,QKWB,2025/1/6 8:25,2025/1/6 11:20,321,AFT_10149,158
Flt_16808,ZFTY,JTZV,2025/1/6 8:30,2025/1/6 11:35,321,AFT_10105,179
Flt_16809,JTZV,ZMZW,2025/1/6 8:35,2025/1/6 11:20,320,AFT_10028,141
Flt_16810,YELV,XALQ,2025/1/6 8:35,2025/1/6 11:25,319,AFT_10133,160
Flt_16811,JTZV,FTOI,2025/1/6 8:35,2025/1/6 10:00,319,AFT_10091,81
Flt_16812,WDWO,CFEV,2025/1/6 8:35,2025/1/6 12:10,319,AFT_10098,211
Flt_16813,GSWW,JTZV,2025/1/6 8:40,2025/1/6 10:15,321,AFT_10118,98
Flt_16814,JTZV,KHPY,2025/1/6 8:40,2025/1/6 10:40,321,AFT_10129,104
Flt_16815,JTZV,XGWY,2025/1/6 8:40,2025/1/6 10:10,319,AFT_10153,74
Flt_16816,IGVH,GAGH,2025/1/6 8:45,2025/1/6 10:25,320,AFT_10080,88
Flt_16817,XALQ,RXPU,2025/1/6 8:45,2025/1/6 10:55,321,AFT_10074,125
Flt_16818,CGHU,UTFU,2025/1/6 8:50,2025/1/6 11:50,320,AFT_10006,157
Flt_16819,JTZV,RMNJ,2025/1/6 8:55,2025/1/6 11:15,320,AFT_10062,124
Flt_16820,JTZV,FCVG,2025/1/6 9:00,2025/1/6 12:10,321,AFT_10019,184
Flt_16821,IGVH,DIZB,2025/1/6 9:00,2025/1/6 11:50,320,AFT_10106,174
Flt_16822,JTZV,RXPU,2025/1/6 9:00,2025/1/6 11:25,321,AFT_10047,137
Flt_16823,CGHU,TJFR,2025/1/6 9:00,2025/1/6 11:55,320,AFT_10108,154
Flt_16824,XALQ,GPWJ,2025/1/6 9:00,2025/1/6 11:35,319,AFT_10056,148
Flt_16825,JTZV,MKLY,2025/1/6 9:00,2025/1/6 13:55,321,AFT_10127,282
Flt_16826,JTZV,JXKD,2025/1/6 9:05,2025/1/6 11:05,320,AFT_10083,101
Flt_16827,JTZV,DJQK,2025/1/6 9:05,2025/1/6 11:45,321,AFT_10141,152
Flt_16828,JTZV,TJFR,2025/1/6 9:05,2025/1/6 11:20,320,AFT_10072,138
Flt_16829,YEQV,XALQ,2025/1/6 9:05,2025/1/6 11:40,320,AFT_10034,149
Flt_16830,ZOEV,JTZV,2025/1/6 9:05,2025/1/6 11:45,321,AFT_10089,173
Flt_16831,WDWO,KXUZ,2025/1/6 9:10,2025/1/6 11:55,320,AFT_10040,156
Flt_16832,JTZV,UNUN,2025/1/6 9:10,2025/1/6 13:00,320,AFT_10044,221
Flt_16833,JTZV,MEEP,2025/1/6 9:15,2025/1/6 11:40,321,AFT_10085,126
Flt_16834,JTZV,CHCY,2025/1/6 9:15,2025/1/6 11:50,320,AFT_10066,151
Flt_16835,YELV,JTZV,2025/1/6 9:15,2025/1/6 12:25,321,AFT_10137,188
Flt_16836,JTZV,IGVH,2025/1/6 9:20,2025/1/6 10:45,321,AFT_10099,70
Flt_16837,MEEP,JTZV,2025/1/6 9:20,2025/1/6 11:40,320,AFT_10122,147
Flt_16838,XALQ,EZNJ,2025/1/6 9:25,2025/1/6 11:15,320,AFT_10119,118
Flt_16839,CGHU,CHCY,2025/1/6 9:25,2025/1/6 13:20,320,AFT_10009,223
Flt_16840,DFQN,JTZV,2025/1/6 9:25,2025/1/6 14:00,321,AFT_10052,213
Flt_16841,JTZV,ZFTY,2025/1/6 9:30,2025/1/6 12:15,321,AFT_10021,153
Flt_16842,MEEP,ZBRM,2025/1/6 9:30,2025/1/6 11:50,320,AFT_10037,126
Flt_16843,TLRK,CGHU,2025/1/6 9:30,2025/1/6 13:15,321,AFT_10013,232
Flt_16844,JTZV,LPNC,2025/1/6 9:35,2025/1/6 14:10,321,AFT_10128,274
Flt_16845,JTZV,TXMD,2025/1/6 9:35,2025/1/6 13:35,321,AFT_10057,238
Flt_16846,ZBRM,WDWO,2025/1/6 9:35,2025/1/6 11:05,320,AFT_10014,99
Flt_16847,KMEK,JTZV,2025/1/6 9:35,2025/1/6 10:35,319,AFT_10093,50
Flt_16848,DIZB,CGHU,2025/1/6 9:35,2025/1/6 11:50,320,AFT_10075,126
Flt_16849,JTZV,WGZL,2025/1/6 9:45,2025/1/6 12:00,320,AFT_10060,133
Flt_16850,DIZB,XALQ,2025/1/6 9:50,2025/1/6 12:25,319,AFT_10087,139
Flt_16851,QFKO,XALQ,2025/1/6 9:50,2025/1/6 11:45,319,AFT_10059,103
Flt_16852,LRNO,XALQ,2025/1/6 9:50,2025/1/6 11:35,320,AFT_10104,98
Flt_16853,BKVZ,JTZV,2025/1/6 9:50,2025/1/6 11:25,320,AFT_10092,104
Flt_16854,WDWO,UNUN,2025/1/6 9:50,2025/1/6 13:30,320,AFT_10115,216
Flt_16855,KXUZ,IGVH,2025/1/6 9:55,2025/1/6 12:30,320,AFT_10045,145
Flt_16856,ZKXC,JTZV,2025/1/6 9:55,2025/1/6 12:40,321,AFT_10084,173
Flt_16857,JTZV,VNDG,2025/1/6 9:55,2025/1/6 13:15,321,AFT_10121,172
Flt_16858,IGVH,AJDW,2025/1/6 10:00,2025/1/6 12:25,320,AFT_10077,159
Flt_16859,UNUN,QFKO,2025/1/6 10:00,2025/1/6 12:30,319,AFT_10116,141
Flt_16860,CTIG,JTZV,2025/1/6 10:00,2025/1/6 13:35,321,AFT_10136,242
Flt_16861,QQGB,JTZV,2025/1/6 10:00,2025/1/6 12:10,320,AFT_10010,126
Flt_16862,EZNJ,JTZV,2025/1/6 10:05,2025/1/6 12:15,321,AFT_10068,124
Flt_16863,PERX,JTZV,2025/1/6 10:05,2025/1/6 13:05,321,AFT_10078,173
Flt_16864,JTZV,KZXO,2025/1/6 10:10,2025/1/6 13:35,319,AFT_10046,253
Flt_16865,XALQ,XXZT,2025/1/6 10:15,2025/1/6 12:10,319,AFT_10076,145
Flt_16866,JTZV,WAQQ,2025/1/6 10:15,2025/1/6 12:25,321,AFT_10029,138
Flt_16867,WJBU,JXKD,2025/1/6 10:15,2025/1/6 12:10,320,AFT_10030,107
Flt_16868,SZVM,IGVH,2025/1/6 10:15,2025/1/6 12:15,320,AFT_10024,99
Flt_16869,JTZV,SSNS,2025/1/6 10:15,2025/1/6 12:35,320,AFT_10134,125
Flt_16870,GPWJ,JTZV,2025/1/6 10:15,2025/1/6 12:10,319,AFT_10125,109
Flt_16871,JTZV,PVTT,2025/1/6 10:20,2025/1/6 15:35,321,AFT_10016,288
Flt_16872,LRNO,DULL,2025/1/6 10:20,2025/1/6 12:10,321,AFT_10035,107
Flt_16873,JTZV,OZOS,2025/1/6 10:20,2025/1/6 13:00,321,AFT_10135,153
Flt_16874,MEEP,XALQ,2025/1/6 10:20,2025/1/6 12:35,320,AFT_10050,127
Flt_16875,DIZB,WAQQ,2025/1/6 10:25,2025/1/6 13:10,320,AFT_10103,161
Flt_16876,JTZV,KHPY,2025/1/6 10:25,2025/1/6 12:25,319,AFT_10049,108
Flt_16877,TLRK,LUEM,2025/1/6 10:25,2025/1/6 12:10,320,AFT_10073,100
Flt_16878,PERX,XALQ,2025/1/6 10:25,2025/1/6 13:20,320,AFT_10018,168
Flt_16879,TLRK,JTZV,2025/1/6 10:25,2025/1/6 12:20,320,AFT_10054,110
Flt_16880,NYKQ,JTZV,2025/1/6 10:25,2025/1/6 12:40,320,AFT_10042,135
Flt_16881,MEEP,VEYC,2025/1/6 10:25,2025/1/6 12:50,320,AFT_10026,142
Flt_16882,JTZV,UNUN,2025/1/6 10:25,2025/1/6 14:10,320,AFT_10110,217
Flt_16883,YELV,XALQ,2025/1/6 10:30,2025/1/6 13:40,321,AFT_10094,156
Flt_16884,UHBK,JTZV,2025/1/6 10:30,2025/1/6 12:45,320,AFT_10148,122
Flt_16885,LQVJ,JTZV,2025/1/6 10:30,2025/1/6 12:45,320,AFT_10008,125
Flt_16886,ZOEV,UTFU,2025/1/6 10:35,2025/1/6 14:05,321,AFT_10025,203
Flt_16887,JTZV,KXUZ,2025/1/6 10:35,2025/1/6 12:50,321,AFT_10005,126
Flt_16888,PNOJ,QFKO,2025/1/6 10:35,2025/1/6 12:25,320,AFT_10082,110
Flt_16889,TIDB,IGVH,2025/1/6 10:40,2025/1/6 13:10,320,AFT_10101,130
Flt_16890,KXUZ,XALQ,2025/1/6 10:40,2025/1/6 13:00,320,AFT_10002,146
Flt_16891,AJDW,JTZV,2025/1/6 10:40,2025/1/6 12:55,320,AFT_10112,119
Flt_16892,ZMZW,IGVH,2025/1/6 10:45,2025/1/6 14:00,320,AFT_10041,181
Flt_16893,LCYY,XALQ,2025/1/6 10:45,2025/1/6 14:00,320,AFT_10033,171
Flt_16894,FTOI,JTZV,2025/1/6 10:45,2025/1/6 12:10,319,AFT_10091,70
Flt_16895,YELV,JTZV,2025/1/6 10:45,2025/1/6 13:50,321,AFT_10036,180
Flt_16896,PNOJ,JXKD,2025/1/6 10:50,2025/1/6 12:40,320,AFT_10022,95
Flt_16897,KIJU,XALQ,2025/1/6 10:50,2025/1/6 13:05,320,AFT_10102,132
Flt_16898,KXUZ,JTZV,2025/1/6 10:50,2025/1/6 13:45,321,AFT_10114,156
Flt_16899,TJFR,IGVH,2025/1/6 10:55,2025/1/6 14:10,320,AFT_10123,185
Flt_16900,XGWY,JTZV,2025/1/6 10:55,2025/1/6 12:15,319,AFT_10153,61
Flt_16901,GPWJ,JTZV,2025/1/6 10:55,2025/1/6 13:00,319,AFT_10097,106
Flt_16902,KHPY,CGHU,2025/1/6 10:55,2025/1/6 13:40,320,AFT_10131,165
Flt_16903,LCYY,CGHU,2025/1/6 10:55,2025/1/6 13:55,321,AFT_10023,176
Flt_16904,GPWJ,WDWO,2025/1/6 11:00,2025/1/6 13:35,319,AFT_10071,152
Flt_16905,JTZV,SSNS,2025/1/6 11:00,2025/1/6 13:35,321,AFT_10065,136
Flt_16906,JTZV,VEYC,2025/1/6 11:05,2025/1/6 12:25,321,AFT_10124,66
Flt_16907,TJFR,IRVV,2025/1/6 11:05,2025/1/6 13:15,320,AFT_10088,119
Flt_16908,LUEM,JTZV,2025/1/6 11:10,2025/1/6 14:20,320,AFT_10152,171
Flt_16909,DIZB,JTZV,2025/1/6 11:10,2025/1/6 13:50,320,AFT_10138,155
Flt_16910,PNOJ,LRNO,2025/1/6 11:20,2025/1/6 12:55,320,AFT_10111,83
Flt_16911,GAGH,IGVH,2025/1/6 11:25,2025/1/6 13:00,320,AFT_10080,88
Flt_16912,MOXE,UNUN,2025/1/6 11:25,2025/1/6 14:50,320,AFT_10069,205
Flt_16913,JTZV,ZFTY,2025/1/6 11:30,2025/1/6 14:10,320,AFT_10020,165
Flt_16914,MEEP,YELV,2025/1/6 11:35,2025/1/6 13:35,321,AFT_10113,133
Flt_16915,IRVV,JTZV,2025/1/6 11:35,2025/1/6 16:15,321,AFT_10120,264
Flt_16916,JTZV,IQOA,2025/1/6 11:40,2025/1/6 13:50,321,AFT_10070,125
Flt_16917,ZFTY,JTZV,2025/1/6 11:40,2025/1/6 14:40,321,AFT_10155,169
Flt_16918,XCDO,JTZV,2025/1/6 11:40,2025/1/6 16:25,321,AFT_10003,259
Flt_16919,JTZV,SEWU,2025/1/6 11:40,2025/1/6 16:00,319,AFT_10093,244
Flt_16920,DIZB,XCDO,2025/1/6 11:40,2025/1/6 13:40,321,AFT_10017,128
Flt_16921,WGZL,PERX,2025/1/6 11:45,2025/1/6 15:30,321,AFT_10027,227
Flt_16922,JTZV,KXUZ,2025/1/6 11:45,2025/1/6 14:00,320,AFT_10130,131
Flt_16923,KHPY,JXKD,2025/1/6 11:45,2025/1/6 15:15,320,AFT_10039,198
Flt_16924,JXKD,DJQK,2025/1/6 11:45,2025/1/6 14:55,320,AFT_10011,187
Flt_16925,JTZV,OQIB,2025/1/6 11:45,2025/1/6 14:25,321,AFT_10007,148
Flt_16926,KHPY,JTZV,2025/1/6 11:45,2025/1/6 14:10,321,AFT_10129,123
Flt_16927,JTZV,UTFU,2025/1/6 11:50,2025/1/6 13:45,319,AFT_10142,112
Flt_16928,LBMY,LRNO,2025/1/6 11:50,2025/1/6 13:55,320,AFT_10081,124
Flt_16929,DJQK,ZOEV,2025/1/6 11:50,2025/1/6 14:45,321,AFT_10141,181
Flt_16930,CGHU,XALQ,2025/1/6 11:50,2025/1/6 16:20,321,AFT_10043,256
Flt_16931,CFEV,JTZV,2025/1/6 11:50,2025/1/6 14:05,319,AFT_10100,112
Flt_16932,IGVH,JTZV,2025/1/6 11:50,2025/1/6 13:30,321,AFT_10099,82
Flt_16933,SSNS,JTZV,2025/1/6 11:50,2025/1/6 14:40,320,AFT_10004,167
Flt_16934,MEEP,JTZV,2025/1/6 11:55,2025/1/6 14:15,320,AFT_10053,139
Flt_16935,LCYY,JTZV,2025/1/6 11:55,2025/1/6 15:35,321,AFT_10107,195
Flt_16936,CGHU,JTZV,2025/1/6 11:55,2025/1/6 17:00,321,AFT_10095,274
Flt_16937,WGZL,JTZV,2025/1/6 11:55,2025/1/6 14:25,320,AFT_10012,152
Flt_16938,ZKXC,WGZL,2025/1/6 12:00,2025/1/6 14:55,320,AFT_10117,183
Flt_16939,ZBRM,JXKD,2025/1/6 12:00,2025/1/6 13:40,319,AFT_10079,86
Flt_16940,RMNJ,JTZV,2025/1/6 12:00,2025/1/6 14:40,320,AFT_10062,149
Flt_16941,JXKD,JTZV,2025/1/6 12:00,2025/1/6 13:45,320,AFT_10083,102
Flt_16942,EZNJ,XALQ,2025/1/6 12:05,2025/1/6 14:05,320,AFT_10119,109
Flt_16943,IRVV,XALQ,2025/1/6 12:05,2025/1/6 16:00,320,AFT_10061,234
Flt_16944,TJFR,JTZV,2025/1/6 12:05,2025/1/6 15:00,320,AFT_10072,163
Flt_16945,WDWO,DQBQ,2025/1/6 12:10,2025/1/6 14:40,321,AFT_10038,154
Flt_16946,YKHO,YELV,2025/1/6 12:10,2025/1/6 14:30,320,AFT_10143,156
Flt_16947,JTZV,DIZB,2025/1/6 12:10,2025/1/6 14:35,321,AFT_10048,137
Flt_16948,RXPU,XALQ,2025/1/6 12:10,2025/1/6 14:40,321,AFT_10074,157
Flt_16949,QKWB,JTZV,2025/1/6 12:10,2025/1/6 15:35,321,AFT_10149,203
Flt_16950,ZOEV,JTZV,2025/1/6 12:10,2025/1/6 14:45,321,AFT_10015,174
Flt_16951,GSWW,YELV,2025/1/6 12:20,2025/1/6 15:20,320,AFT_10086,173
Flt_16952,RPOA,JTZV,2025/1/6 12:20,2025/1/6 16:30,320,AFT_10126,229
Flt_16953,WDWO,JTZV,2025/1/6 12:20,2025/1/6 14:20,320,AFT_10014,102
Flt_16954,GPWJ,XALQ,2025/1/6 12:25,2025/1/6 14:40,319,AFT_10056,116
Flt_16955,CFEV,XALQ,2025/1/6 12:25,2025/1/6 15:05,319,AFT_10109,138
Flt_16956,JTZV,CFEV,2025/1/6 12:30,2025/1/6 15:15,319,AFT_10096,173
Flt_16957,ZMZW,JTZV,2025/1/6 12:30,2025/1/6 15:50,320,AFT_10028,212
Flt_16958,RXPU,JTZV,2025/1/6 12:30,2025/1/6 15:45,321,AFT_10047,193
Flt_16959,JTZV,DQBQ,2025/1/6 12:35,2025/1/6 14:40,321,AFT_10105,113
Flt_16960,XALQ,CFEV,2025/1/6 12:40,2025/1/6 15:35,319,AFT_10133,186
Flt_16961,CHCY,JTZV,2025/1/6 12:40,2025/1/6 15:45,320,AFT_10066,179
Flt_16962,XALQ,SSNS,2025/1/6 12:50,2025/1/6 14:45,321,AFT_10032,117
Flt_16963,JTZV,LCYY,2025/1/6 12:50,2025/1/6 15:15,321,AFT_10089,146
Flt_16964,JTZV,UNUN,2025/1/6 12:50,2025/1/6 16:50,320,AFT_10122,217
Flt_16965,XXZT,XALQ,2025/1/6 12:55,2025/1/6 15:15,319,AFT_10076,150
Flt_16966,UTFU,DQBQ,2025/1/6 12:55,2025/1/6 15:40,320,AFT_10006,174
Flt_16967,LUEM,TLRK,2025/1/6 12:55,2025/1/6 14:50,320,AFT_10073,114
Flt_16968,XALQ,KXUZ,2025/1/6 12:55,2025/1/6 15:00,320,AFT_10104,111
Flt_16969,CFEV,WDWO,2025/1/6 12:55,2025/1/6 15:40,319,AFT_10098,156
Flt_16970,DIZB,IGVH,2025/1/6 12:55,2025/1/6 16:25,320,AFT_10106,187
Flt_16971,TJFR,WJBU,2025/1/6 12:55,2025/1/6 15:40,320,AFT_10108,146
Flt_16972,UNUN,JTZV,2025/1/6 12:55,2025/1/6 16:40,320,AFT_10058,200
Flt_16973,MEEP,JTZV,2025/1/6 12:55,2025/1/6 15:30,321,AFT_10085,144
Flt_16974,XALQ,ZFTY,2025/1/6 13:00,2025/1/6 15:35,320,AFT_10034,145
Flt_16975,JTZV,MEEP,2025/1/6 13:00,2025/1/6 15:25,320,AFT_10090,127
Flt_16976,XALQ,LBMY,2025/1/6 13:00,2025/1/6 14:35,319,AFT_10059,84
Flt_16977,LCYY,CGHU,2025/1/6 13:00,2025/1/6 15:50,321,AFT_10150,176
Flt_16978,WGZL,JTZV,2025/1/6 13:05,2025/1/6 15:25,320,AFT_10060,154
Flt_16979,DULL,PERX,2025/1/6 13:10,2025/1/6 15:30,321,AFT_10035,132
Flt_16980,ZBRM,MEEP,2025/1/6 13:10,2025/1/6 15:30,320,AFT_10037,105
Flt_16981,KXUZ,WDWO,2025/1/6 13:10,2025/1/6 16:05,320,AFT_10040,168
Flt_16982,FCVG,JTZV,2025/1/6 13:10,2025/1/6 16:15,321,AFT_10019,173
Flt_16983,QFKO,JTZV,2025/1/6 13:10,2025/1/6 14:55,320,AFT_10082,105
Flt_16984,WAQQ,JTZV,2025/1/6 13:10,2025/1/6 15:45,321,AFT_10029,173
Flt_16985,VEYC,JTZV,2025/1/6 13:10,2025/1/6 14:25,321,AFT_10124,70
Flt_16986,AJDW,XCDO,2025/1/6 13:10,2025/1/6 15:45,320,AFT_10077,157
Flt_16987,JTZV,JNLE,2025/1/6 13:15,2025/1/6 15:15,319,AFT_10153,120
Flt_16988,QFKO,CFEV,2025/1/6 13:15,2025/1/6 15:50,319,AFT_10116,143
Flt_16989,JTZV,LBMY,2025/1/6 13:20,2025/1/6 15:05,320,AFT_10010,99
Flt_16990,JTZV,JXKD,2025/1/6 13:20,2025/1/6 15:25,319,AFT_10125,105
Flt_16991,JTZV,TJFR,2025/1/6 13:20,2025/1/6 15:40,320,AFT_10092,122
Flt_16992,JTZV,TKCE,2025/1/6 13:20,2025/1/6 17:20,319,AFT_10091,232
Flt_16993,JTZV,KXUZ,2025/1/6 13:25,2025/1/6 15:40,321,AFT_10118,138
Flt_16994,KHPY,XCDO,2025/1/6 13:25,2025/1/6 16:10,319,AFT_10049,154
Flt_16995,JTZV,SIBL,2025/1/6 13:30,2025/1/6 16:45,321,AFT_10068,170
Flt_16996,JTZV,ZFTY,2025/1/6 13:30,2025/1/6 16:15,320,AFT_10054,153
Flt_16997,JXKD,PNOJ,2025/1/6 13:30,2025/1/6 15:15,320,AFT_10022,96
Flt_16998,XALQ,MEEP,2025/1/6 13:35,2025/1/6 15:30,319,AFT_10087,110
Flt_16999,JXKD,WJBU,2025/1/6 13:35,2025/1/6 15:20,320,AFT_10030,97
Flt_17000,JTZV,MEEP,2025/1/6 13:40,2025/1/6 16:05,321,AFT_10137,124
Flt_17001,JTZV,GSWW,2025/1/6 13:40,2025/1/6 15:10,320,AFT_10148,90
Flt_17002,ZFTY,JTZV,2025/1/6 13:40,2025/1/6 17:00,321,AFT_10021,184
Flt_17003,VEYC,PNOJ,2025/1/6 13:45,2025/1/6 14:45,320,AFT_10026,50
Flt_17004,SSNS,JTZV,2025/1/6 13:50,2025/1/6 16:40,320,AFT_10134,162
Flt_17005,JTZV,PERX,2025/1/6 13:55,2025/1/6 16:40,321,AFT_10084,159
Flt_17006,LRNO,PNOJ,2025/1/6 13:55,2025/1/6 15:45,320,AFT_10111,91
Flt_17007,XALQ,TLRK,2025/1/6 14:00,2025/1/6 15:25,320,AFT_10050,83
Flt_17008,IGVH,LQVJ,2025/1/6 14:00,2025/1/6 15:25,320,AFT_10024,80
Flt_17009,OZOS,JTZV,2025/1/6 14:00,2025/1/6 17:10,321,AFT_10135,190
Flt_17010,JTZV,MKLY,2025/1/6 14:00,2025/1/6 19:00,320,AFT_10042,288
Flt_17011,JTZV,UXIL,2025/1/6 14:10,2025/1/6 16:05,319,AFT_10097,106
Flt_17012,UNUN,JTZV,2025/1/6 14:10,2025/1/6 17:50,320,AFT_10044,227
Flt_17013,CGHU,TLRK,2025/1/6 14:15,2025/1/6 18:00,321,AFT_10013,242
Flt_17014,VNDG,JTZV,2025/1/6 14:15,2025/1/6 17:50,321,AFT_10121,219
Flt_17015,XALQ,KHPY,2025/1/6 14:20,2025/1/6 16:05,320,AFT_10002,99
Flt_17016,CHCY,WGZL,2025/1/6 14:20,2025/1/6 17:10,320,AFT_10009,154
Flt_17017,IGVH,TIDB,2025/1/6 14:20,2025/1/6 16:40,320,AFT_10101,141
Flt_17018,WAQQ,DIZB,2025/1/6 14:20,2025/1/6 16:45,320,AFT_10103,158
Flt_17019,CGHU,DIZB,2025/1/6 14:20,2025/1/6 16:50,320,AFT_10075,141
Flt_17020,IRVV,TJFR,2025/1/6 14:20,2025/1/6 16:30,320,AFT_10088,120
Flt_17021,UNUN,WDWO,2025/1/6 14:30,2025/1/6 17:50,320,AFT_10067,215
Flt_17022,JXKD,ZBRM,2025/1/6 14:30,2025/1/6 16:10,319,AFT_10079,88
Flt_17023,XALQ,DJQK,2025/1/6 14:35,2025/1/6 16:50,321,AFT_10144,130
Flt_17024,KZXO,JTZV,2025/1/6 14:35,2025/1/6 17:35,319,AFT_10046,156
Flt_17025,UTFU,JTZV,2025/1/6 14:35,2025/1/6 17:15,319,AFT_10142,127
Flt_17026,JTZV,CGHU,2025/1/6 14:35,2025/1/6 18:20,320,AFT_10112,244
Flt_17027,JTZV,DFQN,2025/1/6 14:40,2025/1/6 18:40,321,AFT_10136,239
Flt_17028,XALQ,OZOS,2025/1/6 14:40,2025/1/6 17:25,320,AFT_10018,141
Flt_17029,MKLY,JTZV,2025/1/6 14:40,2025/1/6 19:10,321,AFT_10127,277
Flt_17030,YELV,XCDO,2025/1/6 14:45,2025/1/6 17:45,321,AFT_10113,183
Flt_17031,XCDO,DIZB,2025/1/6 14:50,2025/1/6 16:55,321,AFT_10017,131
Flt_17032,JTZV,YNHL,2025/1/6 14:55,2025/1/6 17:35,320,AFT_10083,137
Flt_17033,CGHU,KHPY,2025/1/6 14:55,2025/1/6 18:00,320,AFT_10131,183
Flt_17034,CGHU,OZOS,2025/1/6 14:55,2025/1/6 17:05,321,AFT_10023,113
Flt_17035,SSNS,JTZV,2025/1/6 14:55,2025/1/6 17:45,321,AFT_10065,177
Flt_17036,UTFU,IRVV,2025/1/6 14:55,2025/1/6 16:55,321,AFT_10025,105
Flt_17037,JTZV,MEEP,2025/1/6 15:00,2025/1/6 17:25,321,AFT_10099,122
Flt_17038,JTZV,YELV,2025/1/6 15:00,2025/1/6 17:40,321,AFT_10078,145
Flt_17039,JTZV,SSNS,2025/1/6 15:00,2025/1/6 17:30,321,AFT_10036,126
Flt_17040,JTZV,ZNIR,2025/1/6 15:00,2025/1/6 17:40,320,AFT_10138,146
Flt_17041,JTZV,RXPU,2025/1/6 15:00,2025/1/6 17:30,321,AFT_10114,130
Flt_17042,IQOA,JTZV,2025/1/6 15:00,2025/1/6 17:40,321,AFT_10070,144
Flt_17043,XALQ,LCYY,2025/1/6 15:05,2025/1/6 17:30,320,AFT_10102,141
Flt_17044,ZOEV,CGHU,2025/1/6 15:05,2025/1/6 20:05,320,AFT_10051,328
Flt_17045,UNUN,ZFTY,2025/1/6 15:10,2025/1/6 19:15,320,AFT_10140,239
Flt_17046,LRNO,LBMY,2025/1/6 15:10,2025/1/6 17:00,320,AFT_10081,110
Flt_17047,JTZV,IOWC,2025/1/6 15:10,2025/1/6 16:25,319,AFT_10100,75
Flt_17048,TXMD,JTZV,2025/1/6 15:10,2025/1/6 20:35,321,AFT_10057,305
Flt_17049,OQIB,VNDG,2025/1/6 15:10,2025/1/6 16:15,321,AFT_10007,61
Flt_17050,XALQ,IGVH,2025/1/6 15:15,2025/1/6 16:50,320,AFT_10119,82
Flt_17051,JTZV,FCVG,2025/1/6 15:25,2025/1/6 18:45,321,AFT_10052,182
Flt_17052,DQBQ,WDWO,2025/1/6 15:25,2025/1/6 17:55,321,AFT_10038,156
Flt_17053,DQBQ,JTZV,2025/1/6 15:25,2025/1/6 17:40,321,AFT_10105,123
Flt_17054,KXUZ,JTZV,2025/1/6 15:25,2025/1/6 18:00,321,AFT_10005,170
Flt_17055,JTZV,ZFTY,2025/1/6 15:30,2025/1/6 18:15,321,AFT_10124,147
Flt_17056,JTZV,TLRK,2025/1/6 15:30,2025/1/6 17:20,321,AFT_10129,91
Flt_17057,PNOJ,SSNS,2025/1/6 15:30,2025/1/6 17:45,320,AFT_10026,126
Flt_17058,ZFTY,JTZV,2025/1/6 15:30,2025/1/6 18:35,320,AFT_10020,182
Flt_17059,XALQ,VNDG,2025/1/6 15:30,2025/1/6 18:15,319,AFT_10056,170
Flt_17060,JTZV,WDWO,2025/1/6 15:35,2025/1/6 17:20,320,AFT_10014,86
Flt_17061,IGVH,TJFR,2025/1/6 15:35,2025/1/6 18:20,320,AFT_10123,165
Flt_17062,IGVH,JTZV,2025/1/6 15:35,2025/1/6 17:20,320,AFT_10041,76
Flt_17063,JTZV,XTNT,2025/1/6 15:40,2025/1/6 18:15,320,AFT_10152,143
Flt_17064,LPNC,JTZV,2025/1/6 15:40,2025/1/6 21:45,321,AFT_10128,366
Flt_17065,DIZB,JTZV,2025/1/6 15:40,2025/1/6 18:30,321,AFT_10048,156
Flt_17066,YELV,CGHU,2025/1/6 15:40,2025/1/6 19:15,320,AFT_10143,204
Flt_17067,XALQ,DFQN,2025/1/6 15:45,2025/1/6 19:50,320,AFT_10033,241
Flt_17068,DJQK,JXKD,2025/1/6 15:45,2025/1/6 19:45,320,AFT_10011,235
Flt_17069,SSNS,XALQ,2025/1/6 15:50,2025/1/6 18:20,321,AFT_10032,143
Flt_17070,TLRK,ZBRM,2025/1/6 15:50,2025/1/6 17:50,320,AFT_10073,104
Flt_17071,GSWW,JTZV,2025/1/6 15:55,2025/1/6 18:00,320,AFT_10148,111
Flt_17072,JXKD,KHPY,2025/1/6 16:00,2025/1/6 19:05,320,AFT_10039,173
Flt_17073,JTZV,OJAV,2025/1/6 16:00,2025/1/6 18:35,320,AFT_10053,129
Flt_17074,PNOJ,WDWO,2025/1/6 16:00,2025/1/6 17:40,320,AFT_10022,95
Flt_17075,JTZV,LCYY,2025/1/6 16:00,2025/1/6 18:40,321,AFT_10015,165
Flt_17076,JNLE,JTZV,2025/1/6 16:00,2025/1/6 18:25,319,AFT_10153,129
Flt_17077,JTZV,QFKO,2025/1/6 16:05,2025/1/6 17:40,320,AFT_10082,108
Flt_17078,XALQ,FCVG,2025/1/6 16:05,2025/1/6 19:20,321,AFT_10074,193
Flt_17079,XALQ,ZMZW,2025/1/6 16:05,2025/1/6 18:20,319,AFT_10109,129
Flt_17080,WGZL,ZKXC,2025/1/6 16:05,2025/1/6 18:50,320,AFT_10117,161
Flt_17081,JTZV,CHCY,2025/1/6 16:05,2025/1/6 18:45,320,AFT_10072,148
Flt_17082,LBMY,XALQ,2025/1/6 16:05,2025/1/6 17:45,320,AFT_10010,95
Flt_17083,LQVJ,KXUZ,2025/1/6 16:10,2025/1/6 17:10,320,AFT_10024,57
Flt_17084,JTZV,SSNS,2025/1/6 16:10,2025/1/6 18:25,320,AFT_10062,124
Flt_17085,WDWO,CFEV,2025/1/6 16:10,2025/1/6 19:35,319,AFT_10071,195
Flt_17086,LBMY,JTZV,2025/1/6 16:10,2025/1/6 18:10,319,AFT_10059,128
Flt_17087,JXKD,JTZV,2025/1/6 16:10,2025/1/6 18:15,319,AFT_10125,108
Flt_17088,JTZV,MEEP,2025/1/6 16:15,2025/1/6 18:35,321,AFT_10155,120
Flt_17089,IGVH,LCYY,2025/1/6 16:15,2025/1/6 19:20,320,AFT_10080,177
Flt_17090,KXUZ,XALQ,2025/1/6 16:15,2025/1/6 18:30,320,AFT_10104,134
Flt_17091,WJBU,YELV,2025/1/6 16:20,2025/1/6 18:30,320,AFT_10030,127
Flt_17092,UNUN,MOXE,2025/1/6 16:20,2025/1/6 19:40,320,AFT_10069,185
Flt_17093,CFEV,JTZV,2025/1/6 16:20,2025/1/6 18:15,319,AFT_10096,126
Flt_17094,DQBQ,UTFU,2025/1/6 16:25,2025/1/6 19:25,320,AFT_10006,166
Flt_17095,TLRK,XALQ,2025/1/6 16:25,2025/1/6 18:10,320,AFT_10050,82
Flt_17096,TJFR,JTZV,2025/1/6 16:25,2025/1/6 19:10,320,AFT_10092,155
Flt_17097,PERX,DULL,2025/1/6 16:30,2025/1/6 18:45,321,AFT_10027,126
Flt_17098,LCYY,JTZV,2025/1/6 16:30,2025/1/6 19:55,321,AFT_10089,195
Flt_17099,JTZV,VEYC,2025/1/6 16:30,2025/1/6 17:30,320,AFT_10060,66
Flt_17100,PNOJ,UNUN,2025/1/6 16:30,2025/1/6 20:35,320,AFT_10111,224
Flt_17101,XALQ,WGZL,2025/1/6 16:40,2025/1/6 18:40,319,AFT_10076,121
Flt_17102,XCDO,AJDW,2025/1/6 16:40,2025/1/6 19:55,320,AFT_10077,165
Flt_17103,CFEV,QFKO,2025/1/6 16:40,2025/1/6 18:40,319,AFT_10116,121
Flt_17104,WJBU,TJFR,2025/1/6 16:40,2025/1/6 18:55,320,AFT_10108,135
Flt_17105,CFEV,XALQ,2025/1/6 16:40,2025/1/6 19:10,319,AFT_10133,151
Flt_17106,MEEP,JTZV,2025/1/6 16:40,2025/1/6 18:55,320,AFT_10090,143
Flt_17107,JTZV,KXUZ,2025/1/6 16:45,2025/1/6 19:05,321,AFT_10085,131
Flt_17108,MEEP,XALQ,2025/1/6 16:45,2025/1/6 18:55,319,AFT_10087,122
Flt_17109,MEEP,PNOJ,2025/1/6 16:45,2025/1/6 18:55,320,AFT_10037,122
Flt_17110,JTZV,WAQQ,2025/1/6 16:50,2025/1/6 19:15,321,AFT_10029,134
Flt_17111,PERX,DJQK,2025/1/6 16:50,2025/1/6 18:55,321,AFT_10035,127
Flt_17112,CGHU,LCYY,2025/1/6 16:50,2025/1/6 20:10,321,AFT_10150,184
Flt_17113,ZFTY,XALQ,2025/1/6 16:50,2025/1/6 19:50,320,AFT_10034,170
Flt_17114,UXIL,JTZV,2025/1/6 16:50,2025/1/6 18:35,319,AFT_10097,93
Flt_17115,JTZV,WGZL,2025/1/6 16:55,2025/1/6 19:05,320,AFT_10008,123
Flt_17116,KXUZ,JTZV,2025/1/6 16:55,2025/1/6 20:00,321,AFT_10118,167
Flt_17117,XCDO,KHPY,2025/1/6 17:00,2025/1/6 19:50,319,AFT_10049,168
Flt_17118,PVTT,JTZV,2025/1/6 17:00,2025/1/6 21:30,321,AFT_10016,267
Flt_17119,SEWU,JTZV,2025/1/6 17:00,2025/1/6 21:00,319,AFT_10093,219
Flt_17120,JTZV,EFIK,2025/1/6 17:05,2025/1/6 19:25,320,AFT_10012,143
Flt_17121,JTZV,KHPY,2025/1/6 17:05,2025/1/6 19:15,320,AFT_10028,108
Flt_17122,JTZV,ZMZW,2025/1/6 17:05,2025/1/6 20:00,321,AFT_10047,143
Flt_17123,ZBRM,YELV,2025/1/6 17:05,2025/1/6 19:40,319,AFT_10079,143
Flt_17124,XALQ,SSNS,2025/1/6 17:05,2025/1/6 18:55,320,AFT_10061,110
Flt_17125,JTZV,RXPU,2025/1/6 17:05,2025/1/6 19:30,321,AFT_10107,146
Flt_17126,KHPY,XALQ,2025/1/6 17:05,2025/1/6 19:20,320,AFT_10002,112
Flt_17127,IOWC,JTZV,2025/1/6 17:10,2025/1/6 18:30,319,AFT_10100,83
Flt_17128,MEEP,JTZV,2025/1/6 17:10,2025/1/6 19:30,321,AFT_10137,154
Flt_17129,IGVH,MEEP,2025/1/6 17:15,2025/1/6 19:15,320,AFT_10045,98
Flt_17130,WDWO,XCDO,2025/1/6 17:15,2025/1/6 20:10,319,AFT_10098,174
Flt_17131,WDWO,LCYY,2025/1/6 17:20,2025/1/6 19:35,320,AFT_10040,130
Flt_17132,VNDG,OQIB,2025/1/6 17:20,2025/1/6 18:30,321,AFT_10007,64
Flt_17133,JTZV,TJFR,2025/1/6 17:20,2025/1/6 19:45,320,AFT_10066,132
Flt_17134,TIDB,ZFTY,2025/1/6 17:25,2025/1/6 19:30,320,AFT_10101,131
Flt_17135,JTZV,ZFTY,2025/1/6 17:30,2025/1/6 20:15,321,AFT_10003,150
Flt_17136,IGVH,PERX,2025/1/6 17:30,2025/1/6 20:45,320,AFT_10106,200
Flt_17137,TJFR,IGVH,2025/1/6 17:30,2025/1/6 20:45,320,AFT_10088,185
Flt_17138,JTZV,BNGY,2025/1/6 17:35,2025/1/6 19:20,320,AFT_10126,86
Flt_17139,ZFTY,JTZV,2025/1/6 17:40,2025/1/6 21:00,320,AFT_10054,195
Flt_17140,PERX,JTZV,2025/1/6 17:45,2025/1/6 21:00,321,AFT_10084,172
Flt_17141,DIZB,CGHU,2025/1/6 17:45,2025/1/6 20:15,320,AFT_10103,134
Flt_17142,YELV,MEEP,2025/1/6 17:50,2025/1/6 20:30,320,AFT_10086,143
Flt_17143,IRVV,UTFU,2025/1/6 17:55,2025/1/6 20:10,321,AFT_10025,114
Flt_17144,DIZB,WDWO,2025/1/6 17:55,2025/1/6 20:00,320,AFT_10075,122
Flt_17145,JTZV,LBMY,2025/1/6 18:00,2025/1/6 19:45,321,AFT_10120,101
Flt_17146,DJQK,XALQ,2025/1/6 18:00,2025/1/6 20:55,321,AFT_10144,167
Flt_17147,UNUN,JTZV,2025/1/6 18:00,2025/1/6 21:45,320,AFT_10122,224
Flt_17148,JTZV,TLRK,2025/1/6 18:05,2025/1/6 20:00,321,AFT_10021,105
Flt_17149,DIZB,ZOEV,2025/1/6 18:05,2025/1/6 21:40,321,AFT_10017,214
Flt_17150,JTZV,YELV,2025/1/6 18:05,2025/1/6 20:35,321,AFT_10095,141
Flt_17151,JTZV,YEQV,2025/1/6 18:05,2025/1/6 20:20,321,AFT_10149,131
Flt_17152,TKCE,JTZV,2025/1/6 18:05,2025/1/6 21:55,319,AFT_10091,217
Flt_17153,SIBL,JTZV,2025/1/6 18:05,2025/1/6 21:45,321,AFT_10068,232
Flt_17154,IGVH,SZVM,2025/1/6 18:05,2025/1/6 19:50,320,AFT_10119,105
Flt_17155,LBMY,CGHU,2025/1/6 18:10,2025/1/6 21:30,320,AFT_10081,212
Flt_17156,JTZV,KIJU,2025/1/6 18:15,2025/1/6 20:20,320,AFT_10058,118
Flt_17157,WGZL,CHCY,2025/1/6 18:15,2025/1/6 20:25,320,AFT_10009,121
Flt_17158,TLRK,JTZV,2025/1/6 18:20,2025/1/6 20:00,321,AFT_10129,104
Flt_17159,QFKO,PNOJ,2025/1/6 18:25,2025/1/6 20:10,320,AFT_10082,104
Flt_17160,JTZV,EJUF,2025/1/6 18:35,2025/1/6 23:20,321,AFT_10135,274
Flt_17161,ZBRM,ZFTY,2025/1/6 18:35,2025/1/6 21:10,320,AFT_10073,154
Flt_17162,XCDO,YELV,2025/1/6 18:35,2025/1/6 21:35,321,AFT_10113,186
Flt_17163,YNHL,JTZV,2025/1/6 18:40,2025/1/6 21:20,320,AFT_10083,150
Flt_17164,RXPU,JTZV,2025/1/6 18:40,2025/1/6 21:50,321,AFT_10114,186
Flt_17165,LCYY,XALQ,2025/1/6 18:45,2025/1/6 22:05,320,AFT_10102,170
Flt_17166,SSNS,JTZV,2025/1/6 18:45,2025/1/6 21:45,321,AFT_10036,169
Flt_17167,JTZV,LRNO,2025/1/6 18:50,2025/1/6 21:00,319,AFT_10142,105
Flt_17168,KXUZ,LQVJ,2025/1/6 18:55,2025/1/6 20:10,320,AFT_10024,75
Flt_17169,WDWO,IGVH,2025/1/6 18:55,2025/1/6 21:20,320,AFT_10067,130
Flt_17170,OZOS,XALQ,2025/1/6 18:55,2025/1/6 21:55,320,AFT_10018,172
Flt_17171,SSNS,PNOJ,2025/1/6 18:55,2025/1/6 21:40,320,AFT_10026,174
Flt_17172,YELV,JTZV,2025/1/6 18:55,2025/1/6 22:20,321,AFT_10078,197
Flt_17173,JTZV,SVBC,2025/1/6 19:00,2025/1/6 21:05,320,AFT_10044,107
Flt_17174,XTNT,JTZV,2025/1/6 19:00,2025/1/6 21:45,320,AFT_10152,135
Flt_17175,TLRK,ZOEV,2025/1/6 19:05,2025/1/6 21:15,321,AFT_10013,142
Flt_17176,JTZV,IQOA,2025/1/6 19:05,2025/1/6 21:25,321,AFT_10065,121
Flt_17177,XALQ,ZOEV,2025/1/6 19:05,2025/1/6 21:30,321,AFT_10043,133
Flt_17178,KHPY,IGVH,2025/1/6 19:05,2025/1/6 22:05,320,AFT_10131,161
Flt_17179,WDWO,ZBRM,2025/1/6 19:05,2025/1/6 20:45,320,AFT_10022,106
Flt_17180,WDWO,CGHU,2025/1/6 19:05,2025/1/6 22:15,321,AFT_10038,174
Flt_17181,JTZV,JNLE,2025/1/6 19:10,2025/1/6 21:10,319,AFT_10059,110
Flt_17182,JTZV,MJTP,2025/1/6 19:10,2025/1/6 20:50,319,AFT_10096,89
Flt_17183,MEEP,JTZV,2025/1/6 19:10,2025/1/6 21:45,321,AFT_10099,140
Flt_17184,ZNIR,JTZV,2025/1/6 19:10,2025/1/6 22:20,320,AFT_10138,187
Flt_17185,JTZV,YELV,2025/1/6 19:15,2025/1/6 21:50,320,AFT_10134,131
Flt_17186,OQIB,JTZV,2025/1/6 19:15,2025/1/6 22:35,321,AFT_10007,190
Flt_17187,ZMZW,XALQ,2025/1/6 19:20,2025/1/6 22:30,319,AFT_10109,183
Flt_17188,XALQ,KXUZ,2025/1/6 19:20,2025/1/6 21:25,320,AFT_10050,118
Flt_17189,JTZV,KXUZ,2025/1/6 19:20,2025/1/6 21:40,321,AFT_10005,130
Flt_17190,JTZV,JXKD,2025/1/6 19:20,2025/1/6 21:10,319,AFT_10153,103
Flt_17191,VNDG,XALQ,2025/1/6 19:20,2025/1/6 22:40,319,AFT_10056,200
Flt_17192,CGHU,JTZV,2025/1/6 19:20,2025/1/7 0:05,320,AFT_10112,276
Flt_17193,OJAV,JTZV,2025/1/6 19:20,2025/1/6 21:55,320,AFT_10053,149
Flt_17194,TJFR,CGHU,2025/1/6 19:20,2025/1/6 22:00,320,AFT_10123,157
Flt_17195,QFKO,UNUN,2025/1/6 19:25,2025/1/6 22:20,319,AFT_10116,148
Flt_17196,JTZV,MEEP,2025/1/6 19:30,2025/1/6 21:45,320,AFT_10020,123
Flt_17197,XALQ,GSWW,2025/1/6 19:35,2025/1/6 21:15,320,AFT_10104,100
Flt_17198,CHCY,JTZV,2025/1/6 19:35,2025/1/6 22:40,320,AFT_10072,175
Flt_17199,SSNS,JTZV,2025/1/6 19:40,2025/1/6 22:35,320,AFT_10062,158
Flt_17200,ZFTY,JTZV,2025/1/6 19:40,2025/1/6 22:40,321,AFT_10124,164
Flt_17201,XALQ,ZFTY,2025/1/6 19:45,2025/1/6 22:15,321,AFT_10032,144
Flt_17202,DJQK,PERX,2025/1/6 19:45,2025/1/6 21:55,321,AFT_10035,143
Flt_17203,PNOJ,MEEP,2025/1/6 19:45,2025/1/6 21:45,320,AFT_10037,110
Flt_17204,DULL,LRNO,2025/1/6 19:45,2025/1/6 21:55,321,AFT_10027,127
Flt_17205,MKLY,JTZV,2025/1/6 19:45,2025/1/7 0:10,320,AFT_10042,254
Flt_17206,YELV,CGHU,2025/1/6 19:45,2025/1/6 23:00,320,AFT_10030,201
Flt_17207,WGZL,XALQ,2025/1/6 19:50,2025/1/6 22:15,319,AFT_10076,123
Flt_17208,FCVG,JTZV,2025/1/6 19:50,2025/1/6 22:50,321,AFT_10052,175
Flt_17209,MEEP,JTZV,2025/1/6 19:50,2025/1/6 22:25,321,AFT_10155,133
Flt_17210,ZKXC,CGHU,2025/1/6 19:50,2025/1/6 22:30,320,AFT_10117,163
Flt_17211,OZOS,CGHU,2025/1/6 19:50,2025/1/6 22:00,321,AFT_10023,123
Flt_17212,JTZV,DFQN,2025/1/6 19:55,2025/1/7 0:25,321,AFT_10121,228
Flt_17213,DFQN,JTZV,2025/1/6 19:55,2025/1/6 23:30,321,AFT_10136,225
Flt_17214,LCYY,JTZV,2025/1/6 19:55,2025/1/6 23:25,321,AFT_10015,201
Flt_17215,KXUZ,VEYC,2025/1/6 19:55,2025/1/6 22:25,320,AFT_10130,154
Flt_17216,TJFR,CGHU,2025/1/6 19:55,2025/1/6 22:25,320,AFT_10108,161
Flt_17217,JTZV,CGHU,2025/1/6 19:55,2025/1/6 23:30,320,AFT_10148,241
Flt_17218,WAQQ,JTZV,2025/1/6 20:00,2025/1/6 22:55,321,AFT_10029,173
Flt_17219,XALQ,UTFU,2025/1/6 20:05,2025/1/6 21:50,319,AFT_10087,105
Flt_17220,LRNO,YELV,2025/1/6 20:05,2025/1/6 22:35,320,AFT_10063,130
Flt_17221,BNGY,JTZV,2025/1/6 20:05,2025/1/6 21:55,320,AFT_10126,114
Flt_17222,KHPY,CGHU,2025/1/6 20:05,2025/1/6 22:55,320,AFT_10039,177
Flt_17223,JTZV,ZOEV,2025/1/6 20:15,2025/1/6 22:35,321,AFT_10070,139
Flt_17224,CFEV,WDWO,2025/1/6 20:15,2025/1/6 22:50,319,AFT_10071,155
Flt_17225,CGHU,YELV,2025/1/6 20:15,2025/1/6 23:30,320,AFT_10143,202
Flt_17226,SSNS,XALQ,2025/1/6 20:15,2025/1/6 23:00,320,AFT_10061,137
Flt_17227,WGZL,JTZV,2025/1/6 20:15,2025/1/6 22:40,320,AFT_10008,148
Flt_17228,KHPY,JTZV,2025/1/6 20:15,2025/1/6 22:35,320,AFT_10028,134
Flt_17229,EFIK,JTZV,2025/1/6 20:15,2025/1/6 22:40,320,AFT_10012,165
Flt_17230,UTFU,CGHU,2025/1/6 20:15,2025/1/6 22:55,320,AFT_10006,152
Flt_17231,MEEP,IGVH,2025/1/6 20:20,2025/1/6 23:00,320,AFT_10045,139
Flt_17232,FCVG,XALQ,2025/1/6 20:20,2025/1/6 23:40,321,AFT_10074,187
Flt_17233,XALQ,MEEP,2025/1/6 20:25,2025/1/6 22:20,320,AFT_10002,120
Flt_17234,MOXE,YELV,2025/1/6 20:25,2025/1/6 22:50,320,AFT_10069,138
Flt_17235,JTZV,ZFTY,2025/1/6 20:30,2025/1/6 23:15,319,AFT_10097,145
Flt_17236,XALQ,YELV,2025/1/6 20:30,2025/1/6 22:30,319,AFT_10133,132
Flt_17237,JXKD,DIZB,2025/1/6 20:30,2025/1/6 23:50,320,AFT_10011,194
Flt_17238,TJFR,JTZV,2025/1/6 20:30,2025/1/6 23:25,320,AFT_10066,166
Flt_17239,ZFTY,UNUN,2025/1/6 20:30,2025/1/7 0:50,320,AFT_10140,251
Flt_17240,JTZV,CTIG,2025/1/6 20:35,2025/1/7 0:15,321,AFT_10105,225
Flt_17241,SZVM,ZFTY,2025/1/6 20:35,2025/1/6 22:40,320,AFT_10119,127
Flt_17242,JTZV,MEEP,2025/1/6 20:35,2025/1/6 22:50,321,AFT_10118,132
Flt_17243,RXPU,JTZV,2025/1/6 20:35,2025/1/6 23:40,321,AFT_10107,187
Flt_17244,JTZV,QQGB,2025/1/6 20:40,2025/1/6 23:00,320,AFT_10092,117
Flt_17245,AJDW,IGVH,2025/1/6 20:40,2025/1/6 23:15,320,AFT_10077,149
Flt_17246,DJQK,JTZV,2025/1/6 20:40,2025/1/7 0:05,321,AFT_10141,202
Flt_17247,LCYY,IGVH,2025/1/6 20:45,2025/1/7 0:35,320,AFT_10040,210
Flt_17248,DFQN,XALQ,2025/1/6 20:45,2025/1/7 0:40,320,AFT_10033,227
Flt_17249,KXUZ,JTZV,2025/1/6 20:45,2025/1/6 23:20,321,AFT_10085,153
Flt_17250,XALQ,DQBQ,2025/1/6 20:50,2025/1/6 22:50,320,AFT_10010,104
Flt_17251,LCYY,WDWO,2025/1/6 20:50,2025/1/6 23:30,320,AFT_10080,152
Flt_17252,JTZV,IGVH,2025/1/6 20:50,2025/1/6 22:30,319,AFT_10100,81
Flt_17253,KHPY,JTZV,2025/1/6 20:50,2025/1/6 23:00,319,AFT_10049,130
Flt_17254,LBMY,JTZV,2025/1/6 20:50,2025/1/6 22:55,321,AFT_10120,118
Flt_17255,PNOJ,ZOEV,2025/1/6 20:55,2025/1/6 23:05,320,AFT_10082,120
Flt_17256,LQVJ,IGVH,2025/1/6 20:55,2025/1/6 22:45,320,AFT_10024,85
Flt_17257,JTZV,LRNO,2025/1/6 21:00,2025/1/6 22:55,321,AFT_10127,100
Flt_17258,UTFU,ZOEV,2025/1/6 21:00,2025/1/7 0:35,321,AFT_10025,194
Flt_17259,JTZV,QFKO,2025/1/6 21:05,2025/1/6 22:40,319,AFT_10125,100
Flt_17260,XCDO,WDWO,2025/1/6 21:05,2025/1/7 0:50,319,AFT_10098,201
Flt_17261,JTZV,DIZB,2025/1/6 21:05,2025/1/6 23:20,320,AFT_10004,125
Flt_17262,YEQV,JTZV,2025/1/6 21:05,2025/1/6 23:55,321,AFT_10149,176
Flt_17263,ZMZW,JTZV,2025/1/6 21:10,2025/1/7 0:35,321,AFT_10047,192
Flt_17264,KIJU,JTZV,2025/1/6 21:10,2025/1/6 23:40,320,AFT_10058,151
Flt_17265,CGHU,YELV,2025/1/6 21:15,2025/1/7 0:40,320,AFT_10103,194
Flt_17266,TLRK,JTZV,2025/1/6 21:15,2025/1/6 23:25,321,AFT_10021,121
Flt_17267,ZFTY,ZBRM,2025/1/6 21:15,2025/1/7 0:25,320,AFT_10101,185
Flt_17268,LCYY,CGHU,2025/1/6 21:20,2025/1/7 0:25,321,AFT_10150,172
Flt_17269,JTZV,DIZB,2025/1/6 21:25,2025/1/6 23:40,321,AFT_10129,129
Flt_17270,CHCY,CGHU,2025/1/6 21:30,2025/1/7 0:50,320,AFT_10009,195
Flt_17271,MJTP,JTZV,2025/1/6 21:35,2025/1/6 23:30,319,AFT_10096,104
Flt_17272,ZBRM,ZOEV,2025/1/6 21:45,2025/1/7 0:20,320,AFT_10022,133
Flt_17273,PERX,IGVH,2025/1/6 21:45,2025/1/7 1:25,320,AFT_10106,209
Flt_17274,SVBC,JTZV,2025/1/6 21:50,2025/1/7 0:30,320,AFT_10044,149
Flt_17275,LRNO,JTZV,2025/1/6 21:50,2025/1/6 23:40,319,AFT_10142,112
Flt_17276,MEEP,YELV,2025/1/6 21:55,2025/1/7 0:10,320,AFT_10086,107
Flt_17277,JXKD,JTZV,2025/1/6 21:55,2025/1/6 23:50,319,AFT_10153,103
Flt_17278,JNLE,JTZV,2025/1/6 21:55,2025/1/7 0:20,319,AFT_10059,118
Flt_17279,IGVH,JTZV,2025/1/6 22:00,2025/1/6 23:40,320,AFT_10088,105
Flt_17280,GSWW,XALQ,2025/1/6 22:05,2025/1/6 23:50,320,AFT_10104,104
Flt_17281,ZFTY,XALQ,2025/1/6 22:15,2025/1/7 0:55,321,AFT_10003,171
Flt_17282,IQOA,JTZV,2025/1/6 22:15,2025/1/7 0:40,321,AFT_10065,158
Flt_17283,ZOEV,ZFTY,2025/1/6 22:20,2025/1/7 1:55,321,AFT_10013,228
Flt_17284,PNOJ,VEYC,2025/1/6 22:25,2025/1/6 23:35,320,AFT_10026,58
Flt_17285,UTFU,XALQ,2025/1/6 22:40,2025/1/7 0:55,319,AFT_10087,119
Flt_17286,ZOEV,XALQ,2025/1/6 22:40,2025/1/7 0:55,321,AFT_10043,136
Flt_17287,KXUZ,XALQ,2025/1/6 22:40,2025/1/7 0:55,320,AFT_10050,122
Flt_17288,VEYC,KXUZ,2025/1/6 23:10,2025/1/7 1:20,320,AFT_10130,123
Flt_17289,JTZV,IGVH,2025/1/6 23:25,2025/1/7 1:05,321,AFT_10036,82
Flt_17290,QFKO,JTZV,2025/1/6 23:25,2025/1/7 1:15,319,AFT_10125,98
Flt_17291,DQBQ,XALQ,2025/1/6 23:35,2025/1/7 1:30,320,AFT_10010,103
Flt_17292,EJUF,JTZV,2025/1/7 0:20,2025/1/7 5:00,321,AFT_10135,263
Flt_17293,EJUF,LRNO,2025/1/7 6:40,2025/1/7 10:20,321,AFT_10001,202
Flt_17294,LRNO,EJUF,2025/1/7 1:50,2025/1/7 5:10,321,AFT_10001,244
Flt_17295,QPCR,LRNO,2025/1/7 17:55,2025/1/7 20:40,321,AFT_10147,153
Flt_17296,AGDH,LRNO,2025/1/7 17:30,2025/1/7 19:35,321,AFT_10001,121
Flt_17297,JTZV,TIDB,2025/1/7 4:10,2025/1/7 5:50,320,AFT_10126,158
Flt_17298,LRNO,QPCR,2025/1/7 13:00,2025/1/7 16:25,321,AFT_10147,202
Flt_17299,LRNO,AGDH,2025/1/7 13:30,2025/1/7 16:00,321,AFT_10001,150
Flt_17300,ZFTY,ZOEV,2025/1/7 6:00,2025/1/7 9:35,321,AFT_10032,240
Flt_17301,ZOEV,WJBU,2025/1/7 6:00,2025/1/7 7:55,321,AFT_10070,114
Flt_17302,CGHU,ZOEV,2025/1/7 6:15,2025/1/7 11:45,320,AFT_10051,318
Flt_17303,JTZV,PERX,2025/1/7 6:25,2025/1/7 9:05,321,AFT_10015,154
Flt_17304,YELV,LRNO,2025/1/7 6:25,2025/1/7 9:40,320,AFT_10086,164
Flt_17305,JTZV,GSWW,2025/1/7 6:25,2025/1/7 7:50,319,AFT_10142,73
Flt_17306,ZOEV,MOXE,2025/1/7 6:25,2025/1/7 9:25,320,AFT_10082,174
Flt_17307,MEEP,JTZV,2025/1/7 6:25,2025/1/7 8:50,320,AFT_10002,130
Flt_17308,XALQ,WAQQ,2025/1/7 6:30,2025/1/7 8:40,320,AFT_10104,117
Flt_17309,JTZV,BKVZ,2025/1/7 6:40,2025/1/7 8:20,319,AFT_10151,98
Flt_17310,JTZV,ZKXC,2025/1/7 6:40,2025/1/7 9:10,319,AFT_10093,151
Flt_17311,IGVH,XALQ,2025/1/7 6:40,2025/1/7 8:20,320,AFT_10106,82
Flt_17312,ZOEV,PADO,2025/1/7 6:45,2025/1/7 8:45,320,AFT_10022,91
Flt_17313,XALQ,MEEP,2025/1/7 6:50,2025/1/7 9:05,320,AFT_10050,113
Flt_17314,MEEP,XALQ,2025/1/7 6:50,2025/1/7 9:10,320,AFT_10037,124
Flt_17315,KXUZ,JTZV,2025/1/7 6:50,2025/1/7 9:30,321,AFT_10005,141
Flt_17316,JTZV,XCDO,2025/1/7 6:50,2025/1/7 10:30,320,AFT_10058,227
Flt_17317,XALQ,PERX,2025/1/7 6:55,2025/1/7 9:20,319,AFT_10109,144
Flt_17318,XALQ,LRNO,2025/1/7 6:55,2025/1/7 8:45,320,AFT_10018,94
Flt_17319,YELV,GSWW,2025/1/7 6:55,2025/1/7 9:55,320,AFT_10103,199
Flt_17320,WDWO,DIZB,2025/1/7 6:55,2025/1/7 8:45,320,AFT_10080,93
Flt_17321,JTZV,GPWJ,2025/1/7 6:55,2025/1/7 9:10,319,AFT_10125,120
Flt_17322,UNUN,JTZV,2025/1/7 6:55,2025/1/7 10:35,320,AFT_10110,208
Flt_17323,ZFTY,JTZV,2025/1/7 6:55,2025/1/7 9:55,321,AFT_10013,176
Flt_17324,XALQ,WGZL,2025/1/7 7:00,2025/1/7 8:55,320,AFT_10033,122
Flt_17325,PERX,WGZL,2025/1/7 7:00,2025/1/7 10:40,321,AFT_10035,219
Flt_17326,UNUN,WDWO,2025/1/7 7:00,2025/1/7 10:20,320,AFT_10111,205
Flt_17327,DIZB,JXKD,2025/1/7 7:00,2025/1/7 11:00,320,AFT_10004,223
Flt_17328,JTZV,YELV,2025/1/7 7:00,2025/1/7 9:35,321,AFT_10021,138
Flt_17329,CGHU,DIZB,2025/1/7 7:00,2025/1/7 9:35,320,AFT_10030,137
Flt_17330,XALQ,CGHU,2025/1/7 7:00,2025/1/7 10:40,321,AFT_10094,218
Flt_17331,JTZV,CGHU,2025/1/7 7:00,2025/1/7 10:45,321,AFT_10137,233
Flt_17332,JTZV,KXUZ,2025/1/7 7:05,2025/1/7 9:35,320,AFT_10055,134
Flt_17333,IGVH,ZMZW,2025/1/7 7:05,2025/1/7 9:35,320,AFT_10067,127
Flt_17334,ZOEV,DIZB,2025/1/7 7:05,2025/1/7 10:30,321,AFT_10017,204
Flt_17335,XALQ,KXUZ,2025/1/7 7:10,2025/1/7 9:15,320,AFT_10061,108
Flt_17336,CGHU,LBMY,2025/1/7 7:10,2025/1/7 10:50,320,AFT_10081,197
Flt_17337,CGHU,WDWO,2025/1/7 7:10,2025/1/7 11:05,320,AFT_10123,212
Flt_17338,XALQ,YELV,2025/1/7 7:10,2025/1/7 9:15,321,AFT_10043,121
Flt_17339,IGVH,KHPY,2025/1/7 7:15,2025/1/7 9:55,320,AFT_10040,151
Flt_17340,JTZV,IGVH,2025/1/7 7:15,2025/1/7 8:55,320,AFT_10122,77
Flt_17341,ZFTY,MOXE,2025/1/7 7:15,2025/1/7 10:05,320,AFT_10119,145
Flt_17342,JTZV,IRVV,2025/1/7 7:15,2025/1/7 10:25,321,AFT_10065,188
Flt_17343,IGVH,MEEP,2025/1/7 7:20,2025/1/7 9:20,320,AFT_10024,100
Flt_17344,JTZV,TLRK,2025/1/7 7:20,2025/1/7 9:25,320,AFT_10031,106
Flt_17345,WDWO,GPWJ,2025/1/7 7:20,2025/1/7 10:20,319,AFT_10098,171
Flt_17346,JTZV,NYKQ,2025/1/7 7:25,2025/1/7 9:40,320,AFT_10042,118
Flt_17347,CGHU,KHPY,2025/1/7 7:25,2025/1/7 10:50,320,AFT_10117,183
Flt_17348,JTZV,EZNJ,2025/1/7 7:25,2025/1/7 9:15,321,AFT_10019,105
Flt_17349,JTZV,BKVZ,2025/1/7 7:25,2025/1/7 9:05,320,AFT_10066,95
Flt_17350,IGVH,TJFR,2025/1/7 7:25,2025/1/7 10:10,321,AFT_10036,148
Flt_17351,CGHU,JTZV,2025/1/7 7:25,2025/1/7 11:55,320,AFT_10108,250
Flt_17352,UNUN,JTZV,2025/1/7 7:25,2025/1/7 11:20,320,AFT_10115,216
Flt_17353,JTZV,ZFTY,2025/1/7 7:30,2025/1/7 10:15,321,AFT_10084,155
Flt_17354,VEYC,JTZV,2025/1/7 7:30,2025/1/7 8:35,320,AFT_10060,65
Flt_17355,ZFTY,IGVH,2025/1/7 7:35,2025/1/7 11:30,320,AFT_10073,215
Flt_17356,DIZB,JTZV,2025/1/7 7:35,2025/1/7 10:15,320,AFT_10011,158
Flt_17357,JTZV,UHBK,2025/1/7 7:40,2025/1/7 9:45,320,AFT_10044,107
Flt_17358,JTZV,JXKD,2025/1/7 7:40,2025/1/7 9:40,320,AFT_10112,108
Flt_17359,YELV,JTZV,2025/1/7 7:40,2025/1/7 10:55,320,AFT_10063,202
Flt_17360,YELV,MEEP,2025/1/7 7:50,2025/1/7 10:15,321,AFT_10113,134
Flt_17361,CGHU,LCYY,2025/1/7 7:50,2025/1/7 11:25,321,AFT_10038,169
Flt_17362,IGVH,JTZV,2025/1/7 7:50,2025/1/7 9:10,319,AFT_10100,75
Flt_17363,ZBRM,TLRK,2025/1/7 7:55,2025/1/7 9:25,320,AFT_10101,96
Flt_17364,JTZV,DIZB,2025/1/7 7:55,2025/1/7 10:20,320,AFT_10138,128
Flt_17365,IGVH,TSRM,2025/1/7 7:55,2025/1/7 9:50,320,AFT_10131,92
Flt_17366,JTZV,GPWJ,2025/1/7 7:55,2025/1/7 10:10,319,AFT_10096,127
Flt_17367,LRNO,JTZV,2025/1/7 7:55,2025/1/7 9:55,321,AFT_10127,114
Flt_17369,JTZV,LCYY,2025/1/7 8:00,2025/1/7 10:40,320,AFT_10028,153
Flt_17370,JTZV,CFEV,2025/1/7 8:00,2025/1/7 10:45,319,AFT_10091,157
Flt_17371,XALQ,IRVV,2025/1/7 8:00,2025/1/7 11:05,320,AFT_10010,175
Flt_17372,JTZV,ZOEV,2025/1/7 8:05,2025/1/7 10:30,321,AFT_10149,147
Flt_17373,CGHU,ZKXC,2025/1/7 8:05,2025/1/7 11:10,320,AFT_10039,167
Flt_17374,KXUZ,JTZV,2025/1/7 8:05,2025/1/7 10:40,320,AFT_10130,164
Flt_17375,JTZV,OWAI,2025/1/7 8:10,2025/1/7 10:00,319,AFT_10059,95
Flt_17376,JTZV,WGZL,2025/1/7 8:15,2025/1/7 10:35,321,AFT_10155,131
Flt_17377,JTZV,SSNS,2025/1/7 8:15,2025/1/7 10:35,320,AFT_10054,132
Flt_17378,XALQ,CFEV,2025/1/7 8:15,2025/1/7 11:20,319,AFT_10076,174
Flt_17379,JTZV,UNUN,2025/1/7 8:15,2025/1/7 11:40,321,AFT_10048,215
Flt_17380,YELV,YKHO,2025/1/7 8:20,2025/1/7 11:30,320,AFT_10143,195
Flt_17381,UNUN,GCFX,2025/1/7 8:20,2025/1/7 11:40,320,AFT_10140,200
Flt_17382,DIZB,JTZV,2025/1/7 8:20,2025/1/7 11:00,321,AFT_10129,172
Flt_17383,JTZV,QKWB,2025/1/7 8:25,2025/1/7 11:20,321,AFT_10107,147
Flt_17384,ZFTY,JTZV,2025/1/7 8:30,2025/1/7 11:35,319,AFT_10097,169
Flt_17385,JTZV,ZMZW,2025/1/7 8:35,2025/1/7 11:20,320,AFT_10012,141
Flt_17386,YELV,XALQ,2025/1/7 8:35,2025/1/7 11:25,319,AFT_10133,169
Flt_17387,JTZV,FTOI,2025/1/7 8:35,2025/1/7 10:00,319,AFT_10049,89
Flt_17388,JTZV,UNUN,2025/1/7 8:35,2025/1/7 12:25,321,AFT_10135,209
Flt_17389,JTZV,KHPY,2025/1/7 8:40,2025/1/7 10:45,321,AFT_10099,112
Flt_17390,ZOEV,SVBC,2025/1/7 8:40,2025/1/7 10:50,321,AFT_10025,103
Flt_17391,JTZV,XGWY,2025/1/7 8:40,2025/1/7 10:10,319,AFT_10046,82
Flt_17392,GSWW,JTZV,2025/1/7 8:40,2025/1/7 10:15,319,AFT_10142,77
Flt_17393,IGVH,GAGH,2025/1/7 8:45,2025/1/7 10:25,320,AFT_10077,89
Flt_17394,JTZV,TLRK,2025/1/7 8:45,2025/1/7 10:40,320,AFT_10053,95
Flt_17395,XALQ,RXPU,2025/1/7 8:45,2025/1/7 10:55,320,AFT_10102,118
Flt_17396,CGHU,UTFU,2025/1/7 8:50,2025/1/7 11:50,320,AFT_10148,155
Flt_17397,WJBU,GSWW,2025/1/7 8:55,2025/1/7 11:05,321,AFT_10070,119
Flt_17398,JTZV,FCVG,2025/1/7 9:00,2025/1/7 12:10,321,AFT_10052,188
Flt_17399,IGVH,DIZB,2025/1/7 9:00,2025/1/7 11:50,320,AFT_10045,167
Flt_17400,JTZV,RXPU,2025/1/7 9:00,2025/1/7 11:25,321,AFT_10047,131
Flt_17401,CGHU,TJFR,2025/1/7 9:00,2025/1/7 11:55,320,AFT_10006,150
Flt_17402,XALQ,GPWJ,2025/1/7 9:00,2025/1/7 11:35,319,AFT_10056,145
Flt_17403,JTZV,DJQK,2025/1/7 9:05,2025/1/7 11:45,321,AFT_10124,151
Flt_17404,JTZV,TJFR,2025/1/7 9:05,2025/1/7 11:20,320,AFT_10083,135
Flt_17405,JTZV,LSYF,2025/1/7 9:05,2025/1/7 11:00,320,AFT_10072,110
Flt_17406,BKVZ,JTZV,2025/1/7 9:05,2025/1/7 10:35,319,AFT_10151,92
Flt_17407,JTZV,XLQE,2025/1/7 9:05,2025/1/7 13:15,319,AFT_10153,236
Flt_17408,WDWO,KXUZ,2025/1/7 9:10,2025/1/7 11:55,320,AFT_10014,164
Flt_17409,JTZV,VBSP,2025/1/7 9:15,2025/1/7 12:30,320,AFT_10008,203
Flt_17410,JTZV,MEEP,2025/1/7 9:15,2025/1/7 11:40,321,AFT_10120,123
Flt_17411,JTZV,JXKD,2025/1/7 9:15,2025/1/7 11:05,320,AFT_10152,112
Flt_17412,JTZV,CHCY,2025/1/7 9:15,2025/1/7 11:50,321,AFT_10089,138
Flt_17413,YELV,JTZV,2025/1/7 9:15,2025/1/7 12:25,321,AFT_10095,188
Flt_17414,MEEP,JTZV,2025/1/7 9:20,2025/1/7 11:40,320,AFT_10020,148
Flt_17415,XALQ,EZNJ,2025/1/7 9:25,2025/1/7 11:15,320,AFT_10106,114
Flt_17416,JTZV,IGVH,2025/1/7 9:25,2025/1/7 10:55,321,AFT_10136,85
Flt_17417,CGHU,CHCY,2025/1/7 9:25,2025/1/7 13:20,320,AFT_10009,212
Flt_17418,WAQQ,XALQ,2025/1/7 9:25,2025/1/7 11:55,320,AFT_10104,142
Flt_17419,YELV,PNOJ,2025/1/7 9:25,2025/1/7 12:30,320,AFT_10134,193
Flt_17420,JTZV,ZFTY,2025/1/7 9:30,2025/1/7 12:15,321,AFT_10085,152
Flt_17421,MEEP,ZBRM,2025/1/7 9:30,2025/1/7 11:50,321,AFT_10118,132
Flt_17422,JTZV,LPNC,2025/1/7 9:35,2025/1/7 14:10,321,AFT_10057,265
Flt_17423,JTZV,TXMD,2025/1/7 9:35,2025/1/7 13:35,321,AFT_10016,232
Flt_17424,DFQN,JTZV,2025/1/7 9:35,2025/1/7 14:00,321,AFT_10121,205
Flt_17425,DIZB,CGHU,2025/1/7 9:35,2025/1/7 12:00,320,AFT_10080,137
Flt_17426,WDWO,RNVU,2025/1/7 9:40,2025/1/7 12:00,319,AFT_10071,133
Flt_17427,JTZV,WGZL,2025/1/7 9:45,2025/1/7 12:00,320,AFT_10060,134
Flt_17428,PADO,EZNJ,2025/1/7 9:50,2025/1/7 12:30,320,AFT_10022,144
Flt_17429,LRNO,XALQ,2025/1/7 9:50,2025/1/7 11:35,321,AFT_10027,92
Flt_17430,BKVZ,JTZV,2025/1/7 9:50,2025/1/7 11:25,320,AFT_10066,94
Flt_17431,WGZL,FCVG,2025/1/7 9:55,2025/1/7 12:35,320,AFT_10033,148
Flt_17432,JTZV,VNDG,2025/1/7 9:55,2025/1/7 13:15,321,AFT_10007,174
Flt_17433,IGVH,AJDW,2025/1/7 10:00,2025/1/7 12:25,320,AFT_10122,147
Flt_17434,CTIG,JTZV,2025/1/7 10:00,2025/1/7 13:35,321,AFT_10105,231
Flt_17435,QQGB,JTZV,2025/1/7 10:00,2025/1/7 12:10,320,AFT_10092,140
Flt_17436,ZKXC,JTZV,2025/1/7 10:00,2025/1/7 12:40,319,AFT_10093,163
Flt_17437,EZNJ,JTZV,2025/1/7 10:05,2025/1/7 12:15,321,AFT_10019,127
Flt_17438,GPWJ,JTZV,2025/1/7 10:05,2025/1/7 12:10,319,AFT_10125,102
Flt_17439,PERX,JTZV,2025/1/7 10:05,2025/1/7 13:05,321,AFT_10015,177
Flt_17440,JTZV,KZXO,2025/1/7 10:10,2025/1/7 13:35,319,AFT_10100,217
Flt_17441,MOXE,ZOEV,2025/1/7 10:10,2025/1/7 12:45,320,AFT_10082,153
Flt_17442,JTZV,WAQQ,2025/1/7 10:15,2025/1/7 12:25,321,AFT_10029,142
Flt_17443,JTZV,PVTT,2025/1/7 10:20,2025/1/7 15:35,321,AFT_10128,305
Flt_17444,LRNO,DULL,2025/1/7 10:20,2025/1/7 12:10,320,AFT_10018,98
Flt_17445,MEEP,XALQ,2025/1/7 10:20,2025/1/7 12:35,320,AFT_10050,116
Flt_17446,DIZB,WAQQ,2025/1/7 10:25,2025/1/7 13:10,320,AFT_10030,156
Flt_17447,JTZV,KHPY,2025/1/7 10:25,2025/1/7 12:25,320,AFT_10002,113
Flt_17448,MEEP,IGVH,2025/1/7 10:25,2025/1/7 13:00,320,AFT_10024,146
Flt_17449,TLRK,LUEM,2025/1/7 10:25,2025/1/7 12:10,320,AFT_10101,94
Flt_17450,PERX,XALQ,2025/1/7 10:25,2025/1/7 13:20,319,AFT_10109,160
Flt_17451,JXKD,JTZV,2025/1/7 10:25,2025/1/7 12:15,320,AFT_10112,106
Flt_17452,TLRK,JTZV,2025/1/7 10:25,2025/1/7 12:20,320,AFT_10031,125
Flt_17453,NYKQ,JTZV,2025/1/7 10:25,2025/1/7 12:45,320,AFT_10042,144
Flt_17454,JTZV,UNUN,2025/1/7 10:25,2025/1/7 14:10,320,AFT_10062,215
Flt_17455,CGHU,LCYY,2025/1/7 10:30,2025/1/7 13:45,321,AFT_10023,185
Flt_17456,YELV,XALQ,2025/1/7 10:30,2025/1/7 13:40,321,AFT_10043,162
Flt_17457,UHBK,JTZV,2025/1/7 10:30,2025/1/7 12:45,320,AFT_10044,122
Flt_17458,ZOEV,UTFU,2025/1/7 10:35,2025/1/7 14:05,321,AFT_10032,198
Flt_17459,JTZV,KXUZ,2025/1/7 10:35,2025/1/7 12:50,321,AFT_10005,125
Flt_17460,TSRM,DIZB,2025/1/7 10:35,2025/1/7 12:25,320,AFT_10131,107
Flt_17461,KXUZ,XALQ,2025/1/7 10:40,2025/1/7 13:00,320,AFT_10055,133
Flt_17462,GSWW,BKCE,2025/1/7 10:45,2025/1/7 12:30,320,AFT_10103,91
Flt_17463,ZMZW,IGVH,2025/1/7 10:45,2025/1/7 14:00,320,AFT_10067,178
Flt_17464,FTOI,JTZV,2025/1/7 10:45,2025/1/7 12:10,319,AFT_10049,75
Flt_17465,OWAI,JTZV,2025/1/7 10:45,2025/1/7 12:10,319,AFT_10059,74
Flt_17466,YELV,JTZV,2025/1/7 10:45,2025/1/7 13:50,321,AFT_10021,203
Flt_17467,MOXE,JXKD,2025/1/7 10:50,2025/1/7 12:55,320,AFT_10119,119
Flt_17468,KXUZ,JTZV,2025/1/7 10:50,2025/1/7 13:45,320,AFT_10061,172
Flt_17469,LRNO,DIZB,2025/1/7 10:55,2025/1/7 13:45,320,AFT_10086,159
Flt_17470,XGWY,JTZV,2025/1/7 10:55,2025/1/7 12:15,319,AFT_10046,69
Flt_17471,GPWJ,JTZV,2025/1/7 10:55,2025/1/7 13:00,319,AFT_10096,106
Flt_17472,KHPY,CGHU,2025/1/7 10:55,2025/1/7 13:40,320,AFT_10040,166
Flt_17473,GPWJ,WDWO,2025/1/7 11:00,2025/1/7 13:35,319,AFT_10098,152
Flt_17474,JTZV,SSNS,2025/1/7 11:00,2025/1/7 13:35,321,AFT_10141,129
Flt_17475,JTZV,VEYC,2025/1/7 11:05,2025/1/7 12:25,321,AFT_10013,81
Flt_17476,TJFR,IRVV,2025/1/7 11:05,2025/1/7 13:15,321,AFT_10036,113
Flt_17477,DIZB,JTZV,2025/1/7 11:10,2025/1/7 13:50,320,AFT_10138,159
Flt_17478,GAGH,IGVH,2025/1/7 11:25,2025/1/7 12:55,320,AFT_10077,93
Flt_17479,WDWO,IGVH,2025/1/7 11:30,2025/1/7 13:50,320,AFT_10111,128
Flt_17480,MEEP,YELV,2025/1/7 11:35,2025/1/7 13:35,321,AFT_10113,101
Flt_17481,IRVV,JTZV,2025/1/7 11:35,2025/1/7 16:15,321,AFT_10065,250
Flt_17482,JTZV,IQOA,2025/1/7 11:40,2025/1/7 13:50,321,AFT_10127,126
Flt_17483,ZOEV,JTZV,2025/1/7 11:40,2025/1/7 14:30,321,AFT_10149,174
Flt_17484,ZFTY,JTZV,2025/1/7 11:40,2025/1/7 14:40,321,AFT_10084,168
Flt_17485,XCDO,JTZV,2025/1/7 11:40,2025/1/7 16:25,320,AFT_10058,266
Flt_17486,JTZV,SEWU,2025/1/7 11:40,2025/1/7 16:00,319,AFT_10151,230
Flt_17487,DIZB,XCDO,2025/1/7 11:40,2025/1/7 13:40,321,AFT_10017,122
Flt_17488,WGZL,PERX,2025/1/7 11:45,2025/1/7 15:30,321,AFT_10035,219
Flt_17489,JTZV,KXUZ,2025/1/7 11:45,2025/1/7 14:00,320,AFT_10130,136
Flt_17490,LSYF,ZMZW,2025/1/7 11:45,2025/1/7 13:10,320,AFT_10072,76
Flt_17491,JTZV,OQIB,2025/1/7 11:45,2025/1/7 14:25,320,AFT_10110,151
Flt_17492,KHPY,JTZV,2025/1/7 11:45,2025/1/7 14:10,321,AFT_10099,120
Flt_17493,SVBC,UTFU,2025/1/7 11:50,2025/1/7 14:50,321,AFT_10025,150
Flt_17494,JTZV,UTFU,2025/1/7 11:50,2025/1/7 13:45,319,AFT_10142,111
Flt_17495,LBMY,LRNO,2025/1/7 11:50,2025/1/7 13:55,320,AFT_10081,126
Flt_17496,KHPY,JXKD,2025/1/7 11:50,2025/1/7 15:15,320,AFT_10117,209
Flt_17497,CGHU,XALQ,2025/1/7 11:50,2025/1/7 16:20,321,AFT_10094,255
Flt_17498,CFEV,JTZV,2025/1/7 11:50,2025/1/7 14:05,319,AFT_10091,123
Flt_17499,SSNS,JTZV,2025/1/7 11:50,2025/1/7 14:40,320,AFT_10054,162
Flt_17500,GSWW,JTZV,2025/1/7 11:55,2025/1/7 14:05,321,AFT_10070,100
Flt_17501,LCYY,JTZV,2025/1/7 11:55,2025/1/7 15:35,320,AFT_10028,209
Flt_17502,WGZL,JTZV,2025/1/7 11:55,2025/1/7 14:25,321,AFT_10155,148
Flt_17503,CGHU,JTZV,2025/1/7 11:55,2025/1/7 16:45,321,AFT_10137,249
Flt_17504,ZKXC,WGZL,2025/1/7 12:00,2025/1/7 14:55,320,AFT_10039,178
Flt_17505,TLRK,LPTE,2025/1/7 12:00,2025/1/7 13:35,320,AFT_10053,104
Flt_17506,IGVH,JTZV,2025/1/7 12:00,2025/1/7 13:30,321,AFT_10136,75
Flt_17507,JXKD,JTZV,2025/1/7 12:00,2025/1/7 13:45,320,AFT_10152,109
Flt_17508,IRVV,XALQ,2025/1/7 12:05,2025/1/7 16:00,320,AFT_10010,220
Flt_17509,JXKD,XALQ,2025/1/7 12:05,2025/1/7 14:05,320,AFT_10004,100
Flt_17510,EZNJ,XALQ,2025/1/7 12:05,2025/1/7 14:05,320,AFT_10106,107
Flt_17511,TJFR,JTZV,2025/1/7 12:05,2025/1/7 15:00,320,AFT_10083,170
Flt_17512,WDWO,DQBQ,2025/1/7 12:10,2025/1/7 14:40,320,AFT_10123,146
Flt_17513,JTZV,DIZB,2025/1/7 12:10,2025/1/7 14:35,320,AFT_10011,120
Flt_17514,RXPU,XALQ,2025/1/7 12:10,2025/1/7 14:40,320,AFT_10102,153
Flt_17515,QKWB,JTZV,2025/1/7 12:10,2025/1/7 15:35,321,AFT_10107,194
Flt_17516,YKHO,YELV,2025/1/7 12:15,2025/1/7 14:30,320,AFT_10143,131
Flt_17517,GCFX,LRNO,2025/1/7 12:25,2025/1/7 14:30,320,AFT_10140,115
Flt_17518,CFEV,XALQ,2025/1/7 12:25,2025/1/7 15:05,319,AFT_10076,135
Flt_17519,GPWJ,XALQ,2025/1/7 12:25,2025/1/7 15:00,319,AFT_10056,131
Flt_17520,JTZV,CFEV,2025/1/7 12:30,2025/1/7 15:15,319,AFT_10097,155
Flt_17521,RXPU,JTZV,2025/1/7 12:30,2025/1/7 15:40,321,AFT_10047,182
Flt_17522,ZMZW,JTZV,2025/1/7 12:30,2025/1/7 15:50,320,AFT_10012,192
Flt_17523,JTZV,DQBQ,2025/1/7 12:35,2025/1/7 14:40,320,AFT_10063,109
Flt_17524,DJQK,JTZV,2025/1/7 12:35,2025/1/7 15:55,321,AFT_10124,182
Flt_17525,IGVH,SZVM,2025/1/7 12:35,2025/1/7 14:20,320,AFT_10073,92
Flt_17526,XALQ,CFEV,2025/1/7 12:40,2025/1/7 15:35,319,AFT_10133,174
Flt_17527,CHCY,JTZV,2025/1/7 12:40,2025/1/7 15:45,321,AFT_10089,190
Flt_17528,JTZV,AWPD,2025/1/7 12:45,2025/1/7 17:15,320,AFT_10115,256
Flt_17529,XALQ,SSNS,2025/1/7 12:50,2025/1/7 14:45,320,AFT_10037,118
Flt_17530,VEYC,PNOJ,2025/1/7 12:50,2025/1/7 13:45,320,AFT_10026,47
Flt_17531,JTZV,UNUN,2025/1/7 12:50,2025/1/7 16:50,320,AFT_10041,215
Flt_17532,UTFU,DQBQ,2025/1/7 12:55,2025/1/7 15:40,320,AFT_10148,182
Flt_17533,LUEM,TLRK,2025/1/7 12:55,2025/1/7 14:50,320,AFT_10101,108
Flt_17534,XALQ,KXUZ,2025/1/7 12:55,2025/1/7 15:00,321,AFT_10027,120
Flt_17535,XALQ,LBMY,2025/1/7 12:55,2025/1/7 14:35,320,AFT_10034,79
Flt_17536,TJFR,WJBU,2025/1/7 12:55,2025/1/7 15:40,320,AFT_10006,161
Flt_17537,MEEP,JTZV,2025/1/7 12:55,2025/1/7 15:30,321,AFT_10120,145
Flt_17538,UNUN,JTZV,2025/1/7 12:55,2025/1/7 16:40,321,AFT_10048,220
Flt_17539,ZOEV,CGHU,2025/1/7 12:55,2025/1/7 17:55,320,AFT_10051,327
Flt_17540,XALQ,ZFTY,2025/1/7 13:00,2025/1/7 15:35,320,AFT_10104,139
Flt_17541,JTZV,MEEP,2025/1/7 13:00,2025/1/7 15:25,321,AFT_10129,122
Flt_17542,RNVU,WDWO,2025/1/7 13:00,2025/1/7 15:00,319,AFT_10071,117
Flt_17543,LCYY,CGHU,2025/1/7 13:00,2025/1/7 15:50,321,AFT_10038,170
Flt_17544,JTZV,QFKO,2025/1/7 13:05,2025/1/7 14:50,320,AFT_10066,83
Flt_17545,WGZL,JTZV,2025/1/7 13:05,2025/1/7 15:25,320,AFT_10060,148
Flt_17546,WAQQ,JTZV,2025/1/7 13:10,2025/1/7 15:45,321,AFT_10029,171
Flt_17547,DULL,PERX,2025/1/7 13:10,2025/1/7 15:30,320,AFT_10018,127
Flt_17548,ZBRM,MEEP,2025/1/7 13:10,2025/1/7 15:30,321,AFT_10118,114
Flt_17549,KXUZ,WDWO,2025/1/7 13:10,2025/1/7 16:05,320,AFT_10014,171
Flt_17550,DIZB,IGVH,2025/1/7 13:10,2025/1/7 16:25,320,AFT_10045,189
Flt_17551,FCVG,JTZV,2025/1/7 13:10,2025/1/7 16:15,321,AFT_10052,164
Flt_17552,VEYC,JTZV,2025/1/7 13:10,2025/1/7 14:25,321,AFT_10013,69
Flt_17553,AJDW,XCDO,2025/1/7 13:10,2025/1/7 15:45,320,AFT_10122,166
Flt_17554,JTZV,JNLE,2025/1/7 13:15,2025/1/7 15:15,319,AFT_10059,123
Flt_17555,BKCE,GSWW,2025/1/7 13:15,2025/1/7 14:45,320,AFT_10103,92
Flt_17556,DIZB,TSRM,2025/1/7 13:15,2025/1/7 15:30,320,AFT_10131,127
Flt_17557,JTZV,SGXO,2025/1/7 13:15,2025/1/7 14:20,319,AFT_10046,57
Flt_17558,JTZV,LBMY,2025/1/7 13:20,2025/1/7 15:05,320,AFT_10090,104
Flt_17559,JTZV,JXKD,2025/1/7 13:20,2025/1/7 15:25,319,AFT_10125,114
Flt_17560,PNOJ,YELV,2025/1/7 13:20,2025/1/7 15:55,320,AFT_10134,131
Flt_17561,JTZV,TJFR,2025/1/7 13:20,2025/1/7 15:40,320,AFT_10092,133
Flt_17562,JTZV,TKCE,2025/1/7 13:20,2025/1/7 17:20,320,AFT_10112,228
Flt_17563,JTZV,KXUZ,2025/1/7 13:25,2025/1/7 15:40,320,AFT_10020,139
Flt_17564,UNUN,JTZV,2025/1/7 13:25,2025/1/7 17:00,321,AFT_10135,223
Flt_17565,KHPY,XCDO,2025/1/7 13:25,2025/1/7 16:10,320,AFT_10002,174
Flt_17566,JTZV,ZFTY,2025/1/7 13:30,2025/1/7 16:15,321,AFT_10095,145
Flt_17567,VBSP,JTZV,2025/1/7 13:30,2025/1/7 17:30,320,AFT_10008,243
Flt_17568,XALQ,MEEP,2025/1/7 13:35,2025/1/7 15:30,321,AFT_10003,105
Flt_17569,EZNJ,PADO,2025/1/7 13:35,2025/1/7 16:15,320,AFT_10022,148
Flt_17570,FCVG,WGZL,2025/1/7 13:35,2025/1/7 16:20,320,AFT_10033,135
Flt_17571,JTZV,MEEP,2025/1/7 13:40,2025/1/7 16:05,320,AFT_10088,132
Flt_17572,ZFTY,JTZV,2025/1/7 13:40,2025/1/7 17:00,321,AFT_10085,181
Flt_17573,JTZV,PERX,2025/1/7 13:55,2025/1/7 16:40,321,AFT_10015,156
Flt_17574,JTZV,MKLY,2025/1/7 13:55,2025/1/7 19:00,320,AFT_10042,281
Flt_17575,XALQ,TLRK,2025/1/7 14:00,2025/1/7 15:25,320,AFT_10050,81
Flt_17576,XLQE,JTZV,2025/1/7 14:00,2025/1/7 17:55,319,AFT_10153,219
Flt_17577,IGVH,GCFX,2025/1/7 14:05,2025/1/7 16:05,320,AFT_10077,107
Flt_17578,JTZV,UXIL,2025/1/7 14:10,2025/1/7 16:05,319,AFT_10096,108
Flt_17579,XALQ,DULL,2025/1/7 14:10,2025/1/7 15:50,319,AFT_10087,97
Flt_17580,JTZV,QKWB,2025/1/7 14:10,2025/1/7 17:00,321,AFT_10019,141
Flt_17581,ZMZW,LSYF,2025/1/7 14:10,2025/1/7 15:50,320,AFT_10072,111
Flt_17582,CGHU,DIZB,2025/1/7 14:15,2025/1/7 16:50,320,AFT_10080,140
Flt_17583,VNDG,JTZV,2025/1/7 14:15,2025/1/7 17:50,321,AFT_10007,219
Flt_17584,WAQQ,DIZB,2025/1/7 14:20,2025/1/7 16:45,320,AFT_10030,165
Flt_17585,LPTE,TLRK,2025/1/7 14:20,2025/1/7 16:10,320,AFT_10053,112
Flt_17586,XALQ,KHPY,2025/1/7 14:20,2025/1/7 16:00,321,AFT_10074,104
Flt_17587,CHCY,WGZL,2025/1/7 14:20,2025/1/7 17:10,320,AFT_10009,166
Flt_17588,IRVV,TJFR,2025/1/7 14:20,2025/1/7 16:30,321,AFT_10036,121
Flt_17589,JXKD,MOXE,2025/1/7 14:25,2025/1/7 16:30,320,AFT_10119,107
Flt_17590,PNOJ,DJQK,2025/1/7 14:30,2025/1/7 16:55,320,AFT_10026,148
Flt_17591,DIZB,LRNO,2025/1/7 14:35,2025/1/7 17:50,320,AFT_10086,181
Flt_17592,KZXO,JTZV,2025/1/7 14:35,2025/1/7 17:35,319,AFT_10100,158
Flt_17593,UTFU,JTZV,2025/1/7 14:35,2025/1/7 17:15,319,AFT_10142,130
Flt_17594,JTZV,CGHU,2025/1/7 14:35,2025/1/7 18:20,320,AFT_10044,243
Flt_17595,JTZV,DFQN,2025/1/7 14:40,2025/1/7 18:40,321,AFT_10105,231
Flt_17596,JTZV,GYYK,2025/1/7 14:40,2025/1/7 18:15,321,AFT_10136,203
Flt_17597,XALQ,OZOS,2025/1/7 14:40,2025/1/7 17:25,320,AFT_10010,149
Flt_17598,YELV,XCDO,2025/1/7 14:45,2025/1/7 17:45,321,AFT_10113,171
Flt_17599,XCDO,DIZB,2025/1/7 14:50,2025/1/7 16:55,321,AFT_10017,135
Flt_17600,JTZV,VAYQ,2025/1/7 14:50,2025/1/7 18:55,320,AFT_10152,223
Flt_17601,JTZV,YNHL,2025/1/7 14:55,2025/1/7 17:35,320,AFT_10108,148
Flt_17602,CGHU,KHPY,2025/1/7 14:55,2025/1/7 18:00,320,AFT_10040,184
Flt_17603,IGVH,WDWO,2025/1/7 14:55,2025/1/7 17:05,320,AFT_10111,147
Flt_17604,CGHU,SSNS,2025/1/7 14:55,2025/1/7 18:05,321,AFT_10150,178
Flt_17605,SSNS,JTZV,2025/1/7 14:55,2025/1/7 17:45,321,AFT_10141,165
Flt_17606,LCYY,CGHU,2025/1/7 14:55,2025/1/7 18:00,321,AFT_10023,169
Flt_17607,UTFU,IRVV,2025/1/7 14:55,2025/1/7 16:55,321,AFT_10032,114
Flt_17608,JTZV,NUHU,2025/1/7 15:00,2025/1/7 16:50,319,AFT_10091,108
Flt_17609,JTZV,YELV,2025/1/7 15:00,2025/1/7 17:40,320,AFT_10061,144
Flt_17610,JTZV,SSNS,2025/1/7 15:00,2025/1/7 17:30,321,AFT_10021,135
Flt_17611,JTZV,ZNIR,2025/1/7 15:00,2025/1/7 17:40,320,AFT_10138,150
Flt_17612,JTZV,RXPU,2025/1/7 15:00,2025/1/7 17:30,320,AFT_10031,144
Flt_17613,IQOA,JTZV,2025/1/7 15:00,2025/1/7 17:40,321,AFT_10127,146
Flt_17614,SZVM,SSNS,2025/1/7 15:05,2025/1/7 16:45,320,AFT_10073,101
Flt_17615,XALQ,LCYY,2025/1/7 15:05,2025/1/7 17:30,319,AFT_10109,129
Flt_17616,SGXO,ZGGH,2025/1/7 15:05,2025/1/7 17:30,319,AFT_10046,126
Flt_17617,UNUN,ZFTY,2025/1/7 15:10,2025/1/7 19:15,320,AFT_10062,228
Flt_17618,LRNO,LBMY,2025/1/7 15:10,2025/1/7 17:00,320,AFT_10081,100
Flt_17619,TXMD,JTZV,2025/1/7 15:10,2025/1/7 20:35,321,AFT_10016,321
Flt_17620,OQIB,VNDG,2025/1/7 15:10,2025/1/7 16:15,320,AFT_10110,64
Flt_17621,XALQ,JXKD,2025/1/7 15:15,2025/1/7 17:20,320,AFT_10004,125
Flt_17622,XALQ,IGVH,2025/1/7 15:15,2025/1/7 16:50,320,AFT_10106,93
Flt_17623,JTZV,FCVG,2025/1/7 15:25,2025/1/7 18:45,321,AFT_10099,191
Flt_17624,DQBQ,WDWO,2025/1/7 15:25,2025/1/7 17:55,320,AFT_10123,168
Flt_17625,DQBQ,JTZV,2025/1/7 15:25,2025/1/7 17:40,320,AFT_10063,129
Flt_17626,KXUZ,JTZV,2025/1/7 15:25,2025/1/7 18:00,321,AFT_10005,152
Flt_17627,JTZV,ZFTY,2025/1/7 15:30,2025/1/7 18:15,321,AFT_10013,151
Flt_17628,JTZV,TLRK,2025/1/7 15:30,2025/1/7 17:20,321,AFT_10121,99
Flt_17629,JTZV,GSWW,2025/1/7 15:30,2025/1/7 17:05,321,AFT_10068,84
Flt_17630,LRNO,GCFX,2025/1/7 15:30,2025/1/7 17:35,320,AFT_10140,124
Flt_17631,GSWW,YELV,2025/1/7 15:35,2025/1/7 18:25,320,AFT_10103,162
Flt_17632,IGVH,JTZV,2025/1/7 15:35,2025/1/7 17:20,320,AFT_10024,80
Flt_17633,UTFU,SVBC,2025/1/7 15:40,2025/1/7 18:25,321,AFT_10025,134
Flt_17634,QFKO,JTZV,2025/1/7 15:40,2025/1/7 17:35,320,AFT_10066,93
Flt_17635,LPNC,JTZV,2025/1/7 15:40,2025/1/7 21:45,321,AFT_10057,383
Flt_17636,DIZB,JTZV,2025/1/7 15:40,2025/1/7 18:30,320,AFT_10011,164
Flt_17637,YELV,CGHU,2025/1/7 15:40,2025/1/7 19:15,320,AFT_10143,193
Flt_17638,XALQ,DFQN,2025/1/7 15:45,2025/1/7 19:50,320,AFT_10102,239
Flt_17639,SSNS,XALQ,2025/1/7 15:50,2025/1/7 18:20,320,AFT_10037,130
Flt_17640,TLRK,ZBRM,2025/1/7 15:50,2025/1/7 17:50,320,AFT_10101,115
Flt_17641,JXKD,KHPY,2025/1/7 16:00,2025/1/7 18:55,320,AFT_10117,171
Flt_17642,JTZV,OJAV,2025/1/7 16:00,2025/1/7 18:35,319,AFT_10049,147
Flt_17643,JTZV,LCYY,2025/1/7 16:00,2025/1/7 18:40,321,AFT_10149,155
Flt_17644,JNLE,JTZV,2025/1/7 16:00,2025/1/7 18:25,319,AFT_10059,128
Flt_17645,XALQ,VNDG,2025/1/7 16:00,2025/1/7 18:35,319,AFT_10056,156
Flt_17646,XALQ,FCVG,2025/1/7 16:05,2025/1/7 19:20,321,AFT_10144,202
Flt_17647,XALQ,ZMZW,2025/1/7 16:05,2025/1/7 18:20,319,AFT_10076,126
Flt_17648,WGZL,ZKXC,2025/1/7 16:05,2025/1/7 18:50,320,AFT_10039,153
Flt_17649,JTZV,CHCY,2025/1/7 16:05,2025/1/7 18:45,320,AFT_10083,144
Flt_17650,LBMY,XALQ,2025/1/7 16:05,2025/1/7 17:45,320,AFT_10090,91
Flt_17651,JTZV,MEEP,2025/1/7 16:10,2025/1/7 18:35,321,AFT_10084,120
Flt_17652,JTZV,SSNS,2025/1/7 16:10,2025/1/7 18:25,321,AFT_10070,126
Flt_17653,WDWO,CFEV,2025/1/7 16:10,2025/1/7 19:35,319,AFT_10098,190
Flt_17654,LBMY,JTZV,2025/1/7 16:10,2025/1/7 18:10,320,AFT_10034,123
Flt_17655,JXKD,JTZV,2025/1/7 16:10,2025/1/7 18:05,319,AFT_10125,109
Flt_17656,TSRM,IGVH,2025/1/7 16:15,2025/1/7 18:05,320,AFT_10131,97
Flt_17657,KXUZ,XALQ,2025/1/7 16:15,2025/1/7 18:30,321,AFT_10027,136
Flt_17658,CFEV,JTZV,2025/1/7 16:20,2025/1/7 18:15,319,AFT_10097,129
Flt_17659,DQBQ,UTFU,2025/1/7 16:25,2025/1/7 19:25,320,AFT_10148,164
Flt_17660,TLRK,XALQ,2025/1/7 16:25,2025/1/7 18:10,320,AFT_10050,97
Flt_17661,TJFR,JTZV,2025/1/7 16:25,2025/1/7 19:10,320,AFT_10092,159
Flt_17662,PERX,DULL,2025/1/7 16:30,2025/1/7 18:45,320,AFT_10018,119
Flt_17663,JTZV,VEYC,2025/1/7 16:30,2025/1/7 17:30,320,AFT_10060,72
Flt_17664,LSYF,JTZV,2025/1/7 16:35,2025/1/7 18:45,320,AFT_10072,128
Flt_17665,ZOEV,ZFTY,2025/1/7 16:40,2025/1/7 20:40,320,AFT_10082,227
Flt_17666,XCDO,AJDW,2025/1/7 16:40,2025/1/7 19:35,320,AFT_10122,165
Flt_17667,XALQ,WGZL,2025/1/7 16:40,2025/1/7 18:40,320,AFT_10055,118
Flt_17668,WJBU,TJFR,2025/1/7 16:40,2025/1/7 18:55,320,AFT_10006,136
Flt_17669,DULL,EEJN,2025/1/7 16:40,2025/1/7 18:00,319,AFT_10087,89
Flt_17670,CFEV,XALQ,2025/1/7 16:40,2025/1/7 19:10,319,AFT_10133,157
Flt_17671,MEEP,JTZV,2025/1/7 16:40,2025/1/7 18:55,321,AFT_10129,143
Flt_17672,JTZV,KXUZ,2025/1/7 16:45,2025/1/7 19:05,321,AFT_10120,123
Flt_17673,MEEP,XALQ,2025/1/7 16:45,2025/1/7 18:55,321,AFT_10118,120
Flt_17674,MEEP,PNOJ,2025/1/7 16:45,2025/1/7 18:55,321,AFT_10003,128
Flt_17675,JTZV,WAQQ,2025/1/7 16:50,2025/1/7 19:15,321,AFT_10089,131
Flt_17676,GCFX,DIZB,2025/1/7 16:50,2025/1/7 19:00,320,AFT_10077,118
Flt_17677,PERX,DJQK,2025/1/7 16:50,2025/1/7 18:55,321,AFT_10035,121
Flt_17678,ZFTY,XALQ,2025/1/7 16:50,2025/1/7 20:05,320,AFT_10104,154
Flt_17679,UXIL,JTZV,2025/1/7 16:50,2025/1/7 18:35,319,AFT_10096,89
Flt_17680,JTZV,ZMZW,2025/1/7 16:55,2025/1/7 19:35,321,AFT_10047,144
Flt_17681,KXUZ,JTZV,2025/1/7 16:55,2025/1/7 20:00,320,AFT_10020,150
Flt_17682,XCDO,KHPY,2025/1/7 17:00,2025/1/7 19:50,320,AFT_10002,180
Flt_17683,JTZV,DJQK,2025/1/7 17:00,2025/1/7 19:40,321,AFT_10029,148
Flt_17684,PVTT,JTZV,2025/1/7 17:00,2025/1/7 21:30,321,AFT_10128,275
Flt_17685,SEWU,JTZV,2025/1/7 17:00,2025/1/7 21:00,319,AFT_10151,228
Flt_17686,JTZV,EFIK,2025/1/7 17:05,2025/1/7 19:25,320,AFT_10012,141
Flt_17687,XALQ,SSNS,2025/1/7 17:05,2025/1/7 18:55,321,AFT_10094,118
Flt_17688,JTZV,RXPU,2025/1/7 17:05,2025/1/7 19:30,321,AFT_10107,141
Flt_17689,KHPY,XALQ,2025/1/7 17:05,2025/1/7 19:20,321,AFT_10074,113
Flt_17690,MEEP,JTZV,2025/1/7 17:10,2025/1/7 19:30,320,AFT_10088,144
Flt_17691,MOXE,ZFTY,2025/1/7 17:15,2025/1/7 19:55,320,AFT_10119,155
Flt_17692,JTZV,KHPY,2025/1/7 17:15,2025/1/7 19:15,321,AFT_10155,115
Flt_17693,TLRK,JTZV,2025/1/7 17:15,2025/1/7 19:30,320,AFT_10053,118
Flt_17694,WDWO,XCDO,2025/1/7 17:15,2025/1/7 20:10,320,AFT_10014,167
Flt_17695,JTZV,XTHX,2025/1/7 17:20,2025/1/7 18:50,321,AFT_10052,82
Flt_17696,IGVH,JPZC,2025/1/7 17:20,2025/1/7 20:15,320,AFT_10067,163
Flt_17697,VNDG,OQIB,2025/1/7 17:20,2025/1/7 18:30,320,AFT_10110,69
Flt_17698,WDWO,OZOS,2025/1/7 17:20,2025/1/7 19:25,319,AFT_10071,122
Flt_17699,PADO,ZOEV,2025/1/7 17:25,2025/1/7 19:10,320,AFT_10022,98
Flt_17700,JTZV,ZFTY,2025/1/7 17:30,2025/1/7 20:15,320,AFT_10054,152
Flt_17701,IGVH,PERX,2025/1/7 17:30,2025/1/7 20:45,320,AFT_10045,200
Flt_17702,TJFR,IGVH,2025/1/7 17:30,2025/1/7 20:45,321,AFT_10036,180
Flt_17703,NUHU,JTZV,2025/1/7 17:35,2025/1/7 19:15,319,AFT_10091,102
Flt_17704,ZFTY,JTZV,2025/1/7 17:40,2025/1/7 21:00,321,AFT_10095,178
Flt_17705,PERX,JTZV,2025/1/7 17:45,2025/1/7 21:00,321,AFT_10015,178
Flt_17706,DIZB,CGHU,2025/1/7 17:45,2025/1/7 20:15,320,AFT_10030,135
Flt_17707,YELV,MEEP,2025/1/7 17:50,2025/1/7 20:30,320,AFT_10134,145
Flt_17708,JTZV,LBMY,2025/1/7 17:50,2025/1/7 19:45,320,AFT_10058,102
Flt_17709,QKWB,JTZV,2025/1/7 17:50,2025/1/7 21:05,321,AFT_10019,181
Flt_17710,IRVV,UTFU,2025/1/7 17:55,2025/1/7 20:10,321,AFT_10032,118
Flt_17711,GSWW,WJBU,2025/1/7 17:55,2025/1/7 20:10,321,AFT_10068,128
Flt_17712,DJQK,PNOJ,2025/1/7 17:55,2025/1/7 21:10,320,AFT_10026,187
Flt_17713,SSNS,SZVM,2025/1/7 17:55,2025/1/7 20:00,320,AFT_10073,111
Flt_17714,WGZL,XALQ,2025/1/7 18:00,2025/1/7 20:05,320,AFT_10033,129
Flt_17715,AWPD,JTZV,2025/1/7 18:00,2025/1/7 22:10,320,AFT_10115,232
Flt_17716,UNUN,JTZV,2025/1/7 18:00,2025/1/7 21:45,320,AFT_10041,220
Flt_17717,JTZV,TLRK,2025/1/7 18:05,2025/1/7 20:10,319,AFT_10142,99
Flt_17718,DIZB,ZOEV,2025/1/7 18:05,2025/1/7 21:40,321,AFT_10017,213
Flt_17719,JTZV,YELV,2025/1/7 18:05,2025/1/7 20:35,320,AFT_10028,133
Flt_17720,JXKD,DIZB,2025/1/7 18:05,2025/1/7 21:35,320,AFT_10004,196
Flt_17721,IGVH,LCYY,2025/1/7 18:05,2025/1/7 21:00,320,AFT_10106,165
Flt_17722,JTZV,YEQV,2025/1/7 18:05,2025/1/7 20:20,321,AFT_10085,129
Flt_17723,TKCE,JTZV,2025/1/7 18:05,2025/1/7 22:00,320,AFT_10112,191
Flt_17724,DIZB,WDWO,2025/1/7 18:10,2025/1/7 20:15,320,AFT_10080,113
Flt_17725,LBMY,CGHU,2025/1/7 18:10,2025/1/7 21:30,320,AFT_10081,199
Flt_17726,JTZV,KIJU,2025/1/7 18:15,2025/1/7 20:20,321,AFT_10048,114
Flt_17727,WGZL,CHCY,2025/1/7 18:15,2025/1/7 20:25,320,AFT_10009,120
Flt_17728,ZGGH,SGXO,2025/1/7 18:15,2025/1/7 21:00,319,AFT_10046,158
Flt_17729,WDWO,UNUN,2025/1/7 18:15,2025/1/7 21:55,320,AFT_10111,204
Flt_17730,TLRK,JTZV,2025/1/7 18:20,2025/1/7 20:00,321,AFT_10121,103
Flt_17731,GCFX,UNUN,2025/1/7 18:20,2025/1/7 21:50,320,AFT_10140,192
Flt_17732,JTZV,EJUF,2025/1/7 18:35,2025/1/7 23:20,321,AFT_10135,277
Flt_17733,ZBRM,ZFTY,2025/1/7 18:35,2025/1/7 21:10,320,AFT_10101,151
Flt_17734,XCDO,YELV,2025/1/7 18:35,2025/1/7 21:35,321,AFT_10113,191
Flt_17735,JTZV,SSNS,2025/1/7 18:35,2025/1/7 21:00,321,AFT_10137,129
Flt_17736,WDWO,LCYY,2025/1/7 18:35,2025/1/7 20:55,320,AFT_10075,127
Flt_17737,YNHL,JTZV,2025/1/7 18:40,2025/1/7 21:20,320,AFT_10108,168
Flt_17738,RXPU,JTZV,2025/1/7 18:40,2025/1/7 21:50,320,AFT_10031,172
Flt_17739,JTZV,WGZL,2025/1/7 18:45,2025/1/7 21:15,321,AFT_10065,133
Flt_17740,EEJN,DULL,2025/1/7 18:45,2025/1/7 20:30,319,AFT_10087,94
Flt_17741,LCYY,XALQ,2025/1/7 18:45,2025/1/7 22:15,319,AFT_10109,174
Flt_17742,SSNS,JTZV,2025/1/7 18:45,2025/1/7 21:45,321,AFT_10021,156
Flt_17743,OZOS,XALQ,2025/1/7 18:55,2025/1/7 21:55,320,AFT_10010,173
Flt_17744,YELV,JTZV,2025/1/7 18:55,2025/1/7 22:20,320,AFT_10061,201
Flt_17745,JTZV,LRNO,2025/1/7 19:00,2025/1/7 21:00,319,AFT_10125,108
Flt_17746,JTZV,UNUN,2025/1/7 19:00,2025/1/7 22:45,320,AFT_10066,201
Flt_17747,XALQ,ZOEV,2025/1/7 19:05,2025/1/7 21:30,320,AFT_10050,150
Flt_17748,KHPY,IGVH,2025/1/7 19:05,2025/1/7 22:05,320,AFT_10040,161
Flt_17749,WDWO,CGHU,2025/1/7 19:05,2025/1/7 22:15,320,AFT_10123,181
Flt_17750,JTZV,JNLE,2025/1/7 19:10,2025/1/7 21:10,320,AFT_10063,114
Flt_17751,JTZV,MJTP,2025/1/7 19:10,2025/1/7 20:50,319,AFT_10097,95
Flt_17752,SVBC,ZOEV,2025/1/7 19:10,2025/1/7 21:00,321,AFT_10025,127
Flt_17753,ZNIR,JTZV,2025/1/7 19:10,2025/1/7 22:20,320,AFT_10138,178
Flt_17754,SSNS,CGHU,2025/1/7 19:10,2025/1/7 22:00,321,AFT_10150,171
Flt_17755,JTZV,YELV,2025/1/7 19:15,2025/1/7 21:50,320,AFT_10034,140
Flt_17756,GYYK,JTZV,2025/1/7 19:15,2025/1/7 22:50,321,AFT_10136,211
Flt_17757,OQIB,JTZV,2025/1/7 19:15,2025/1/7 22:35,320,AFT_10110,184
Flt_17758,XALQ,KXUZ,2025/1/7 19:20,2025/1/7 21:25,320,AFT_10090,114
Flt_17759,JTZV,KXUZ,2025/1/7 19:20,2025/1/7 21:40,321,AFT_10141,129
Flt_17760,JTZV,JXKD,2025/1/7 19:20,2025/1/7 21:10,319,AFT_10059,104
Flt_17761,ZMZW,XALQ,2025/1/7 19:20,2025/1/7 22:30,319,AFT_10076,182
Flt_17762,OJAV,JTZV,2025/1/7 19:20,2025/1/7 21:55,319,AFT_10049,154
Flt_17763,JTZV,MEEP,2025/1/7 19:30,2025/1/7 21:45,319,AFT_10096,118
Flt_17764,VNDG,XALQ,2025/1/7 19:35,2025/1/7 22:50,319,AFT_10056,196
Flt_17765,XTHX,JTZV,2025/1/7 19:35,2025/1/7 21:20,321,AFT_10052,95
Flt_17766,CHCY,JTZV,2025/1/7 19:35,2025/1/7 22:40,320,AFT_10083,176
Flt_17767,VAYQ,JTZV,2025/1/7 19:40,2025/1/7 23:30,320,AFT_10152,219
Flt_17768,SSNS,JTZV,2025/1/7 19:40,2025/1/7 22:35,321,AFT_10070,153
Flt_17769,ZFTY,JTZV,2025/1/7 19:40,2025/1/7 22:40,321,AFT_10013,172
Flt_17770,DJQK,PERX,2025/1/7 19:45,2025/1/7 21:55,321,AFT_10035,133
Flt_17771,PNOJ,MEEP,2025/1/7 19:45,2025/1/7 21:45,321,AFT_10003,104
Flt_17772,DULL,LRNO,2025/1/7 19:45,2025/1/7 21:55,320,AFT_10018,130
Flt_17773,YELV,CGHU,2025/1/7 19:45,2025/1/7 23:05,320,AFT_10103,185
Flt_17774,JTZV,WOSF,2025/1/7 19:50,2025/1/7 21:35,320,AFT_10072,91
Flt_17775,WGZL,XALQ,2025/1/7 19:50,2025/1/7 22:15,320,AFT_10055,120
Flt_17776,FCVG,JTZV,2025/1/7 19:50,2025/1/7 22:50,321,AFT_10099,194
Flt_17777,MEEP,JTZV,2025/1/7 19:50,2025/1/7 22:25,321,AFT_10084,142
Flt_17778,ZKXC,CGHU,2025/1/7 19:50,2025/1/7 22:30,320,AFT_10039,154
Flt_17779,DFQN,JTZV,2025/1/7 19:55,2025/1/7 23:30,321,AFT_10105,219
Flt_17780,LCYY,JTZV,2025/1/7 19:55,2025/1/7 23:25,321,AFT_10149,194
Flt_17781,TJFR,CGHU,2025/1/7 19:55,2025/1/7 22:25,320,AFT_10006,144
Flt_17782,JTZV,CGHU,2025/1/7 19:55,2025/1/7 23:30,321,AFT_10007,228
Flt_17783,CGHU,ZFTY,2025/1/7 20:00,2025/1/7 22:10,321,AFT_10023,113
Flt_17784,XALQ,ZFTY,2025/1/7 20:00,2025/1/7 22:20,321,AFT_10118,139
Flt_17785,WAQQ,JTZV,2025/1/7 20:00,2025/1/7 22:55,321,AFT_10089,156
Flt_17786,KHPY,CGHU,2025/1/7 20:00,2025/1/7 22:55,320,AFT_10117,164
Flt_17787,LRNO,YELV,2025/1/7 20:05,2025/1/7 22:30,320,AFT_10086,124
Flt_17788,DIZB,GCFX,2025/1/7 20:05,2025/1/7 22:20,320,AFT_10077,120
Flt_17789,JTZV,WZOH,2025/1/7 20:10,2025/1/7 22:20,319,AFT_10091,112
Flt_17790,CFEV,WDWO,2025/1/7 20:15,2025/1/7 22:50,319,AFT_10098,155
Flt_17791,CGHU,YELV,2025/1/7 20:15,2025/1/7 23:30,320,AFT_10143,188
Flt_17792,SSNS,XALQ,2025/1/7 20:15,2025/1/7 23:00,321,AFT_10094,132
Flt_17793,KHPY,JTZV,2025/1/7 20:15,2025/1/7 22:35,321,AFT_10155,137
Flt_17794,EFIK,JTZV,2025/1/7 20:15,2025/1/7 22:40,320,AFT_10012,148
Flt_17795,UTFU,CGHU,2025/1/7 20:15,2025/1/7 22:55,320,AFT_10148,151
Flt_17796,AJDW,IGVH,2025/1/7 20:20,2025/1/7 22:50,320,AFT_10122,152
Flt_17797,FCVG,XALQ,2025/1/7 20:20,2025/1/7 23:50,321,AFT_10144,189
Flt_17798,XALQ,MEEP,2025/1/7 20:25,2025/1/7 22:20,321,AFT_10074,118
Flt_17799,JTZV,ZFTY,2025/1/7 20:30,2025/1/7 23:15,320,AFT_10008,148
Flt_17800,XALQ,YELV,2025/1/7 20:30,2025/1/7 22:30,319,AFT_10133,130
Flt_17801,JTZV,MEEP,2025/1/7 20:35,2025/1/7 23:05,320,AFT_10088,120
Flt_17802,RXPU,JTZV,2025/1/7 20:35,2025/1/7 23:40,321,AFT_10107,169
Flt_17803,JTZV,QQGB,2025/1/7 20:40,2025/1/7 23:00,320,AFT_10092,128
Flt_17804,KXUZ,JTZV,2025/1/7 20:45,2025/1/7 23:20,321,AFT_10120,150
Flt_17805,XALQ,UTFU,2025/1/7 20:50,2025/1/7 22:35,320,AFT_10037,104
Flt_17806,JTZV,IGVH,2025/1/7 20:50,2025/1/7 22:30,320,AFT_10053,78
Flt_17807,KHPY,JTZV,2025/1/7 20:50,2025/1/7 23:00,320,AFT_10002,125
Flt_17808,LBMY,JTZV,2025/1/7 20:50,2025/1/7 22:55,320,AFT_10058,123
Flt_17809,OZOS,WDWO,2025/1/7 20:55,2025/1/7 23:30,319,AFT_10071,137
Flt_17810,JTZV,LRNO,2025/1/7 21:00,2025/1/7 22:55,321,AFT_10129,93
Flt_17811,SZVM,IGVH,2025/1/7 21:00,2025/1/7 22:50,320,AFT_10073,92
Flt_17812,JTZV,QFKO,2025/1/7 21:05,2025/1/7 22:40,320,AFT_10020,86
Flt_17813,JTZV,DIZB,2025/1/7 21:05,2025/1/7 23:20,320,AFT_10024,125
Flt_17814,YEQV,JTZV,2025/1/7 21:05,2025/1/7 23:55,321,AFT_10085,173
Flt_17815,XALQ,DQBQ,2025/1/7 21:10,2025/1/7 23:00,320,AFT_10104,110
Flt_17816,KIJU,JTZV,2025/1/7 21:10,2025/1/7 23:40,321,AFT_10048,155
Flt_17817,DULL,XALQ,2025/1/7 21:20,2025/1/7 23:20,319,AFT_10087,122
Flt_17818,JTZV,DIZB,2025/1/7 21:25,2025/1/7 23:40,321,AFT_10121,137
Flt_17819,TLRK,JTZV,2025/1/7 21:25,2025/1/7 23:25,319,AFT_10142,104
Flt_17820,MJTP,JTZV,2025/1/7 21:35,2025/1/7 23:30,319,AFT_10097,109
Flt_17821,WJBU,ZOEV,2025/1/7 21:45,2025/1/7 23:50,321,AFT_10068,120
Flt_17822,SGXO,JTZV,2025/1/7 21:45,2025/1/7 22:55,319,AFT_10046,57
Flt_17823,LRNO,JTZV,2025/1/7 21:50,2025/1/7 23:40,319,AFT_10125,109
Flt_17824,JXKD,JTZV,2025/1/7 21:55,2025/1/7 23:50,319,AFT_10059,104
Flt_17825,PNOJ,VEYC,2025/1/7 21:55,2025/1/7 22:55,320,AFT_10026,61
